,Buy Time,Buy Price,Sell Time,Sell Price,Profit/Loss,Reason
0,2019-01-01 03:15:00+05:30,3665.32,2019-01-01 03:20:00+05:30,3673.7,8.379999999999654,2
1,2019-01-01 15:10:00+05:30,3699.89,2019-01-01 15:40:00+05:30,3710.53,10.640000000000327,2
2,2019-01-01 17:25:00+05:30,3707.54,2019-01-01 17:50:00+05:30,3714.52,6.980000000000018,2
3,2019-01-01 19:30:00+05:30,3700.5,2019-01-01 21:45:00+05:30,3687.05,-13.449999999999818,1
4,2019-01-01 23:05:00+05:30,3678.04,2019-01-02 00:40:00+05:30,3673.17,-4.869999999999891,1
5,2019-01-02 10:40:00+05:30,3769.82,2019-01-02 11:15:00+05:30,3774.29,4.4699999999998,2
6,2019-01-02 12:00:00+05:30,3767.52,2019-01-02 12:40:00+05:30,3770.78,3.2600000000002183,2
7,2019-01-03 00:55:00+05:30,3809.52,2019-01-03 01:05:00+05:30,3819.21,9.690000000000055,2
8,2019-01-03 05:55:00+05:30,3843.86,2019-01-03 07:30:00+05:30,3838.94,-4.920000000000073,1
9,2019-01-03 10:15:00+05:30,3838.16,2019-01-03 12:00:00+05:30,3826.31,-11.849999999999909,1
10,2019-01-03 13:45:00+05:30,3815.12,2019-01-03 13:55:00+05:30,3826.98,11.860000000000127,2
11,2019-01-03 14:15:00+05:30,3810.36,2019-01-03 15:30:00+05:30,3811.15,0.7899999999999636,2
12,2019-01-03 17:00:00+05:30,3797.16,2019-01-03 17:20:00+05:30,3807.7,10.539999999999964,2
13,2019-01-03 19:45:00+05:30,3802.59,2019-01-03 20:45:00+05:30,3806.02,3.4299999999998363,2
14,2019-01-03 21:50:00+05:30,3755.49,2019-01-03 23:05:00+05:30,3760.76,5.270000000000437,2
15,2019-01-04 03:40:00+05:30,3761.23,2019-01-04 04:05:00+05:30,3771.88,10.650000000000091,2
16,2019-01-04 05:30:00+05:30,3751.83,2019-01-04 06:30:00+05:30,3755.89,4.059999999999945,2
17,2019-01-04 14:20:00+05:30,3778.0,2019-01-04 16:05:00+05:30,3767.02,-10.980000000000018,1
18,2019-01-04 17:25:00+05:30,3757.55,2019-01-04 19:00:00+05:30,3754.68,-2.8700000000003456,1
19,2019-01-04 20:00:00+05:30,3734.67,2019-01-04 21:25:00+05:30,3725.28,-9.389999999999873,1
20,2019-01-05 00:25:00+05:30,3730.0,2019-01-05 00:40:00+05:30,3739.06,9.059999999999945,2
21,2019-01-05 12:00:00+05:30,3807.61,2019-01-05 14:10:00+05:30,3796.95,-10.66000000000031,1
22,2019-01-05 15:30:00+05:30,3786.62,2019-01-05 16:05:00+05:30,3789.99,3.369999999999891,2
23,2019-01-05 18:30:00+05:30,3791.96,2019-01-05 19:10:00+05:30,3797.42,5.460000000000036,2
24,2019-01-06 01:30:00+05:30,3804.16,2019-01-06 02:15:00+05:30,3808.87,4.710000000000036,2
25,2019-01-06 03:35:00+05:30,3767.7,2019-01-06 05:55:00+05:30,3775.74,8.039999999999964,2
26,2019-01-06 07:20:00+05:30,3771.68,2019-01-06 08:15:00+05:30,3773.2,1.5199999999999818,2
27,2019-01-06 09:55:00+05:30,3765.19,2019-01-06 10:30:00+05:30,3777.27,12.079999999999927,2
28,2019-01-06 12:25:00+05:30,3772.22,2019-01-06 13:50:00+05:30,3769.82,-2.399999999999636,1
29,2019-01-06 18:00:00+05:30,3796.13,2019-01-06 19:00:00+05:30,3804.98,8.849999999999909,2
30,2019-01-07 02:10:00+05:30,3988.7,2019-01-07 03:35:00+05:30,3979.25,-9.449999999999818,1
31,2019-01-07 10:30:00+05:30,3985.96,2019-01-07 10:55:00+05:30,3992.17,6.210000000000036,2
32,2019-01-07 14:40:00+05:30,3968.99,2019-01-07 16:15:00+05:30,3966.98,-2.0099999999997635,1
33,2019-01-07 18:25:00+05:30,3956.87,2019-01-07 18:50:00+05:30,3971.57,14.700000000000273,2
34,2019-01-07 21:00:00+05:30,3973.35,2019-01-07 22:10:00+05:30,3983.92,10.570000000000164,2
35,2019-01-08 02:10:00+05:30,3970.02,2019-01-08 02:35:00+05:30,3978.33,8.309999999999945,2
36,2019-01-08 03:40:00+05:30,3965.86,2019-01-08 04:45:00+05:30,3969.33,3.4699999999998,2
37,2019-01-08 07:40:00+05:30,3937.63,2019-01-08 08:35:00+05:30,3954.02,16.389999999999873,2
38,2019-01-08 09:35:00+05:30,3939.46,2019-01-08 10:05:00+05:30,3945.71,6.25,2
39,2019-01-08 21:30:00+05:30,3987.24,2019-01-08 23:55:00+05:30,3974.24,-13.0,1
40,2019-01-09 02:25:00+05:30,3965.4,2019-01-09 02:55:00+05:30,3975.3,9.900000000000091,2
41,2019-01-09 03:30:00+05:30,3957.86,2019-01-09 04:25:00+05:30,3967.83,9.9699999999998,2
42,2019-01-09 04:45:00+05:30,3954.33,2019-01-09 05:40:00+05:30,3965.02,10.690000000000055,2
43,2019-01-09 13:40:00+05:30,3976.43,2019-01-09 13:55:00+05:30,3989.93,13.5,2
44,2019-01-09 15:25:00+05:30,3978.0,2019-01-09 15:45:00+05:30,3983.95,5.949999999999818,2
45,2019-01-09 18:00:00+05:30,3959.15,2019-01-09 20:15:00+05:30,3964.11,4.960000000000036,2
46,2019-01-09 20:25:00+05:30,3951.22,2019-01-09 20:35:00+05:30,3962.43,11.210000000000036,2
47,2019-01-10 02:10:00+05:30,3962.92,2019-01-10 02:40:00+05:30,3972.21,9.289999999999964,2
48,2019-01-10 11:45:00+05:30,3975.98,2019-01-10 12:00:00+05:30,3812.86,-163.1199999999999,0
49,2019-01-10 12:05:00+05:30,3811.92,2019-01-10 13:40:00+05:30,3781.24,-30.68000000000029,1
50,2019-01-10 14:25:00+05:30,3759.07,2019-01-10 15:50:00+05:30,3749.96,-9.110000000000127,1
51,2019-01-10 18:40:00+05:30,3719.94,2019-01-10 19:15:00+05:30,3728.0,8.059999999999945,2
52,2019-01-10 21:35:00+05:30,3628.55,2019-01-10 21:40:00+05:30,3543.99,-84.5600000000004,0
53,2019-01-10 21:45:00+05:30,3570.7,2019-01-10 23:10:00+05:30,3576.0,5.300000000000182,2
54,2019-01-10 23:40:00+05:30,3562.02,2019-01-11 00:25:00+05:30,3573.78,11.760000000000218,2
55,2019-01-11 08:20:00+05:30,3574.72,2019-01-11 09:00:00+05:30,3586.05,11.330000000000382,2
56,2019-01-11 09:35:00+05:30,3570.3,2019-01-11 10:30:00+05:30,3571.57,1.2699999999999818,2
57,2019-01-11 16:05:00+05:30,3581.92,2019-01-11 16:35:00+05:30,3592.23,10.309999999999945,2
58,2019-01-11 19:25:00+05:30,3569.67,2019-01-11 19:30:00+05:30,3590.76,21.090000000000146,2
59,2019-01-11 21:10:00+05:30,3589.13,2019-01-11 21:45:00+05:30,3600.33,11.199999999999818,2
60,2019-01-12 00:00:00+05:30,3595.02,2019-01-12 00:25:00+05:30,3605.88,10.860000000000127,2
61,2019-01-12 03:10:00+05:30,3597.68,2019-01-12 05:10:00+05:30,3594.48,-3.199999999999818,1
62,2019-01-12 06:40:00+05:30,3573.66,2019-01-12 08:20:00+05:30,3592.71,19.050000000000182,2
63,2019-01-12 11:05:00+05:30,3588.53,2019-01-12 11:30:00+05:30,3592.39,3.8599999999996726,2
64,2019-01-12 11:55:00+05:30,3582.54,2019-01-12 13:20:00+05:30,3579.1,-3.4400000000000546,1
65,2019-01-12 17:10:00+05:30,3570.06,2019-01-12 17:45:00+05:30,3581.0,10.940000000000055,2
66,2019-01-12 22:45:00+05:30,3576.04,2019-01-12 22:55:00+05:30,3590.29,14.25,2
67,2019-01-13 04:25:00+05:30,3580.01,2019-01-13 05:50:00+05:30,3584.09,4.079999999999927,2
68,2019-01-13 06:20:00+05:30,3573.95,2019-01-13 07:35:00+05:30,3573.88,-0.06999999999970896,1
69,2019-01-13 11:00:00+05:30,3583.03,2019-01-13 12:35:00+05:30,3583.09,0.05999999999994543,2
70,2019-01-13 14:10:00+05:30,3578.11,2019-01-13 15:00:00+05:30,3582.0,3.8899999999998727,2
71,2019-01-13 17:45:00+05:30,3577.05,2019-01-13 18:00:00+05:30,3591.89,14.83999999999969,2
72,2019-01-13 19:50:00+05:30,3581.2,2019-01-13 21:35:00+05:30,3495.89,-85.30999999999995,0
73,2019-01-13 21:40:00+05:30,3479.43,2019-01-13 23:10:00+05:30,3484.63,5.200000000000273,2
74,2019-01-14 00:25:00+05:30,3462.75,2019-01-14 01:40:00+05:30,3469.92,7.170000000000073,2
75,2019-01-14 04:20:00+05:30,3467.15,2019-01-14 05:10:00+05:30,3472.98,5.829999999999927,2
76,2019-01-14 17:15:00+05:30,3488.5,2019-01-14 18:00:00+05:30,3501.46,12.960000000000036,2
77,2019-01-15 02:50:00+05:30,3603.97,2019-01-15 03:30:00+05:30,3631.1,27.13000000000011,2
78,2019-01-15 08:05:00+05:30,3624.64,2019-01-15 09:20:00+05:30,3630.43,5.789999999999964,2
79,2019-01-15 10:55:00+05:30,3623.0,2019-01-15 11:15:00+05:30,3627.1,4.099999999999909,2
80,2019-01-15 11:20:00+05:30,3619.66,2019-01-15 12:20:00+05:30,3620.3,0.6400000000003274,2
81,2019-01-15 14:30:00+05:30,3603.0,2019-01-15 16:00:00+05:30,3606.7,3.699999999999818,2
82,2019-01-15 17:55:00+05:30,3605.92,2019-01-15 18:55:00+05:30,3607.6,1.6799999999998363,2
83,2019-01-15 20:35:00+05:30,3596.67,2019-01-15 21:55:00+05:30,3606.12,9.449999999999818,2
84,2019-01-16 01:10:00+05:30,3589.11,2019-01-16 01:15:00+05:30,3600.01,10.900000000000091,2
85,2019-01-16 02:00:00+05:30,3551.65,2019-01-16 03:30:00+05:30,3543.08,-8.570000000000164,1
86,2019-01-16 07:45:00+05:30,3557.98,2019-01-16 08:10:00+05:30,3563.0,5.019999999999982,2
87,2019-01-16 11:55:00+05:30,3567.01,2019-01-16 13:55:00+05:30,3562.96,-4.050000000000182,1
88,2019-01-16 19:20:00+05:30,3590.0,2019-01-16 20:30:00+05:30,3601.06,11.059999999999945,2
89,2019-01-16 21:10:00+05:30,3587.17,2019-01-16 22:35:00+05:30,3586.38,-0.7899999999999636,1
90,2019-01-17 00:40:00+05:30,3577.62,2019-01-17 01:40:00+05:30,3580.03,2.4100000000003092,2
91,2019-01-17 08:25:00+05:30,3557.4,2019-01-17 09:25:00+05:30,3574.59,17.190000000000055,2
92,2019-01-17 11:30:00+05:30,3568.64,2019-01-17 11:35:00+05:30,3576.18,7.539999999999964,2
93,2019-01-17 14:55:00+05:30,3571.53,2019-01-17 16:00:00+05:30,3573.57,2.0399999999999636,2
94,2019-01-17 18:00:00+05:30,3570.8,2019-01-17 19:10:00+05:30,3572.07,1.2699999999999818,2
95,2019-01-18 07:00:00+05:30,3598.32,2019-01-18 07:45:00+05:30,3604.8,6.480000000000018,2
96,2019-01-18 09:20:00+05:30,3599.98,2019-01-18 11:00:00+05:30,3599.11,-0.8699999999998909,1
97,2019-01-18 16:25:00+05:30,3594.97,2019-01-18 18:35:00+05:30,3593.76,-1.2099999999995816,1
98,2019-01-18 19:35:00+05:30,3584.42,2019-01-18 20:20:00+05:30,3590.3,5.880000000000109,2
99,2019-01-18 23:20:00+05:30,3575.8,2019-01-19 01:15:00+05:30,3584.46,8.659999999999854,2
100,2019-01-19 04:35:00+05:30,3594.32,2019-01-19 04:45:00+05:30,3600.5,6.179999999999836,2
101,2019-01-19 17:10:00+05:30,3690.17,2019-01-19 18:05:00+05:30,3694.37,4.199999999999818,2
102,2019-01-19 18:35:00+05:30,3685.37,2019-01-19 19:35:00+05:30,3689.17,3.800000000000182,2
103,2019-01-19 23:55:00+05:30,3671.28,2019-01-20 00:40:00+05:30,3686.0,14.7199999999998,2
104,2019-01-20 02:00:00+05:30,3678.65,2019-01-20 02:10:00+05:30,3685.02,6.369999999999891,2
105,2019-01-20 02:20:00+05:30,3678.71,2019-01-20 02:30:00+05:30,3685.82,7.110000000000127,2
106,2019-01-20 04:30:00+05:30,3675.81,2019-01-20 06:10:00+05:30,3669.09,-6.7199999999998,1
107,2019-01-20 11:35:00+05:30,3670.09,2019-01-20 11:55:00+05:30,3677.01,6.920000000000073,2
108,2019-01-20 16:50:00+05:30,3674.0,2019-01-20 17:00:00+05:30,3592.94,-81.05999999999995,0
109,2019-01-20 17:05:00+05:30,3596.52,2019-01-20 17:40:00+05:30,3500.01,-96.50999999999976,0
110,2019-01-20 21:00:00+05:30,3523.51,2019-01-20 21:35:00+05:30,3535.55,12.039999999999964,2
111,2019-01-20 23:05:00+05:30,3518.24,2019-01-20 23:30:00+05:30,3525.99,7.75,2
112,2019-01-21 00:05:00+05:30,3518.82,2019-01-21 00:20:00+05:30,3524.69,5.869999999999891,2
113,2019-01-21 05:15:00+05:30,3535.84,2019-01-21 05:40:00+05:30,3545.62,9.779999999999745,2
114,2019-01-21 07:00:00+05:30,3536.36,2019-01-21 07:50:00+05:30,3540.0,3.6399999999998727,2
115,2019-01-21 08:40:00+05:30,3531.87,2019-01-21 11:15:00+05:30,3523.4,-8.4699999999998,1
116,2019-01-21 19:35:00+05:30,3529.21,2019-01-21 20:00:00+05:30,3537.35,8.139999999999873,2
117,2019-01-21 20:45:00+05:30,3519.26,2019-01-21 21:00:00+05:30,3531.83,12.569999999999709,2
118,2019-01-21 23:30:00+05:30,3529.53,2019-01-22 00:25:00+05:30,3534.98,5.449999999999818,2
119,2019-01-22 03:05:00+05:30,3519.69,2019-01-22 04:20:00+05:30,3520.01,0.3200000000001637,2
120,2019-01-22 08:25:00+05:30,3529.23,2019-01-22 09:30:00+05:30,3531.4,2.1700000000000728,2
121,2019-01-22 11:50:00+05:30,3514.38,2019-01-22 12:00:00+05:30,3519.29,4.9099999999998545,2
122,2019-01-22 12:30:00+05:30,3513.02,2019-01-22 13:05:00+05:30,3516.78,3.7600000000002183,2
123,2019-01-22 15:25:00+05:30,3511.29,2019-01-22 15:45:00+05:30,3521.98,10.690000000000055,2
124,2019-01-22 16:40:00+05:30,3511.15,2019-01-22 17:20:00+05:30,3516.65,5.5,2
125,2019-01-23 03:10:00+05:30,3567.56,2019-01-23 03:55:00+05:30,3574.98,7.420000000000073,2
126,2019-01-23 09:40:00+05:30,3573.59,2019-01-23 11:05:00+05:30,3573.21,-0.38000000000010914,1
127,2019-01-23 12:40:00+05:30,3569.13,2019-01-23 14:00:00+05:30,3571.79,2.6599999999998545,2
128,2019-01-23 15:25:00+05:30,3561.68,2019-01-23 16:10:00+05:30,3565.91,4.230000000000018,2
129,2019-01-23 21:25:00+05:30,3549.07,2019-01-23 21:55:00+05:30,3564.03,14.960000000000036,2
130,2019-01-23 23:50:00+05:30,3565.0,2019-01-24 00:25:00+05:30,3571.18,6.179999999999836,2
131,2019-01-24 01:00:00+05:30,3561.21,2019-01-24 03:10:00+05:30,3536.4,-24.809999999999945,1
132,2019-01-24 07:10:00+05:30,3537.35,2019-01-24 08:00:00+05:30,3541.47,4.119999999999891,2
133,2019-01-24 09:15:00+05:30,3533.1,2019-01-24 10:20:00+05:30,3540.1,7.0,2
134,2019-01-24 11:05:00+05:30,3534.39,2019-01-24 11:35:00+05:30,3537.72,3.3299999999999272,2
135,2019-01-24 16:00:00+05:30,3539.4,2019-01-24 16:15:00+05:30,3545.0,5.599999999999909,2
136,2019-01-24 22:50:00+05:30,3548.31,2019-01-24 23:30:00+05:30,3553.47,5.1599999999998545,2
137,2019-01-25 02:10:00+05:30,3567.76,2019-01-25 03:25:00+05:30,3569.56,1.7999999999997272,2
138,2019-01-25 04:30:00+05:30,3558.33,2019-01-25 04:40:00+05:30,3571.29,12.960000000000036,2
139,2019-01-25 08:25:00+05:30,3566.92,2019-01-25 09:45:00+05:30,3570.44,3.519999999999982,2
140,2019-01-25 10:35:00+05:30,3564.11,2019-01-25 11:15:00+05:30,3568.34,4.230000000000018,2
141,2019-01-25 13:35:00+05:30,3560.92,2019-01-25 15:00:00+05:30,3559.0,-1.9200000000000728,1
142,2019-01-25 17:00:00+05:30,3538.48,2019-01-25 17:15:00+05:30,3546.13,7.650000000000091,2
143,2019-01-25 23:45:00+05:30,3552.0,2019-01-26 01:05:00+05:30,3552.39,0.38999999999987267,2
144,2019-01-26 10:35:00+05:30,3568.63,2019-01-26 11:05:00+05:30,3574.75,6.119999999999891,2
145,2019-01-26 16:35:00+05:30,3590.49,2019-01-26 18:30:00+05:30,3586.85,-3.6399999999998727,1
146,2019-01-26 20:10:00+05:30,3581.53,2019-01-26 22:20:00+05:30,3563.6,-17.93000000000029,1
147,2019-01-27 02:15:00+05:30,3564.0,2019-01-27 03:00:00+05:30,3569.01,5.010000000000218,2
148,2019-01-27 04:55:00+05:30,3562.87,2019-01-27 06:05:00+05:30,3565.58,2.7100000000000364,2
149,2019-01-27 09:50:00+05:30,3567.2,2019-01-27 11:40:00+05:30,3563.0,-4.199999999999818,1
150,2019-01-27 12:55:00+05:30,3557.63,2019-01-27 13:05:00+05:30,3562.34,4.710000000000036,2
151,2019-01-27 15:10:00+05:30,3558.88,2019-01-27 16:55:00+05:30,3550.48,-8.400000000000091,1
152,2019-01-27 18:30:00+05:30,3540.33,2019-01-27 20:05:00+05:30,3542.34,2.0100000000002183,2
153,2019-01-28 03:05:00+05:30,3561.15,2019-01-28 04:15:00+05:30,3561.11,-0.03999999999996362,1
154,2019-01-28 05:25:00+05:30,3550.84,2019-01-28 06:00:00+05:30,3555.63,4.789999999999964,2
155,2019-01-28 07:15:00+05:30,3536.87,2019-01-28 10:50:00+05:30,3456.89,-79.98000000000002,0
156,2019-01-28 10:55:00+05:30,3453.82,2019-01-28 12:05:00+05:30,3450.78,-3.0399999999999636,1
157,2019-01-28 13:45:00+05:30,3434.36,2019-01-28 14:40:00+05:30,3447.23,12.86999999999989,2
158,2019-01-28 16:25:00+05:30,3435.46,2019-01-28 18:40:00+05:30,3427.05,-8.409999999999854,1
159,2019-01-28 20:40:00+05:30,3416.81,2019-01-28 21:20:00+05:30,3424.5,7.690000000000055,2
160,2019-01-29 03:15:00+05:30,3423.96,2019-01-29 03:40:00+05:30,3429.92,5.960000000000036,2
161,2019-01-29 06:35:00+05:30,3431.44,2019-01-29 08:05:00+05:30,3424.47,-6.970000000000255,1
162,2019-01-29 08:55:00+05:30,3413.01,2019-01-29 11:45:00+05:30,3397.92,-15.090000000000146,1
163,2019-01-29 12:50:00+05:30,3372.27,2019-01-29 13:45:00+05:30,3379.44,7.170000000000073,2
164,2019-01-29 17:20:00+05:30,3382.74,2019-01-29 17:50:00+05:30,3389.26,6.520000000000437,2
165,2019-01-30 02:25:00+05:30,3412.95,2019-01-30 03:20:00+05:30,3421.76,8.8100000000004,2
166,2019-01-30 03:40:00+05:30,3409.16,2019-01-30 04:05:00+05:30,3417.01,7.850000000000364,2
167,2019-01-30 04:25:00+05:30,3409.89,2019-01-30 05:05:00+05:30,3415.29,5.400000000000091,2
168,2019-01-30 05:30:00+05:30,3404.51,2019-01-30 06:40:00+05:30,3401.9,-2.6100000000001273,1
169,2019-01-31 01:00:00+05:30,3461.71,2019-01-31 02:10:00+05:30,3459.37,-2.3400000000001455,1
170,2019-01-31 08:10:00+05:30,3465.33,2019-01-31 08:50:00+05:30,3472.57,7.2400000000002365,2
171,2019-01-31 09:20:00+05:30,3464.28,2019-01-31 10:05:00+05:30,3466.23,1.949999999999818,2
172,2019-01-31 13:40:00+05:30,3454.43,2019-01-31 15:25:00+05:30,3444.56,-9.86999999999989,1
173,2019-01-31 15:55:00+05:30,3429.62,2019-01-31 17:40:00+05:30,3427.88,-1.7399999999997817,1
174,2019-01-31 20:10:00+05:30,3427.53,2019-01-31 21:05:00+05:30,3435.72,8.1899999999996,2
175,2019-01-31 22:25:00+05:30,3427.2,2019-01-31 22:50:00+05:30,3434.19,6.9900000000002365,2
176,2019-01-31 23:50:00+05:30,3422.29,2019-02-01 00:45:00+05:30,3428.8,6.510000000000218,2
177,2019-02-01 06:30:00+05:30,3422.55,2019-02-01 08:10:00+05:30,3418.61,-3.9400000000000546,1
178,2019-02-01 15:50:00+05:30,3430.29,2019-02-01 15:55:00+05:30,3434.59,4.300000000000182,2
179,2019-02-01 20:35:00+05:30,3461.0,2019-02-01 21:25:00+05:30,3463.02,2.019999999999982,2
180,2019-02-01 22:10:00+05:30,3451.87,2019-02-01 22:30:00+05:30,3459.35,7.480000000000018,2
181,2019-02-02 02:40:00+05:30,3469.65,2019-02-02 03:15:00+05:30,3476.81,7.1599999999998545,2
182,2019-02-02 05:20:00+05:30,3465.83,2019-02-02 07:35:00+05:30,3463.82,-2.0099999999997635,1
183,2019-02-02 09:50:00+05:30,3461.47,2019-02-02 12:05:00+05:30,3449.02,-12.449999999999818,1
184,2019-02-02 14:15:00+05:30,3449.23,2019-02-02 14:25:00+05:30,3452.5,3.269999999999982,2
185,2019-02-02 14:30:00+05:30,3448.6,2019-02-02 14:45:00+05:30,3452.03,3.430000000000291,2
186,2019-02-02 19:25:00+05:30,3465.55,2019-02-02 20:30:00+05:30,3466.21,0.6599999999998545,2
187,2019-02-02 21:10:00+05:30,3457.33,2019-02-02 22:20:00+05:30,3457.11,-0.2199999999997999,1
188,2019-02-03 02:25:00+05:30,3460.0,2019-02-03 02:55:00+05:30,3465.51,5.510000000000218,2
189,2019-02-03 08:15:00+05:30,3482.56,2019-02-03 09:35:00+05:30,3484.63,2.0700000000001637,2
190,2019-02-03 12:05:00+05:30,3471.66,2019-02-03 14:25:00+05:30,3458.76,-12.899999999999636,1
191,2019-02-03 17:10:00+05:30,3458.4,2019-02-03 17:55:00+05:30,3463.58,5.179999999999836,2
192,2019-02-03 20:00:00+05:30,3463.45,2019-02-03 21:00:00+05:30,3463.49,0.03999999999996362,2
193,2019-02-03 23:20:00+05:30,3462.0,2019-02-04 00:00:00+05:30,3464.68,2.6799999999998363,2
194,2019-02-04 01:05:00+05:30,3457.36,2019-02-04 03:45:00+05:30,3436.42,-20.940000000000055,1
195,2019-02-04 08:20:00+05:30,3455.0,2019-02-04 09:20:00+05:30,3459.44,4.440000000000055,2
196,2019-02-04 14:55:00+05:30,3453.9,2019-02-04 16:50:00+05:30,3451.02,-2.880000000000109,1
197,2019-02-04 17:10:00+05:30,3443.99,2019-02-04 17:40:00+05:30,3446.96,2.9700000000002547,2
198,2019-02-05 02:25:00+05:30,3462.0,2019-02-05 02:55:00+05:30,3469.48,7.480000000000018,2
199,2019-02-05 04:00:00+05:30,3455.46,2019-02-05 04:55:00+05:30,3465.69,10.230000000000018,2
200,2019-02-05 07:20:00+05:30,3453.08,2019-02-05 07:40:00+05:30,3467.8,14.720000000000255,2
201,2019-02-05 12:30:00+05:30,3462.8,2019-02-05 12:50:00+05:30,3466.95,4.149999999999636,2
202,2019-02-05 16:40:00+05:30,3464.78,2019-02-05 17:25:00+05:30,3469.91,5.129999999999654,2
203,2019-02-05 20:30:00+05:30,3453.02,2019-02-05 21:10:00+05:30,3459.87,6.849999999999909,2
204,2019-02-06 00:35:00+05:30,3453.0,2019-02-06 00:45:00+05:30,3460.88,7.880000000000109,2
205,2019-02-06 06:40:00+05:30,3440.0,2019-02-06 08:05:00+05:30,3421.36,-18.639999999999873,1
206,2019-02-06 09:30:00+05:30,3410.68,2019-02-06 10:30:00+05:30,3417.64,6.960000000000036,2
207,2019-02-06 17:05:00+05:30,3403.43,2019-02-06 17:45:00+05:30,3407.8,4.370000000000346,2
208,2019-02-06 19:15:00+05:30,3402.04,2019-02-06 20:45:00+05:30,3406.45,4.4099999999998545,2
209,2019-02-06 23:10:00+05:30,3401.76,2019-02-07 00:05:00+05:30,3403.02,1.2599999999997635,2
210,2019-02-07 05:45:00+05:30,3399.61,2019-02-07 06:30:00+05:30,3405.59,5.980000000000018,2
211,2019-02-07 12:20:00+05:30,3407.47,2019-02-07 13:25:00+05:30,3412.15,4.680000000000291,2
212,2019-02-07 17:05:00+05:30,3410.44,2019-02-07 18:55:00+05:30,3408.96,-1.4800000000000182,1
213,2019-02-07 22:30:00+05:30,3399.52,2019-02-07 23:45:00+05:30,3401.89,2.369999999999891,2
214,2019-02-08 01:35:00+05:30,3392.92,2019-02-08 01:45:00+05:30,3398.36,5.440000000000055,2
215,2019-02-08 01:50:00+05:30,3393.5,2019-02-08 02:00:00+05:30,3399.89,6.389999999999873,2
216,2019-02-08 05:10:00+05:30,3394.54,2019-02-08 05:25:00+05:30,3398.4,3.8600000000001273,2
217,2019-02-08 07:10:00+05:30,3390.67,2019-02-08 08:10:00+05:30,3394.65,3.980000000000018,2
218,2019-02-08 12:35:00+05:30,3404.64,2019-02-08 13:40:00+05:30,3403.27,-1.3699999999998909,1
219,2019-02-09 02:40:00+05:30,3657.76,2019-02-09 04:35:00+05:30,3635.75,-22.01000000000022,1
220,2019-02-09 07:50:00+05:30,3637.84,2019-02-09 08:10:00+05:30,3647.0,9.159999999999854,2
221,2019-02-09 18:05:00+05:30,3654.56,2019-02-09 18:40:00+05:30,3659.37,4.809999999999945,2
222,2019-02-09 20:45:00+05:30,3647.52,2019-02-09 22:05:00+05:30,3651.33,3.8099999999999454,2
223,2019-02-10 06:30:00+05:30,3655.03,2019-02-10 07:35:00+05:30,3658.81,3.7799999999997453,2
224,2019-02-10 11:35:00+05:30,3649.33,2019-02-10 13:30:00+05:30,3634.84,-14.489999999999782,1
225,2019-02-10 17:05:00+05:30,3633.25,2019-02-10 17:30:00+05:30,3641.81,8.559999999999945,2
226,2019-02-10 17:45:00+05:30,3629.01,2019-02-10 19:15:00+05:30,3627.78,-1.2300000000000182,1
227,2019-02-11 01:05:00+05:30,3638.19,2019-02-11 01:20:00+05:30,3644.83,6.639999999999873,2
228,2019-02-11 01:50:00+05:30,3636.84,2019-02-11 02:20:00+05:30,3641.35,4.5099999999997635,2
229,2019-02-11 05:50:00+05:30,3633.82,2019-02-11 07:35:00+05:30,3633.7,-0.12000000000034561,1
230,2019-02-11 09:35:00+05:30,3620.24,2019-02-11 10:00:00+05:30,3625.65,5.410000000000309,2
231,2019-02-11 14:30:00+05:30,3623.75,2019-02-11 14:45:00+05:30,3632.64,8.889999999999873,2
232,2019-02-11 16:30:00+05:30,3626.02,2019-02-11 17:35:00+05:30,3630.9,4.880000000000109,2
233,2019-02-11 20:55:00+05:30,3635.94,2019-02-11 21:25:00+05:30,3643.0,7.059999999999945,2
234,2019-02-11 21:45:00+05:30,3630.99,2019-02-11 22:45:00+05:30,3638.73,7.7400000000002365,2
235,2019-02-12 03:00:00+05:30,3638.61,2019-02-12 03:05:00+05:30,3644.8,6.190000000000055,2
236,2019-02-12 03:10:00+05:30,3633.01,2019-02-12 04:05:00+05:30,3641.77,8.759999999999764,2
237,2019-02-12 05:30:00+05:30,3623.55,2019-02-12 06:50:00+05:30,3611.67,-11.88000000000011,1
238,2019-02-12 13:50:00+05:30,3618.43,2019-02-12 15:30:00+05:30,3606.95,-11.480000000000018,1
239,2019-02-12 20:50:00+05:30,3612.51,2019-02-12 21:25:00+05:30,3620.03,7.519999999999982,2
240,2019-02-13 03:10:00+05:30,3625.65,2019-02-13 04:40:00+05:30,3627.58,1.9299999999998363,2
241,2019-02-13 07:45:00+05:30,3629.92,2019-02-13 08:00:00+05:30,3635.56,5.639999999999873,2
242,2019-02-13 10:15:00+05:30,3632.39,2019-02-13 10:20:00+05:30,3638.11,5.720000000000255,2
243,2019-02-13 13:50:00+05:30,3627.82,2019-02-13 15:40:00+05:30,3624.91,-2.9100000000003092,1
244,2019-02-13 16:45:00+05:30,3608.14,2019-02-13 17:40:00+05:30,3618.45,10.309999999999945,2
245,2019-02-13 17:45:00+05:30,3608.4,2019-02-13 18:00:00+05:30,3617.95,9.549999999999727,2
246,2019-02-13 19:45:00+05:30,3610.87,2019-02-13 21:40:00+05:30,3604.55,-6.319999999999709,1
247,2019-02-14 01:25:00+05:30,3602.95,2019-02-14 01:45:00+05:30,3612.4,9.450000000000273,2
248,2019-02-14 02:20:00+05:30,3600.62,2019-02-14 02:35:00+05:30,3606.95,6.329999999999927,2
249,2019-02-14 08:00:00+05:30,3615.53,2019-02-14 09:20:00+05:30,3612.55,-2.980000000000018,1
250,2019-02-14 11:05:00+05:30,3611.87,2019-02-14 12:00:00+05:30,3617.29,5.420000000000073,2
251,2019-02-14 12:35:00+05:30,3605.19,2019-02-14 13:30:00+05:30,3611.98,6.789999999999964,2
252,2019-02-14 15:35:00+05:30,3601.49,2019-02-14 16:45:00+05:30,3599.52,-1.9699999999998,1
253,2019-02-14 19:40:00+05:30,3587.05,2019-02-14 20:00:00+05:30,3592.37,5.319999999999709,2
254,2019-02-15 00:45:00+05:30,3604.0,2019-02-15 01:05:00+05:30,3610.2,6.199999999999818,2
255,2019-02-15 01:30:00+05:30,3600.92,2019-02-15 03:10:00+05:30,3604.77,3.849999999999909,2
256,2019-02-15 12:30:00+05:30,3609.18,2019-02-15 13:00:00+05:30,3613.98,4.800000000000182,2
257,2019-02-15 14:35:00+05:30,3607.8,2019-02-15 15:40:00+05:30,3609.32,1.5199999999999818,2
258,2019-02-15 20:00:00+05:30,3599.0,2019-02-15 21:30:00+05:30,3589.62,-9.38000000000011,1
259,2019-02-16 00:45:00+05:30,3596.02,2019-02-16 01:40:00+05:30,3600.08,4.059999999999945,2
260,2019-02-16 03:10:00+05:30,3597.65,2019-02-16 04:00:00+05:30,3600.58,2.9299999999998363,2
261,2019-02-16 04:35:00+05:30,3594.32,2019-02-16 04:40:00+05:30,3598.96,4.639999999999873,2
262,2019-02-16 11:15:00+05:30,3614.08,2019-02-16 12:25:00+05:30,3617.0,2.9200000000000728,2
263,2019-02-16 16:05:00+05:30,3613.91,2019-02-16 16:40:00+05:30,3619.43,5.519999999999982,2
264,2019-02-16 21:40:00+05:30,3628.58,2019-02-16 23:30:00+05:30,3630.37,1.7899999999999636,2
265,2019-02-17 02:50:00+05:30,3629.12,2019-02-17 04:20:00+05:30,3628.92,-0.1999999999998181,1
266,2019-02-17 04:40:00+05:30,3620.02,2019-02-17 05:10:00+05:30,3626.0,5.980000000000018,2
267,2019-02-17 06:30:00+05:30,3616.45,2019-02-17 06:40:00+05:30,3624.2,7.75,2
268,2019-02-17 09:30:00+05:30,3627.5,2019-02-17 09:45:00+05:30,3631.44,3.9400000000000546,2
269,2019-02-17 18:35:00+05:30,3607.83,2019-02-17 19:30:00+05:30,3617.2,9.36999999999989,2
270,2019-02-17 21:35:00+05:30,3618.57,2019-02-17 21:50:00+05:30,3625.64,7.069999999999709,2
271,2019-02-18 00:00:00+05:30,3620.0,2019-02-18 01:00:00+05:30,3621.06,1.0599999999999454,2
272,2019-02-18 16:15:00+05:30,3728.13,2019-02-18 17:05:00+05:30,3735.6,7.4699999999998,2
273,2019-02-19 01:45:00+05:30,3885.09,2019-02-19 01:55:00+05:30,3900.11,15.019999999999982,2
274,2019-02-19 03:25:00+05:30,3884.0,2019-02-19 04:25:00+05:30,3889.28,5.2800000000002,2
275,2019-02-19 07:00:00+05:30,3884.39,2019-02-19 08:45:00+05:30,3879.38,-5.0099999999997635,1
276,2019-02-19 15:10:00+05:30,3891.0,2019-02-19 16:25:00+05:30,3894.66,3.6599999999998545,2
277,2019-02-19 22:40:00+05:30,3954.75,2019-02-19 23:15:00+05:30,3965.74,10.989999999999782,2
278,2019-02-20 03:05:00+05:30,3942.31,2019-02-20 03:55:00+05:30,3943.39,1.0799999999999272,2
279,2019-02-20 05:10:00+05:30,3912.14,2019-02-20 06:50:00+05:30,3897.02,-15.11999999999989,1
280,2019-02-20 10:00:00+05:30,3906.47,2019-02-20 11:25:00+05:30,3905.2,-1.2699999999999818,1
281,2019-02-20 21:05:00+05:30,3934.87,2019-02-20 21:30:00+05:30,3947.0,12.13000000000011,2
282,2019-02-20 23:30:00+05:30,3939.51,2019-02-21 00:05:00+05:30,3948.32,8.809999999999945,2
283,2019-02-21 03:10:00+05:30,3948.82,2019-02-21 04:00:00+05:30,3959.87,11.049999999999727,2
284,2019-02-21 05:35:00+05:30,3944.96,2019-02-21 07:15:00+05:30,3954.98,10.019999999999982,2
285,2019-02-21 13:45:00+05:30,3950.08,2019-02-21 14:00:00+05:30,3961.93,11.849999999999909,2
286,2019-02-21 14:20:00+05:30,3946.27,2019-02-21 16:25:00+05:30,3931.47,-14.800000000000182,1
287,2019-02-21 16:45:00+05:30,3913.57,2019-02-21 17:05:00+05:30,3925.09,11.519999999999982,2
288,2019-02-21 21:35:00+05:30,3919.54,2019-02-21 22:20:00+05:30,3924.49,4.949999999999818,2
289,2019-02-22 00:15:00+05:30,3918.66,2019-02-22 01:15:00+05:30,3926.1,7.440000000000055,2
290,2019-02-22 04:05:00+05:30,3922.67,2019-02-22 04:45:00+05:30,3927.29,4.619999999999891,2
291,2019-02-22 10:00:00+05:30,3950.81,2019-02-22 10:15:00+05:30,3956.06,5.25,2
292,2019-02-22 12:25:00+05:30,3948.98,2019-02-22 13:45:00+05:30,3940.81,-8.170000000000073,1
293,2019-02-22 20:50:00+05:30,3942.51,2019-02-22 21:35:00+05:30,3959.98,17.4699999999998,2
294,2019-02-23 01:50:00+05:30,3957.93,2019-02-23 02:40:00+05:30,3961.49,3.5599999999999454,2
295,2019-02-23 05:25:00+05:30,3962.0,2019-02-23 06:55:00+05:30,3960.75,-1.25,1
296,2019-02-23 09:45:00+05:30,3954.27,2019-02-23 11:05:00+05:30,3952.28,-1.9899999999997817,1
297,2019-02-23 13:25:00+05:30,3949.73,2019-02-23 15:10:00+05:30,3946.02,-3.7100000000000364,1
298,2019-02-23 17:40:00+05:30,3952.28,2019-02-23 18:00:00+05:30,3959.49,7.209999999999582,2
299,2019-02-23 18:55:00+05:30,3950.02,2019-02-23 20:05:00+05:30,3953.5,3.480000000000018,2
300,2019-02-23 20:35:00+05:30,3947.16,2019-02-23 21:45:00+05:30,3950.0,2.8400000000001455,2
301,2019-02-24 12:55:00+05:30,4162.89,2019-02-24 13:30:00+05:30,4168.5,5.609999999999673,2
302,2019-02-24 14:10:00+05:30,4159.36,2019-02-24 15:35:00+05:30,4146.01,-13.349999999999454,1
303,2019-02-24 17:45:00+05:30,4122.7,2019-02-24 18:45:00+05:30,4135.07,12.36999999999989,2
304,2019-02-24 19:25:00+05:30,4105.11,2019-02-24 19:40:00+05:30,3838.0,-267.1099999999997,0
305,2019-02-24 19:45:00+05:30,3819.1,2019-02-24 22:00:00+05:30,3736.0,-83.09999999999991,0
306,2019-02-25 03:55:00+05:30,3764.78,2019-02-25 04:45:00+05:30,3781.44,16.659999999999854,2
307,2019-02-25 05:15:00+05:30,3756.54,2019-02-25 06:00:00+05:30,3768.58,12.039999999999964,2
308,2019-02-25 10:40:00+05:30,3785.54,2019-02-25 11:00:00+05:30,3806.04,20.5,2
309,2019-02-25 12:35:00+05:30,3794.67,2019-02-25 14:15:00+05:30,3791.75,-2.9200000000000728,1
310,2019-02-25 19:30:00+05:30,3792.94,2019-02-25 20:30:00+05:30,3800.83,7.889999999999873,2
311,2019-02-26 01:55:00+05:30,3827.65,2019-02-26 03:45:00+05:30,3831.52,3.869999999999891,2
312,2019-02-26 05:40:00+05:30,3823.96,2019-02-26 06:20:00+05:30,3832.74,8.779999999999745,2
313,2019-02-26 10:00:00+05:30,3833.01,2019-02-26 11:30:00+05:30,3815.0,-18.01000000000022,1
314,2019-02-26 14:55:00+05:30,3803.16,2019-02-26 15:15:00+05:30,3811.0,7.8400000000001455,2
315,2019-02-26 17:20:00+05:30,3806.02,2019-02-26 19:20:00+05:30,3803.15,-2.869999999999891,1
316,2019-02-26 21:35:00+05:30,3810.88,2019-02-26 23:20:00+05:30,3811.46,0.5799999999999272,2
317,2019-02-27 02:20:00+05:30,3809.4,2019-02-27 02:50:00+05:30,3814.6,5.199999999999818,2
318,2019-02-27 03:20:00+05:30,3807.08,2019-02-27 04:10:00+05:30,3812.09,5.010000000000218,2
319,2019-02-27 05:50:00+05:30,3801.12,2019-02-27 07:30:00+05:30,3800.81,-0.30999999999994543,1
320,2019-02-27 16:15:00+05:30,3821.24,2019-02-27 16:45:00+05:30,3825.2,3.9600000000000364,2
321,2019-02-27 19:35:00+05:30,3802.92,2019-02-27 21:00:00+05:30,3810.4,7.480000000000018,2
322,2019-02-28 00:05:00+05:30,3808.06,2019-02-28 00:35:00+05:30,3813.15,5.0900000000001455,2
323,2019-02-28 01:55:00+05:30,3807.51,2019-02-28 02:00:00+05:30,3724.68,-82.83000000000038,0
324,2019-02-28 02:05:00+05:30,3759.98,2019-02-28 03:25:00+05:30,3770.0,10.019999999999982,2
325,2019-02-28 11:45:00+05:30,3819.35,2019-02-28 12:55:00+05:30,3823.51,4.160000000000309,2
326,2019-02-28 22:05:00+05:30,3815.07,2019-02-28 23:50:00+05:30,3822.63,7.559999999999945,2
327,2019-03-01 03:35:00+05:30,3813.77,2019-03-01 04:25:00+05:30,3819.52,5.75,2
328,2019-03-01 16:55:00+05:30,3824.36,2019-03-01 17:40:00+05:30,3829.95,5.589999999999691,2
329,2019-03-01 18:35:00+05:30,3822.14,2019-03-01 18:45:00+05:30,3828.3,6.160000000000309,2
330,2019-03-02 01:30:00+05:30,3842.76,2019-03-02 01:50:00+05:30,3848.53,5.769999999999982,2
331,2019-03-02 03:40:00+05:30,3821.51,2019-03-02 06:00:00+05:30,3832.18,10.669999999999618,2
332,2019-03-02 09:30:00+05:30,3829.28,2019-03-02 10:45:00+05:30,3822.97,-6.3100000000004,1
333,2019-03-02 13:20:00+05:30,3800.09,2019-03-02 14:15:00+05:30,3803.65,3.5599999999999454,2
334,2019-03-02 20:20:00+05:30,3814.91,2019-03-02 20:55:00+05:30,3819.59,4.680000000000291,2
335,2019-03-02 21:30:00+05:30,3808.55,2019-03-02 21:55:00+05:30,3815.11,6.559999999999945,2
336,2019-03-02 23:20:00+05:30,3805.57,2019-03-02 23:45:00+05:30,3814.06,8.489999999999782,2
337,2019-03-03 08:15:00+05:30,3821.02,2019-03-03 09:20:00+05:30,3823.11,2.0900000000001455,2
338,2019-03-03 14:10:00+05:30,3815.43,2019-03-03 15:05:00+05:30,3825.49,10.059999999999945,2
339,2019-03-03 17:15:00+05:30,3820.99,2019-03-03 18:05:00+05:30,3824.56,3.5700000000001637,2
340,2019-03-03 19:10:00+05:30,3813.52,2019-03-03 19:25:00+05:30,3821.95,8.429999999999836,2
341,2019-03-03 20:25:00+05:30,3813.2,2019-03-03 21:40:00+05:30,3809.73,-3.4699999999998,1
342,2019-03-04 04:00:00+05:30,3804.92,2019-03-04 04:30:00+05:30,3807.54,2.619999999999891,2
343,2019-03-04 04:50:00+05:30,3798.75,2019-03-04 05:20:00+05:30,3807.0,8.25,2
344,2019-03-04 08:05:00+05:30,3815.43,2019-03-04 10:30:00+05:30,3737.16,-78.26999999999998,0
345,2019-03-04 13:45:00+05:30,3720.47,2019-03-04 14:40:00+05:30,3726.45,5.980000000000018,2
346,2019-03-04 15:25:00+05:30,3705.97,2019-03-04 16:40:00+05:30,3701.84,-4.129999999999654,1
347,2019-03-04 23:30:00+05:30,3713.4,2019-03-05 00:30:00+05:30,3723.81,10.409999999999854,2
348,2019-03-05 04:05:00+05:30,3708.16,2019-03-05 04:55:00+05:30,3713.51,5.350000000000364,2
349,2019-03-05 07:15:00+05:30,3712.25,2019-03-05 07:30:00+05:30,3719.86,7.610000000000127,2
350,2019-03-05 07:50:00+05:30,3708.55,2019-03-05 08:35:00+05:30,3713.68,5.129999999999654,2
351,2019-03-06 02:40:00+05:30,3843.29,2019-03-06 03:20:00+05:30,3847.77,4.480000000000018,2
352,2019-03-06 05:55:00+05:30,3830.0,2019-03-06 07:15:00+05:30,3837.53,7.5300000000002,2
353,2019-03-06 08:40:00+05:30,3830.78,2019-03-06 09:50:00+05:30,3831.94,1.1599999999998545,2
354,2019-03-06 14:00:00+05:30,3841.16,2019-03-06 14:40:00+05:30,3846.9,5.7400000000002365,2
355,2019-03-06 18:45:00+05:30,3848.21,2019-03-06 20:15:00+05:30,3848.59,0.38000000000010914,2
356,2019-03-07 02:30:00+05:30,3850.0,2019-03-07 02:35:00+05:30,3855.06,5.059999999999945,2
357,2019-03-07 10:50:00+05:30,3875.33,2019-03-07 12:10:00+05:30,3876.12,0.7899999999999636,2
358,2019-03-07 13:55:00+05:30,3863.11,2019-03-07 16:15:00+05:30,3855.99,-7.120000000000346,1
359,2019-03-07 19:30:00+05:30,3865.54,2019-03-07 20:15:00+05:30,3879.43,13.889999999999873,2
360,2019-03-07 23:20:00+05:30,3878.03,2019-03-07 23:50:00+05:30,3885.69,7.6599999999998545,2
361,2019-03-08 03:40:00+05:30,3872.92,2019-03-08 05:20:00+05:30,3874.34,1.4200000000000728,2
362,2019-03-08 14:05:00+05:30,3887.15,2019-03-08 15:10:00+05:30,3889.85,2.699999999999818,2
363,2019-03-08 17:30:00+05:30,3885.07,2019-03-08 17:55:00+05:30,3899.02,13.949999999999818,2
364,2019-03-08 21:55:00+05:30,3901.0,2019-03-08 22:20:00+05:30,3908.32,7.320000000000164,2
365,2019-03-09 03:00:00+05:30,3896.42,2019-03-09 04:35:00+05:30,3867.0,-29.420000000000073,1
366,2019-03-09 09:20:00+05:30,3875.25,2019-03-09 10:25:00+05:30,3880.26,5.010000000000218,2
367,2019-03-09 16:25:00+05:30,3907.0,2019-03-09 16:45:00+05:30,3916.0,9.0,2
368,2019-03-09 22:05:00+05:30,3930.98,2019-03-09 23:40:00+05:30,3929.98,-1.0,1
369,2019-03-10 02:25:00+05:30,3913.36,2019-03-10 03:15:00+05:30,3918.21,4.849999999999909,2
370,2019-03-10 03:40:00+05:30,3909.66,2019-03-10 03:55:00+05:30,3916.7,7.039999999999964,2
371,2019-03-10 08:35:00+05:30,3917.98,2019-03-10 09:25:00+05:30,3925.5,7.519999999999982,2
372,2019-03-10 11:45:00+05:30,3912.03,2019-03-10 13:20:00+05:30,3902.92,-9.110000000000127,1
373,2019-03-10 15:20:00+05:30,3893.53,2019-03-10 15:45:00+05:30,3904.65,11.11999999999989,2
374,2019-03-10 18:45:00+05:30,3898.67,2019-03-10 19:40:00+05:30,3903.99,5.319999999999709,2
375,2019-03-10 21:30:00+05:30,3897.75,2019-03-10 22:30:00+05:30,3905.09,7.3400000000001455,2
376,2019-03-11 00:05:00+05:30,3900.0,2019-03-11 00:30:00+05:30,3905.16,5.1599999999998545,2
377,2019-03-11 08:20:00+05:30,3921.7,2019-03-11 08:30:00+05:30,3933.57,11.870000000000346,2
378,2019-03-11 09:55:00+05:30,3919.02,2019-03-11 12:20:00+05:30,3896.67,-22.34999999999991,1
379,2019-03-11 13:30:00+05:30,3878.6,2019-03-11 13:55:00+05:30,3892.94,14.340000000000146,2
380,2019-03-11 14:35:00+05:30,3881.06,2019-03-11 14:50:00+05:30,3891.61,10.550000000000182,2
381,2019-03-11 16:20:00+05:30,3881.61,2019-03-11 18:40:00+05:30,3862.84,-18.769999999999982,1
382,2019-03-11 20:55:00+05:30,3849.06,2019-03-11 21:30:00+05:30,3856.19,7.130000000000109,2
383,2019-03-12 05:15:00+05:30,3862.98,2019-03-12 05:25:00+05:30,3871.61,8.63000000000011,2
384,2019-03-12 05:50:00+05:30,3862.0,2019-03-12 13:30:00+05:30,3868.74,6.739999999999782,2
385,2019-03-12 20:45:00+05:30,3887.68,2019-03-12 21:55:00+05:30,3884.72,-2.9600000000000364,1
386,2019-03-12 23:55:00+05:30,3879.14,2019-03-13 01:15:00+05:30,3880.43,1.2899999999999636,2
387,2019-03-13 04:50:00+05:30,3878.04,2019-03-13 05:35:00+05:30,3884.64,6.599999999999909,2
388,2019-03-13 06:50:00+05:30,3874.5,2019-03-13 07:10:00+05:30,3879.74,5.239999999999782,2
389,2019-03-13 10:10:00+05:30,3879.04,2019-03-13 11:35:00+05:30,3880.85,1.8099999999999454,2
390,2019-03-13 14:25:00+05:30,3872.36,2019-03-13 16:55:00+05:30,3859.0,-13.360000000000127,1
391,2019-03-13 20:05:00+05:30,3876.57,2019-03-13 21:15:00+05:30,3873.21,-3.3600000000001273,1
392,2019-03-14 01:30:00+05:30,3862.74,2019-03-14 01:55:00+05:30,3868.89,6.150000000000091,2
393,2019-03-14 02:40:00+05:30,3861.61,2019-03-14 03:50:00+05:30,3863.02,1.4099999999998545,2
394,2019-03-14 09:00:00+05:30,3869.06,2019-03-14 09:30:00+05:30,3874.2,5.139999999999873,2
395,2019-03-14 11:10:00+05:30,3867.52,2019-03-14 13:40:00+05:30,3862.98,-4.539999999999964,1
396,2019-03-14 17:05:00+05:30,3858.05,2019-03-14 17:30:00+05:30,3868.08,10.029999999999745,2
397,2019-03-14 19:50:00+05:30,3843.75,2019-03-14 20:20:00+05:30,3873.47,29.7199999999998,2
398,2019-03-15 02:40:00+05:30,3872.63,2019-03-15 03:10:00+05:30,3875.68,3.049999999999727,2
399,2019-03-15 08:35:00+05:30,3884.26,2019-03-15 09:15:00+05:30,3886.68,2.419999999999618,2
400,2019-03-15 12:15:00+05:30,3882.68,2019-03-15 13:10:00+05:30,3887.3,4.620000000000346,2
401,2019-03-15 14:20:00+05:30,3879.0,2019-03-15 14:40:00+05:30,3887.01,8.010000000000218,2
402,2019-03-15 19:10:00+05:30,3908.0,2019-03-15 19:30:00+05:30,3916.43,8.429999999999836,2
403,2019-03-16 02:50:00+05:30,3915.42,2019-03-16 03:30:00+05:30,3920.11,4.690000000000055,2
404,2019-03-16 14:00:00+05:30,4001.0,2019-03-16 14:40:00+05:30,4010.36,9.360000000000127,2
405,2019-03-16 17:40:00+05:30,4012.78,2019-03-16 19:05:00+05:30,3995.16,-17.620000000000346,1
406,2019-03-17 00:05:00+05:30,3994.72,2019-03-17 00:15:00+05:30,4000.0,5.2800000000002,2
407,2019-03-17 00:45:00+05:30,3994.41,2019-03-17 01:20:00+05:30,3997.02,2.6100000000001273,2
408,2019-03-17 05:45:00+05:30,3991.71,2019-03-17 07:10:00+05:30,3989.41,-2.300000000000182,1
409,2019-03-17 07:45:00+05:30,3976.58,2019-03-17 08:50:00+05:30,3976.39,-0.19000000000005457,1
410,2019-03-17 10:00:00+05:30,3958.03,2019-03-17 11:15:00+05:30,3964.99,6.959999999999582,2
411,2019-03-17 15:15:00+05:30,3967.0,2019-03-17 15:30:00+05:30,3971.34,4.3400000000001455,2
412,2019-03-17 18:05:00+05:30,3976.34,2019-03-17 18:55:00+05:30,3983.89,7.549999999999727,2
413,2019-03-17 22:15:00+05:30,3979.03,2019-03-17 23:05:00+05:30,3986.85,7.819999999999709,2
414,2019-03-18 04:00:00+05:30,3987.46,2019-03-18 05:45:00+05:30,3995.79,8.329999999999927,2
415,2019-03-18 09:20:00+05:30,4011.34,2019-03-18 13:20:00+05:30,3977.0,-34.340000000000146,1
416,2019-03-18 16:45:00+05:30,3962.22,2019-03-18 16:50:00+05:30,3972.14,9.920000000000073,2
417,2019-03-18 19:35:00+05:30,3979.99,2019-03-18 20:30:00+05:30,3980.75,0.7600000000002183,2
418,2019-03-18 22:55:00+05:30,3976.43,2019-03-18 23:15:00+05:30,3980.45,4.019999999999982,2
419,2019-03-19 00:30:00+05:30,3973.57,2019-03-19 01:25:00+05:30,3979.17,5.599999999999909,2
420,2019-03-19 09:15:00+05:30,3989.64,2019-03-19 10:45:00+05:30,3983.73,-5.9099999999998545,1
421,2019-03-19 12:45:00+05:30,3976.04,2019-03-19 13:00:00+05:30,3984.76,8.720000000000255,2
422,2019-03-19 17:05:00+05:30,3986.51,2019-03-19 18:15:00+05:30,3987.83,1.319999999999709,2
423,2019-03-20 00:20:00+05:30,4005.05,2019-03-20 01:10:00+05:30,4009.79,4.739999999999782,2
424,2019-03-20 02:45:00+05:30,3999.03,2019-03-20 03:05:00+05:30,4005.79,6.7599999999997635,2
425,2019-03-20 06:25:00+05:30,3990.79,2019-03-20 08:00:00+05:30,3993.7,2.9099999999998545,2
426,2019-03-20 08:10:00+05:30,3984.81,2019-03-20 08:35:00+05:30,3993.06,8.25,2
427,2019-03-20 14:55:00+05:30,4004.22,2019-03-20 15:50:00+05:30,4012.94,8.720000000000255,2
428,2019-03-20 17:40:00+05:30,4004.23,2019-03-20 18:05:00+05:30,4017.0,12.769999999999982,2
429,2019-03-20 19:40:00+05:30,4007.67,2019-03-20 20:15:00+05:30,4015.99,8.319999999999709,2
430,2019-03-20 22:55:00+05:30,4012.26,2019-03-20 23:30:00+05:30,4018.04,5.779999999999745,2
431,2019-03-21 02:10:00+05:30,4020.23,2019-03-21 02:55:00+05:30,4023.95,3.7199999999998,2
432,2019-03-21 06:50:00+05:30,4033.89,2019-03-21 07:30:00+05:30,4043.03,9.140000000000327,2
433,2019-03-21 09:35:00+05:30,4037.31,2019-03-21 11:35:00+05:30,4033.14,-4.170000000000073,1
434,2019-03-21 14:30:00+05:30,4039.52,2019-03-21 15:10:00+05:30,4043.38,3.8600000000001273,2
435,2019-03-21 16:15:00+05:30,4035.64,2019-03-21 16:35:00+05:30,4042.68,7.039999999999964,2
436,2019-03-21 18:50:00+05:30,4030.68,2019-03-21 20:25:00+05:30,3910.0,-120.67999999999984,0
437,2019-03-22 09:30:00+05:30,3983.09,2019-03-22 10:50:00+05:30,3983.52,0.4299999999998363,2
438,2019-03-22 12:50:00+05:30,3976.78,2019-03-22 13:30:00+05:30,3980.38,3.599999999999909,2
439,2019-03-22 21:35:00+05:30,3987.23,2019-03-22 22:15:00+05:30,3993.02,5.789999999999964,2
440,2019-03-23 01:05:00+05:30,3994.02,2019-03-23 01:20:00+05:30,3998.06,4.039999999999964,2
441,2019-03-23 01:40:00+05:30,3992.14,2019-03-23 02:40:00+05:30,3992.03,-0.10999999999967258,1
442,2019-03-23 05:45:00+05:30,3984.99,2019-03-23 06:45:00+05:30,3985.84,0.8500000000003638,2
443,2019-03-23 10:15:00+05:30,3996.79,2019-03-23 10:35:00+05:30,4001.85,5.059999999999945,2
444,2019-03-23 13:20:00+05:30,4003.21,2019-03-23 14:05:00+05:30,4008.69,5.480000000000018,2
445,2019-03-23 15:45:00+05:30,3999.39,2019-03-23 16:55:00+05:30,3997.52,-1.8699999999998909,1
446,2019-03-23 18:30:00+05:30,3986.77,2019-03-23 20:15:00+05:30,3988.15,1.3800000000001091,2
447,2019-03-23 23:25:00+05:30,3989.02,2019-03-24 00:20:00+05:30,3992.81,3.7899999999999636,2
448,2019-03-24 02:00:00+05:30,3988.04,2019-03-24 02:35:00+05:30,3992.69,4.650000000000091,2
449,2019-03-24 07:00:00+05:30,3994.98,2019-03-24 07:30:00+05:30,3998.55,3.5700000000001637,2
450,2019-03-24 08:05:00+05:30,3984.53,2019-03-24 09:15:00+05:30,3989.6,5.069999999999709,2
451,2019-03-24 10:50:00+05:30,3986.18,2019-03-24 12:00:00+05:30,3988.73,2.550000000000182,2
452,2019-03-24 13:15:00+05:30,3975.08,2019-03-24 13:30:00+05:30,3984.32,9.240000000000236,2
453,2019-03-24 17:10:00+05:30,3991.0,2019-03-24 18:20:00+05:30,3991.8,0.8000000000001819,2
454,2019-03-24 19:50:00+05:30,3990.05,2019-03-24 20:15:00+05:30,3996.05,6.0,2
455,2019-03-24 21:40:00+05:30,3987.28,2019-03-24 22:10:00+05:30,3993.5,6.2199999999998,2
456,2019-03-24 23:10:00+05:30,3986.09,2019-03-24 23:15:00+05:30,3992.66,6.569999999999709,2
457,2019-03-24 23:50:00+05:30,3984.59,2019-03-25 01:10:00+05:30,3985.0,0.4099999999998545,2
458,2019-03-25 01:50:00+05:30,3975.0,2019-03-25 02:10:00+05:30,3982.04,7.039999999999964,2
459,2019-03-25 06:05:00+05:30,3982.86,2019-03-25 06:40:00+05:30,3989.99,7.129999999999654,2
460,2019-03-25 09:30:00+05:30,3990.55,2019-03-25 10:45:00+05:30,3992.03,1.4800000000000182,2
461,2019-03-25 13:15:00+05:30,3987.87,2019-03-25 13:25:00+05:30,3993.72,5.849999999999909,2
462,2019-03-25 15:40:00+05:30,3992.34,2019-03-25 17:20:00+05:30,3988.53,-3.8099999999999454,1
463,2019-03-25 17:30:00+05:30,3983.21,2019-03-25 18:45:00+05:30,3981.0,-2.2100000000000364,1
464,2019-03-25 21:15:00+05:30,3971.45,2019-03-25 21:50:00+05:30,3980.0,8.550000000000182,2
465,2019-03-25 23:25:00+05:30,3962.0,2019-03-26 02:25:00+05:30,3913.73,-48.26999999999998,1
466,2019-03-26 09:20:00+05:30,3937.99,2019-03-26 10:10:00+05:30,3943.0,5.010000000000218,2
467,2019-03-26 11:20:00+05:30,3935.66,2019-03-26 13:25:00+05:30,3925.98,-9.679999999999836,1
468,2019-03-26 16:30:00+05:30,3924.0,2019-03-26 18:35:00+05:30,3917.08,-6.920000000000073,1
469,2019-03-26 19:05:00+05:30,3900.71,2019-03-26 19:30:00+05:30,3917.05,16.340000000000146,2
470,2019-03-26 23:25:00+05:30,3930.57,2019-03-26 23:55:00+05:30,3938.06,7.489999999999782,2
471,2019-03-27 02:25:00+05:30,3929.11,2019-03-27 03:40:00+05:30,3931.33,2.2199999999998,2
472,2019-03-27 09:55:00+05:30,3986.0,2019-03-27 10:10:00+05:30,3990.77,4.769999999999982,2
473,2019-03-27 13:45:00+05:30,3994.15,2019-03-27 14:20:00+05:30,3996.39,2.2399999999997817,2
474,2019-03-27 20:30:00+05:30,4015.58,2019-03-27 20:55:00+05:30,4017.99,2.4099999999998545,2
475,2019-03-28 00:30:00+05:30,4015.0,2019-03-28 01:00:00+05:30,4022.86,7.860000000000127,2
476,2019-03-28 03:15:00+05:30,4018.08,2019-03-28 03:30:00+05:30,4022.05,3.9700000000002547,2
477,2019-03-28 05:45:00+05:30,4017.65,2019-03-28 07:15:00+05:30,4026.55,8.900000000000091,2
478,2019-03-28 08:50:00+05:30,4024.61,2019-03-28 10:20:00+05:30,4015.76,-8.849999999999909,1
479,2019-03-28 13:45:00+05:30,4015.78,2019-03-28 15:10:00+05:30,4023.19,7.4099999999998545,2
480,2019-03-28 17:05:00+05:30,4009.0,2019-03-28 17:25:00+05:30,4017.04,8.039999999999964,2
481,2019-03-28 22:20:00+05:30,4024.17,2019-03-28 23:00:00+05:30,4030.3,6.130000000000109,2
482,2019-03-29 00:45:00+05:30,4024.0,2019-03-29 01:50:00+05:30,4027.0,3.0,2
483,2019-03-29 04:00:00+05:30,4020.11,2019-03-29 04:20:00+05:30,4024.34,4.230000000000018,2
484,2019-03-29 19:55:00+05:30,4087.75,2019-03-29 20:45:00+05:30,4093.51,5.760000000000218,2
485,2019-03-30 01:25:00+05:30,4085.0,2019-03-30 02:40:00+05:30,4089.59,4.5900000000001455,2
486,2019-03-30 08:30:00+05:30,4114.1,2019-03-30 10:30:00+05:30,4084.55,-29.550000000000182,1
487,2019-03-30 12:45:00+05:30,4088.57,2019-03-30 13:10:00+05:30,4097.48,8.9099999999994,2
488,2019-03-30 16:15:00+05:30,4079.0,2019-03-30 16:50:00+05:30,4088.75,9.75,2
489,2019-03-30 18:50:00+05:30,4084.6,2019-03-30 19:40:00+05:30,4089.53,4.930000000000291,2
490,2019-03-30 21:05:00+05:30,4080.33,2019-03-30 22:20:00+05:30,4080.31,-0.01999999999998181,1
491,2019-03-31 07:35:00+05:30,4092.09,2019-03-31 08:50:00+05:30,4092.73,0.6399999999998727,2
492,2019-03-31 12:50:00+05:30,4085.83,2019-03-31 13:45:00+05:30,4092.12,6.289999999999964,2
493,2019-03-31 21:15:00+05:30,4103.49,2019-03-31 22:00:00+05:30,4106.66,3.1700000000000728,2
494,2019-04-01 02:50:00+05:30,4102.88,2019-04-01 04:05:00+05:30,4104.0,1.1199999999998909,2
495,2019-04-01 05:30:00+05:30,4099.99,2019-04-01 06:05:00+05:30,4108.94,8.949999999999818,2
496,2019-04-01 10:40:00+05:30,4125.74,2019-04-01 11:15:00+05:30,4132.41,6.670000000000073,2
497,2019-04-01 13:30:00+05:30,4123.06,2019-04-01 14:15:00+05:30,4131.63,8.569999999999709,2
498,2019-04-01 16:15:00+05:30,4124.46,2019-04-01 16:40:00+05:30,4130.6,6.140000000000327,2
499,2019-04-01 23:10:00+05:30,4144.69,2019-04-02 00:10:00+05:30,4146.03,1.3400000000001455,2
500,2019-04-02 01:50:00+05:30,4134.01,2019-04-02 02:05:00+05:30,4137.78,3.769999999999527,2
501,2019-04-02 19:35:00+05:30,4681.43,2019-04-02 20:55:00+05:30,4714.12,32.6899999999996,2
502,2019-04-03 09:35:00+05:30,4898.29,2019-04-03 10:50:00+05:30,4917.09,18.800000000000182,2
503,2019-04-03 13:35:00+05:30,4904.72,2019-04-03 14:25:00+05:30,4919.0,14.279999999999745,2
504,2019-04-04 03:25:00+05:30,5139.56,2019-04-04 04:10:00+05:30,4953.76,-185.80000000000018,0
505,2019-04-04 04:15:00+05:30,5024.25,2019-04-04 04:30:00+05:30,4891.12,-133.1300000000001,0
506,2019-04-04 04:35:00+05:30,4840.02,2019-04-04 05:45:00+05:30,4945.05,105.02999999999975,2
507,2019-04-04 08:55:00+05:30,4950.21,2019-04-04 09:40:00+05:30,4962.45,12.239999999999782,2
508,2019-04-04 15:40:00+05:30,4967.97,2019-04-04 17:05:00+05:30,4967.89,-0.07999999999992724,1
509,2019-04-04 20:35:00+05:30,4968.33,2019-04-04 21:25:00+05:30,4978.04,9.710000000000036,2
510,2019-04-04 21:55:00+05:30,4920.01,2019-04-04 23:45:00+05:30,4820.01,-100.0,0
511,2019-04-05 01:20:00+05:30,4815.02,2019-04-05 02:10:00+05:30,4838.43,23.409999999999854,2
512,2019-04-05 04:25:00+05:30,4856.36,2019-04-05 04:40:00+05:30,4895.06,38.70000000000073,2
513,2019-04-05 07:15:00+05:30,4904.89,2019-04-05 08:25:00+05:30,4914.89,10.0,2
514,2019-04-05 09:10:00+05:30,4887.64,2019-04-05 09:30:00+05:30,4906.78,19.139999999999418,2
515,2019-04-05 12:15:00+05:30,4945.02,2019-04-05 13:10:00+05:30,4955.73,10.709999999999127,2
516,2019-04-06 05:35:00+05:30,4988.42,2019-04-06 06:45:00+05:30,4996.12,7.699999999999818,2
517,2019-04-06 07:00:00+05:30,4977.71,2019-04-06 07:45:00+05:30,4988.97,11.260000000000218,2
518,2019-04-06 12:45:00+05:30,4986.43,2019-04-06 15:10:00+05:30,4973.06,-13.36999999999989,1
519,2019-04-07 02:10:00+05:30,5109.38,2019-04-07 02:30:00+05:30,4994.16,-115.22000000000025,0
520,2019-04-07 02:35:00+05:30,4952.0,2019-04-07 03:45:00+05:30,5043.93,91.93000000000029,2
521,2019-04-07 11:20:00+05:30,5120.01,2019-04-07 12:10:00+05:30,5129.35,9.340000000000146,2
522,2019-04-07 16:25:00+05:30,5122.56,2019-04-07 17:35:00+05:30,5125.37,2.8099999999994907,2
523,2019-04-07 20:10:00+05:30,5125.99,2019-04-07 20:35:00+05:30,5141.03,15.039999999999964,2
524,2019-04-07 20:55:00+05:30,5112.82,2019-04-07 22:25:00+05:30,5103.98,-8.840000000000146,1
525,2019-04-08 12:35:00+05:30,5205.63,2019-04-08 13:20:00+05:30,5213.96,8.329999999999927,2
526,2019-04-08 14:05:00+05:30,5147.74,2019-04-08 14:30:00+05:30,5187.63,39.89000000000033,2
527,2019-04-08 16:15:00+05:30,5150.0,2019-04-08 17:25:00+05:30,5046.16,-103.84000000000015,0
528,2019-04-08 22:10:00+05:30,5157.07,2019-04-08 23:25:00+05:30,5157.66,0.5900000000001455,2
529,2019-04-09 08:55:00+05:30,5171.0,2019-04-09 09:45:00+05:30,5178.0,7.0,2
530,2019-04-09 11:00:00+05:30,5110.04,2019-04-09 11:25:00+05:30,5143.33,33.289999999999964,2
531,2019-04-09 13:20:00+05:30,5139.25,2019-04-09 14:10:00+05:30,5153.97,14.720000000000255,2
532,2019-04-09 15:45:00+05:30,5090.71,2019-04-09 16:10:00+05:30,5132.33,41.61999999999989,2
533,2019-04-09 23:25:00+05:30,5162.81,2019-04-10 00:00:00+05:30,5172.11,9.299999999999272,2
534,2019-04-10 00:55:00+05:30,5159.88,2019-04-10 01:50:00+05:30,5170.0,10.11999999999989,2
535,2019-04-10 03:30:00+05:30,5164.29,2019-04-10 04:30:00+05:30,5169.32,5.029999999999745,2
536,2019-04-10 09:00:00+05:30,5175.0,2019-04-10 09:30:00+05:30,5182.85,7.850000000000364,2
537,2019-04-10 13:25:00+05:30,5199.97,2019-04-10 14:25:00+05:30,5209.96,9.989999999999782,2
538,2019-04-10 15:50:00+05:30,5196.53,2019-04-10 16:25:00+05:30,5207.44,10.909999999999854,2
539,2019-04-11 02:00:00+05:30,5337.94,2019-04-11 02:05:00+05:30,5205.26,-132.67999999999938,0
540,2019-04-11 02:10:00+05:30,5250.13,2019-04-11 03:45:00+05:30,5267.86,17.729999999999563,2
541,2019-04-11 07:55:00+05:30,5255.54,2019-04-11 09:10:00+05:30,5125.76,-129.77999999999975,0
542,2019-04-11 13:30:00+05:30,5146.81,2019-04-11 14:10:00+05:30,5165.7,18.889999999999418,2
543,2019-04-11 15:15:00+05:30,5067.01,2019-04-11 17:00:00+05:30,4943.12,-123.89000000000033,0
544,2019-04-11 19:30:00+05:30,4977.72,2019-04-11 20:00:00+05:30,5009.23,31.50999999999931,2
545,2019-04-11 21:40:00+05:30,4971.7,2019-04-11 22:05:00+05:30,5018.57,46.86999999999989,2
546,2019-04-12 03:10:00+05:30,4997.52,2019-04-12 04:00:00+05:30,5013.9,16.3799999999992,2
547,2019-04-12 05:35:00+05:30,5002.17,2019-04-12 07:10:00+05:30,4878.02,-124.14999999999964,0
548,2019-04-12 13:55:00+05:30,4975.0,2019-04-12 14:45:00+05:30,4983.98,8.979999999999563,2
549,2019-04-12 19:20:00+05:30,5016.28,2019-04-12 20:05:00+05:30,5035.82,19.539999999999964,2
550,2019-04-12 23:30:00+05:30,5033.94,2019-04-13 00:45:00+05:30,5045.6,11.660000000000764,2
551,2019-04-13 01:30:00+05:30,5024.01,2019-04-13 02:35:00+05:30,5031.64,7.630000000000109,2
552,2019-04-13 05:30:00+05:30,5044.62,2019-04-13 06:45:00+05:30,5043.45,-1.1700000000000728,1
553,2019-04-13 11:45:00+05:30,5072.08,2019-04-13 12:00:00+05:30,5080.6,8.520000000000437,2
554,2019-04-13 12:50:00+05:30,5070.02,2019-04-13 15:25:00+05:30,5048.59,-21.43000000000029,1
555,2019-04-13 15:40:00+05:30,5033.88,2019-04-13 17:30:00+05:30,5025.34,-8.539999999999964,1
556,2019-04-13 21:30:00+05:30,5045.0,2019-04-13 22:30:00+05:30,5053.49,8.489999999999782,2
557,2019-04-14 01:10:00+05:30,5052.49,2019-04-14 01:55:00+05:30,5056.74,4.25,2
558,2019-04-14 02:45:00+05:30,5032.0,2019-04-14 03:20:00+05:30,5050.0,18.0,2
559,2019-04-14 07:55:00+05:30,5047.11,2019-04-14 09:30:00+05:30,5036.98,-10.13000000000011,1
560,2019-04-14 10:05:00+05:30,5023.56,2019-04-14 10:20:00+05:30,5033.19,9.6299999999992,2
561,2019-04-14 10:40:00+05:30,5016.31,2019-04-14 11:20:00+05:30,5023.96,7.649999999999636,2
562,2019-04-14 17:55:00+05:30,5038.32,2019-04-14 18:05:00+05:30,5048.02,9.700000000000728,2
563,2019-04-14 21:10:00+05:30,5045.17,2019-04-14 21:15:00+05:30,5054.97,9.800000000000182,2
564,2019-04-15 01:05:00+05:30,5064.51,2019-04-15 01:40:00+05:30,5073.83,9.319999999999709,2
565,2019-04-15 12:30:00+05:30,5137.98,2019-04-15 13:30:00+05:30,5138.44,0.4600000000000364,2
566,2019-04-15 14:00:00+05:30,5127.14,2019-04-15 14:25:00+05:30,5135.57,8.429999999999382,2
567,2019-04-15 15:50:00+05:30,5123.26,2019-04-15 17:50:00+05:30,5110.52,-12.739999999999782,1
568,2019-04-15 21:35:00+05:30,5116.94,2019-04-16 00:30:00+05:30,5046.0,-70.9399999999996,1
569,2019-04-16 01:25:00+05:30,5005.84,2019-04-16 02:10:00+05:30,5017.08,11.239999999999782,2
570,2019-04-16 05:25:00+05:30,5024.95,2019-04-16 05:55:00+05:30,5047.49,22.539999999999964,2
571,2019-04-16 15:40:00+05:30,5061.0,2019-04-16 17:10:00+05:30,5057.92,-3.0799999999999272,1
572,2019-04-16 17:55:00+05:30,5036.93,2019-04-16 19:00:00+05:30,5044.07,7.139999999999418,2
573,2019-04-16 19:30:00+05:30,5017.01,2019-04-16 19:55:00+05:30,5035.24,18.229999999999563,2
574,2019-04-17 08:40:00+05:30,5175.34,2019-04-17 09:20:00+05:30,5192.44,17.099999999999454,2
575,2019-04-17 11:15:00+05:30,5182.28,2019-04-17 11:20:00+05:30,5191.63,9.350000000000364,2
576,2019-04-17 12:05:00+05:30,5182.0,2019-04-17 12:50:00+05:30,5185.89,3.8900000000003274,2
577,2019-04-17 14:00:00+05:30,5173.17,2019-04-17 15:00:00+05:30,5176.38,3.2100000000000364,2
578,2019-04-17 17:45:00+05:30,5168.0,2019-04-17 18:50:00+05:30,5187.11,19.109999999999673,2
579,2019-04-18 04:00:00+05:30,5190.0,2019-04-18 05:00:00+05:30,5199.75,9.75,2
580,2019-04-18 11:20:00+05:30,5236.84,2019-04-18 12:00:00+05:30,5247.23,10.389999999999418,2
581,2019-04-18 13:35:00+05:30,5242.97,2019-04-18 14:55:00+05:30,5234.94,-8.030000000000655,1
582,2019-04-18 16:35:00+05:30,5217.23,2019-04-18 17:35:00+05:30,5225.19,7.960000000000036,2
583,2019-04-18 19:50:00+05:30,5218.35,2019-04-18 20:25:00+05:30,5232.22,13.86999999999989,2
584,2019-04-19 04:25:00+05:30,5252.18,2019-04-19 06:00:00+05:30,5255.62,3.4399999999996,2
585,2019-04-19 06:35:00+05:30,5240.47,2019-04-19 08:50:00+05:30,5209.76,-30.710000000000036,1
586,2019-04-19 13:50:00+05:30,5213.45,2019-04-19 14:10:00+05:30,5224.56,11.110000000000582,2
587,2019-04-19 16:10:00+05:30,5223.09,2019-04-19 16:25:00+05:30,5240.03,16.9399999999996,2
588,2019-04-19 17:55:00+05:30,5229.67,2019-04-19 18:50:00+05:30,5230.98,1.3099999999994907,2
589,2019-04-20 02:20:00+05:30,5238.34,2019-04-20 03:35:00+05:30,5254.41,16.06999999999971,2
590,2019-04-20 03:55:00+05:30,5229.99,2019-04-20 04:25:00+05:30,5253.11,23.11999999999989,2
591,2019-04-20 15:30:00+05:30,5282.59,2019-04-20 16:50:00+05:30,5283.33,0.7399999999997817,2
592,2019-04-20 20:15:00+05:30,5274.57,2019-04-20 20:25:00+05:30,5288.15,13.579999999999927,2
593,2019-04-20 23:20:00+05:30,5283.08,2019-04-21 00:45:00+05:30,5292.3,9.220000000000255,2
594,2019-04-21 02:20:00+05:30,5288.62,2019-04-21 03:45:00+05:30,5278.48,-10.140000000000327,1
595,2019-04-21 09:30:00+05:30,5298.21,2019-04-21 12:00:00+05:30,5287.57,-10.640000000000327,1
596,2019-04-21 13:25:00+05:30,5281.01,2019-04-21 16:05:00+05:30,5236.06,-44.94999999999982,1
597,2019-04-21 17:35:00+05:30,5199.55,2019-04-21 18:30:00+05:30,5217.42,17.86999999999989,2
598,2019-04-21 22:40:00+05:30,5225.28,2019-04-21 23:30:00+05:30,5231.37,6.0900000000001455,2
599,2019-04-22 00:00:00+05:30,5209.01,2019-04-22 01:00:00+05:30,5215.35,6.3400000000001455,2
600,2019-04-22 02:20:00+05:30,5200.44,2019-04-22 02:45:00+05:30,5222.96,22.520000000000437,2
601,2019-04-22 06:40:00+05:30,5242.07,2019-04-22 07:45:00+05:30,5245.09,3.0200000000004366,2
602,2019-04-22 08:35:00+05:30,5216.48,2019-04-22 09:05:00+05:30,5232.9,16.420000000000073,2
603,2019-04-22 19:30:00+05:30,5267.78,2019-04-22 19:45:00+05:30,5278.21,10.430000000000291,2
604,2019-04-22 21:40:00+05:30,5263.52,2019-04-22 22:35:00+05:30,5278.82,15.299999999999272,2
605,2019-04-23 05:05:00+05:30,5343.6,2019-04-23 05:30:00+05:30,5363.05,19.449999999999818,2
606,2019-04-23 05:45:00+05:30,5339.92,2019-04-23 06:10:00+05:30,5358.01,18.090000000000146,2
607,2019-04-23 15:10:00+05:30,5482.56,2019-04-23 15:35:00+05:30,5507.98,25.419999999999163,2
608,2019-04-23 21:00:00+05:30,5529.97,2019-04-23 22:05:00+05:30,5540.99,11.019999999999527,2
609,2019-04-24 02:05:00+05:30,5541.95,2019-04-24 02:55:00+05:30,5557.12,15.170000000000073,2
610,2019-04-24 03:35:00+05:30,5511.23,2019-04-24 04:15:00+05:30,5530.02,18.790000000000873,2
611,2019-04-24 06:35:00+05:30,5488.7,2019-04-24 07:10:00+05:30,5509.21,20.51000000000022,2
612,2019-04-24 12:55:00+05:30,5527.61,2019-04-24 13:15:00+05:30,5415.03,-112.57999999999993,0
613,2019-04-24 13:20:00+05:30,5434.89,2019-04-24 14:45:00+05:30,5441.58,6.6899999999996,2
614,2019-04-24 15:30:00+05:30,5413.13,2019-04-24 15:50:00+05:30,5437.99,24.859999999999673,2
615,2019-04-24 16:20:00+05:30,5396.19,2019-04-24 17:35:00+05:30,5409.13,12.94000000000051,2
616,2019-04-24 19:25:00+05:30,5396.87,2019-04-24 19:40:00+05:30,5421.33,24.460000000000036,2
617,2019-04-24 21:50:00+05:30,5403.53,2019-04-25 00:30:00+05:30,5388.48,-15.050000000000182,1
618,2019-04-25 02:50:00+05:30,5389.14,2019-04-25 03:30:00+05:30,5405.86,16.719999999999345,2
619,2019-04-25 04:45:00+05:30,5397.0,2019-04-25 05:15:00+05:30,5408.0,11.0,2
620,2019-04-25 07:45:00+05:30,5415.27,2019-04-25 09:20:00+05:30,5407.65,-7.6200000000008,1
621,2019-04-25 11:55:00+05:30,5376.31,2019-04-25 12:50:00+05:30,5394.96,18.649999999999636,2
622,2019-04-25 14:55:00+05:30,5375.48,2019-04-25 15:20:00+05:30,5399.47,23.99000000000069,2
623,2019-04-25 19:35:00+05:30,5412.46,2019-04-25 20:10:00+05:30,5424.63,12.170000000000073,2
624,2019-04-26 02:55:00+05:30,5452.05,2019-04-26 03:30:00+05:30,5224.92,-227.1300000000001,0
625,2019-04-26 03:35:00+05:30,5162.72,2019-04-26 04:55:00+05:30,5245.0,82.27999999999975,2
626,2019-04-26 05:50:00+05:30,5174.77,2019-04-26 06:00:00+05:30,5212.98,38.20999999999913,2
627,2019-04-26 10:25:00+05:30,5318.46,2019-04-26 11:00:00+05:30,5343.63,25.170000000000073,2
628,2019-04-26 11:40:00+05:30,5301.86,2019-04-26 12:45:00+05:30,5315.54,13.680000000000291,2
629,2019-04-26 17:40:00+05:30,5304.8,2019-04-26 17:55:00+05:30,5323.39,18.590000000000146,2
630,2019-04-26 19:35:00+05:30,5293.3,2019-04-26 20:05:00+05:30,5311.0,17.699999999999818,2
631,2019-04-26 20:40:00+05:30,5290.93,2019-04-26 20:50:00+05:30,5306.15,15.219999999999345,2
632,2019-04-26 21:10:00+05:30,5281.75,2019-04-26 22:25:00+05:30,5263.84,-17.909999999999854,1
633,2019-04-27 00:25:00+05:30,5245.54,2019-04-27 00:45:00+05:30,5274.55,29.01000000000022,2
634,2019-04-27 08:05:00+05:30,5291.98,2019-04-27 08:30:00+05:30,5301.08,9.100000000000364,2
635,2019-04-27 09:30:00+05:30,5274.25,2019-04-27 10:25:00+05:30,5286.36,12.109999999999673,2
636,2019-04-27 14:10:00+05:30,5300.01,2019-04-27 16:20:00+05:30,5285.04,-14.970000000000255,1
637,2019-04-27 17:45:00+05:30,5267.98,2019-04-27 18:35:00+05:30,5282.0,14.020000000000437,2
638,2019-04-28 04:35:00+05:30,5320.61,2019-04-28 06:00:00+05:30,5313.59,-7.019999999999527,1
639,2019-04-28 07:35:00+05:30,5295.23,2019-04-28 08:45:00+05:30,5296.89,1.660000000000764,2
640,2019-04-28 15:10:00+05:30,5310.2,2019-04-28 15:55:00+05:30,5316.07,5.869999999999891,2
641,2019-04-28 19:00:00+05:30,5308.87,2019-04-28 20:40:00+05:30,5304.61,-4.260000000000218,1
642,2019-04-28 23:05:00+05:30,5315.2,2019-04-29 01:40:00+05:30,5303.14,-12.05999999999949,1
643,2019-04-29 02:25:00+05:30,5282.45,2019-04-29 03:05:00+05:30,5292.01,9.5600000000004,2
644,2019-04-29 12:45:00+05:30,5310.82,2019-04-29 13:55:00+05:30,5309.29,-1.5299999999997453,1
645,2019-04-29 15:00:00+05:30,5296.2,2019-04-29 17:10:00+05:30,5277.9,-18.300000000000182,1
646,2019-04-29 17:55:00+05:30,5255.34,2019-04-29 19:25:00+05:30,5243.9,-11.44000000000051,1
647,2019-04-29 21:00:00+05:30,5236.58,2019-04-29 21:55:00+05:30,5252.45,15.86999999999989,2
648,2019-04-29 23:15:00+05:30,5240.6,2019-04-30 00:25:00+05:30,5242.9,2.2999999999992724,2
649,2019-04-30 01:55:00+05:30,5219.7,2019-04-30 03:35:00+05:30,5218.53,-1.1700000000000728,1
650,2019-04-30 03:50:00+05:30,5195.98,2019-04-30 04:05:00+05:30,5217.38,21.400000000000546,2
651,2019-04-30 09:05:00+05:30,5226.0,2019-04-30 10:40:00+05:30,5213.0,-13.0,1
652,2019-04-30 14:40:00+05:30,5215.01,2019-04-30 15:20:00+05:30,5224.35,9.340000000000146,2
653,2019-04-30 21:45:00+05:30,5293.3,2019-04-30 22:25:00+05:30,5307.67,14.36999999999989,2
654,2019-05-01 09:00:00+05:30,5337.99,2019-05-01 09:35:00+05:30,5351.72,13.730000000000473,2
655,2019-05-01 13:45:00+05:30,5342.89,2019-05-01 14:55:00+05:30,5347.91,5.019999999999527,2
656,2019-05-01 17:55:00+05:30,5346.86,2019-05-01 19:15:00+05:30,5350.0,3.1400000000003274,2
657,2019-05-02 02:55:00+05:30,5363.6,2019-05-02 03:40:00+05:30,5369.99,6.389999999999418,2
658,2019-05-02 09:30:00+05:30,5376.06,2019-05-02 10:10:00+05:30,5383.36,7.299999999999272,2
659,2019-05-02 18:40:00+05:30,5427.1,2019-05-02 19:20:00+05:30,5446.59,19.48999999999978,2
660,2019-05-02 21:50:00+05:30,5483.0,2019-05-02 22:55:00+05:30,5503.99,20.98999999999978,2
661,2019-05-03 00:25:00+05:30,5496.1,2019-05-03 00:40:00+05:30,5503.21,7.109999999999673,2
662,2019-05-03 03:20:00+05:30,5498.22,2019-05-03 04:35:00+05:30,5502.14,3.9200000000000728,2
663,2019-05-03 05:30:00+05:30,5479.12,2019-05-03 05:50:00+05:30,5498.85,19.730000000000473,2
664,2019-05-03 20:30:00+05:30,5781.77,2019-05-03 21:40:00+05:30,5796.46,14.6899999999996,2
665,2019-05-03 22:25:00+05:30,5763.46,2019-05-04 00:05:00+05:30,5744.96,-18.5,1
666,2019-05-04 03:45:00+05:30,5753.08,2019-05-04 04:25:00+05:30,5782.16,29.079999999999927,2
667,2019-05-04 08:55:00+05:30,5851.79,2019-05-04 12:10:00+05:30,5794.23,-57.5600000000004,1
668,2019-05-04 15:20:00+05:30,5783.83,2019-05-04 16:35:00+05:30,5786.09,2.2600000000002183,2
669,2019-05-04 18:10:00+05:30,5771.49,2019-05-04 19:15:00+05:30,5620.0,-151.48999999999978,0
670,2019-05-04 19:20:00+05:30,5645.22,2019-05-04 20:40:00+05:30,5657.24,12.019999999999527,2
671,2019-05-04 21:30:00+05:30,5635.26,2019-05-04 21:45:00+05:30,5662.7,27.4399999999996,2
672,2019-05-05 05:40:00+05:30,5788.46,2019-05-05 06:40:00+05:30,5809.31,20.850000000000364,2
673,2019-05-05 10:05:00+05:30,5785.0,2019-05-05 10:35:00+05:30,5806.31,21.3100000000004,2
674,2019-05-05 13:10:00+05:30,5767.0,2019-05-05 14:10:00+05:30,5770.1,3.100000000000364,2
675,2019-05-05 15:40:00+05:30,5750.0,2019-05-05 16:00:00+05:30,5770.52,20.520000000000437,2
676,2019-05-05 19:15:00+05:30,5768.47,2019-05-05 19:25:00+05:30,5787.43,18.960000000000036,2
677,2019-05-05 19:40:00+05:30,5760.61,2019-05-05 20:05:00+05:30,5783.04,22.43000000000029,2
678,2019-05-05 21:30:00+05:30,5758.3,2019-05-05 22:05:00+05:30,5767.15,8.849999999999454,2
679,2019-05-05 23:20:00+05:30,5743.27,2019-05-06 00:05:00+05:30,5752.25,8.979999999999563,2
680,2019-05-06 04:20:00+05:30,5767.0,2019-05-06 04:50:00+05:30,5788.49,21.48999999999978,2
681,2019-05-06 06:00:00+05:30,5745.97,2019-05-06 07:55:00+05:30,5690.03,-55.94000000000051,1
682,2019-05-06 09:35:00+05:30,5679.28,2019-05-06 09:45:00+05:30,5698.02,18.74000000000069,2
683,2019-05-06 11:50:00+05:30,5702.99,2019-05-06 13:55:00+05:30,5669.44,-33.55000000000018,1
684,2019-05-06 18:10:00+05:30,5678.4,2019-05-06 18:45:00+05:30,5694.35,15.950000000000728,2
685,2019-05-07 01:45:00+05:30,5758.42,2019-05-07 03:15:00+05:30,5751.51,-6.9099999999998545,1
686,2019-05-07 12:45:00+05:30,5933.0,2019-05-07 13:20:00+05:30,5941.89,8.890000000000327,2
687,2019-05-07 19:40:00+05:30,5871.57,2019-05-07 21:15:00+05:30,5906.9,35.32999999999993,2
688,2019-05-07 23:30:00+05:30,5934.68,2019-05-07 23:40:00+05:30,5948.0,13.319999999999709,2
689,2019-05-08 00:10:00+05:30,5924.37,2019-05-08 01:30:00+05:30,5927.96,3.5900000000001455,2
690,2019-05-08 05:05:00+05:30,5898.73,2019-05-08 06:05:00+05:30,5891.33,-7.399999999999636,1
691,2019-05-08 08:35:00+05:30,5860.18,2019-05-08 09:05:00+05:30,5879.42,19.23999999999978,2
692,2019-05-08 14:15:00+05:30,5880.77,2019-05-08 15:30:00+05:30,5899.74,18.969999999999345,2
693,2019-05-08 18:20:00+05:30,5920.79,2019-05-08 19:20:00+05:30,5931.32,10.529999999999745,2
694,2019-05-08 19:40:00+05:30,5904.0,2019-05-08 20:05:00+05:30,5924.97,20.970000000000255,2
695,2019-05-08 22:25:00+05:30,5930.01,2019-05-08 22:55:00+05:30,5940.51,10.5,2
696,2019-05-09 04:55:00+05:30,5910.07,2019-05-09 05:15:00+05:30,5975.68,65.61000000000058,2
697,2019-05-09 14:35:00+05:30,6074.95,2019-05-09 15:25:00+05:30,6097.67,22.720000000000255,2
698,2019-05-09 16:50:00+05:30,6077.63,2019-05-09 19:05:00+05:30,6063.26,-14.36999999999989,1
699,2019-05-10 06:25:00+05:30,6186.71,2019-05-10 07:25:00+05:30,6223.82,37.10999999999967,2
700,2019-05-10 16:10:00+05:30,6297.83,2019-05-10 17:10:00+05:30,6303.51,5.680000000000291,2
701,2019-05-10 17:40:00+05:30,6276.27,2019-05-10 17:55:00+05:30,6295.29,19.019999999999527,2
702,2019-05-10 20:10:00+05:30,6300.0,2019-05-10 20:50:00+05:30,6327.71,27.710000000000036,2
703,2019-05-11 02:00:00+05:30,6387.0,2019-05-11 03:05:00+05:30,6368.0,-19.0,1
704,2019-05-11 05:15:00+05:30,6370.28,2019-05-11 05:40:00+05:30,6406.97,36.69000000000051,2
705,2019-05-11 13:55:00+05:30,6745.26,2019-05-11 14:55:00+05:30,6749.34,4.079999999999927,2
706,2019-05-11 17:35:00+05:30,6742.83,2019-05-11 18:20:00+05:30,6760.0,17.170000000000073,2
707,2019-05-12 00:30:00+05:30,6894.16,2019-05-12 01:30:00+05:30,6933.44,39.279999999999745,2
708,2019-05-12 05:25:00+05:30,7076.22,2019-05-12 06:35:00+05:30,7132.19,55.969999999999345,2
709,2019-05-12 13:50:00+05:30,7280.0,2019-05-12 14:45:00+05:30,7454.79,174.78999999999996,2
710,2019-05-12 16:55:00+05:30,7168.84,2019-05-12 17:05:00+05:30,7022.14,-146.69999999999982,0
711,2019-05-12 20:15:00+05:30,7009.2,2019-05-12 20:55:00+05:30,6858.75,-150.44999999999982,0
712,2019-05-13 03:35:00+05:30,7054.73,2019-05-13 04:35:00+05:30,6903.59,-151.13999999999942,0
713,2019-05-13 08:00:00+05:30,6998.75,2019-05-13 08:15:00+05:30,7042.94,44.1899999999996,2
714,2019-05-13 13:00:00+05:30,7018.56,2019-05-13 14:00:00+05:30,7046.09,27.529999999999745,2
715,2019-05-14 04:25:00+05:30,7880.34,2019-05-14 04:35:00+05:30,7665.23,-215.11000000000058,0
716,2019-05-14 04:40:00+05:30,7677.58,2019-05-14 05:40:00+05:30,7862.42,184.84000000000015,2
717,2019-05-14 08:20:00+05:30,7800.38,2019-05-14 08:50:00+05:30,7886.13,85.75,2
718,2019-05-14 11:10:00+05:30,7912.61,2019-05-14 11:50:00+05:30,7963.21,50.600000000000364,2
719,2019-05-14 14:20:00+05:30,7999.0,2019-05-14 16:15:00+05:30,8060.69,61.6899999999996,2
720,2019-05-14 19:50:00+05:30,8064.48,2019-05-14 21:30:00+05:30,7800.0,-264.47999999999956,0
721,2019-05-14 21:35:00+05:30,7830.61,2019-05-14 22:20:00+05:30,8013.14,182.53000000000065,2
722,2019-05-14 23:55:00+05:30,7869.08,2019-05-15 00:55:00+05:30,7700.0,-169.07999999999993,0
723,2019-05-15 02:20:00+05:30,7665.02,2019-05-15 02:55:00+05:30,7746.0,80.97999999999956,2
724,2019-05-15 07:30:00+05:30,7940.03,2019-05-15 18:30:00+05:30,8010.43,70.40000000000055,2
725,2019-05-16 09:20:00+05:30,8219.99,2019-05-16 09:50:00+05:30,8053.31,-166.67999999999938,0
726,2019-05-16 09:55:00+05:30,8055.83,2019-05-16 10:15:00+05:30,7889.41,-166.42000000000007,0
727,2019-05-16 14:25:00+05:30,7995.01,2019-05-16 14:30:00+05:30,8040.8,45.789999999999964,2
728,2019-05-16 15:20:00+05:30,7992.89,2019-05-16 15:40:00+05:30,7818.7,-174.1900000000005,0
729,2019-05-16 15:45:00+05:30,7800.09,2019-05-16 16:50:00+05:30,7923.19,123.09999999999945,2
730,2019-05-16 18:10:00+05:30,7843.83,2019-05-16 19:25:00+05:30,7849.85,6.020000000000437,2
731,2019-05-16 22:05:00+05:30,7925.97,2019-05-16 23:30:00+05:30,7945.95,19.979999999999563,2
732,2019-05-17 00:45:00+05:30,7862.48,2019-05-17 02:40:00+05:30,7830.15,-32.32999999999993,1
733,2019-05-17 04:25:00+05:30,7828.42,2019-05-17 05:15:00+05:30,7875.9,47.47999999999956,2
734,2019-05-17 06:45:00+05:30,7818.31,2019-05-17 08:20:00+05:30,7633.46,-184.85000000000036,0
735,2019-05-17 08:25:00+05:30,7487.37,2019-05-17 08:30:00+05:30,7295.18,-192.1899999999996,0
736,2019-05-17 08:35:00+05:30,7078.82,2019-05-17 09:35:00+05:30,7457.0,378.1800000000003,2
737,2019-05-17 11:25:00+05:30,7206.94,2019-05-17 12:30:00+05:30,7289.71,82.77000000000044,2
738,2019-05-17 14:35:00+05:30,7242.99,2019-05-17 14:50:00+05:30,7291.45,48.460000000000036,2
739,2019-05-17 15:55:00+05:30,7201.67,2019-05-17 17:40:00+05:30,7030.71,-170.96000000000004,0
740,2019-05-17 17:50:00+05:30,7008.75,2019-05-17 18:15:00+05:30,7145.53,136.77999999999975,2
741,2019-05-17 21:20:00+05:30,7083.0,2019-05-17 21:45:00+05:30,7194.84,111.84000000000015,2
742,2019-05-18 12:20:00+05:30,7344.37,2019-05-18 13:35:00+05:30,7341.79,-2.5799999999999272,1
743,2019-05-18 14:40:00+05:30,7262.71,2019-05-18 15:35:00+05:30,7291.46,28.75,2
744,2019-05-18 18:30:00+05:30,7277.71,2019-05-18 19:10:00+05:30,7314.61,36.899999999999636,2
745,2019-05-18 22:30:00+05:30,7291.83,2019-05-18 23:50:00+05:30,7295.2,3.369999999999891,2
746,2019-05-19 00:10:00+05:30,7233.02,2019-05-19 00:30:00+05:30,7281.71,48.6899999999996,2
747,2019-05-19 04:30:00+05:30,7265.4,2019-05-19 05:00:00+05:30,7310.53,45.13000000000011,2
748,2019-05-19 17:15:00+05:30,7953.8,2019-05-19 18:45:00+05:30,7919.33,-34.470000000000255,1
749,2019-05-20 01:35:00+05:30,7919.51,2019-05-20 01:55:00+05:30,7973.87,54.35999999999967,2
750,2019-05-20 05:30:00+05:30,8055.0,2019-05-20 06:10:00+05:30,7834.66,-220.34000000000015,0
751,2019-05-20 10:40:00+05:30,7942.68,2019-05-20 12:50:00+05:30,7937.71,-4.970000000000255,1
752,2019-05-20 13:20:00+05:30,7832.67,2019-05-20 14:25:00+05:30,7872.05,39.38000000000011,2
753,2019-05-20 16:45:00+05:30,7850.17,2019-05-20 18:20:00+05:30,7684.27,-165.89999999999964,0
754,2019-05-20 18:25:00+05:30,7703.58,2019-05-20 19:25:00+05:30,7729.0,25.420000000000073,2
755,2019-05-20 22:55:00+05:30,7790.26,2019-05-21 00:30:00+05:30,7764.94,-25.32000000000062,1
756,2019-05-21 04:10:00+05:30,7910.08,2019-05-21 05:20:00+05:30,7951.18,41.100000000000364,2
757,2019-05-21 07:35:00+05:30,7840.77,2019-05-21 08:20:00+05:30,7880.08,39.30999999999949,2
758,2019-05-21 10:20:00+05:30,7828.05,2019-05-21 11:00:00+05:30,7881.49,53.4399999999996,2
759,2019-05-21 17:00:00+05:30,7841.55,2019-05-21 18:10:00+05:30,7858.01,16.460000000000036,2
760,2019-05-22 03:30:00+05:30,7919.01,2019-05-22 04:20:00+05:30,7940.21,21.199999999999818,2
761,2019-05-22 07:20:00+05:30,7923.05,2019-05-22 08:50:00+05:30,7928.31,5.260000000000218,2
762,2019-05-22 09:25:00+05:30,7895.17,2019-05-22 10:00:00+05:30,7916.76,21.590000000000146,2
763,2019-05-22 12:30:00+05:30,7895.54,2019-05-22 13:30:00+05:30,7906.22,10.680000000000291,2
764,2019-05-22 15:15:00+05:30,7884.44,2019-05-22 15:55:00+05:30,7889.35,4.910000000000764,2
765,2019-05-22 16:30:00+05:30,7830.4,2019-05-22 17:30:00+05:30,7839.47,9.070000000000618,2
766,2019-05-22 22:40:00+05:30,7897.05,2019-05-23 00:15:00+05:30,7905.64,8.590000000000146,2
767,2019-05-23 01:45:00+05:30,7849.4,2019-05-23 03:15:00+05:30,7687.67,-161.72999999999956,0
768,2019-05-23 03:20:00+05:30,7652.69,2019-05-23 04:10:00+05:30,7718.79,66.10000000000036,2
769,2019-05-23 05:20:00+05:30,7653.73,2019-05-23 06:30:00+05:30,7668.6,14.8700000000008,2
770,2019-05-23 10:50:00+05:30,7610.0,2019-05-23 12:10:00+05:30,7609.75,-0.25,1
771,2019-05-23 13:30:00+05:30,7573.28,2019-05-23 15:15:00+05:30,7557.62,-15.659999999999854,1
772,2019-05-23 17:35:00+05:30,7565.0,2019-05-23 18:05:00+05:30,7604.17,39.17000000000007,2
773,2019-05-23 23:00:00+05:30,7738.33,2019-05-24 00:00:00+05:30,7771.0,32.67000000000007,2
774,2019-05-24 00:50:00+05:30,7708.46,2019-05-24 01:20:00+05:30,7750.39,41.93000000000029,2
775,2019-05-24 10:40:00+05:30,7788.58,2019-05-24 11:20:00+05:30,7810.02,21.44000000000051,2
776,2019-05-24 18:50:00+05:30,7926.14,2019-05-24 19:45:00+05:30,7960.36,34.219999999999345,2
777,2019-05-25 00:30:00+05:30,7995.04,2019-05-25 01:15:00+05:30,8011.78,16.73999999999978,2
778,2019-05-25 03:10:00+05:30,8020.0,2019-05-25 03:45:00+05:30,8060.99,40.98999999999978,2
779,2019-05-25 04:30:00+05:30,7981.66,2019-05-25 05:30:00+05:30,7986.04,4.380000000000109,2
780,2019-05-25 08:15:00+05:30,7974.11,2019-05-25 08:25:00+05:30,8007.18,33.07000000000062,2
781,2019-05-25 10:35:00+05:30,7952.44,2019-05-25 11:45:00+05:30,7961.2,8.760000000000218,2
782,2019-05-25 17:40:00+05:30,8015.03,2019-05-25 18:25:00+05:30,8046.99,31.960000000000036,2
783,2019-05-25 19:10:00+05:30,7994.55,2019-05-25 19:55:00+05:30,8005.0,10.449999999999818,2
784,2019-05-25 21:40:00+05:30,7986.01,2019-05-25 23:10:00+05:30,8005.74,19.729999999999563,2
785,2019-05-26 00:55:00+05:30,7961.35,2019-05-26 01:35:00+05:30,8006.49,45.13999999999942,2
786,2019-05-26 05:00:00+05:30,8007.05,2019-05-26 05:20:00+05:30,8040.77,33.720000000000255,2
787,2019-05-26 08:20:00+05:30,7980.01,2019-05-26 09:35:00+05:30,7989.97,9.960000000000036,2
788,2019-05-26 10:55:00+05:30,7955.91,2019-05-26 11:30:00+05:30,7982.23,26.31999999999971,2
789,2019-05-26 12:00:00+05:30,7923.0,2019-05-26 12:20:00+05:30,7967.0,44.0,2
790,2019-05-26 15:30:00+05:30,7947.16,2019-05-26 16:20:00+05:30,7969.16,22.0,2
791,2019-05-26 16:45:00+05:30,7924.25,2019-05-26 17:50:00+05:30,7927.86,3.6099999999996726,2
792,2019-05-27 07:35:00+05:30,8680.0,2019-05-27 08:35:00+05:30,8696.54,16.540000000000873,2
793,2019-05-27 10:00:00+05:30,8603.0,2019-05-27 10:40:00+05:30,8642.89,39.88999999999942,2
794,2019-05-27 13:45:00+05:30,8641.41,2019-05-27 14:35:00+05:30,8680.94,39.530000000000655,2
795,2019-05-27 22:10:00+05:30,8724.57,2019-05-27 23:45:00+05:30,8671.51,-53.05999999999949,1
796,2019-05-28 01:50:00+05:30,8702.29,2019-05-28 02:45:00+05:30,8734.88,32.58999999999833,2
797,2019-05-28 06:00:00+05:30,8734.83,2019-05-28 06:45:00+05:30,8764.3,29.469999999999345,2
798,2019-05-28 09:15:00+05:30,8737.47,2019-05-28 09:25:00+05:30,8763.31,25.840000000000146,2
799,2019-05-28 10:50:00+05:30,8735.66,2019-05-28 12:55:00+05:30,8694.67,-40.98999999999978,1
800,2019-05-28 15:30:00+05:30,8675.0,2019-05-28 16:30:00+05:30,8702.0,27.0,2
801,2019-05-28 18:50:00+05:30,8655.01,2019-05-28 19:45:00+05:30,8687.02,32.01000000000022,2
802,2019-05-28 21:50:00+05:30,8648.48,2019-05-28 22:50:00+05:30,8678.43,29.950000000000728,2
803,2019-05-29 00:50:00+05:30,8665.24,2019-05-29 02:05:00+05:30,8702.98,37.73999999999978,2
804,2019-05-29 02:45:00+05:30,8670.0,2019-05-29 03:10:00+05:30,8694.61,24.610000000000582,2
805,2019-05-29 05:55:00+05:30,8671.26,2019-05-29 06:35:00+05:30,8699.91,28.649999999999636,2
806,2019-05-29 07:25:00+05:30,8655.67,2019-05-29 08:40:00+05:30,8655.57,-0.1000000000003638,1
807,2019-05-29 09:35:00+05:30,8625.0,2019-05-29 11:50:00+05:30,8533.29,-91.70999999999913,1
808,2019-05-29 21:20:00+05:30,8664.01,2019-05-29 21:55:00+05:30,8686.0,21.98999999999978,2
809,2019-05-30 02:05:00+05:30,8646.9,2019-05-30 02:45:00+05:30,8657.73,10.829999999999927,2
810,2019-05-30 04:55:00+05:30,8630.16,2019-05-30 06:00:00+05:30,8655.29,25.13000000000102,2
811,2019-05-30 07:15:00+05:30,8569.39,2019-05-30 08:35:00+05:30,8598.13,28.73999999999978,2
812,2019-05-30 13:50:00+05:30,8680.05,2019-05-30 14:25:00+05:30,8701.15,21.100000000000364,2
813,2019-05-30 17:30:00+05:30,8695.28,2019-05-30 17:50:00+05:30,8736.89,41.60999999999876,2
814,2019-05-30 19:25:00+05:30,8706.0,2019-05-30 20:10:00+05:30,8726.07,20.06999999999971,2
815,2019-05-31 01:10:00+05:30,8599.11,2019-05-31 02:40:00+05:30,8414.06,-185.0500000000011,0
816,2019-05-31 02:45:00+05:30,8300.0,2019-05-31 04:05:00+05:30,8287.27,-12.729999999999563,1
817,2019-05-31 08:20:00+05:30,8289.29,2019-05-31 10:55:00+05:30,8220.07,-69.22000000000116,1
818,2019-05-31 13:10:00+05:30,8238.33,2019-05-31 13:25:00+05:30,8311.72,73.38999999999942,2
819,2019-05-31 16:30:00+05:30,8278.23,2019-05-31 17:40:00+05:30,8296.08,17.850000000000364,2
820,2019-05-31 21:15:00+05:30,8347.04,2019-05-31 21:55:00+05:30,8408.13,61.08999999999833,2
821,2019-06-01 07:55:00+05:30,8520.46,2019-06-01 08:25:00+05:30,8555.0,34.54000000000087,2
822,2019-06-01 10:35:00+05:30,8520.0,2019-06-01 12:05:00+05:30,8510.18,-9.819999999999709,1
823,2019-06-01 16:20:00+05:30,8539.31,2019-06-01 16:55:00+05:30,8564.71,25.399999999999636,2
824,2019-06-01 18:20:00+05:30,8535.12,2019-06-01 19:00:00+05:30,8548.2,13.079999999999927,2
825,2019-06-01 19:55:00+05:30,8490.35,2019-06-01 21:00:00+05:30,8513.82,23.469999999999345,2
826,2019-06-01 23:35:00+05:30,8487.1,2019-06-01 23:45:00+05:30,8534.2,47.100000000000364,2
827,2019-06-02 00:20:00+05:30,8483.99,2019-06-02 00:50:00+05:30,8514.16,30.170000000000073,2
828,2019-06-02 05:05:00+05:30,8524.97,2019-06-02 05:35:00+05:30,8568.41,43.44000000000051,2
829,2019-06-02 08:10:00+05:30,8540.14,2019-06-02 08:55:00+05:30,8562.18,22.040000000000873,2
830,2019-06-02 18:45:00+05:30,8641.47,2019-06-02 20:30:00+05:30,8683.77,42.30000000000109,2
831,2019-06-02 23:15:00+05:30,8659.43,2019-06-03 00:10:00+05:30,8680.04,20.610000000000582,2
832,2019-06-03 05:35:00+05:30,8701.75,2019-06-03 06:55:00+05:30,8676.61,-25.139999999999418,1
833,2019-06-03 09:15:00+05:30,8650.94,2019-06-03 10:25:00+05:30,8671.49,20.549999999999272,2
834,2019-06-03 10:50:00+05:30,8633.0,2019-06-03 12:40:00+05:30,8391.26,-241.73999999999978,0
835,2019-06-03 12:45:00+05:30,8393.98,2019-06-03 13:30:00+05:30,8500.59,106.61000000000058,2
836,2019-06-03 14:40:00+05:30,8435.74,2019-06-03 15:10:00+05:30,8490.78,55.04000000000087,2
837,2019-06-03 17:20:00+05:30,8495.89,2019-06-03 17:45:00+05:30,8555.78,59.89000000000124,2
838,2019-06-03 19:10:00+05:30,8464.89,2019-06-03 21:00:00+05:30,8429.7,-35.18999999999869,1
839,2019-06-04 02:10:00+05:30,8527.93,2019-06-04 02:25:00+05:30,8564.0,36.06999999999971,2
840,2019-06-04 02:50:00+05:30,8501.36,2019-06-04 04:20:00+05:30,8484.4,-16.960000000000946,1
841,2019-06-04 04:40:00+05:30,8374.34,2019-06-04 04:55:00+05:30,8172.91,-201.4300000000003,0
842,2019-06-04 05:00:00+05:30,8121.08,2019-06-04 05:35:00+05:30,7842.03,-279.0500000000002,0
843,2019-06-04 09:15:00+05:30,7959.63,2019-06-04 10:10:00+05:30,7973.0,13.36999999999989,2
844,2019-06-04 11:20:00+05:30,7940.8,2019-06-04 13:05:00+05:30,7893.7,-47.100000000000364,1
845,2019-06-04 17:55:00+05:30,7891.78,2019-06-04 18:15:00+05:30,7949.29,57.51000000000022,2
846,2019-06-04 20:25:00+05:30,7975.07,2019-06-04 20:55:00+05:30,7998.7,23.63000000000011,2
847,2019-06-04 21:15:00+05:30,7958.94,2019-06-04 22:50:00+05:30,7781.91,-177.02999999999975,0
848,2019-06-04 22:55:00+05:30,7790.56,2019-06-04 23:25:00+05:30,7621.24,-169.32000000000062,0
849,2019-06-05 00:35:00+05:30,7594.13,2019-06-05 01:45:00+05:30,7660.54,66.40999999999985,2
850,2019-06-05 03:10:00+05:30,7580.31,2019-06-05 03:50:00+05:30,7640.71,60.399999999999636,2
851,2019-06-05 07:15:00+05:30,7741.28,2019-06-05 07:30:00+05:30,7784.25,42.970000000000255,2
852,2019-06-05 09:35:00+05:30,7781.72,2019-06-05 10:45:00+05:30,7785.17,3.449999999999818,2
853,2019-06-05 11:15:00+05:30,7726.59,2019-06-05 12:25:00+05:30,7745.22,18.63000000000011,2
854,2019-06-05 15:00:00+05:30,7771.96,2019-06-05 15:30:00+05:30,7807.36,35.399999999999636,2
855,2019-06-05 19:55:00+05:30,7734.49,2019-06-05 21:35:00+05:30,7697.25,-37.23999999999978,1
856,2019-06-06 02:00:00+05:30,7729.69,2019-06-06 03:15:00+05:30,7736.84,7.150000000000546,2
857,2019-06-06 10:40:00+05:30,7786.06,2019-06-06 11:30:00+05:30,7803.2,17.139999999999418,2
858,2019-06-06 13:20:00+05:30,7762.57,2019-06-06 14:00:00+05:30,7794.15,31.579999999999927,2
859,2019-06-06 15:20:00+05:30,7765.95,2019-06-06 15:50:00+05:30,7797.93,31.980000000000473,2
860,2019-06-06 17:35:00+05:30,7726.44,2019-06-06 19:20:00+05:30,7715.58,-10.859999999999673,1
861,2019-06-06 20:15:00+05:30,7619.17,2019-06-06 20:35:00+05:30,7686.48,67.30999999999949,2
862,2019-06-06 23:25:00+05:30,7635.64,2019-06-07 00:40:00+05:30,7601.67,-33.970000000000255,1
863,2019-06-07 08:10:00+05:30,7744.44,2019-06-07 08:40:00+05:30,7789.99,45.55000000000018,2
864,2019-06-07 15:00:00+05:30,7925.21,2019-06-07 15:30:00+05:30,7950.75,25.539999999999964,2
865,2019-06-07 17:00:00+05:30,7913.36,2019-06-07 18:05:00+05:30,7922.86,9.5,2
866,2019-06-07 20:20:00+05:30,7910.5,2019-06-07 21:10:00+05:30,7930.11,19.609999999999673,2
867,2019-06-08 00:40:00+05:30,8006.86,2019-06-08 03:45:00+05:30,7971.15,-35.710000000000036,1
868,2019-06-08 07:15:00+05:30,7977.09,2019-06-08 08:50:00+05:30,7962.96,-14.13000000000011,1
869,2019-06-08 09:25:00+05:30,7927.52,2019-06-08 09:55:00+05:30,7955.11,27.589999999999236,2
870,2019-06-08 11:25:00+05:30,7930.81,2019-06-08 12:55:00+05:30,7914.33,-16.480000000000473,1
871,2019-06-08 17:50:00+05:30,7903.06,2019-06-08 19:00:00+05:30,7949.33,46.26999999999953,2
872,2019-06-08 19:55:00+05:30,7893.47,2019-06-08 20:50:00+05:30,7918.53,25.05999999999949,2
873,2019-06-08 21:55:00+05:30,7861.26,2019-06-08 23:20:00+05:30,7822.09,-39.17000000000007,1
874,2019-06-09 06:15:00+05:30,7868.0,2019-06-09 07:45:00+05:30,7871.64,3.6400000000003274,2
875,2019-06-09 08:00:00+05:30,7842.18,2019-06-09 08:30:00+05:30,7862.8,20.61999999999989,2
876,2019-06-09 11:55:00+05:30,7846.55,2019-06-09 12:15:00+05:30,7869.59,23.039999999999964,2
877,2019-06-09 15:10:00+05:30,7869.46,2019-06-09 16:30:00+05:30,7878.92,9.460000000000036,2
878,2019-06-09 17:30:00+05:30,7793.91,2019-06-09 20:00:00+05:30,7727.27,-66.63999999999942,1
879,2019-06-09 21:30:00+05:30,7678.73,2019-06-09 22:55:00+05:30,7654.95,-23.779999999999745,1
880,2019-06-10 02:55:00+05:30,7659.35,2019-06-10 04:45:00+05:30,7606.3,-53.05000000000018,1
881,2019-06-10 14:35:00+05:30,7689.47,2019-06-10 15:00:00+05:30,7712.84,23.36999999999989,2
882,2019-06-10 15:20:00+05:30,7670.77,2019-06-10 16:45:00+05:30,7662.06,-8.710000000000036,1
883,2019-06-10 20:50:00+05:30,7863.7,2019-06-10 21:25:00+05:30,7914.45,50.75,2
884,2019-06-11 02:10:00+05:30,7889.15,2019-06-11 03:10:00+05:30,7921.25,32.100000000000364,2
885,2019-06-11 08:10:00+05:30,7914.77,2019-06-11 09:10:00+05:30,7926.47,11.699999999999818,2
886,2019-06-11 10:35:00+05:30,7906.96,2019-06-11 11:10:00+05:30,7932.56,25.600000000000364,2
887,2019-06-11 11:55:00+05:30,7890.88,2019-06-11 12:55:00+05:30,7895.03,4.149999999999636,2
888,2019-06-11 15:35:00+05:30,7888.02,2019-06-11 17:15:00+05:30,7721.53,-166.4900000000007,0
889,2019-06-11 19:40:00+05:30,7747.24,2019-06-11 20:10:00+05:30,7771.64,24.400000000000546,2
890,2019-06-11 21:05:00+05:30,7731.05,2019-06-11 21:20:00+05:30,7762.89,31.840000000000146,2
891,2019-06-11 21:45:00+05:30,7727.57,2019-06-11 22:05:00+05:30,7769.56,41.99000000000069,2
892,2019-06-12 05:40:00+05:30,7861.56,2019-06-12 07:10:00+05:30,7846.37,-15.19000000000051,1
893,2019-06-12 10:50:00+05:30,7921.97,2019-06-12 11:55:00+05:30,7930.0,8.029999999999745,2
894,2019-06-12 14:30:00+05:30,7894.8,2019-06-12 15:15:00+05:30,7929.84,35.039999999999964,2
895,2019-06-12 19:45:00+05:30,7940.24,2019-06-12 20:00:00+05:30,7978.0,37.76000000000022,2
896,2019-06-12 22:40:00+05:30,8093.5,2019-06-12 23:45:00+05:30,8109.98,16.479999999999563,2
897,2019-06-13 01:50:00+05:30,8080.0,2019-06-13 02:40:00+05:30,8103.02,23.020000000000437,2
898,2019-06-13 04:50:00+05:30,8080.08,2019-06-13 05:05:00+05:30,8100.8,20.720000000000255,2
899,2019-06-13 06:55:00+05:30,8098.09,2019-06-13 08:55:00+05:30,8084.05,-14.039999999999964,1
900,2019-06-13 15:05:00+05:30,8078.6,2019-06-13 16:35:00+05:30,8078.98,0.37999999999919964,2
901,2019-06-13 18:15:00+05:30,8056.8,2019-06-13 18:30:00+05:30,8124.27,67.47000000000025,2
902,2019-06-14 04:15:00+05:30,8229.85,2019-06-14 05:30:00+05:30,8240.96,11.109999999998763,2
903,2019-06-14 06:45:00+05:30,8173.61,2019-06-14 07:50:00+05:30,8185.17,11.5600000000004,2
904,2019-06-14 11:40:00+05:30,8193.16,2019-06-14 12:30:00+05:30,8209.25,16.090000000000146,2
905,2019-06-14 16:40:00+05:30,8242.16,2019-06-14 17:00:00+05:30,8278.97,36.80999999999949,2
906,2019-06-14 22:05:00+05:30,8365.31,2019-06-14 23:20:00+05:30,8364.43,-0.8799999999991996,1
907,2019-06-15 15:20:00+05:30,8619.22,2019-06-15 15:55:00+05:30,8634.51,15.290000000000873,2
908,2019-06-15 18:15:00+05:30,8598.59,2019-06-15 19:15:00+05:30,8615.13,16.539999999999054,2
909,2019-06-16 01:40:00+05:30,8759.18,2019-06-16 02:00:00+05:30,8794.67,35.48999999999978,2
910,2019-06-16 14:10:00+05:30,9195.02,2019-06-16 15:00:00+05:30,8962.5,-232.52000000000044,0
911,2019-06-16 20:50:00+05:30,9160.4,2019-06-16 21:25:00+05:30,9201.73,41.32999999999993,2
912,2019-06-16 22:50:00+05:30,9038.84,2019-06-16 23:50:00+05:30,9075.84,37.0,2
913,2019-06-17 00:55:00+05:30,8963.93,2019-06-17 02:05:00+05:30,8947.27,-16.659999999999854,1
914,2019-06-17 05:15:00+05:30,8982.13,2019-06-17 05:45:00+05:30,9040.98,58.850000000000364,2
915,2019-06-17 08:05:00+05:30,9079.23,2019-06-17 08:50:00+05:30,9118.04,38.81000000000131,2
916,2019-06-17 11:40:00+05:30,9125.03,2019-06-17 12:50:00+05:30,9127.98,2.9499999999989086,2
917,2019-06-17 21:10:00+05:30,9204.91,2019-06-17 22:25:00+05:30,9198.74,-6.170000000000073,1
918,2019-06-18 02:40:00+05:30,9194.32,2019-06-18 03:15:00+05:30,9252.16,57.840000000000146,2
919,2019-06-18 06:35:00+05:30,9252.52,2019-06-18 07:00:00+05:30,9295.37,42.850000000000364,2
920,2019-06-18 08:55:00+05:30,9196.68,2019-06-18 09:15:00+05:30,9235.44,38.76000000000022,2
921,2019-06-18 10:45:00+05:30,9195.02,2019-06-18 12:25:00+05:30,9157.18,-37.840000000000146,1
922,2019-06-18 12:50:00+05:30,9079.44,2019-06-18 13:40:00+05:30,9104.11,24.670000000000073,2
923,2019-06-18 16:30:00+05:30,9182.26,2019-06-18 17:00:00+05:30,9209.91,27.649999999999636,2
924,2019-06-18 17:20:00+05:30,9148.76,2019-06-18 18:25:00+05:30,9161.81,13.049999999999272,2
925,2019-06-18 19:40:00+05:30,9115.01,2019-06-18 19:55:00+05:30,9162.07,47.05999999999949,2
926,2019-06-18 20:45:00+05:30,9073.87,2019-06-18 23:15:00+05:30,9040.0,-33.8700000000008,1
927,2019-06-19 03:05:00+05:30,9040.86,2019-06-19 04:55:00+05:30,9025.78,-15.079999999999927,1
928,2019-06-19 12:25:00+05:30,9143.01,2019-06-19 13:05:00+05:30,9159.16,16.149999999999636,2
929,2019-06-19 14:55:00+05:30,9135.18,2019-06-19 15:50:00+05:30,9132.62,-2.5599999999994907,1
930,2019-06-19 18:05:00+05:30,9086.4,2019-06-19 18:45:00+05:30,9123.02,36.6200000000008,2
931,2019-06-19 20:20:00+05:30,9074.3,2019-06-19 21:20:00+05:30,9085.61,11.31000000000131,2
932,2019-06-20 00:15:00+05:30,9101.12,2019-06-20 01:00:00+05:30,9117.36,16.23999999999978,2
933,2019-06-20 06:30:00+05:30,9234.28,2019-06-20 07:30:00+05:30,9258.41,24.1299999999992,2
934,2019-06-20 09:55:00+05:30,9277.0,2019-06-20 10:55:00+05:30,9301.96,24.959999999999127,2
935,2019-06-20 13:20:00+05:30,9265.85,2019-06-20 14:55:00+05:30,9237.95,-27.899999999999636,1
936,2019-06-21 08:50:00+05:30,9651.04,2019-06-21 09:10:00+05:30,9707.01,55.969999999999345,2
937,2019-06-21 11:55:00+05:30,9675.92,2019-06-21 12:55:00+05:30,9687.07,11.149999999999636,2
938,2019-06-21 14:45:00+05:30,9670.32,2019-06-21 14:50:00+05:30,9700.0,29.68000000000029,2
939,2019-06-21 19:00:00+05:30,9731.47,2019-06-21 20:00:00+05:30,9785.54,54.07000000000153,2
940,2019-06-22 00:40:00+05:30,9868.95,2019-06-22 01:05:00+05:30,9896.64,27.68999999999869,2
941,2019-06-22 03:40:00+05:30,9856.69,2019-06-22 04:25:00+05:30,9903.54,46.850000000000364,2
942,2019-06-22 09:25:00+05:30,10579.96,2019-06-22 10:30:00+05:30,10725.07,145.11000000000058,2
943,2019-06-22 13:25:00+05:30,10670.0,2019-06-22 13:55:00+05:30,10730.54,60.54000000000087,2
944,2019-06-22 17:10:00+05:30,10831.31,2019-06-22 17:30:00+05:30,10915.7,84.39000000000124,2
945,2019-06-22 20:00:00+05:30,10610.95,2019-06-22 21:05:00+05:30,10828.67,217.71999999999935,2
946,2019-06-22 23:15:00+05:30,10775.93,2019-06-23 01:10:00+05:30,10709.99,-65.94000000000051,1
947,2019-06-23 02:35:00+05:30,10586.3,2019-06-23 04:30:00+05:30,10602.12,15.820000000001528,2
948,2019-06-23 07:15:00+05:30,10829.11,2019-06-23 09:15:00+05:30,10794.6,-34.51000000000022,1
949,2019-06-23 14:05:00+05:30,10693.66,2019-06-23 15:25:00+05:30,10700.0,6.3400000000001455,2
950,2019-06-23 16:00:00+05:30,10586.89,2019-06-23 16:35:00+05:30,10659.16,72.27000000000044,2
951,2019-06-23 21:45:00+05:30,10745.65,2019-06-23 22:45:00+05:30,10767.1,21.450000000000728,2
952,2019-06-24 05:40:00+05:30,10743.25,2019-06-24 06:45:00+05:30,10771.69,28.44000000000051,2
953,2019-06-24 07:05:00+05:30,10623.39,2019-06-24 07:30:00+05:30,10742.11,118.72000000000116,2
954,2019-06-24 16:40:00+05:30,10861.35,2019-06-24 17:20:00+05:30,10925.34,63.98999999999978,2
955,2019-06-24 19:00:00+05:30,10845.08,2019-06-24 19:30:00+05:30,10909.0,63.92000000000007,2
956,2019-06-25 00:25:00+05:30,11019.94,2019-06-25 01:35:00+05:30,10991.86,-28.079999999999927,1
957,2019-06-25 14:20:00+05:30,11302.14,2019-06-25 15:10:00+05:30,11349.97,47.82999999999993,2
958,2019-06-25 17:45:00+05:30,11324.03,2019-06-25 19:10:00+05:30,11306.79,-17.23999999999978,1
959,2019-06-25 23:00:00+05:30,11330.6,2019-06-25 23:40:00+05:30,11401.51,70.90999999999985,2
960,2019-06-26 07:45:00+05:30,11845.79,2019-06-26 08:00:00+05:30,11914.88,69.08999999999833,2
961,2019-06-26 13:25:00+05:30,12541.39,2019-06-26 14:00:00+05:30,12713.83,172.4400000000005,2
962,2019-06-26 15:20:00+05:30,12479.76,2019-06-26 16:00:00+05:30,12589.88,110.11999999999898,2
963,2019-06-26 20:20:00+05:30,12795.64,2019-06-26 20:30:00+05:30,12912.17,116.53000000000065,2
964,2019-06-27 02:00:00+05:30,13526.43,2019-06-27 02:05:00+05:30,13000.11,-526.3199999999997,0
965,2019-06-27 02:10:00+05:30,11958.77,2019-06-27 03:35:00+05:30,12620.48,661.7099999999991,2
966,2019-06-27 06:55:00+05:30,12936.14,2019-06-27 07:05:00+05:30,12650.28,-285.85999999999876,0
967,2019-06-27 07:10:00+05:30,12699.96,2019-06-27 08:05:00+05:30,12966.04,266.08000000000175,2
968,2019-06-27 10:45:00+05:30,12793.3,2019-06-27 11:55:00+05:30,12475.0,-318.2999999999993,0
969,2019-06-27 12:00:00+05:30,12522.73,2019-06-27 12:05:00+05:30,12212.47,-310.2600000000002,0
970,2019-06-27 13:55:00+05:30,12233.23,2019-06-27 14:35:00+05:30,11838.55,-394.6800000000003,0
971,2019-06-27 14:40:00+05:30,11822.94,2019-06-27 14:55:00+05:30,11571.7,-251.23999999999978,0
972,2019-06-27 18:20:00+05:30,11894.16,2019-06-27 19:35:00+05:30,11655.67,-238.48999999999978,0
973,2019-06-27 21:40:00+05:30,11666.29,2019-06-27 21:45:00+05:30,11372.89,-293.40000000000146,0
974,2019-06-27 21:50:00+05:30,11111.72,2019-06-27 22:30:00+05:30,10822.92,-288.7999999999993,0
975,2019-06-28 00:55:00+05:30,10930.01,2019-06-28 02:00:00+05:30,10535.82,-394.1900000000005,0
976,2019-06-28 07:50:00+05:30,11396.81,2019-06-28 09:25:00+05:30,11370.0,-26.80999999999949,1
977,2019-06-28 10:50:00+05:30,11052.63,2019-06-28 11:15:00+05:30,11227.61,174.98000000000138,2
978,2019-06-28 16:10:00+05:30,11811.0,2019-06-28 16:25:00+05:30,11985.0,174.0,2
979,2019-06-28 18:20:00+05:30,11741.58,2019-06-28 19:10:00+05:30,11923.42,181.84000000000015,2
980,2019-06-29 06:00:00+05:30,12294.8,2019-06-29 07:00:00+05:30,12366.09,71.29000000000087,2
981,2019-06-29 07:20:00+05:30,12219.88,2019-06-29 07:25:00+05:30,11893.77,-326.10999999999876,0
982,2019-06-29 07:30:00+05:30,11792.36,2019-06-29 09:00:00+05:30,11825.18,32.81999999999971,2
983,2019-06-29 09:15:00+05:30,11671.25,2019-06-29 10:10:00+05:30,11691.09,19.840000000000146,2
984,2019-06-29 14:25:00+05:30,11696.63,2019-06-29 15:40:00+05:30,11736.22,39.590000000000146,2
985,2019-06-29 19:10:00+05:30,11959.15,2019-06-29 20:10:00+05:30,12046.8,87.64999999999964,2
986,2019-06-29 21:40:00+05:30,11762.84,2019-06-29 22:45:00+05:30,11906.58,143.73999999999978,2
987,2019-06-30 01:00:00+05:30,11921.25,2019-06-30 01:40:00+05:30,11978.5,57.25,2
988,2019-06-30 05:25:00+05:30,11903.13,2019-06-30 05:35:00+05:30,12043.76,140.63000000000102,2
989,2019-06-30 08:35:00+05:30,12020.4,2019-06-30 08:40:00+05:30,12078.0,57.600000000000364,2
990,2019-06-30 10:55:00+05:30,11967.34,2019-06-30 13:15:00+05:30,11723.64,-243.70000000000073,0
991,2019-06-30 15:40:00+05:30,11684.53,2019-06-30 17:15:00+05:30,11665.81,-18.720000000001164,1
992,2019-06-30 18:55:00+05:30,11559.52,2019-06-30 19:15:00+05:30,11286.02,-273.5,0
993,2019-06-30 19:20:00+05:30,11219.67,2019-06-30 20:40:00+05:30,11276.67,57.0,2
994,2019-06-30 21:30:00+05:30,11005.99,2019-06-30 22:00:00+05:30,11191.01,185.02000000000044,2
995,2019-06-30 23:55:00+05:30,11249.0,2019-07-01 01:15:00+05:30,11274.4,25.399999999999636,2
996,2019-07-01 03:30:00+05:30,11278.37,2019-07-01 04:20:00+05:30,10984.82,-293.5500000000011,0
997,2019-07-01 05:20:00+05:30,10784.8,2019-07-01 05:40:00+05:30,11003.39,218.59000000000015,2
998,2019-07-01 07:30:00+05:30,10883.96,2019-07-01 07:50:00+05:30,11060.0,176.04000000000087,2
999,2019-07-01 10:45:00+05:30,11005.9,2019-07-01 10:55:00+05:30,11163.35,157.45000000000073,2
1000,2019-07-01 15:45:00+05:30,11039.98,2019-07-01 17:00:00+05:30,11015.96,-24.020000000000437,1
1001,2019-07-01 17:50:00+05:30,10838.82,2019-07-01 18:15:00+05:30,10608.65,-230.17000000000007,0
1002,2019-07-01 19:30:00+05:30,10578.78,2019-07-01 20:25:00+05:30,10305.94,-272.84000000000015,0
1003,2019-07-01 20:30:00+05:30,10269.28,2019-07-01 21:25:00+05:30,10396.98,127.69999999999891,2
1004,2019-07-01 23:00:00+05:30,10221.09,2019-07-01 23:55:00+05:30,10283.68,62.590000000000146,2
1005,2019-07-02 00:55:00+05:30,10111.0,2019-07-02 01:25:00+05:30,10258.02,147.02000000000044,2
1006,2019-07-02 06:10:00+05:30,10471.6,2019-07-02 07:15:00+05:30,10252.88,-218.72000000000116,0
1007,2019-07-02 09:45:00+05:30,10170.0,2019-07-02 09:55:00+05:30,9950.0,-220.0,0
1008,2019-07-02 10:00:00+05:30,9971.07,2019-07-02 11:45:00+05:30,9885.91,-85.15999999999985,1
1009,2019-07-02 15:55:00+05:30,10096.22,2019-07-02 16:35:00+05:30,9846.6,-249.61999999999898,0
1010,2019-07-02 19:05:00+05:30,9936.91,2019-07-02 19:30:00+05:30,10080.8,143.88999999999942,2
1011,2019-07-03 02:20:00+05:30,10739.99,2019-07-03 03:35:00+05:30,10811.6,71.61000000000058,2
1012,2019-07-03 08:25:00+05:30,11135.75,2019-07-03 09:10:00+05:30,11304.98,169.22999999999956,2
1013,2019-07-03 13:05:00+05:30,11293.44,2019-07-03 14:20:00+05:30,11020.0,-273.4400000000005,0
1014,2019-07-03 14:25:00+05:30,10996.15,2019-07-03 15:25:00+05:30,11219.49,223.34000000000015,2
1015,2019-07-03 17:10:00+05:30,11143.82,2019-07-03 17:35:00+05:30,11231.1,87.28000000000065,2
1016,2019-07-03 22:05:00+05:30,11273.54,2019-07-04 00:10:00+05:30,11220.0,-53.54000000000087,1
1017,2019-07-04 08:55:00+05:30,11819.99,2019-07-04 11:45:00+05:30,11662.98,-157.01000000000022,1
1018,2019-07-04 13:30:00+05:30,11608.58,2019-07-04 14:15:00+05:30,11688.72,80.13999999999942,2
1019,2019-07-04 15:20:00+05:30,11576.88,2019-07-04 16:30:00+05:30,11596.87,19.9900000000016,2
1020,2019-07-04 21:20:00+05:30,11745.46,2019-07-04 22:25:00+05:30,11749.04,3.5800000000017462,2
1021,2019-07-05 00:40:00+05:30,11730.42,2019-07-05 01:05:00+05:30,11781.0,50.57999999999993,2
1022,2019-07-05 01:35:00+05:30,11620.0,2019-07-05 02:25:00+05:30,11692.08,72.07999999999993,2
1023,2019-07-05 04:35:00+05:30,11200.0,2019-07-05 06:10:00+05:30,11217.64,17.639999999999418,2
1024,2019-07-05 08:15:00+05:30,11188.73,2019-07-05 09:55:00+05:30,11146.7,-42.029999999998836,1
1025,2019-07-05 11:30:00+05:30,11118.63,2019-07-05 12:20:00+05:30,10887.09,-231.53999999999905,0
1026,2019-07-05 12:25:00+05:30,10857.04,2019-07-05 13:25:00+05:30,10982.73,125.68999999999869,2
1027,2019-07-05 17:45:00+05:30,11141.14,2019-07-05 18:20:00+05:30,11188.75,47.61000000000058,2
1028,2019-07-05 21:30:00+05:30,11160.0,2019-07-05 23:00:00+05:30,11235.67,75.67000000000007,2
1029,2019-07-06 01:20:00+05:30,11123.76,2019-07-06 02:00:00+05:30,10850.25,-273.5100000000002,0
1030,2019-07-06 04:05:00+05:30,10940.69,2019-07-06 04:45:00+05:30,11009.48,68.78999999999905,2
1031,2019-07-06 11:15:00+05:30,11329.8,2019-07-06 11:40:00+05:30,11412.0,82.20000000000073,2
1032,2019-07-06 13:35:00+05:30,11336.2,2019-07-06 15:25:00+05:30,11379.28,43.07999999999993,2
1033,2019-07-06 18:10:00+05:30,11286.4,2019-07-06 18:15:00+05:30,11405.54,119.14000000000124,2
1034,2019-07-07 00:15:00+05:30,11451.55,2019-07-07 01:20:00+05:30,11490.29,38.7400000000016,2
1035,2019-07-07 02:30:00+05:30,11323.01,2019-07-07 04:05:00+05:30,11216.46,-106.55000000000109,1
1036,2019-07-07 05:30:00+05:30,11142.57,2019-07-07 05:45:00+05:30,11236.12,93.55000000000109,2
1037,2019-07-07 08:15:00+05:30,11167.2,2019-07-07 09:10:00+05:30,11192.34,25.139999999999418,2
1038,2019-07-07 13:45:00+05:30,11140.0,2019-07-07 14:05:00+05:30,11192.47,52.469999999999345,2
1039,2019-07-07 21:10:00+05:30,11216.25,2019-07-07 22:45:00+05:30,11206.72,-9.530000000000655,1
1040,2019-07-08 04:10:00+05:30,11337.42,2019-07-08 05:20:00+05:30,11402.17,64.75,2
1041,2019-07-08 08:25:00+05:30,11349.94,2019-07-08 09:00:00+05:30,11369.24,19.299999999999272,2
1042,2019-07-08 14:20:00+05:30,11372.81,2019-07-08 14:25:00+05:30,11638.34,265.53000000000065,2
1043,2019-07-08 21:30:00+05:30,11775.88,2019-07-08 22:25:00+05:30,11822.59,46.710000000000946,2
1044,2019-07-09 05:55:00+05:30,12181.0,2019-07-09 06:30:00+05:30,12249.13,68.1299999999992,2
1045,2019-07-09 13:20:00+05:30,12468.72,2019-07-09 14:05:00+05:30,12569.0,100.28000000000065,2
1046,2019-07-09 15:40:00+05:30,12072.46,2019-07-09 16:55:00+05:30,12271.0,198.54000000000087,2
1047,2019-07-09 20:15:00+05:30,12289.42,2019-07-09 20:50:00+05:30,12306.86,17.44000000000051,2
1048,2019-07-10 01:00:00+05:30,12363.44,2019-07-10 02:35:00+05:30,12442.87,79.43000000000029,2
1049,2019-07-10 11:40:00+05:30,12959.72,2019-07-10 12:10:00+05:30,13009.9,50.18000000000029,2
1050,2019-07-10 12:35:00+05:30,12800.42,2019-07-10 14:10:00+05:30,12875.67,75.25,2
1051,2019-07-10 16:15:00+05:30,12920.0,2019-07-10 16:25:00+05:30,12980.77,60.77000000000044,2
1052,2019-07-10 19:35:00+05:30,12940.86,2019-07-10 20:25:00+05:30,12550.03,-390.8299999999999,0
1053,2019-07-10 20:30:00+05:30,12447.47,2019-07-10 23:05:00+05:30,12174.98,-272.4899999999998,0
1054,2019-07-11 00:55:00+05:30,12122.81,2019-07-11 01:40:00+05:30,11738.99,-383.8199999999997,0
1055,2019-07-11 01:45:00+05:30,11814.79,2019-07-11 03:05:00+05:30,11896.57,81.77999999999884,2
1056,2019-07-11 05:35:00+05:30,11973.35,2019-07-11 06:50:00+05:30,11969.48,-3.8700000000008004,1
1057,2019-07-11 08:45:00+05:30,11817.64,2019-07-11 09:50:00+05:30,11502.0,-315.6399999999994,0
1058,2019-07-11 09:55:00+05:30,11278.77,2019-07-11 11:10:00+05:30,11442.39,163.61999999999898,2
1059,2019-07-11 14:00:00+05:30,11404.99,2019-07-11 14:30:00+05:30,11498.09,93.10000000000036,2
1060,2019-07-11 16:10:00+05:30,11382.91,2019-07-11 16:30:00+05:30,11464.32,81.40999999999985,2
1061,2019-07-11 21:05:00+05:30,11603.67,2019-07-11 21:45:00+05:30,11674.15,70.47999999999956,2
1062,2019-07-12 00:30:00+05:30,11554.91,2019-07-12 01:10:00+05:30,11645.83,90.92000000000007,2
1063,2019-07-12 01:35:00+05:30,11473.03,2019-07-12 01:55:00+05:30,11174.45,-298.5799999999999,0
1064,2019-07-12 02:00:00+05:30,11214.9,2019-07-12 03:05:00+05:30,11286.27,71.3700000000008,2
1065,2019-07-12 04:50:00+05:30,11242.92,2019-07-12 05:20:00+05:30,11346.17,103.25,2
1066,2019-07-12 08:35:00+05:30,11284.99,2019-07-12 09:45:00+05:30,11294.4,9.409999999999854,2
1067,2019-07-12 14:05:00+05:30,11586.08,2019-07-12 14:45:00+05:30,11640.35,54.27000000000044,2
1068,2019-07-12 17:45:00+05:30,11588.89,2019-07-12 18:20:00+05:30,11660.5,71.61000000000058,2
1069,2019-07-12 20:20:00+05:30,11560.37,2019-07-12 21:40:00+05:30,11558.1,-2.2700000000004366,1
1070,2019-07-13 01:00:00+05:30,11511.89,2019-07-13 01:15:00+05:30,11581.27,69.38000000000102,2
1071,2019-07-13 06:15:00+05:30,11708.86,2019-07-13 07:35:00+05:30,11707.6,-1.2600000000002183,1
1072,2019-07-13 08:25:00+05:30,11630.73,2019-07-13 10:00:00+05:30,11618.08,-12.649999999999636,1
1073,2019-07-13 12:20:00+05:30,11546.17,2019-07-13 13:30:00+05:30,11551.81,5.639999999999418,2
1074,2019-07-13 15:35:00+05:30,11377.55,2019-07-13 17:25:00+05:30,11303.01,-74.53999999999905,1
1075,2019-07-13 20:15:00+05:30,11315.16,2019-07-13 20:45:00+05:30,11366.75,51.590000000000146,2
1076,2019-07-13 23:35:00+05:30,11297.82,2019-07-14 01:10:00+05:30,11163.73,-134.09000000000015,1
1077,2019-07-14 02:00:00+05:30,11008.16,2019-07-14 03:15:00+05:30,10981.64,-26.520000000000437,1
1078,2019-07-14 10:05:00+05:30,11246.92,2019-07-14 11:15:00+05:30,11227.21,-19.710000000000946,1
1079,2019-07-14 12:40:00+05:30,11143.93,2019-07-14 13:55:00+05:30,11160.17,16.23999999999978,2
1080,2019-07-14 14:25:00+05:30,11087.63,2019-07-14 15:20:00+05:30,10766.38,-321.25,0
1081,2019-07-14 15:25:00+05:30,10875.06,2019-07-14 16:45:00+05:30,10811.02,-64.03999999999905,1
1082,2019-07-14 17:15:00+05:30,10630.48,2019-07-14 17:30:00+05:30,10743.83,113.35000000000036,2
1083,2019-07-14 19:20:00+05:30,10554.64,2019-07-14 19:55:00+05:30,10698.28,143.64000000000124,2
1084,2019-07-14 21:10:00+05:30,10500.0,2019-07-14 22:15:00+05:30,10568.83,68.82999999999993,2
1085,2019-07-14 23:50:00+05:30,10444.24,2019-07-15 00:40:00+05:30,10510.0,65.76000000000022,2
1086,2019-07-15 04:15:00+05:30,10530.19,2019-07-15 05:10:00+05:30,10226.48,-303.71000000000095,0
1087,2019-07-15 05:15:00+05:30,10131.0,2019-07-15 06:45:00+05:30,10141.64,10.639999999999418,2
1088,2019-07-15 07:40:00+05:30,9945.82,2019-07-15 07:55:00+05:30,10051.24,105.42000000000007,2
1089,2019-07-15 10:35:00+05:30,10094.94,2019-07-15 11:15:00+05:30,10187.35,92.40999999999985,2
1090,2019-07-15 14:20:00+05:30,10190.58,2019-07-15 14:45:00+05:30,10260.0,69.42000000000007,2
1091,2019-07-15 17:55:00+05:30,10193.56,2019-07-15 19:00:00+05:30,10200.56,7.0,2
1092,2019-07-15 23:20:00+05:30,10478.92,2019-07-15 23:45:00+05:30,10683.91,204.98999999999978,2
1093,2019-07-16 02:10:00+05:30,10785.25,2019-07-16 02:45:00+05:30,10871.06,85.80999999999949,2
1094,2019-07-16 03:25:00+05:30,10737.06,2019-07-16 03:50:00+05:30,10807.74,70.68000000000029,2
1095,2019-07-16 07:35:00+05:30,10819.14,2019-07-16 10:05:00+05:30,10718.12,-101.01999999999862,1
1096,2019-07-16 12:45:00+05:30,10601.25,2019-07-16 13:15:00+05:30,10720.56,119.30999999999949,2
1097,2019-07-16 17:35:00+05:30,10629.0,2019-07-16 19:10:00+05:30,10390.01,-238.98999999999978,0
1098,2019-07-16 21:30:00+05:30,10167.42,2019-07-16 22:15:00+05:30,9935.81,-231.61000000000058,0
1099,2019-07-16 22:30:00+05:30,9580.0,2019-07-16 23:50:00+05:30,9719.17,139.17000000000007,2
1100,2019-07-17 02:30:00+05:30,9499.82,2019-07-17 03:15:00+05:30,9639.3,139.47999999999956,2
1101,2019-07-17 04:00:00+05:30,9495.0,2019-07-17 05:00:00+05:30,9512.86,17.860000000000582,2
1102,2019-07-17 07:30:00+05:30,9418.8,2019-07-17 08:35:00+05:30,9407.13,-11.670000000000073,1
1103,2019-07-17 12:35:00+05:30,9475.1,2019-07-17 13:10:00+05:30,9581.75,106.64999999999964,2
1104,2019-07-17 14:40:00+05:30,9459.97,2019-07-17 16:20:00+05:30,9255.18,-204.78999999999905,0
1105,2019-07-17 17:00:00+05:30,9183.55,2019-07-17 17:50:00+05:30,9275.09,91.54000000000087,2
1106,2019-07-18 01:25:00+05:30,9731.54,2019-07-18 02:45:00+05:30,9831.82,100.27999999999884,2
1107,2019-07-18 04:30:00+05:30,9638.41,2019-07-18 06:30:00+05:30,9634.42,-3.9899999999997817,1
1108,2019-07-18 13:55:00+05:30,9753.82,2019-07-18 15:00:00+05:30,9808.69,54.8700000000008,2
1109,2019-07-18 17:30:00+05:30,9729.89,2019-07-18 17:50:00+05:30,9526.61,-203.27999999999884,0
1110,2019-07-18 17:55:00+05:30,9491.51,2019-07-18 19:55:00+05:30,9438.2,-53.30999999999949,1
1111,2019-07-19 03:15:00+05:30,10489.28,2019-07-19 03:30:00+05:30,10580.68,91.39999999999964,2
1112,2019-07-19 07:35:00+05:30,10518.26,2019-07-19 07:45:00+05:30,10624.48,106.21999999999935,2
1113,2019-07-19 09:20:00+05:30,10547.51,2019-07-19 11:15:00+05:30,10486.82,-60.69000000000051,1
1114,2019-07-20 04:05:00+05:30,10469.18,2019-07-20 04:45:00+05:30,10519.98,50.79999999999927,2
1115,2019-07-20 06:20:00+05:30,10464.03,2019-07-20 07:30:00+05:30,10462.26,-1.7700000000004366,1
1116,2019-07-20 09:50:00+05:30,10480.54,2019-07-20 10:00:00+05:30,10550.19,69.64999999999964,2
1117,2019-07-20 16:40:00+05:30,10465.67,2019-07-20 17:20:00+05:30,10571.67,106.0,2
1118,2019-07-21 02:40:00+05:30,10860.15,2019-07-21 02:55:00+05:30,10897.0,36.850000000000364,2
1119,2019-07-21 05:10:00+05:30,10790.37,2019-07-21 06:35:00+05:30,10804.84,14.469999999999345,2
1120,2019-07-21 07:30:00+05:30,10713.66,2019-07-21 09:35:00+05:30,10655.09,-58.56999999999971,1
1121,2019-07-21 11:10:00+05:30,10589.34,2019-07-21 11:40:00+05:30,10619.29,29.950000000000728,2
1122,2019-07-21 13:30:00+05:30,10552.62,2019-07-21 13:40:00+05:30,10623.68,71.05999999999949,2
1123,2019-07-21 15:30:00+05:30,10615.13,2019-07-21 17:05:00+05:30,10578.16,-36.969999999999345,1
1124,2019-07-21 18:00:00+05:30,10527.62,2019-07-21 18:10:00+05:30,10576.94,49.31999999999971,2
1125,2019-07-21 19:55:00+05:30,10415.76,2019-07-21 21:20:00+05:30,10427.61,11.850000000000364,2
1126,2019-07-21 22:30:00+05:30,10329.42,2019-07-21 22:40:00+05:30,10399.0,69.57999999999993,2
1127,2019-07-22 01:00:00+05:30,10390.98,2019-07-22 01:35:00+05:30,10454.85,63.8700000000008,2
1128,2019-07-22 04:20:00+05:30,10521.8,2019-07-22 04:30:00+05:30,10578.74,56.94000000000051,2
1129,2019-07-22 09:35:00+05:30,10581.59,2019-07-22 10:45:00+05:30,10590.09,8.5,2
1130,2019-07-22 13:55:00+05:30,10550.96,2019-07-22 16:00:00+05:30,10494.35,-56.60999999999876,1
1131,2019-07-22 20:10:00+05:30,10289.92,2019-07-22 21:40:00+05:30,10277.2,-12.719999999999345,1
1132,2019-07-22 22:35:00+05:30,10225.99,2019-07-22 22:45:00+05:30,10408.3,182.3099999999995,2
1133,2019-07-23 01:05:00+05:30,10253.46,2019-07-23 01:35:00+05:30,10270.68,17.220000000001164,2
1134,2019-07-23 03:30:00+05:30,10262.09,2019-07-23 03:40:00+05:30,10341.38,79.28999999999905,2
1135,2019-07-23 06:00:00+05:30,10256.29,2019-07-23 07:10:00+05:30,10267.44,11.149999999999636,2
1136,2019-07-23 09:25:00+05:30,10255.54,2019-07-23 12:05:00+05:30,10024.99,-230.5500000000011,0
1137,2019-07-23 12:15:00+05:30,9997.39,2019-07-23 12:35:00+05:30,10161.25,163.86000000000058,2
1138,2019-07-23 14:25:00+05:30,9955.95,2019-07-23 15:10:00+05:30,10020.0,64.04999999999927,2
1139,2019-07-23 16:10:00+05:30,9925.3,2019-07-23 16:25:00+05:30,10002.23,76.93000000000029,2
1140,2019-07-23 18:55:00+05:30,9919.36,2019-07-23 19:20:00+05:30,9963.97,44.60999999999876,2
1141,2019-07-23 21:25:00+05:30,9932.36,2019-07-23 22:10:00+05:30,9986.75,54.38999999999942,2
1142,2019-07-24 03:00:00+05:30,10085.45,2019-07-24 03:30:00+05:30,10141.72,56.26999999999862,2
1143,2019-07-24 04:10:00+05:30,10074.2,2019-07-24 04:55:00+05:30,9869.93,-204.27000000000044,0
1144,2019-07-24 05:30:00+05:30,9736.76,2019-07-24 07:00:00+05:30,9722.66,-14.100000000000364,1
1145,2019-07-24 07:30:00+05:30,9650.75,2019-07-24 08:05:00+05:30,9691.47,40.719999999999345,2
1146,2019-07-24 09:30:00+05:30,9628.81,2019-07-24 10:20:00+05:30,9650.0,21.19000000000051,2
1147,2019-07-24 16:05:00+05:30,9706.41,2019-07-24 16:50:00+05:30,9731.78,25.3700000000008,2
1148,2019-07-24 19:10:00+05:30,9683.63,2019-07-24 19:45:00+05:30,9770.0,86.3700000000008,2
1149,2019-07-24 21:40:00+05:30,9797.96,2019-07-24 22:00:00+05:30,9589.07,-208.88999999999942,0
1150,2019-07-24 22:05:00+05:30,9550.0,2019-07-24 23:15:00+05:30,9634.24,84.23999999999978,2
1151,2019-07-25 02:15:00+05:30,9575.6,2019-07-25 02:25:00+05:30,9671.78,96.18000000000029,2
1152,2019-07-25 10:20:00+05:30,10031.89,2019-07-25 11:15:00+05:30,10060.84,28.950000000000728,2
1153,2019-07-25 18:30:00+05:30,10017.22,2019-07-25 20:05:00+05:30,9986.71,-30.51000000000022,1
1154,2019-07-26 00:15:00+05:30,9982.05,2019-07-26 02:35:00+05:30,9886.68,-95.36999999999898,1
1155,2019-07-26 03:00:00+05:30,9810.0,2019-07-26 03:05:00+05:30,9869.91,59.909999999999854,2
1156,2019-07-26 05:20:00+05:30,9872.33,2019-07-26 06:50:00+05:30,9662.79,-209.53999999999905,0
1157,2019-07-26 08:55:00+05:30,9669.22,2019-07-26 09:10:00+05:30,9705.0,35.780000000000655,2
1158,2019-07-26 11:35:00+05:30,9692.87,2019-07-26 12:05:00+05:30,9712.62,19.75,2
1159,2019-07-26 15:35:00+05:30,9751.0,2019-07-26 16:30:00+05:30,9789.94,38.94000000000051,2
1160,2019-07-26 19:55:00+05:30,9745.6,2019-07-26 20:25:00+05:30,9764.81,19.209999999999127,2
1161,2019-07-27 02:00:00+05:30,9808.36,2019-07-27 02:05:00+05:30,9843.41,35.04999999999927,2
1162,2019-07-27 02:40:00+05:30,9793.38,2019-07-27 03:20:00+05:30,9819.46,26.079999999999927,2
1163,2019-07-27 09:55:00+05:30,10085.43,2019-07-27 10:20:00+05:30,10101.15,15.719999999999345,2
1164,2019-07-27 10:45:00+05:30,10072.0,2019-07-27 13:10:00+05:30,10060.0,-12.0,1
1165,2019-07-27 15:45:00+05:30,10037.17,2019-07-27 15:50:00+05:30,9680.0,-357.1700000000001,0
1166,2019-07-27 15:55:00+05:30,9595.23,2019-07-27 18:00:00+05:30,9401.92,-193.3099999999995,0
1167,2019-07-27 18:05:00+05:30,9418.14,2019-07-27 18:50:00+05:30,9484.49,66.35000000000036,2
1168,2019-07-27 20:30:00+05:30,9409.0,2019-07-27 20:45:00+05:30,9458.0,49.0,2
1169,2019-07-27 23:55:00+05:30,9419.34,2019-07-28 00:50:00+05:30,9429.05,9.709999999999127,2
1170,2019-07-28 04:15:00+05:30,9445.32,2019-07-28 05:25:00+05:30,9476.52,31.200000000000728,2
1171,2019-07-28 05:35:00+05:30,9403.36,2019-07-28 05:55:00+05:30,9449.75,46.38999999999942,2
1172,2019-07-28 12:00:00+05:30,9489.58,2019-07-28 12:30:00+05:30,9522.98,33.399999999999636,2
1173,2019-07-28 15:25:00+05:30,9475.0,2019-07-28 16:40:00+05:30,9478.27,3.2700000000004366,2
1174,2019-07-29 01:35:00+05:30,9547.08,2019-07-29 02:30:00+05:30,9545.08,-2.0,1
1175,2019-07-29 03:15:00+05:30,9485.0,2019-07-29 03:55:00+05:30,9217.26,-267.7399999999998,0
1176,2019-07-29 04:00:00+05:30,9205.94,2019-07-29 04:20:00+05:30,9549.43,343.4899999999998,2
1177,2019-07-29 10:45:00+05:30,9615.76,2019-07-29 12:05:00+05:30,9616.87,1.110000000000582,2
1178,2019-07-29 14:20:00+05:30,9569.93,2019-07-29 16:00:00+05:30,9532.38,-37.55000000000109,1
1179,2019-07-29 17:10:00+05:30,9486.01,2019-07-29 17:40:00+05:30,9513.33,27.31999999999971,2
1180,2019-07-29 20:35:00+05:30,9535.68,2019-07-29 20:40:00+05:30,9571.43,35.75,2
1181,2019-07-29 21:15:00+05:30,9519.03,2019-07-29 21:35:00+05:30,9605.0,85.96999999999935,2
1182,2019-07-29 23:15:00+05:30,9525.21,2019-07-30 00:15:00+05:30,9531.13,5.920000000000073,2
1183,2019-07-30 03:35:00+05:30,9499.97,2019-07-30 04:00:00+05:30,9524.67,24.700000000000728,2
1184,2019-07-30 05:15:00+05:30,9494.28,2019-07-30 05:20:00+05:30,9525.65,31.36999999999898,2
1185,2019-07-30 07:25:00+05:30,9465.25,2019-07-30 09:20:00+05:30,9445.98,-19.270000000000437,1
1186,2019-07-30 10:55:00+05:30,9431.0,2019-07-30 11:00:00+05:30,9457.94,26.94000000000051,2
1187,2019-07-30 14:25:00+05:30,9478.31,2019-07-30 15:30:00+05:30,9494.99,16.68000000000029,2
1188,2019-07-30 22:45:00+05:30,9639.41,2019-07-31 00:00:00+05:30,9642.99,3.5799999999999272,2
1189,2019-07-31 00:45:00+05:30,9605.02,2019-07-31 03:10:00+05:30,9565.65,-39.3700000000008,1
1190,2019-07-31 09:00:00+05:30,9655.67,2019-07-31 10:10:00+05:30,9669.46,13.789999999999054,2
1191,2019-07-31 22:15:00+05:30,9963.96,2019-07-31 22:45:00+05:30,10014.05,50.090000000000146,2
1192,2019-08-01 04:00:00+05:30,9988.59,2019-08-01 04:35:00+05:30,10014.0,25.409999999999854,2
1193,2019-08-01 09:15:00+05:30,9977.44,2019-08-01 10:35:00+05:30,9982.15,4.709999999999127,2
1194,2019-08-01 11:15:00+05:30,9923.04,2019-08-01 12:20:00+05:30,9942.06,19.019999999998618,2
1195,2019-08-01 14:40:00+05:30,9946.67,2019-08-01 15:25:00+05:30,9970.71,24.039999999999054,2
1196,2019-08-01 15:35:00+05:30,9909.77,2019-08-01 16:25:00+05:30,9943.99,34.219999999999345,2
1197,2019-08-02 06:00:00+05:30,10313.69,2019-08-02 06:25:00+05:30,10374.99,61.29999999999927,2
1198,2019-08-02 09:10:00+05:30,10355.36,2019-08-02 10:00:00+05:30,10371.93,16.56999999999971,2
1199,2019-08-02 15:20:00+05:30,10449.78,2019-08-02 16:00:00+05:30,10480.62,30.840000000000146,2
1200,2019-08-02 21:45:00+05:30,10509.19,2019-08-02 23:35:00+05:30,10470.0,-39.19000000000051,1
1201,2019-08-03 00:50:00+05:30,10420.55,2019-08-03 01:20:00+05:30,10448.15,27.600000000000364,2
1202,2019-08-03 02:00:00+05:30,10396.67,2019-08-03 02:55:00+05:30,10411.68,15.010000000000218,2
1203,2019-08-03 10:45:00+05:30,10733.27,2019-08-03 11:30:00+05:30,10795.98,62.70999999999913,2
1204,2019-08-03 14:45:00+05:30,10759.42,2019-08-03 16:10:00+05:30,10775.88,16.459999999999127,2
1205,2019-08-03 17:20:00+05:30,10739.97,2019-08-03 18:30:00+05:30,10756.0,16.030000000000655,2
1206,2019-08-03 21:10:00+05:30,10753.75,2019-08-03 21:35:00+05:30,10785.0,31.25,2
1207,2019-08-04 03:20:00+05:30,10812.97,2019-08-04 04:15:00+05:30,10841.77,28.80000000000109,2
1208,2019-08-04 09:00:00+05:30,10758.48,2019-08-04 11:05:00+05:30,10655.0,-103.47999999999956,1
1209,2019-08-04 14:45:00+05:30,10648.09,2019-08-04 14:55:00+05:30,10684.76,36.67000000000007,2
1210,2019-08-04 17:00:00+05:30,10678.31,2019-08-04 17:40:00+05:30,10694.16,15.850000000000364,2
1211,2019-08-04 18:10:00+05:30,10649.92,2019-08-04 18:40:00+05:30,10687.58,37.659999999999854,2
1212,2019-08-04 23:15:00+05:30,10873.4,2019-08-05 00:05:00+05:30,10914.43,41.030000000000655,2
1213,2019-08-05 02:35:00+05:30,10886.68,2019-08-05 03:00:00+05:30,10952.84,66.15999999999985,2
1214,2019-08-05 16:25:00+05:30,11616.54,2019-08-05 16:50:00+05:30,11689.91,73.36999999999898,2
1215,2019-08-05 20:45:00+05:30,11663.37,2019-08-05 21:15:00+05:30,11745.62,82.25,2
1216,2019-08-06 01:30:00+05:30,11743.0,2019-08-06 01:40:00+05:30,11820.14,77.13999999999942,2
1217,2019-08-06 02:10:00+05:30,11729.87,2019-08-06 02:40:00+05:30,11768.4,38.529999999998836,2
1218,2019-08-06 06:55:00+05:30,11700.36,2019-08-06 08:15:00+05:30,11679.63,-20.730000000001382,1
1219,2019-08-06 16:00:00+05:30,11919.78,2019-08-06 18:00:00+05:30,11676.29,-243.48999999999978,0
1220,2019-08-06 18:05:00+05:30,11625.0,2019-08-06 18:45:00+05:30,11744.89,119.88999999999942,2
1221,2019-08-06 21:30:00+05:30,11682.07,2019-08-06 21:55:00+05:30,11727.04,44.970000000001164,2
1222,2019-08-07 00:55:00+05:30,11685.35,2019-08-07 01:05:00+05:30,11740.75,55.399999999999636,2
1223,2019-08-07 02:10:00+05:30,11654.19,2019-08-07 02:55:00+05:30,11418.75,-235.4400000000005,0
1224,2019-08-07 03:00:00+05:30,11395.09,2019-08-07 04:40:00+05:30,11368.15,-26.94000000000051,1
1225,2019-08-07 11:15:00+05:30,11590.0,2019-08-07 11:50:00+05:30,11679.58,89.57999999999993,2
1226,2019-08-07 13:10:00+05:30,11556.16,2019-08-07 13:50:00+05:30,11584.29,28.13000000000102,2
1227,2019-08-07 16:45:00+05:30,11606.58,2019-08-07 17:00:00+05:30,11656.93,50.350000000000364,2
1228,2019-08-07 20:30:00+05:30,11822.75,2019-08-07 22:10:00+05:30,11562.17,-260.5799999999999,0
1229,2019-08-08 05:10:00+05:30,11918.19,2019-08-08 05:15:00+05:30,11979.23,61.039999999999054,2
1230,2019-08-08 05:50:00+05:30,11899.19,2019-08-08 06:20:00+05:30,11962.78,63.590000000000146,2
1231,2019-08-08 09:35:00+05:30,11905.97,2019-08-08 10:20:00+05:30,11947.99,42.02000000000044,2
1232,2019-08-08 11:40:00+05:30,11858.23,2019-08-08 12:35:00+05:30,11872.1,13.8700000000008,2
1233,2019-08-08 15:15:00+05:30,11848.0,2019-08-08 16:35:00+05:30,11854.72,6.719999999999345,2
1234,2019-08-08 19:10:00+05:30,11780.0,2019-08-08 20:35:00+05:30,11738.16,-41.840000000000146,1
1235,2019-08-08 22:55:00+05:30,11580.83,2019-08-09 00:05:00+05:30,11653.54,72.71000000000095,2
1236,2019-08-09 01:15:00+05:30,11591.37,2019-08-09 01:50:00+05:30,11630.05,38.67999999999847,2
1237,2019-08-09 11:55:00+05:30,11822.65,2019-08-09 12:25:00+05:30,11856.63,33.97999999999956,2
1238,2019-08-09 14:40:00+05:30,11771.19,2019-08-09 15:55:00+05:30,11794.38,23.18999999999869,2
1239,2019-08-09 16:15:00+05:30,11700.0,2019-08-09 17:00:00+05:30,11752.33,52.32999999999993,2
1240,2019-08-10 07:35:00+05:30,11817.45,2019-08-10 09:25:00+05:30,11839.03,21.579999999999927,2
1241,2019-08-10 16:40:00+05:30,11831.43,2019-08-10 16:55:00+05:30,11431.82,-399.6100000000006,0
1242,2019-08-10 17:00:00+05:30,11405.0,2019-08-10 18:25:00+05:30,11449.35,44.350000000000364,2
1243,2019-08-10 20:10:00+05:30,11400.0,2019-08-10 20:50:00+05:30,11440.02,40.02000000000044,2
1244,2019-08-10 21:50:00+05:30,11381.63,2019-08-10 22:45:00+05:30,11395.72,14.090000000000146,2
1245,2019-08-11 02:35:00+05:30,11319.17,2019-08-11 02:50:00+05:30,11354.73,35.55999999999949,2
1246,2019-08-11 04:00:00+05:30,11276.6,2019-08-11 04:15:00+05:30,11321.72,45.11999999999898,2
1247,2019-08-11 10:30:00+05:30,11370.0,2019-08-11 11:40:00+05:30,11378.72,8.719999999999345,2
1248,2019-08-11 12:15:00+05:30,11345.33,2019-08-11 13:15:00+05:30,11365.48,20.149999999999636,2
1249,2019-08-11 14:15:00+05:30,11316.5,2019-08-11 15:20:00+05:30,11372.55,56.04999999999927,2
1250,2019-08-11 19:05:00+05:30,11401.86,2019-08-11 20:00:00+05:30,11423.19,21.329999999999927,2
1251,2019-08-11 20:55:00+05:30,11362.72,2019-08-11 21:30:00+05:30,11397.03,34.31000000000131,2
1252,2019-08-12 01:40:00+05:30,11357.79,2019-08-12 01:50:00+05:30,11420.01,62.219999999999345,2
1253,2019-08-12 07:55:00+05:30,11450.48,2019-08-12 09:10:00+05:30,11459.61,9.130000000001019,2
1254,2019-08-12 10:50:00+05:30,11393.9,2019-08-12 13:05:00+05:30,11397.76,3.860000000000582,2
1255,2019-08-12 16:55:00+05:30,11341.06,2019-08-12 17:30:00+05:30,11359.99,18.93000000000029,2
1256,2019-08-13 03:00:00+05:30,11416.95,2019-08-13 03:55:00+05:30,11426.71,9.7599999999984,2
1257,2019-08-13 05:50:00+05:30,11363.82,2019-08-13 05:55:00+05:30,11399.91,36.090000000000146,2
1258,2019-08-13 08:15:00+05:30,11392.0,2019-08-13 09:25:00+05:30,11394.06,2.0599999999994907,2
1259,2019-08-13 10:05:00+05:30,11357.87,2019-08-13 11:05:00+05:30,11376.39,18.519999999998618,2
1260,2019-08-13 12:30:00+05:30,11359.41,2019-08-13 13:05:00+05:30,11374.95,15.540000000000873,2
1261,2019-08-13 13:50:00+05:30,11326.06,2019-08-13 16:35:00+05:30,11278.87,-47.18999999999869,1
1262,2019-08-13 18:20:00+05:30,11250.36,2019-08-13 19:55:00+05:30,10963.6,-286.7600000000002,0
1263,2019-08-13 20:00:00+05:30,10937.11,2019-08-13 21:30:00+05:30,10981.5,44.38999999999942,2
1264,2019-08-13 22:10:00+05:30,10900.48,2019-08-13 23:05:00+05:30,10918.8,18.31999999999971,2
1265,2019-08-14 02:25:00+05:30,10914.24,2019-08-14 03:30:00+05:30,10914.33,0.09000000000014552,2
1266,2019-08-14 05:45:00+05:30,10850.67,2019-08-14 07:05:00+05:30,10614.0,-236.67000000000007,0
1267,2019-08-14 10:00:00+05:30,10606.0,2019-08-14 10:50:00+05:30,10621.26,15.260000000000218,2
1268,2019-08-14 13:10:00+05:30,10589.27,2019-08-14 15:20:00+05:30,10513.99,-75.28000000000065,1
1269,2019-08-14 19:20:00+05:30,10590.6,2019-08-14 20:40:00+05:30,10564.45,-26.149999999999636,1
1270,2019-08-14 21:50:00+05:30,10445.02,2019-08-14 22:40:00+05:30,10176.0,-269.02000000000044,0
1271,2019-08-14 22:45:00+05:30,10138.68,2019-08-14 23:50:00+05:30,10238.67,99.98999999999978,2
1272,2019-08-15 01:25:00+05:30,10137.77,2019-08-15 02:20:00+05:30,10190.0,52.22999999999956,2
1273,2019-08-15 04:40:00+05:30,10160.04,2019-08-15 05:35:00+05:30,10193.83,33.789999999999054,2
1274,2019-08-15 18:10:00+05:30,9975.45,2019-08-15 19:10:00+05:30,10025.57,50.11999999999898,2
1275,2019-08-16 05:10:00+05:30,10291.65,2019-08-16 05:55:00+05:30,10333.8,42.149999999999636,2
1276,2019-08-16 08:35:00+05:30,10321.6,2019-08-16 10:20:00+05:30,10103.35,-218.25,0
1277,2019-08-16 10:25:00+05:30,10091.88,2019-08-16 11:05:00+05:30,9843.79,-248.08999999999833,0
1278,2019-08-16 11:10:00+05:30,9815.0,2019-08-16 11:50:00+05:30,9990.3,175.29999999999927,2
1279,2019-08-16 16:45:00+05:30,9940.0,2019-08-16 17:10:00+05:30,10062.97,122.96999999999935,2
1280,2019-08-16 18:50:00+05:30,10068.35,2019-08-16 19:10:00+05:30,10149.48,81.1299999999992,2
1281,2019-08-16 20:20:00+05:30,10052.76,2019-08-16 20:35:00+05:30,10118.76,66.0,2
1282,2019-08-17 01:55:00+05:30,10365.87,2019-08-17 02:50:00+05:30,10424.24,58.36999999999898,2
1283,2019-08-17 03:50:00+05:30,10353.87,2019-08-17 04:20:00+05:30,10428.45,74.57999999999993,2
1284,2019-08-17 05:40:00+05:30,10245.14,2019-08-17 06:40:00+05:30,10309.91,64.77000000000044,2
1285,2019-08-17 09:25:00+05:30,10284.87,2019-08-17 10:00:00+05:30,10342.18,57.30999999999949,2
1286,2019-08-17 16:30:00+05:30,10359.13,2019-08-17 17:55:00+05:30,10359.61,0.48000000000138243,2
1287,2019-08-17 18:30:00+05:30,10306.81,2019-08-17 19:25:00+05:30,10358.02,51.210000000000946,2
1288,2019-08-17 20:30:00+05:30,10286.54,2019-08-17 20:35:00+05:30,10333.39,46.849999999998545,2
1289,2019-08-17 22:25:00+05:30,10280.0,2019-08-17 23:30:00+05:30,10039.99,-240.01000000000022,0
1290,2019-08-18 01:50:00+05:30,10146.63,2019-08-18 02:30:00+05:30,10154.78,8.150000000001455,2
1291,2019-08-18 06:55:00+05:30,10179.66,2019-08-18 10:10:00+05:30,10128.29,-51.36999999999898,1
1292,2019-08-18 14:00:00+05:30,10121.02,2019-08-18 14:55:00+05:30,10209.81,88.78999999999905,2
1293,2019-08-18 23:20:00+05:30,10357.38,2019-08-18 23:55:00+05:30,10397.99,40.61000000000058,2
1294,2019-08-19 01:20:00+05:30,10353.99,2019-08-19 02:05:00+05:30,10380.04,26.05000000000109,2
1295,2019-08-19 05:30:00+05:30,10294.17,2019-08-19 06:15:00+05:30,10318.42,24.25,2
1296,2019-08-19 10:45:00+05:30,10350.0,2019-08-19 10:55:00+05:30,10383.17,33.17000000000007,2
1297,2019-08-19 15:25:00+05:30,10646.04,2019-08-19 15:40:00+05:30,10674.35,28.30999999999949,2
1298,2019-08-19 17:30:00+05:30,10646.92,2019-08-19 18:25:00+05:30,10681.53,34.61000000000058,2
1299,2019-08-19 20:45:00+05:30,10679.17,2019-08-19 21:00:00+05:30,10706.14,26.969999999999345,2
1300,2019-08-19 21:50:00+05:30,10666.01,2019-08-19 22:35:00+05:30,10696.11,30.100000000000364,2
1301,2019-08-20 02:20:00+05:30,10641.32,2019-08-20 02:30:00+05:30,10693.95,52.63000000000102,2
1302,2019-08-20 07:05:00+05:30,10855.79,2019-08-20 08:25:00+05:30,10875.46,19.669999999998254,2
1303,2019-08-20 08:45:00+05:30,10825.48,2019-08-20 09:50:00+05:30,10825.98,0.5,2
1304,2019-08-20 11:25:00+05:30,10761.3,2019-08-20 12:10:00+05:30,10784.87,23.570000000001528,2
1305,2019-08-20 13:45:00+05:30,10763.09,2019-08-20 15:20:00+05:30,10682.06,-81.03000000000065,1
1306,2019-08-20 19:55:00+05:30,10605.36,2019-08-20 20:40:00+05:30,10660.0,54.63999999999942,2
1307,2019-08-20 23:45:00+05:30,10720.52,2019-08-21 00:20:00+05:30,10749.78,29.26000000000022,2
1308,2019-08-21 01:45:00+05:30,10683.97,2019-08-21 02:25:00+05:30,10717.45,33.48000000000138,2
1309,2019-08-21 05:10:00+05:30,10754.37,2019-08-21 05:40:00+05:30,10788.86,34.48999999999978,2
1310,2019-08-21 06:05:00+05:30,10711.14,2019-08-21 07:40:00+05:30,10701.19,-9.949999999998909,1
1311,2019-08-21 08:05:00+05:30,10616.5,2019-08-21 09:00:00+05:30,10400.02,-216.47999999999956,0
1312,2019-08-21 09:05:00+05:30,10335.78,2019-08-21 10:50:00+05:30,10273.19,-62.590000000000146,1
1313,2019-08-21 12:00:00+05:30,10190.0,2019-08-21 13:10:00+05:30,10202.48,12.479999999999563,2
1314,2019-08-21 16:10:00+05:30,10105.86,2019-08-21 17:10:00+05:30,10160.43,54.56999999999971,2
1315,2019-08-21 17:50:00+05:30,10113.12,2019-08-21 19:30:00+05:30,9983.86,-129.26000000000022,1
1316,2019-08-21 21:25:00+05:30,9986.77,2019-08-21 21:40:00+05:30,10102.63,115.85999999999876,2
1317,2019-08-22 00:15:00+05:30,10085.2,2019-08-22 01:05:00+05:30,10110.97,25.769999999998618,2
1318,2019-08-22 03:05:00+05:30,10079.47,2019-08-22 04:30:00+05:30,10086.0,6.530000000000655,2
1319,2019-08-22 06:35:00+05:30,10040.63,2019-08-22 07:20:00+05:30,9795.06,-245.5699999999997,0
1320,2019-08-22 11:35:00+05:30,9914.45,2019-08-22 11:55:00+05:30,9973.68,59.22999999999956,2
1321,2019-08-22 13:35:00+05:30,9943.0,2019-08-22 14:35:00+05:30,9965.0,22.0,2
1322,2019-08-22 20:05:00+05:30,10057.4,2019-08-22 20:25:00+05:30,10097.93,40.530000000000655,2
1323,2019-08-23 02:35:00+05:30,10138.61,2019-08-23 03:30:00+05:30,10162.22,23.609999999998763,2
1324,2019-08-23 05:30:00+05:30,10056.34,2019-08-23 06:15:00+05:30,10091.64,35.29999999999927,2
1325,2019-08-23 14:25:00+05:30,10152.5,2019-08-23 16:50:00+05:30,10117.1,-35.399999999999636,1
1326,2019-08-24 02:00:00+05:30,10360.52,2019-08-24 02:30:00+05:30,10383.71,23.18999999999869,2
1327,2019-08-24 04:35:00+05:30,10353.3,2019-08-24 04:40:00+05:30,10393.81,40.51000000000022,2
1328,2019-08-24 06:05:00+05:30,10355.17,2019-08-24 06:25:00+05:30,10390.92,35.75,2
1329,2019-08-24 07:45:00+05:30,10333.25,2019-08-24 09:05:00+05:30,10340.29,7.040000000000873,2
1330,2019-08-24 12:30:00+05:30,10289.5,2019-08-24 14:45:00+05:30,9939.76,-349.7399999999998,0
1331,2019-08-24 18:00:00+05:30,9967.0,2019-08-24 18:35:00+05:30,10002.43,35.43000000000029,2
1332,2019-08-24 20:35:00+05:30,9958.66,2019-08-24 21:00:00+05:30,9993.04,34.38000000000102,2
1333,2019-08-24 21:30:00+05:30,9953.4,2019-08-24 21:35:00+05:30,10010.0,56.600000000000364,2
1334,2019-08-25 02:35:00+05:30,10070.96,2019-08-25 04:15:00+05:30,10044.5,-26.459999999999127,1
1335,2019-08-25 06:55:00+05:30,10102.03,2019-08-25 08:05:00+05:30,10113.91,11.8799999999992,2
1336,2019-08-25 10:10:00+05:30,10059.02,2019-08-25 11:00:00+05:30,10084.32,25.299999999999272,2
1337,2019-08-25 19:55:00+05:30,10005.21,2019-08-25 21:25:00+05:30,10066.87,61.66000000000167,2
1338,2019-08-26 00:45:00+05:30,10052.32,2019-08-26 01:15:00+05:30,10083.49,31.170000000000073,2
1339,2019-08-26 02:45:00+05:30,9925.0,2019-08-26 03:20:00+05:30,10011.91,86.90999999999985,2
1340,2019-08-26 07:45:00+05:30,10382.23,2019-08-26 08:40:00+05:30,10421.41,39.18000000000029,2
1341,2019-08-26 09:20:00+05:30,10273.91,2019-08-26 10:25:00+05:30,10339.28,65.3700000000008,2
1342,2019-08-26 13:45:00+05:30,10300.0,2019-08-26 14:10:00+05:30,10352.33,52.32999999999993,2
1343,2019-08-26 18:35:00+05:30,10342.64,2019-08-26 19:15:00+05:30,10380.0,37.36000000000058,2
1344,2019-08-26 20:05:00+05:30,10319.7,2019-08-26 20:50:00+05:30,10359.19,39.48999999999978,2
1345,2019-08-26 21:50:00+05:30,10302.3,2019-08-26 21:55:00+05:30,10366.04,63.7400000000016,2
1346,2019-08-27 00:20:00+05:30,10295.0,2019-08-27 00:35:00+05:30,10313.14,18.139999999999418,2
1347,2019-08-27 01:45:00+05:30,10272.61,2019-08-27 03:00:00+05:30,10285.55,12.93999999999869,2
1348,2019-08-27 07:10:00+05:30,10305.54,2019-08-27 10:10:00+05:30,10186.1,-119.44000000000051,1
1349,2019-08-27 12:50:00+05:30,10158.86,2019-08-27 13:50:00+05:30,10193.44,34.57999999999993,2
1350,2019-08-27 15:10:00+05:30,10141.93,2019-08-27 16:30:00+05:30,10165.24,23.30999999999949,2
1351,2019-08-27 17:30:00+05:30,10071.0,2019-08-27 18:25:00+05:30,10129.37,58.3700000000008,2
1352,2019-08-27 20:40:00+05:30,10147.12,2019-08-27 21:20:00+05:30,10178.48,31.359999999998763,2
1353,2019-08-28 00:35:00+05:30,10153.69,2019-08-28 01:15:00+05:30,10184.35,30.659999999999854,2
1354,2019-08-28 03:00:00+05:30,10133.54,2019-08-28 03:50:00+05:30,10152.84,19.299999999999272,2
1355,2019-08-28 07:10:00+05:30,10132.87,2019-08-28 08:35:00+05:30,10128.27,-4.600000000000364,1
1356,2019-08-28 08:55:00+05:30,10101.31,2019-08-28 09:50:00+05:30,10111.1,9.790000000000873,2
1357,2019-08-28 13:35:00+05:30,10136.06,2019-08-28 15:00:00+05:30,10151.9,15.840000000000146,2
1358,2019-08-28 23:25:00+05:30,10199.36,2019-08-28 23:40:00+05:30,9882.53,-316.8299999999999,0
1359,2019-08-28 23:45:00+05:30,9710.57,2019-08-29 02:00:00+05:30,9705.62,-4.949999999998909,1
1360,2019-08-29 05:35:00+05:30,9687.61,2019-08-29 06:45:00+05:30,9700.0,12.389999999999418,2
1361,2019-08-29 08:10:00+05:30,9646.18,2019-08-29 10:15:00+05:30,9611.72,-34.460000000000946,1
1362,2019-08-29 11:45:00+05:30,9564.05,2019-08-29 13:00:00+05:30,9339.92,-224.1299999999992,0
1363,2019-08-29 13:05:00+05:30,9356.17,2019-08-29 14:05:00+05:30,9445.68,89.51000000000022,2
1364,2019-08-29 17:30:00+05:30,9438.27,2019-08-29 17:55:00+05:30,9473.25,34.97999999999956,2
1365,2019-08-29 19:35:00+05:30,9439.1,2019-08-29 20:30:00+05:30,9542.25,103.14999999999964,2
1366,2019-08-30 00:25:00+05:30,9483.55,2019-08-30 01:15:00+05:30,9500.0,16.450000000000728,2
1367,2019-08-30 04:40:00+05:30,9450.0,2019-08-30 04:55:00+05:30,9501.76,51.76000000000022,2
1368,2019-08-30 06:00:00+05:30,9431.99,2019-08-30 07:10:00+05:30,9452.27,20.280000000000655,2
1369,2019-08-30 21:45:00+05:30,9556.58,2019-08-30 22:20:00+05:30,9580.0,23.420000000000073,2
1370,2019-08-30 23:15:00+05:30,9529.59,2019-08-31 01:10:00+05:30,9528.84,-0.75,1
1371,2019-08-31 03:05:00+05:30,9584.99,2019-08-31 04:00:00+05:30,9601.17,16.18000000000029,2
1372,2019-08-31 04:50:00+05:30,9572.96,2019-08-31 05:50:00+05:30,9585.41,12.450000000000728,2
1373,2019-08-31 08:55:00+05:30,9609.01,2019-08-31 10:15:00+05:30,9610.0,0.9899999999997817,2
1374,2019-08-31 12:00:00+05:30,9592.24,2019-08-31 12:30:00+05:30,9611.2,18.960000000000946,2
1375,2019-08-31 13:30:00+05:30,9580.58,2019-08-31 15:20:00+05:30,9574.05,-6.530000000000655,1
1376,2019-08-31 16:45:00+05:30,9543.77,2019-08-31 17:00:00+05:30,9568.33,24.55999999999949,2
1377,2019-08-31 20:00:00+05:30,9567.48,2019-08-31 20:40:00+05:30,9576.47,8.989999999999782,2
1378,2019-09-01 00:10:00+05:30,9572.82,2019-09-01 01:05:00+05:30,9581.21,8.389999999999418,2
1379,2019-09-01 01:40:00+05:30,9540.91,2019-09-01 02:45:00+05:30,9538.36,-2.5499999999992724,1
1380,2019-09-01 05:20:00+05:30,9589.6,2019-09-01 05:30:00+05:30,9607.85,18.25,2
1381,2019-09-01 07:40:00+05:30,9604.86,2019-09-01 08:30:00+05:30,9614.1,9.239999999999782,2
1382,2019-09-01 13:30:00+05:30,9604.0,2019-09-01 15:05:00+05:30,9587.0,-17.0,1
1383,2019-09-01 17:35:00+05:30,9562.81,2019-09-01 18:05:00+05:30,9579.51,16.700000000000728,2
1384,2019-09-01 19:05:00+05:30,9556.74,2019-09-01 19:55:00+05:30,9577.26,20.520000000000437,2
1385,2019-09-01 23:10:00+05:30,9550.64,2019-09-01 23:15:00+05:30,9622.28,71.64000000000124,2
1386,2019-09-02 12:00:00+05:30,9740.37,2019-09-02 13:15:00+05:30,9742.52,2.149999999999636,2
1387,2019-09-03 04:50:00+05:30,10333.02,2019-09-03 05:30:00+05:30,10375.65,42.6299999999992,2
1388,2019-09-03 06:55:00+05:30,10326.69,2019-09-03 08:10:00+05:30,10339.64,12.949999999998909,2
1389,2019-09-03 14:50:00+05:30,10339.2,2019-09-03 15:40:00+05:30,10345.69,6.489999999999782,2
1390,2019-09-03 20:25:00+05:30,10630.23,2019-09-03 21:20:00+05:30,10664.93,34.70000000000073,2
1391,2019-09-03 23:15:00+05:30,10610.41,2019-09-03 23:45:00+05:30,10646.27,35.86000000000058,2
1392,2019-09-04 04:35:00+05:30,10589.66,2019-09-04 05:15:00+05:30,10642.27,52.61000000000058,2
1393,2019-09-04 06:35:00+05:30,10524.6,2019-09-04 07:55:00+05:30,10509.57,-15.030000000000655,1
1394,2019-09-04 13:00:00+05:30,10545.18,2019-09-04 13:30:00+05:30,10571.76,26.579999999999927,2
1395,2019-09-04 14:00:00+05:30,10512.53,2019-09-04 14:40:00+05:30,10530.48,17.94999999999891,2
1396,2019-09-04 18:25:00+05:30,10476.4,2019-09-04 19:40:00+05:30,10443.91,-32.48999999999978,1
1397,2019-09-05 04:05:00+05:30,10560.0,2019-09-05 05:20:00+05:30,10566.37,6.3700000000008,2
1398,2019-09-05 05:50:00+05:30,10503.53,2019-09-05 06:40:00+05:30,10545.66,42.1299999999992,2
1399,2019-09-05 12:05:00+05:30,10518.15,2019-09-05 13:15:00+05:30,10542.9,24.75,2
1400,2019-09-05 15:40:00+05:30,10499.93,2019-09-05 15:50:00+05:30,10612.73,112.79999999999927,2
1401,2019-09-05 17:30:00+05:30,10540.68,2019-09-05 18:05:00+05:30,10584.37,43.69000000000051,2
1402,2019-09-05 22:30:00+05:30,10498.12,2019-09-05 23:30:00+05:30,10527.97,29.849999999998545,2
1403,2019-09-06 00:50:00+05:30,10487.86,2019-09-06 01:25:00+05:30,10533.0,45.13999999999942,2
1404,2019-09-06 23:00:00+05:30,10795.35,2019-09-06 23:15:00+05:30,10410.48,-384.8700000000008,0
1405,2019-09-06 23:20:00+05:30,10386.82,2019-09-07 01:10:00+05:30,10387.6,0.7800000000006548,2
1406,2019-09-07 01:30:00+05:30,10322.71,2019-09-07 02:20:00+05:30,10327.2,4.490000000001601,2
1407,2019-09-07 04:25:00+05:30,10326.12,2019-09-07 05:40:00+05:30,10341.8,15.679999999998472,2
1408,2019-09-07 08:25:00+05:30,10334.88,2019-09-07 10:00:00+05:30,10331.95,-2.929999999998472,1
1409,2019-09-07 15:35:00+05:30,10351.98,2019-09-07 15:50:00+05:30,10376.43,24.450000000000728,2
1410,2019-09-08 00:30:00+05:30,10437.36,2019-09-08 00:40:00+05:30,10480.03,42.67000000000007,2
1411,2019-09-08 02:35:00+05:30,10457.7,2019-09-08 02:55:00+05:30,10481.89,24.18999999999869,2
1412,2019-09-08 04:30:00+05:30,10456.0,2019-09-08 05:30:00+05:30,10473.86,17.860000000000582,2
1413,2019-09-08 08:25:00+05:30,10457.94,2019-09-08 08:45:00+05:30,10484.39,26.44999999999891,2
1414,2019-09-08 13:50:00+05:30,10482.94,2019-09-08 14:20:00+05:30,10513.72,30.779999999998836,2
1415,2019-09-08 16:30:00+05:30,10470.52,2019-09-08 17:50:00+05:30,10398.73,-71.79000000000087,1
1416,2019-09-08 19:25:00+05:30,10361.92,2019-09-08 19:45:00+05:30,10396.82,34.899999999999636,2
1417,2019-09-09 00:10:00+05:30,10350.13,2019-09-09 00:55:00+05:30,10359.26,9.130000000001019,2
1418,2019-09-09 07:40:00+05:30,10363.0,2019-09-09 10:15:00+05:30,10304.97,-58.030000000000655,1
1419,2019-09-09 11:50:00+05:30,10281.49,2019-09-09 14:10:00+05:30,10169.46,-112.03000000000065,1
1420,2019-09-09 18:40:00+05:30,10333.21,2019-09-09 20:25:00+05:30,10338.37,5.1600000000016735,2
1421,2019-09-09 21:30:00+05:30,10252.79,2019-09-09 22:30:00+05:30,10293.51,40.719999999999345,2
1422,2019-09-10 02:20:00+05:30,10224.85,2019-09-10 03:05:00+05:30,10264.39,39.539999999999054,2
1423,2019-09-10 07:25:00+05:30,10326.81,2019-09-10 09:15:00+05:30,10310.0,-16.80999999999949,1
1424,2019-09-10 11:15:00+05:30,10257.14,2019-09-10 12:10:00+05:30,10267.31,10.170000000000073,2
1425,2019-09-10 14:50:00+05:30,10222.81,2019-09-10 15:05:00+05:30,10256.97,34.159999999999854,2
1426,2019-09-10 19:45:00+05:30,10208.11,2019-09-10 21:45:00+05:30,10208.13,0.019999999998617568,2
1427,2019-09-10 23:40:00+05:30,10192.58,2019-09-11 01:15:00+05:30,9970.0,-222.57999999999993,0
1428,2019-09-11 01:20:00+05:30,9982.82,2019-09-11 02:15:00+05:30,10069.3,86.47999999999956,2
1429,2019-09-11 04:40:00+05:30,10057.74,2019-09-11 04:55:00+05:30,10092.85,35.11000000000058,2
1430,2019-09-11 07:25:00+05:30,10066.24,2019-09-11 08:35:00+05:30,10086.51,20.270000000000437,2
1431,2019-09-11 10:35:00+05:30,10042.41,2019-09-11 12:35:00+05:30,10045.9,3.4899999999997817,2
1432,2019-09-11 14:25:00+05:30,10000.96,2019-09-11 15:30:00+05:30,10033.67,32.710000000000946,2
1433,2019-09-11 18:50:00+05:30,10036.02,2019-09-11 20:20:00+05:30,10036.12,0.1000000000003638,2
1434,2019-09-11 20:55:00+05:30,9983.0,2019-09-11 21:40:00+05:30,10018.93,35.93000000000029,2
1435,2019-09-12 04:50:00+05:30,10116.07,2019-09-12 05:05:00+05:30,10146.49,30.420000000000073,2
1436,2019-09-12 07:35:00+05:30,10115.18,2019-09-12 08:30:00+05:30,10122.54,7.360000000000582,2
1437,2019-09-12 10:15:00+05:30,10075.22,2019-09-12 10:55:00+05:30,10096.45,21.230000000001382,2
1438,2019-09-12 11:45:00+05:30,10061.83,2019-09-12 12:30:00+05:30,10077.99,16.159999999999854,2
1439,2019-09-12 21:55:00+05:30,10266.02,2019-09-12 23:10:00+05:30,10287.08,21.05999999999949,2
1440,2019-09-13 07:25:00+05:30,10333.26,2019-09-13 08:05:00+05:30,10375.24,41.97999999999956,2
1441,2019-09-13 10:20:00+05:30,10327.74,2019-09-13 11:40:00+05:30,10317.44,-10.299999999999272,1
1442,2019-09-13 12:45:00+05:30,10272.12,2019-09-13 13:35:00+05:30,10305.13,33.0099999999984,2
1443,2019-09-13 16:15:00+05:30,10282.04,2019-09-13 16:45:00+05:30,10298.32,16.279999999998836,2
1444,2019-09-13 19:30:00+05:30,10282.34,2019-09-13 20:10:00+05:30,10303.08,20.73999999999978,2
1445,2019-09-13 22:35:00+05:30,10215.11,2019-09-14 00:40:00+05:30,10225.08,9.969999999999345,2
1446,2019-09-14 01:15:00+05:30,10188.06,2019-09-14 01:50:00+05:30,10208.06,20.0,2
1447,2019-09-14 08:20:00+05:30,10279.54,2019-09-14 09:10:00+05:30,10294.45,14.909999999999854,2
1448,2019-09-14 09:40:00+05:30,10272.76,2019-09-14 10:25:00+05:30,10279.31,6.549999999999272,2
1449,2019-09-14 17:40:00+05:30,10282.34,2019-09-14 18:40:00+05:30,10285.11,2.7700000000004366,2
1450,2019-09-15 02:50:00+05:30,10346.44,2019-09-15 05:05:00+05:30,10346.45,0.010000000000218279,2
1451,2019-09-15 06:15:00+05:30,10315.0,2019-09-15 07:20:00+05:30,10332.12,17.1200000000008,2
1452,2019-09-15 07:50:00+05:30,10310.45,2019-09-15 08:20:00+05:30,10323.51,13.05999999999949,2
1453,2019-09-15 09:00:00+05:30,10301.3,2019-09-15 10:15:00+05:30,10307.28,5.980000000001382,2
1454,2019-09-15 13:35:00+05:30,10289.16,2019-09-15 15:05:00+05:30,10289.97,0.8099999999994907,2
1455,2019-09-15 17:35:00+05:30,10280.08,2019-09-15 17:50:00+05:30,10303.46,23.3799999999992,2
1456,2019-09-15 19:20:00+05:30,10270.0,2019-09-15 19:55:00+05:30,10285.99,15.989999999999782,2
1457,2019-09-16 08:55:00+05:30,10310.0,2019-09-16 10:05:00+05:30,10318.99,8.989999999999782,2
1458,2019-09-16 11:35:00+05:30,10299.72,2019-09-16 13:25:00+05:30,10302.25,2.530000000000655,2
1459,2019-09-16 17:25:00+05:30,10283.79,2019-09-16 19:50:00+05:30,10156.67,-127.1200000000008,1
1460,2019-09-16 21:25:00+05:30,10117.49,2019-09-16 21:50:00+05:30,10148.11,30.6200000000008,2
1461,2019-09-16 23:55:00+05:30,10130.82,2019-09-17 01:20:00+05:30,10129.98,-0.8400000000001455,1
1462,2019-09-17 04:35:00+05:30,10267.76,2019-09-17 07:00:00+05:30,10229.7,-38.05999999999949,1
1463,2019-09-17 08:45:00+05:30,10202.53,2019-09-17 09:10:00+05:30,10215.54,13.010000000000218,2
1464,2019-09-17 10:25:00+05:30,10193.18,2019-09-17 10:35:00+05:30,10212.49,19.30999999999949,2
1465,2019-09-17 11:05:00+05:30,10176.7,2019-09-17 12:15:00+05:30,10193.93,17.229999999999563,2
1466,2019-09-17 13:50:00+05:30,10178.1,2019-09-17 15:30:00+05:30,10169.38,-8.720000000001164,1
1467,2019-09-17 23:50:00+05:30,10221.1,2019-09-18 00:20:00+05:30,10236.0,14.899999999999636,2
1468,2019-09-18 02:55:00+05:30,10225.4,2019-09-18 04:05:00+05:30,10226.94,1.5400000000008731,2
1469,2019-09-18 04:55:00+05:30,10192.47,2019-09-18 05:45:00+05:30,10215.08,22.610000000000582,2
1470,2019-09-18 09:10:00+05:30,10194.0,2019-09-18 09:35:00+05:30,10213.27,19.270000000000437,2
1471,2019-09-18 13:55:00+05:30,10173.74,2019-09-18 14:50:00+05:30,10183.0,9.260000000000218,2
1472,2019-09-18 17:10:00+05:30,10150.0,2019-09-18 17:40:00+05:30,10169.36,19.360000000000582,2
1473,2019-09-18 20:45:00+05:30,10160.4,2019-09-18 21:25:00+05:30,10173.4,13.0,2
1474,2019-09-18 23:15:00+05:30,10182.57,2019-09-18 23:30:00+05:30,10206.14,23.56999999999971,2
1475,2019-09-19 00:15:00+05:30,10168.48,2019-09-19 00:35:00+05:30,10186.27,17.790000000000873,2
1476,2019-09-19 04:05:00+05:30,10171.56,2019-09-19 05:40:00+05:30,10171.85,0.2900000000008731,2
1477,2019-09-19 07:10:00+05:30,10151.31,2019-09-19 08:30:00+05:30,9768.2,-383.10999999999876,0
1478,2019-09-19 08:35:00+05:30,9754.49,2019-09-19 10:05:00+05:30,9811.19,56.70000000000073,2
1479,2019-09-19 15:40:00+05:30,9859.79,2019-09-19 17:25:00+05:30,9857.56,-2.2300000000013824,1
1480,2019-09-19 19:35:00+05:30,9855.77,2019-09-19 20:40:00+05:30,9866.54,10.770000000000437,2
1481,2019-09-20 07:25:00+05:30,10196.4,2019-09-20 09:05:00+05:30,10207.0,10.600000000000364,2
1482,2019-09-20 10:50:00+05:30,10172.16,2019-09-20 12:40:00+05:30,10179.33,7.170000000000073,2
1483,2019-09-20 14:20:00+05:30,10133.54,2019-09-20 15:30:00+05:30,10155.99,22.44999999999891,2
1484,2019-09-20 19:10:00+05:30,10170.47,2019-09-20 20:10:00+05:30,10188.31,17.840000000000146,2
1485,2019-09-20 20:45:00+05:30,10150.91,2019-09-20 21:05:00+05:30,10175.01,24.100000000000364,2
1486,2019-09-20 22:25:00+05:30,10107.7,2019-09-20 23:35:00+05:30,10145.4,37.69999999999891,2
1487,2019-09-21 02:30:00+05:30,10130.89,2019-09-21 03:00:00+05:30,10145.83,14.94000000000051,2
1488,2019-09-21 03:05:00+05:30,10104.28,2019-09-21 03:30:00+05:30,10144.4,40.11999999999898,2
1489,2019-09-21 08:15:00+05:30,10136.93,2019-09-21 10:35:00+05:30,10112.99,-23.94000000000051,1
1490,2019-09-21 11:40:00+05:30,10079.33,2019-09-21 12:35:00+05:30,10076.51,-2.819999999999709,1
1491,2019-09-21 13:50:00+05:30,10040.59,2019-09-21 14:45:00+05:30,10051.08,10.489999999999782,2
1492,2019-09-21 15:25:00+05:30,10000.34,2019-09-21 15:40:00+05:30,10032.93,32.590000000000146,2
1493,2019-09-21 18:10:00+05:30,9910.0,2019-09-21 19:05:00+05:30,9987.71,77.70999999999913,2
1494,2019-09-21 23:20:00+05:30,9973.54,2019-09-21 23:45:00+05:30,9999.37,25.829999999999927,2
1495,2019-09-22 02:15:00+05:30,9975.63,2019-09-22 03:15:00+05:30,9987.47,11.840000000000146,2
1496,2019-09-22 05:50:00+05:30,9972.38,2019-09-22 07:50:00+05:30,9933.29,-39.08999999999833,1
1497,2019-09-22 09:25:00+05:30,9873.17,2019-09-22 10:20:00+05:30,9898.39,25.219999999999345,2
1498,2019-09-22 19:05:00+05:30,10003.82,2019-09-22 20:20:00+05:30,9985.02,-18.799999999999272,1
1499,2019-09-22 23:30:00+05:30,9977.0,2019-09-23 00:45:00+05:30,9986.41,9.409999999999854,2
1500,2019-09-23 05:45:00+05:30,10015.22,2019-09-23 07:35:00+05:30,9998.46,-16.76000000000022,1
1501,2019-09-23 08:35:00+05:30,9957.4,2019-09-23 09:25:00+05:30,9980.27,22.8700000000008,2
1502,2019-09-23 11:00:00+05:30,9954.08,2019-09-23 12:45:00+05:30,9927.35,-26.729999999999563,1
1503,2019-09-23 16:10:00+05:30,9922.58,2019-09-23 16:45:00+05:30,9940.12,17.540000000000873,2
1504,2019-09-23 17:35:00+05:30,9908.53,2019-09-23 18:15:00+05:30,9929.7,21.170000000000073,2
1505,2019-09-23 19:50:00+05:30,9792.86,2019-09-23 20:15:00+05:30,9889.6,96.73999999999978,2
1506,2019-09-23 22:15:00+05:30,9801.79,2019-09-23 23:35:00+05:30,9821.65,19.859999999998763,2
1507,2019-09-24 01:40:00+05:30,9795.0,2019-09-24 02:55:00+05:30,9799.7,4.700000000000728,2
1508,2019-09-24 03:40:00+05:30,9669.7,2019-09-24 04:40:00+05:30,9717.82,48.11999999999898,2
1509,2019-09-24 05:40:00+05:30,9643.29,2019-09-24 05:55:00+05:30,9703.05,59.7599999999984,2
1510,2019-09-24 08:15:00+05:30,9713.72,2019-09-24 09:00:00+05:30,9727.0,13.280000000000655,2
1511,2019-09-24 13:00:00+05:30,9734.5,2019-09-24 13:20:00+05:30,9754.86,20.360000000000582,2
1512,2019-09-24 13:55:00+05:30,9724.93,2019-09-24 14:55:00+05:30,9733.08,8.149999999999636,2
1513,2019-09-24 18:30:00+05:30,9664.61,2019-09-24 20:35:00+05:30,9464.26,-200.35000000000036,0
1514,2019-09-24 20:40:00+05:30,9434.28,2019-09-24 20:50:00+05:30,9560.58,126.29999999999927,2
1515,2019-09-24 22:30:00+05:30,9460.0,2019-09-25 00:15:00+05:30,9115.4,-344.60000000000036,0
1516,2019-09-25 00:20:00+05:30,8772.4,2019-09-25 00:55:00+05:30,8567.4,-205.0,0
1517,2019-09-25 01:10:00+05:30,7846.93,2019-09-25 02:05:00+05:30,8464.28,617.3500000000004,2
1518,2019-09-25 05:05:00+05:30,8558.94,2019-09-25 05:55:00+05:30,8619.46,60.51999999999862,2
1519,2019-09-25 08:10:00+05:30,8594.07,2019-09-25 11:05:00+05:30,8499.31,-94.76000000000022,1
1520,2019-09-25 12:25:00+05:30,8457.02,2019-09-25 14:00:00+05:30,8248.86,-208.15999999999985,0
1521,2019-09-25 17:00:00+05:30,8344.94,2019-09-25 18:00:00+05:30,8343.56,-1.3800000000010186,1
1522,2019-09-25 21:15:00+05:30,8335.98,2019-09-25 22:25:00+05:30,8346.61,10.630000000001019,2
1523,2019-09-26 00:05:00+05:30,8329.78,2019-09-26 00:15:00+05:30,8371.18,41.399999999999636,2
1524,2019-09-26 04:30:00+05:30,8397.69,2019-09-26 05:15:00+05:30,8445.76,48.06999999999971,2
1525,2019-09-26 09:35:00+05:30,8343.55,2019-09-26 09:50:00+05:30,8369.95,26.400000000001455,2
1526,2019-09-26 17:00:00+05:30,8399.21,2019-09-26 17:40:00+05:30,8431.24,32.030000000000655,2
1527,2019-09-26 18:50:00+05:30,8371.74,2019-09-26 19:00:00+05:30,8133.37,-238.3699999999999,0
1528,2019-09-26 19:05:00+05:30,8210.01,2019-09-26 21:20:00+05:30,7980.01,-230.0,0
1529,2019-09-26 21:25:00+05:30,7920.0,2019-09-26 22:50:00+05:30,7944.51,24.51000000000022,2
1530,2019-09-27 02:35:00+05:30,8038.33,2019-09-27 03:05:00+05:30,8085.93,47.600000000000364,2
1531,2019-09-27 06:25:00+05:30,7968.1,2019-09-27 07:30:00+05:30,8014.07,45.969999999999345,2
1532,2019-09-27 10:10:00+05:30,7978.33,2019-09-27 11:10:00+05:30,7991.59,13.260000000000218,2
1533,2019-09-27 14:35:00+05:30,8036.45,2019-09-27 15:45:00+05:30,8050.02,13.570000000000618,2
1534,2019-09-27 16:45:00+05:30,7988.35,2019-09-27 17:45:00+05:30,8015.82,27.469999999999345,2
1535,2019-09-27 21:00:00+05:30,7885.41,2019-09-27 21:20:00+05:30,7964.78,79.36999999999989,2
1536,2019-09-28 01:25:00+05:30,7991.24,2019-09-28 01:50:00+05:30,8035.32,44.07999999999993,2
1537,2019-09-28 07:20:00+05:30,8153.96,2019-09-28 08:10:00+05:30,8160.85,6.890000000000327,2
1538,2019-09-28 10:50:00+05:30,8147.09,2019-09-28 11:05:00+05:30,8164.79,17.699999999999818,2
1539,2019-09-28 14:20:00+05:30,8175.78,2019-09-28 14:55:00+05:30,8199.1,23.32000000000062,2
1540,2019-09-28 17:00:00+05:30,8144.38,2019-09-28 19:05:00+05:30,8093.7,-50.68000000000029,1
1541,2019-09-28 20:20:00+05:30,8063.75,2019-09-28 21:15:00+05:30,8066.17,2.4200000000000728,2
1542,2019-09-29 00:50:00+05:30,8109.15,2019-09-29 01:15:00+05:30,8133.54,24.390000000000327,2
1543,2019-09-29 03:30:00+05:30,8111.34,2019-09-29 04:05:00+05:30,8133.42,22.079999999999927,2
1544,2019-09-29 08:15:00+05:30,8158.8,2019-09-29 10:40:00+05:30,8128.12,-30.68000000000029,1
1545,2019-09-29 12:00:00+05:30,8097.52,2019-09-29 13:30:00+05:30,8105.25,7.729999999999563,2
1546,2019-09-29 17:50:00+05:30,8040.98,2019-09-29 19:25:00+05:30,7995.67,-45.30999999999949,1
1547,2019-09-29 20:25:00+05:30,7971.15,2019-09-29 21:40:00+05:30,8011.96,40.8100000000004,2
1548,2019-09-29 23:15:00+05:30,7987.85,2019-09-29 23:35:00+05:30,8013.71,25.859999999999673,2
1549,2019-09-30 00:05:00+05:30,7978.5,2019-09-30 01:45:00+05:30,7966.76,-11.739999999999782,1
1550,2019-09-30 05:35:00+05:30,8020.3,2019-09-30 07:15:00+05:30,8015.58,-4.720000000000255,1
1551,2019-09-30 08:05:00+05:30,7986.43,2019-09-30 09:50:00+05:30,7763.4,-223.03000000000065,0
1552,2019-09-30 09:55:00+05:30,7830.0,2019-09-30 12:45:00+05:30,7787.45,-42.55000000000018,1
1553,2019-09-30 18:10:00+05:30,7993.06,2019-09-30 18:30:00+05:30,8024.0,30.9399999999996,2
1554,2019-09-30 23:05:00+05:30,8208.65,2019-09-30 23:30:00+05:30,8273.34,64.69000000000051,2
1555,2019-10-01 01:35:00+05:30,8211.89,2019-10-01 02:35:00+05:30,8222.77,10.880000000001019,2
1556,2019-10-01 06:00:00+05:30,8195.63,2019-10-01 07:00:00+05:30,8220.32,24.69000000000051,2
1557,2019-10-01 11:45:00+05:30,8371.94,2019-10-01 13:10:00+05:30,8391.03,19.090000000000146,2
1558,2019-10-01 14:40:00+05:30,8319.34,2019-10-01 15:40:00+05:30,8341.57,22.229999999999563,2
1559,2019-10-02 08:10:00+05:30,8247.01,2019-10-02 09:20:00+05:30,8256.46,9.449999999998909,2
1560,2019-10-02 10:20:00+05:30,8183.54,2019-10-02 11:40:00+05:30,8202.61,19.07000000000062,2
1561,2019-10-03 11:10:00+05:30,8304.58,2019-10-03 13:45:00+05:30,8264.76,-39.81999999999971,1
1562,2019-10-03 15:50:00+05:30,8238.29,2019-10-03 17:30:00+05:30,8229.26,-9.030000000000655,1
1563,2019-10-03 19:05:00+05:30,8210.16,2019-10-03 21:05:00+05:30,8135.59,-74.56999999999971,1
1564,2019-10-03 23:10:00+05:30,8125.38,2019-10-04 00:50:00+05:30,8132.74,7.359999999999673,2
1565,2019-10-04 05:55:00+05:30,8156.8,2019-10-04 07:25:00+05:30,8116.85,-39.94999999999982,1
1566,2019-10-04 08:35:00+05:30,8086.35,2019-10-04 08:50:00+05:30,8113.53,27.17999999999938,2
1567,2019-10-04 10:05:00+05:30,8064.49,2019-10-04 10:40:00+05:30,8090.05,25.5600000000004,2
1568,2019-10-04 14:05:00+05:30,8092.0,2019-10-04 14:45:00+05:30,8117.67,25.670000000000073,2
1569,2019-10-04 20:55:00+05:30,8128.8,2019-10-04 21:25:00+05:30,8148.0,19.199999999999818,2
1570,2019-10-05 02:10:00+05:30,8152.05,2019-10-05 03:25:00+05:30,8171.57,19.519999999999527,2
1571,2019-10-05 05:40:00+05:30,8130.67,2019-10-05 06:55:00+05:30,8132.94,2.269999999999527,2
1572,2019-10-05 10:45:00+05:30,8114.84,2019-10-05 11:40:00+05:30,8126.19,11.349999999999454,2
1573,2019-10-05 12:35:00+05:30,8097.86,2019-10-05 13:20:00+05:30,8120.87,23.01000000000022,2
1574,2019-10-05 14:00:00+05:30,8078.83,2019-10-05 14:45:00+05:30,8101.09,22.26000000000022,2
1575,2019-10-05 17:30:00+05:30,8074.05,2019-10-05 19:25:00+05:30,8073.38,-0.6700000000000728,1
1576,2019-10-05 23:20:00+05:30,8031.15,2019-10-05 23:40:00+05:30,8058.48,27.329999999999927,2
1577,2019-10-06 06:45:00+05:30,8110.0,2019-10-06 08:45:00+05:30,8059.12,-50.88000000000011,1
1578,2019-10-06 12:10:00+05:30,8034.27,2019-10-06 13:50:00+05:30,7957.75,-76.52000000000044,1
1579,2019-10-06 14:15:00+05:30,7906.0,2019-10-06 15:15:00+05:30,7925.0,19.0,2
1580,2019-10-06 16:25:00+05:30,7899.41,2019-10-06 16:30:00+05:30,7922.72,23.3100000000004,2
1581,2019-10-06 19:20:00+05:30,7898.58,2019-10-06 20:15:00+05:30,7914.87,16.289999999999964,2
1582,2019-10-06 23:40:00+05:30,7968.08,2019-10-07 01:20:00+05:30,7881.22,-86.85999999999967,1
1583,2019-10-07 05:45:00+05:30,7793.16,2019-10-07 06:35:00+05:30,7828.0,34.840000000000146,2
1584,2019-10-07 10:20:00+05:30,7843.65,2019-10-07 11:30:00+05:30,7837.17,-6.479999999999563,1
1585,2019-10-07 12:00:00+05:30,7808.77,2019-10-07 12:10:00+05:30,7830.88,22.109999999999673,2
1586,2019-10-08 02:05:00+05:30,8190.0,2019-10-08 03:30:00+05:30,8214.7,24.700000000000728,2
1587,2019-10-08 10:00:00+05:30,8227.99,2019-10-08 11:15:00+05:30,8234.35,6.360000000000582,2
1588,2019-10-08 13:10:00+05:30,8214.07,2019-10-08 15:05:00+05:30,8166.58,-47.48999999999978,1
1589,2019-10-08 17:45:00+05:30,8147.41,2019-10-08 17:55:00+05:30,8189.47,42.0600000000004,2
1590,2019-10-08 19:40:00+05:30,8170.66,2019-10-08 20:20:00+05:30,8198.86,28.200000000000728,2
1591,2019-10-08 23:50:00+05:30,8159.97,2019-10-09 00:00:00+05:30,8172.9,12.929999999999382,2
1592,2019-10-09 01:55:00+05:30,8153.85,2019-10-09 02:45:00+05:30,8159.62,5.769999999999527,2
1593,2019-10-09 07:30:00+05:30,8153.23,2019-10-09 08:25:00+05:30,8158.54,5.3100000000004,2
1594,2019-10-09 09:20:00+05:30,8130.0,2019-10-09 10:40:00+05:30,8138.0,8.0,2
1595,2019-10-09 16:40:00+05:30,8170.42,2019-10-09 18:30:00+05:30,8178.11,7.6899999999996,2
1596,2019-10-10 03:05:00+05:30,8538.83,2019-10-10 03:30:00+05:30,8585.37,46.54000000000087,2
1597,2019-10-10 06:15:00+05:30,8553.19,2019-10-10 06:55:00+05:30,8561.94,8.75,2
1598,2019-10-10 07:40:00+05:30,8520.19,2019-10-10 08:25:00+05:30,8543.58,23.389999999999418,2
1599,2019-10-10 11:15:00+05:30,8548.48,2019-10-10 11:50:00+05:30,8562.01,13.530000000000655,2
1600,2019-10-10 15:30:00+05:30,8483.43,2019-10-10 16:30:00+05:30,8515.98,32.54999999999927,2
1601,2019-10-10 17:40:00+05:30,8482.14,2019-10-10 19:05:00+05:30,8476.71,-5.430000000000291,1
1602,2019-10-10 23:20:00+05:30,8507.07,2019-10-10 23:50:00+05:30,8520.02,12.950000000000728,2
1603,2019-10-11 03:00:00+05:30,8520.01,2019-10-11 03:30:00+05:30,8563.21,43.19999999999891,2
1604,2019-10-11 06:00:00+05:30,8519.25,2019-10-11 07:00:00+05:30,8520.62,1.3700000000008004,2
1605,2019-10-11 10:55:00+05:30,8419.31,2019-10-11 12:35:00+05:30,8430.44,11.130000000001019,2
1606,2019-10-11 13:35:00+05:30,8343.76,2019-10-11 14:35:00+05:30,8372.41,28.649999999999636,2
1607,2019-10-11 15:35:00+05:30,8340.01,2019-10-11 16:05:00+05:30,8356.73,16.719999999999345,2
1608,2019-10-11 16:35:00+05:30,8331.95,2019-10-11 17:45:00+05:30,8333.06,1.109999999998763,2
1609,2019-10-11 19:30:00+05:30,8321.15,2019-10-11 20:40:00+05:30,8324.26,3.110000000000582,2
1610,2019-10-11 23:55:00+05:30,8324.7,2019-10-12 00:55:00+05:30,8329.72,5.019999999998618,2
1611,2019-10-12 02:35:00+05:30,8315.18,2019-10-12 03:40:00+05:30,8331.24,16.05999999999949,2
1612,2019-10-12 04:50:00+05:30,8303.83,2019-10-12 06:00:00+05:30,8293.85,-9.979999999999563,1
1613,2019-10-12 12:45:00+05:30,8326.71,2019-10-12 13:15:00+05:30,8344.61,17.900000000001455,2
1614,2019-10-12 15:35:00+05:30,8317.34,2019-10-12 16:40:00+05:30,8327.93,10.590000000000146,2
1615,2019-10-12 21:50:00+05:30,8332.88,2019-10-13 00:05:00+05:30,8327.61,-5.269999999998618,1
1616,2019-10-13 05:15:00+05:30,8312.65,2019-10-13 06:10:00+05:30,8328.89,16.23999999999978,2
1617,2019-10-13 10:30:00+05:30,8323.53,2019-10-13 12:35:00+05:30,8332.09,8.55999999999949,2
1618,2019-10-14 01:35:00+05:30,8363.71,2019-10-14 03:15:00+05:30,8251.01,-112.69999999999891,1
1619,2019-10-14 05:30:00+05:30,8252.93,2019-10-14 06:25:00+05:30,8273.06,20.1299999999992,2
1620,2019-10-14 10:30:00+05:30,8276.04,2019-10-14 10:45:00+05:30,8285.56,9.519999999998618,2
1621,2019-10-14 13:10:00+05:30,8291.3,2019-10-14 13:30:00+05:30,8314.37,23.070000000001528,2
1622,2019-10-14 15:15:00+05:30,8289.93,2019-10-14 15:50:00+05:30,8311.42,21.48999999999978,2
1623,2019-10-14 17:20:00+05:30,8288.04,2019-10-14 18:50:00+05:30,8273.05,-14.9900000000016,1
1624,2019-10-14 20:25:00+05:30,8262.09,2019-10-14 20:50:00+05:30,8275.61,13.520000000000437,2
1625,2019-10-14 21:15:00+05:30,8249.35,2019-10-14 22:00:00+05:30,8276.0,26.649999999999636,2
1626,2019-10-15 02:40:00+05:30,8269.86,2019-10-15 03:35:00+05:30,8317.37,47.51000000000022,2
1627,2019-10-15 06:50:00+05:30,8331.73,2019-10-15 08:25:00+05:30,8332.68,0.9500000000007276,2
1628,2019-10-15 09:10:00+05:30,8316.8,2019-10-15 10:20:00+05:30,8326.06,9.260000000000218,2
1629,2019-10-15 12:05:00+05:30,8311.59,2019-10-15 14:45:00+05:30,8284.34,-27.25,1
1630,2019-10-15 20:10:00+05:30,8281.85,2019-10-15 21:25:00+05:30,8316.94,35.090000000000146,2
1631,2019-10-15 21:40:00+05:30,8182.12,2019-10-15 23:15:00+05:30,8188.0,5.880000000000109,2
1632,2019-10-15 23:25:00+05:30,8168.16,2019-10-16 00:20:00+05:30,8175.0,6.8400000000001455,2
1633,2019-10-16 02:15:00+05:30,8159.95,2019-10-16 03:25:00+05:30,8157.99,-1.9600000000000364,1
1634,2019-10-16 08:40:00+05:30,8150.13,2019-10-16 09:25:00+05:30,8167.51,17.38000000000011,2
1635,2019-10-16 12:25:00+05:30,8151.02,2019-10-16 14:20:00+05:30,8137.21,-13.8100000000004,1
1636,2019-10-16 17:00:00+05:30,8120.4,2019-10-16 19:25:00+05:30,7998.85,-121.54999999999927,1
1637,2019-10-16 20:00:00+05:30,7967.59,2019-10-16 20:35:00+05:30,7986.23,18.639999999999418,2
1638,2019-10-16 21:25:00+05:30,7953.15,2019-10-16 21:30:00+05:30,7988.58,35.43000000000029,2
1639,2019-10-17 00:35:00+05:30,7941.08,2019-10-17 01:05:00+05:30,7962.34,21.26000000000022,2
1640,2019-10-17 05:40:00+05:30,7981.44,2019-10-17 07:10:00+05:30,7972.42,-9.019999999999527,1
1641,2019-10-17 09:45:00+05:30,7958.78,2019-10-17 11:00:00+05:30,7953.79,-4.989999999999782,1
1642,2019-10-17 17:25:00+05:30,8067.2,2019-10-17 18:35:00+05:30,8058.71,-8.489999999999782,1
1643,2019-10-17 19:55:00+05:30,8039.18,2019-10-17 20:35:00+05:30,8056.87,17.6899999999996,2
1644,2019-10-18 00:30:00+05:30,8055.01,2019-10-18 02:45:00+05:30,8049.99,-5.020000000000437,1
1645,2019-10-18 10:50:00+05:30,8051.09,2019-10-18 11:30:00+05:30,7873.36,-177.73000000000047,0
1646,2019-10-18 13:35:00+05:30,7865.0,2019-10-18 14:30:00+05:30,7898.0,33.0,2
1647,2019-10-18 19:45:00+05:30,7904.9,2019-10-18 20:30:00+05:30,7923.0,18.100000000000364,2
1648,2019-10-19 01:45:00+05:30,7924.27,2019-10-19 02:25:00+05:30,7939.76,15.489999999999782,2
1649,2019-10-19 05:35:00+05:30,7921.49,2019-10-19 06:35:00+05:30,7931.88,10.390000000000327,2
1650,2019-10-19 07:30:00+05:30,7909.53,2019-10-19 07:50:00+05:30,7927.7,18.170000000000073,2
1651,2019-10-19 10:50:00+05:30,7920.15,2019-10-19 12:15:00+05:30,7937.24,17.090000000000146,2
1652,2019-10-19 15:30:00+05:30,7930.81,2019-10-19 16:30:00+05:30,7944.96,14.149999999999636,2
1653,2019-10-19 17:40:00+05:30,7899.8,2019-10-19 18:25:00+05:30,8039.22,139.42000000000007,2
1654,2019-10-19 21:25:00+05:30,7990.92,2019-10-19 22:50:00+05:30,7981.21,-9.710000000000036,1
1655,2019-10-20 00:35:00+05:30,7965.44,2019-10-20 03:05:00+05:30,7936.22,-29.219999999999345,1
1656,2019-10-20 06:05:00+05:30,7907.53,2019-10-20 07:40:00+05:30,7913.01,5.480000000000473,2
1657,2019-10-20 11:15:00+05:30,7907.04,2019-10-20 11:40:00+05:30,7918.0,10.960000000000036,2
1658,2019-10-20 13:20:00+05:30,7907.91,2019-10-20 14:20:00+05:30,7926.42,18.51000000000022,2
1659,2019-10-21 04:45:00+05:30,8179.67,2019-10-21 05:15:00+05:30,8204.18,24.51000000000022,2
1660,2019-10-21 12:35:00+05:30,8219.99,2019-10-21 14:10:00+05:30,8215.94,-4.049999999999272,1
1661,2019-10-21 15:10:00+05:30,8194.67,2019-10-21 15:35:00+05:30,8215.0,20.329999999999927,2
1662,2019-10-21 20:50:00+05:30,8210.23,2019-10-21 22:45:00+05:30,8184.54,-25.6899999999996,1
1663,2019-10-22 00:00:00+05:30,8167.6,2019-10-22 00:50:00+05:30,8176.0,8.399999999999636,2
1664,2019-10-22 05:50:00+05:30,8174.48,2019-10-22 06:35:00+05:30,8193.02,18.540000000000873,2
1665,2019-10-22 11:45:00+05:30,8192.33,2019-10-22 12:50:00+05:30,8208.2,15.8700000000008,2
1666,2019-10-22 16:00:00+05:30,8227.18,2019-10-22 16:40:00+05:30,8248.62,21.44000000000051,2
1667,2019-10-22 18:50:00+05:30,8196.99,2019-10-22 20:10:00+05:30,8227.99,31.0,2
1668,2019-10-22 20:25:00+05:30,8194.64,2019-10-22 21:05:00+05:30,8209.07,14.430000000000291,2
1669,2019-10-22 22:50:00+05:30,8188.87,2019-10-22 23:25:00+05:30,8203.62,14.75000000000091,2
1670,2019-10-23 00:00:00+05:30,8186.73,2019-10-23 00:20:00+05:30,8197.56,10.829999999999927,2
1671,2019-10-23 01:10:00+05:30,8168.06,2019-10-23 03:55:00+05:30,8104.87,-63.19000000000051,1
1672,2019-10-23 04:20:00+05:30,8079.17,2019-10-23 06:00:00+05:30,8039.06,-40.10999999999967,1
1673,2019-10-23 07:45:00+05:30,8014.95,2019-10-23 08:05:00+05:30,8037.37,22.420000000000073,2
1674,2019-10-23 08:55:00+05:30,8005.0,2019-10-23 10:25:00+05:30,7969.06,-35.9399999999996,1
1675,2019-10-23 11:05:00+05:30,7935.33,2019-10-23 11:40:00+05:30,7963.27,27.94000000000051,2
1676,2019-10-23 13:25:00+05:30,7957.19,2019-10-23 13:40:00+05:30,7974.92,17.730000000000473,2
1677,2019-10-23 17:10:00+05:30,7953.09,2019-10-23 18:10:00+05:30,7520.56,-432.52999999999975,0
1678,2019-10-23 18:15:00+05:30,7570.15,2019-10-23 20:15:00+05:30,7485.66,-84.48999999999978,1
1679,2019-10-23 21:25:00+05:30,7425.95,2019-10-23 21:45:00+05:30,7462.8,36.850000000000364,2
1680,2019-10-24 01:20:00+05:30,7481.36,2019-10-24 02:20:00+05:30,7488.76,7.400000000000546,2
1681,2019-10-24 02:55:00+05:30,7454.33,2019-10-24 04:45:00+05:30,7447.41,-6.920000000000073,1
1682,2019-10-24 07:05:00+05:30,7429.09,2019-10-24 08:15:00+05:30,7436.95,7.859999999999673,2
1683,2019-10-24 08:55:00+05:30,7401.4,2019-10-24 09:05:00+05:30,7420.97,19.57000000000062,2
1684,2019-10-24 11:35:00+05:30,7404.5,2019-10-24 12:40:00+05:30,7401.09,-3.4099999999998545,1
1685,2019-10-24 16:45:00+05:30,7424.09,2019-10-24 17:35:00+05:30,7437.45,13.359999999999673,2
1686,2019-10-25 03:25:00+05:30,7430.34,2019-10-25 03:45:00+05:30,7450.87,20.529999999999745,2
1687,2019-10-25 05:15:00+05:30,7435.72,2019-10-25 06:40:00+05:30,7430.8,-4.920000000000073,1
1688,2019-10-25 09:45:00+05:30,7427.86,2019-10-25 11:10:00+05:30,7444.5,16.640000000000327,2
1689,2019-10-26 11:45:00+05:30,9532.92,2019-10-26 12:40:00+05:30,9603.81,70.88999999999942,2
1690,2019-10-26 12:55:00+05:30,9506.6,2019-10-26 14:30:00+05:30,9212.27,-294.3299999999999,0
1691,2019-10-26 14:35:00+05:30,9200.87,2019-10-26 15:00:00+05:30,9007.21,-193.66000000000167,0
1692,2019-10-26 21:45:00+05:30,9081.48,2019-10-26 22:05:00+05:30,9210.85,129.3700000000008,2
1693,2019-10-27 00:20:00+05:30,8956.08,2019-10-27 01:35:00+05:30,9029.33,73.25,2
1694,2019-10-27 09:10:00+05:30,9118.65,2019-10-27 10:15:00+05:30,9134.05,15.399999999999636,2
1695,2019-10-27 21:35:00+05:30,9460.15,2019-10-27 21:45:00+05:30,9622.78,162.63000000000102,2
1696,2019-10-28 02:25:00+05:30,9590.23,2019-10-28 03:30:00+05:30,9673.48,83.25,2
1697,2019-10-28 04:30:00+05:30,9532.94,2019-10-28 05:40:00+05:30,9555.01,22.06999999999971,2
1698,2019-10-28 09:20:00+05:30,9630.5,2019-10-28 10:20:00+05:30,9632.65,2.149999999999636,2
1699,2019-10-28 11:35:00+05:30,9500.77,2019-10-28 13:25:00+05:30,9426.11,-74.65999999999985,1
1700,2019-10-28 13:45:00+05:30,9315.5,2019-10-28 14:40:00+05:30,9380.57,65.06999999999971,2
1701,2019-10-28 18:15:00+05:30,9304.58,2019-10-28 18:45:00+05:30,9388.31,83.72999999999956,2
1702,2019-10-29 05:05:00+05:30,9228.8,2019-10-29 06:45:00+05:30,9247.92,19.1200000000008,2
1703,2019-10-29 14:50:00+05:30,9368.26,2019-10-29 15:10:00+05:30,9409.79,41.530000000000655,2
1704,2019-10-29 18:55:00+05:30,9350.31,2019-10-29 20:25:00+05:30,9359.33,9.020000000000437,2
1705,2019-10-29 21:40:00+05:30,9307.02,2019-10-29 22:35:00+05:30,9321.47,14.449999999998909,2
1706,2019-10-30 01:10:00+05:30,9168.89,2019-10-30 01:35:00+05:30,9402.82,233.9300000000003,2
1707,2019-10-30 05:05:00+05:30,9394.35,2019-10-30 07:00:00+05:30,9374.04,-20.30999999999949,1
1708,2019-10-30 08:20:00+05:30,9309.83,2019-10-30 09:30:00+05:30,9307.26,-2.569999999999709,1
1709,2019-10-30 10:00:00+05:30,9244.04,2019-10-30 11:40:00+05:30,9242.53,-1.5100000000002183,1
1710,2019-10-30 13:25:00+05:30,9161.3,2019-10-30 13:50:00+05:30,9229.14,67.84000000000015,2
1711,2019-10-30 15:40:00+05:30,9151.41,2019-10-30 17:25:00+05:30,9097.69,-53.719999999999345,1
1712,2019-10-30 19:15:00+05:30,9053.0,2019-10-30 19:40:00+05:30,9116.1,63.100000000000364,2
1713,2019-10-30 21:20:00+05:30,9032.62,2019-10-30 21:25:00+05:30,9093.72,61.099999999998545,2
1714,2019-10-30 21:45:00+05:30,9031.7,2019-10-30 22:05:00+05:30,9079.57,47.86999999999898,2
1715,2019-10-31 02:40:00+05:30,9137.78,2019-10-31 03:30:00+05:30,9167.1,29.31999999999971,2
1716,2019-10-31 06:25:00+05:30,9138.32,2019-10-31 07:50:00+05:30,9103.09,-35.22999999999956,1
1717,2019-10-31 14:55:00+05:30,9076.06,2019-10-31 16:20:00+05:30,9045.72,-30.340000000000146,1
1718,2019-10-31 19:30:00+05:30,9243.5,2019-10-31 20:30:00+05:30,9273.57,30.06999999999971,2
1719,2019-10-31 20:55:00+05:30,9193.94,2019-10-31 21:30:00+05:30,9238.6,44.659999999999854,2
1720,2019-10-31 23:55:00+05:30,9216.81,2019-11-01 01:10:00+05:30,9227.3,10.489999999999782,2
1721,2019-11-01 01:55:00+05:30,9182.71,2019-11-01 03:05:00+05:30,9175.0,-7.709999999999127,1
1722,2019-11-01 07:15:00+05:30,9099.08,2019-11-01 08:25:00+05:30,9123.16,24.079999999999927,2
1723,2019-11-01 08:55:00+05:30,9061.43,2019-11-01 10:05:00+05:30,9075.23,13.799999999999272,2
1724,2019-11-01 18:45:00+05:30,9124.92,2019-11-01 20:20:00+05:30,9111.6,-13.319999999999709,1
1725,2019-11-01 21:25:00+05:30,9082.43,2019-11-01 21:35:00+05:30,9119.82,37.38999999999942,2
1726,2019-11-02 09:50:00+05:30,9211.28,2019-11-02 10:55:00+05:30,9216.86,5.579999999999927,2
1727,2019-11-02 12:10:00+05:30,9193.39,2019-11-02 13:00:00+05:30,9215.09,21.700000000000728,2
1728,2019-11-02 20:35:00+05:30,9304.72,2019-11-02 21:20:00+05:30,9316.22,11.5,2
1729,2019-11-02 23:10:00+05:30,9300.0,2019-11-03 00:35:00+05:30,9291.19,-8.80999999999949,1
1730,2019-11-03 02:40:00+05:30,9276.36,2019-11-03 03:45:00+05:30,9291.81,15.449999999998909,2
1731,2019-11-03 09:35:00+05:30,9305.11,2019-11-03 11:20:00+05:30,9267.0,-38.11000000000058,1
1732,2019-11-03 13:25:00+05:30,9239.61,2019-11-03 14:50:00+05:30,9227.27,-12.340000000000146,1
1733,2019-11-03 15:45:00+05:30,9139.43,2019-11-03 17:00:00+05:30,9157.77,18.340000000000146,2
1734,2019-11-03 22:50:00+05:30,9138.94,2019-11-03 23:25:00+05:30,9157.51,18.56999999999971,2
1735,2019-11-04 02:40:00+05:30,9130.43,2019-11-04 03:25:00+05:30,9145.31,14.8799999999992,2
1736,2019-11-04 06:00:00+05:30,9165.0,2019-11-04 07:40:00+05:30,9172.62,7.6200000000008,2
1737,2019-11-04 09:00:00+05:30,9146.52,2019-11-04 10:35:00+05:30,9150.0,3.4799999999995634,2
1738,2019-11-04 14:10:00+05:30,9164.85,2019-11-04 15:00:00+05:30,9171.79,6.940000000000509,2
1739,2019-11-04 23:35:00+05:30,9290.16,2019-11-05 01:30:00+05:30,9274.45,-15.709999999999127,1
1740,2019-11-05 04:00:00+05:30,9368.12,2019-11-05 04:40:00+05:30,9394.94,26.81999999999971,2
1741,2019-11-05 08:50:00+05:30,9394.69,2019-11-05 10:30:00+05:30,9386.43,-8.260000000000218,1
1742,2019-11-05 11:35:00+05:30,9334.38,2019-11-05 13:50:00+05:30,9232.87,-101.5099999999984,1
1743,2019-11-05 19:20:00+05:30,9243.02,2019-11-05 20:00:00+05:30,9307.7,64.68000000000029,2
1744,2019-11-06 03:40:00+05:30,9314.07,2019-11-06 04:30:00+05:30,9330.81,16.73999999999978,2
1745,2019-11-06 06:15:00+05:30,9280.44,2019-11-06 07:15:00+05:30,9294.34,13.899999999999636,2
1746,2019-11-06 08:50:00+05:30,9277.1,2019-11-06 09:25:00+05:30,9305.0,27.899999999999636,2
1747,2019-11-06 15:00:00+05:30,9371.34,2019-11-06 16:30:00+05:30,9358.19,-13.149999999999636,1
1748,2019-11-06 19:15:00+05:30,9322.9,2019-11-06 20:05:00+05:30,9347.78,24.88000000000102,2
1749,2019-11-06 21:35:00+05:30,9318.69,2019-11-07 00:15:00+05:30,9294.47,-24.220000000001164,1
1750,2019-11-07 07:30:00+05:30,9308.31,2019-11-07 08:45:00+05:30,9307.93,-0.37999999999919964,1
1751,2019-11-07 10:40:00+05:30,9285.97,2019-11-07 11:20:00+05:30,9299.21,13.239999999999782,2
1752,2019-11-07 12:50:00+05:30,9271.97,2019-11-07 14:05:00+05:30,9269.19,-2.779999999998836,1
1753,2019-11-07 15:25:00+05:30,9226.04,2019-11-07 16:30:00+05:30,9221.7,-4.3400000000001455,1
1754,2019-11-07 17:55:00+05:30,9169.9,2019-11-07 18:40:00+05:30,9189.21,19.30999999999949,2
1755,2019-11-07 21:25:00+05:30,9191.93,2019-11-07 21:40:00+05:30,9218.43,26.5,2
1756,2019-11-07 23:30:00+05:30,9194.73,2019-11-08 00:15:00+05:30,9212.35,17.6200000000008,2
1757,2019-11-08 02:15:00+05:30,9186.29,2019-11-08 03:10:00+05:30,9210.06,23.769999999998618,2
1758,2019-11-08 05:10:00+05:30,9212.46,2019-11-08 06:30:00+05:30,9221.74,9.280000000000655,2
1759,2019-11-08 10:10:00+05:30,9222.05,2019-11-08 12:30:00+05:30,9205.59,-16.459999999999127,1
1760,2019-11-08 12:55:00+05:30,9165.94,2019-11-08 15:35:00+05:30,9049.25,-116.69000000000051,1
1761,2019-11-08 17:45:00+05:30,9002.09,2019-11-08 19:15:00+05:30,8810.27,-191.8199999999997,0
1762,2019-11-09 04:10:00+05:30,8820.76,2019-11-09 06:05:00+05:30,8801.49,-19.270000000000437,1
1763,2019-11-09 13:20:00+05:30,8839.68,2019-11-09 14:35:00+05:30,8839.75,0.06999999999970896,2
1764,2019-11-09 17:15:00+05:30,8813.02,2019-11-09 17:35:00+05:30,8845.53,32.51000000000022,2
1765,2019-11-09 20:05:00+05:30,8777.57,2019-11-09 21:30:00+05:30,8813.57,36.0,2
1766,2019-11-09 21:55:00+05:30,8760.95,2019-11-09 23:10:00+05:30,8782.55,21.599999999998545,2
1767,2019-11-10 01:15:00+05:30,8762.76,2019-11-10 01:45:00+05:30,8774.44,11.680000000000291,2
1768,2019-11-10 06:25:00+05:30,8774.52,2019-11-10 07:10:00+05:30,8790.37,15.850000000000364,2
1769,2019-11-10 08:20:00+05:30,8761.13,2019-11-10 09:20:00+05:30,8771.42,10.290000000000873,2
1770,2019-11-10 14:00:00+05:30,8827.78,2019-11-10 14:40:00+05:30,8843.97,16.18999999999869,2
1771,2019-11-10 17:25:00+05:30,8829.51,2019-11-10 17:45:00+05:30,8852.06,22.549999999999272,2
1772,2019-11-10 19:05:00+05:30,8807.17,2019-11-10 20:00:00+05:30,8823.04,15.8700000000008,2
1773,2019-11-11 08:40:00+05:30,9037.76,2019-11-11 11:35:00+05:30,8853.47,-184.29000000000087,0
1774,2019-11-11 12:10:00+05:30,8789.71,2019-11-11 13:15:00+05:30,8810.77,21.06000000000131,2
1775,2019-11-11 14:20:00+05:30,8765.59,2019-11-11 15:50:00+05:30,8711.35,-54.23999999999978,1
1776,2019-11-11 21:15:00+05:30,8704.97,2019-11-11 21:30:00+05:30,8740.0,35.030000000000655,2
1777,2019-11-12 02:20:00+05:30,8725.87,2019-11-12 03:00:00+05:30,8746.23,20.359999999998763,2
1778,2019-11-12 04:25:00+05:30,8723.88,2019-11-12 05:10:00+05:30,8730.03,6.150000000001455,2
1779,2019-11-12 09:00:00+05:30,8722.64,2019-11-12 09:50:00+05:30,8751.76,29.1200000000008,2
1780,2019-11-12 13:50:00+05:30,8758.64,2019-11-12 15:15:00+05:30,8755.98,-2.6599999999998545,1
1781,2019-11-12 16:50:00+05:30,8732.0,2019-11-12 17:30:00+05:30,8766.41,34.409999999999854,2
1782,2019-11-12 20:30:00+05:30,8663.91,2019-11-12 21:00:00+05:30,8696.51,32.600000000000364,2
1783,2019-11-13 03:45:00+05:30,8758.06,2019-11-13 04:10:00+05:30,8776.93,18.8700000000008,2
1784,2019-11-13 09:55:00+05:30,8744.71,2019-11-13 11:50:00+05:30,8742.71,-2.0,1
1785,2019-11-13 18:20:00+05:30,8758.38,2019-11-13 19:25:00+05:30,8758.36,-0.019999999998617568,1
1786,2019-11-14 00:25:00+05:30,8756.69,2019-11-14 01:10:00+05:30,8775.14,18.44999999999891,2
1787,2019-11-14 06:20:00+05:30,8771.5,2019-11-14 07:00:00+05:30,8784.45,12.950000000000728,2
1788,2019-11-14 07:20:00+05:30,8763.5,2019-11-14 08:40:00+05:30,8758.04,-5.459999999999127,1
1789,2019-11-14 09:55:00+05:30,8715.1,2019-11-14 11:15:00+05:30,8705.5,-9.600000000000364,1
1790,2019-11-14 13:20:00+05:30,8673.02,2019-11-14 14:55:00+05:30,8631.98,-41.04000000000087,1
1791,2019-11-14 16:40:00+05:30,8614.8,2019-11-14 17:15:00+05:30,8629.11,14.31000000000131,2
1792,2019-11-14 20:35:00+05:30,8644.18,2019-11-14 21:40:00+05:30,8648.67,4.489999999999782,2
1793,2019-11-14 23:45:00+05:30,8641.84,2019-11-15 00:45:00+05:30,8650.35,8.510000000000218,2
1794,2019-11-15 03:55:00+05:30,8660.02,2019-11-15 04:30:00+05:30,8676.71,16.68999999999869,2
1795,2019-11-15 05:15:00+05:30,8647.91,2019-11-15 08:45:00+05:30,8559.39,-88.52000000000044,1
1796,2019-11-15 19:30:00+05:30,8632.39,2019-11-15 20:30:00+05:30,8454.1,-178.28999999999905,0
1797,2019-11-15 21:40:00+05:30,8448.44,2019-11-15 22:25:00+05:30,8476.07,27.6299999999992,2
1798,2019-11-16 02:35:00+05:30,8458.15,2019-11-16 03:40:00+05:30,8473.33,15.180000000000291,2
1799,2019-11-16 07:50:00+05:30,8454.45,2019-11-16 09:15:00+05:30,8461.72,7.269999999998618,2
1800,2019-11-16 11:10:00+05:30,8455.61,2019-11-16 11:15:00+05:30,8468.36,12.75,2
1801,2019-11-16 16:15:00+05:30,8469.92,2019-11-16 17:30:00+05:30,8487.22,17.299999999999272,2
1802,2019-11-16 22:30:00+05:30,8474.68,2019-11-17 00:25:00+05:30,8483.57,8.889999999999418,2
1803,2019-11-17 01:20:00+05:30,8471.16,2019-11-17 02:45:00+05:30,8468.57,-2.5900000000001455,1
1804,2019-11-17 07:10:00+05:30,8482.99,2019-11-17 07:45:00+05:30,8494.77,11.780000000000655,2
1805,2019-11-17 09:35:00+05:30,8467.93,2019-11-17 10:30:00+05:30,8477.15,9.219999999999345,2
1806,2019-11-17 12:40:00+05:30,8467.7,2019-11-17 13:40:00+05:30,8467.41,-0.2900000000008731,1
1807,2019-11-17 19:40:00+05:30,8517.6,2019-11-17 20:35:00+05:30,8528.14,10.539999999999054,2
1808,2019-11-17 23:45:00+05:30,8532.58,2019-11-18 00:20:00+05:30,8542.42,9.840000000000146,2
1809,2019-11-18 04:35:00+05:30,8528.1,2019-11-18 06:20:00+05:30,8497.83,-30.270000000000437,1
1810,2019-11-18 08:00:00+05:30,8464.6,2019-11-18 09:20:00+05:30,8467.73,3.1299999999991996,2
1811,2019-11-18 11:55:00+05:30,8448.15,2019-11-18 13:25:00+05:30,8452.03,3.8800000000010186,2
1812,2019-11-18 16:45:00+05:30,8447.33,2019-11-18 18:45:00+05:30,8429.46,-17.8700000000008,1
1813,2019-11-18 20:40:00+05:30,8428.43,2019-11-18 21:55:00+05:30,8427.85,-0.5799999999999272,1
1814,2019-11-18 22:30:00+05:30,8403.74,2019-11-18 23:55:00+05:30,8173.18,-230.5599999999995,0
1815,2019-11-19 00:00:00+05:30,8155.79,2019-11-19 01:05:00+05:30,8226.98,71.1899999999996,2
1816,2019-11-19 01:55:00+05:30,8173.9,2019-11-19 02:25:00+05:30,8217.89,43.98999999999978,2
1817,2019-11-19 05:25:00+05:30,8187.17,2019-11-19 05:35:00+05:30,8214.09,26.920000000000073,2
1818,2019-11-19 06:15:00+05:30,8179.35,2019-11-19 07:00:00+05:30,8192.84,13.489999999999782,2
1819,2019-11-19 08:35:00+05:30,8187.36,2019-11-19 10:30:00+05:30,8166.66,-20.699999999999818,1
1820,2019-11-19 11:15:00+05:30,8139.46,2019-11-19 12:15:00+05:30,8150.32,10.859999999999673,2
1821,2019-11-19 13:15:00+05:30,8113.87,2019-11-19 13:30:00+05:30,8145.04,31.170000000000073,2
1822,2019-11-19 16:05:00+05:30,8126.28,2019-11-19 17:35:00+05:30,8106.94,-19.340000000000146,1
1823,2019-11-19 22:35:00+05:30,8070.14,2019-11-19 23:30:00+05:30,8104.99,34.849999999999454,2
1824,2019-11-20 01:45:00+05:30,8088.74,2019-11-20 02:15:00+05:30,8106.0,17.26000000000022,2
1825,2019-11-20 05:35:00+05:30,8102.97,2019-11-20 06:05:00+05:30,8124.34,21.36999999999989,2
1826,2019-11-20 10:00:00+05:30,8111.22,2019-11-20 11:10:00+05:30,8111.98,0.7599999999993088,2
1827,2019-11-20 13:55:00+05:30,8109.71,2019-11-20 16:35:00+05:30,8082.12,-27.590000000000146,1
1828,2019-11-21 03:10:00+05:30,8079.44,2019-11-21 03:20:00+05:30,8100.0,20.5600000000004,2
1829,2019-11-21 11:40:00+05:30,8102.56,2019-11-21 13:05:00+05:30,8100.64,-1.9200000000000728,1
1830,2019-11-21 13:50:00+05:30,8063.55,2019-11-21 16:35:00+05:30,7900.05,-163.5,0
1831,2019-11-21 16:40:00+05:30,7872.66,2019-11-21 18:20:00+05:30,7883.47,10.8100000000004,2
1832,2019-11-21 19:50:00+05:30,7874.75,2019-11-21 20:30:00+05:30,7500.0,-374.75,0
1833,2019-11-21 20:35:00+05:30,7594.65,2019-11-21 23:55:00+05:30,7592.99,-1.6599999999998545,1
1834,2019-11-22 02:15:00+05:30,7583.52,2019-11-22 02:30:00+05:30,7616.54,33.01999999999953,2
1835,2019-11-22 08:15:00+05:30,7636.26,2019-11-22 09:50:00+05:30,7626.09,-10.170000000000073,1
1836,2019-11-22 11:00:00+05:30,7574.93,2019-11-22 12:55:00+05:30,7538.81,-36.11999999999989,1
1837,2019-11-22 14:30:00+05:30,7478.93,2019-11-22 15:30:00+05:30,7197.4,-281.53000000000065,0
1838,2019-11-22 15:35:00+05:30,7246.99,2019-11-22 16:00:00+05:30,7085.37,-161.6199999999999,0
1839,2019-11-22 19:05:00+05:30,7037.05,2019-11-22 19:35:00+05:30,6892.92,-144.1300000000001,0
1840,2019-11-22 19:40:00+05:30,6902.99,2019-11-22 20:25:00+05:30,7035.94,132.94999999999982,2
1841,2019-11-23 04:05:00+05:30,7280.81,2019-11-23 05:15:00+05:30,7289.01,8.199999999999818,2
1842,2019-11-23 05:45:00+05:30,7199.44,2019-11-23 07:00:00+05:30,7201.92,2.480000000000473,2
1843,2019-11-23 10:15:00+05:30,7216.07,2019-11-23 12:00:00+05:30,7200.61,-15.460000000000036,1
1844,2019-11-23 13:00:00+05:30,7162.84,2019-11-23 13:45:00+05:30,7201.87,39.029999999999745,2
1845,2019-11-23 14:15:00+05:30,7132.49,2019-11-23 15:15:00+05:30,7139.99,7.5,2
1846,2019-11-24 01:20:00+05:30,7274.87,2019-11-24 03:15:00+05:30,7273.94,-0.930000000000291,1
1847,2019-11-24 05:40:00+05:30,7286.25,2019-11-24 07:20:00+05:30,7255.14,-31.109999999999673,1
1848,2019-11-24 08:30:00+05:30,7216.94,2019-11-24 11:00:00+05:30,7183.64,-33.29999999999927,1
1849,2019-11-24 13:25:00+05:30,7180.14,2019-11-24 13:55:00+05:30,7210.72,30.579999999999927,2
1850,2019-11-24 15:45:00+05:30,7122.65,2019-11-24 16:35:00+05:30,7222.24,99.59000000000015,2
1851,2019-11-24 18:15:00+05:30,7140.41,2019-11-24 19:45:00+05:30,7152.94,12.529999999999745,2
1852,2019-11-24 20:05:00+05:30,7106.4,2019-11-24 21:40:00+05:30,6949.51,-156.88999999999942,0
1853,2019-11-24 21:45:00+05:30,6950.43,2019-11-24 22:25:00+05:30,7013.75,63.31999999999971,2
1854,2019-11-25 01:15:00+05:30,7040.12,2019-11-25 01:50:00+05:30,7051.18,11.0600000000004,2
1855,2019-11-25 04:30:00+05:30,7008.7,2019-11-25 05:30:00+05:30,6849.41,-159.28999999999996,0
1856,2019-11-25 05:35:00+05:30,6842.46,2019-11-25 06:30:00+05:30,6915.0,72.53999999999996,2
1857,2019-11-25 07:05:00+05:30,6705.0,2019-11-25 11:00:00+05:30,6532.01,-172.98999999999978,0
1858,2019-11-26 01:05:00+05:30,7193.99,2019-11-26 03:10:00+05:30,7169.69,-24.300000000000182,1
1859,2019-11-26 04:35:00+05:30,7133.48,2019-11-26 06:15:00+05:30,7128.44,-5.039999999999964,1
1860,2019-11-26 12:25:00+05:30,7165.0,2019-11-26 13:55:00+05:30,7173.05,8.050000000000182,2
1861,2019-11-26 16:35:00+05:30,7102.72,2019-11-26 17:20:00+05:30,7165.87,63.149999999999636,2
1862,2019-11-26 18:40:00+05:30,7071.6,2019-11-26 19:45:00+05:30,7091.04,19.4399999999996,2
1863,2019-11-26 23:40:00+05:30,7046.83,2019-11-26 23:50:00+05:30,7080.03,33.19999999999982,2
1864,2019-11-27 02:00:00+05:30,7065.59,2019-11-27 02:05:00+05:30,7086.9,21.30999999999949,2
1865,2019-11-27 08:40:00+05:30,7118.84,2019-11-27 10:15:00+05:30,7086.52,-32.31999999999971,1
1866,2019-11-27 14:25:00+05:30,7034.61,2019-11-27 14:50:00+05:30,6890.0,-144.60999999999967,0
1867,2019-11-27 19:45:00+05:30,7219.91,2019-11-27 20:45:00+05:30,7239.38,19.470000000000255,2
1868,2019-11-28 07:05:00+05:30,7503.31,2019-11-28 07:45:00+05:30,7523.61,20.299999999999272,2
1869,2019-11-28 09:15:00+05:30,7490.91,2019-11-28 10:00:00+05:30,7506.42,15.510000000000218,2
1870,2019-11-28 10:45:00+05:30,7464.09,2019-11-28 11:50:00+05:30,7471.63,7.539999999999964,2
1871,2019-11-28 13:55:00+05:30,7475.28,2019-11-28 14:20:00+05:30,7502.7,27.420000000000073,2
1872,2019-11-28 17:55:00+05:30,7423.19,2019-11-28 18:35:00+05:30,7459.92,36.73000000000047,2
1873,2019-11-29 01:40:00+05:30,7562.01,2019-11-29 04:20:00+05:30,7394.1,-167.90999999999985,0
1874,2019-11-29 04:25:00+05:30,7386.19,2019-11-29 05:35:00+05:30,7440.06,53.8700000000008,2
1875,2019-11-29 10:55:00+05:30,7452.82,2019-11-29 11:30:00+05:30,7467.73,14.909999999999854,2
1876,2019-11-29 17:25:00+05:30,7514.24,2019-11-29 17:50:00+05:30,7610.0,95.76000000000022,2
1877,2019-11-30 00:30:00+05:30,7726.09,2019-11-30 01:40:00+05:30,7730.0,3.9099999999998545,2
1878,2019-11-30 03:00:00+05:30,7690.94,2019-11-30 03:45:00+05:30,7724.0,33.0600000000004,2
1879,2019-11-30 07:35:00+05:30,7728.38,2019-11-30 09:15:00+05:30,7731.82,3.4399999999996,2
1880,2019-11-30 09:45:00+05:30,7720.0,2019-11-30 10:10:00+05:30,7735.25,15.25,2
1881,2019-11-30 12:30:00+05:30,7730.51,2019-11-30 13:05:00+05:30,7742.03,11.519999999999527,2
1882,2019-11-30 14:30:00+05:30,7725.04,2019-11-30 15:30:00+05:30,7770.11,45.06999999999971,2
1883,2019-11-30 16:55:00+05:30,7626.0,2019-11-30 17:50:00+05:30,7702.92,76.92000000000007,2
1884,2019-11-30 19:15:00+05:30,7642.58,2019-11-30 21:30:00+05:30,7555.0,-87.57999999999993,1
1885,2019-11-30 23:05:00+05:30,7522.33,2019-12-01 00:40:00+05:30,7512.8,-9.529999999999745,1
1886,2019-12-01 05:35:00+05:30,7524.46,2019-12-01 07:55:00+05:30,7418.14,-106.31999999999971,1
1887,2019-12-01 08:15:00+05:30,7361.9,2019-12-01 09:55:00+05:30,7287.94,-73.96000000000004,1
1888,2019-12-01 13:20:00+05:30,7280.2,2019-12-01 13:45:00+05:30,7308.0,27.800000000000182,2
1889,2019-12-01 15:10:00+05:30,7257.79,2019-12-01 15:15:00+05:30,7299.39,41.600000000000364,2
1890,2019-12-01 20:35:00+05:30,7364.45,2019-12-01 22:15:00+05:30,7333.46,-30.98999999999978,1
1891,2019-12-01 22:35:00+05:30,7292.2,2019-12-01 23:25:00+05:30,7323.22,31.020000000000437,2
1892,2019-12-02 00:30:00+05:30,7296.21,2019-12-02 01:15:00+05:30,7309.4,13.1899999999996,2
1893,2019-12-02 06:15:00+05:30,7353.25,2019-12-02 07:00:00+05:30,7376.38,23.13000000000011,2
1894,2019-12-02 08:50:00+05:30,7363.71,2019-12-02 10:25:00+05:30,7372.97,9.260000000000218,2
1895,2019-12-02 11:00:00+05:30,7280.6,2019-12-02 12:25:00+05:30,7254.55,-26.050000000000182,1
1896,2019-12-02 13:45:00+05:30,7216.97,2019-12-02 14:20:00+05:30,7233.17,16.199999999999818,2
1897,2019-12-02 17:35:00+05:30,7243.39,2019-12-02 18:05:00+05:30,7306.81,63.42000000000007,2
1898,2019-12-02 19:30:00+05:30,7263.26,2019-12-02 19:40:00+05:30,7331.23,67.96999999999935,2
1899,2019-12-02 22:30:00+05:30,7266.68,2019-12-02 23:10:00+05:30,7295.0,28.31999999999971,2
1900,2019-12-03 09:55:00+05:30,7308.49,2019-12-03 11:40:00+05:30,7292.8,-15.6899999999996,1
1901,2019-12-03 15:25:00+05:30,7262.24,2019-12-03 16:05:00+05:30,7283.74,21.5,2
1902,2019-12-04 01:10:00+05:30,7320.21,2019-12-04 03:05:00+05:30,7311.42,-8.789999999999964,1
1903,2019-12-04 05:30:00+05:30,7273.48,2019-12-04 08:30:00+05:30,7154.32,-119.15999999999985,1
1904,2019-12-04 10:35:00+05:30,7138.0,2019-12-04 11:05:00+05:30,7149.56,11.5600000000004,2
1905,2019-12-04 13:40:00+05:30,7102.32,2019-12-04 13:55:00+05:30,7145.25,42.93000000000029,2
1906,2019-12-05 01:55:00+05:30,7466.76,2019-12-05 02:20:00+05:30,7235.6,-231.15999999999985,0
1907,2019-12-05 02:25:00+05:30,7193.16,2019-12-05 03:55:00+05:30,7218.65,25.48999999999978,2
1908,2019-12-05 05:30:00+05:30,7177.69,2019-12-05 06:10:00+05:30,7212.84,35.150000000000546,2
1909,2019-12-05 08:30:00+05:30,7194.63,2019-12-05 09:15:00+05:30,7213.38,18.75,2
1910,2019-12-05 12:35:00+05:30,7280.37,2019-12-05 13:15:00+05:30,7305.02,24.650000000000546,2
1911,2019-12-05 19:20:00+05:30,7390.0,2019-12-05 20:20:00+05:30,7410.9,20.899999999999636,2
1912,2019-12-05 20:50:00+05:30,7326.17,2019-12-05 22:50:00+05:30,7322.01,-4.1599999999998545,1
1913,2019-12-06 02:55:00+05:30,7348.35,2019-12-06 03:25:00+05:30,7375.12,26.769999999999527,2
1914,2019-12-06 05:30:00+05:30,7367.89,2019-12-06 06:35:00+05:30,7370.56,2.6700000000000728,2
1915,2019-12-06 09:10:00+05:30,7361.21,2019-12-06 10:00:00+05:30,7396.0,34.789999999999964,2
1916,2019-12-06 11:55:00+05:30,7370.64,2019-12-06 12:35:00+05:30,7378.56,7.920000000000073,2
1917,2019-12-06 14:05:00+05:30,7350.24,2019-12-06 15:05:00+05:30,7348.95,-1.2899999999999636,1
1918,2019-12-06 19:10:00+05:30,7354.63,2019-12-06 19:45:00+05:30,7372.43,17.800000000000182,2
1919,2019-12-07 11:55:00+05:30,7537.24,2019-12-07 13:30:00+05:30,7538.02,0.7800000000006548,2
1920,2019-12-07 14:00:00+05:30,7501.43,2019-12-07 15:00:00+05:30,7513.27,11.840000000000146,2
1921,2019-12-07 18:25:00+05:30,7512.35,2019-12-07 19:20:00+05:30,7525.59,13.239999999999782,2
1922,2019-12-07 21:30:00+05:30,7503.73,2019-12-07 21:50:00+05:30,7521.45,17.720000000000255,2
1923,2019-12-08 00:20:00+05:30,7492.0,2019-12-08 00:45:00+05:30,7513.37,21.36999999999989,2
1924,2019-12-08 02:30:00+05:30,7495.0,2019-12-08 03:30:00+05:30,7498.47,3.4700000000002547,2
1925,2019-12-08 05:15:00+05:30,7491.18,2019-12-08 09:20:00+05:30,7399.71,-91.47000000000025,1
1926,2019-12-08 09:30:00+05:30,7385.58,2019-12-08 09:55:00+05:30,7398.44,12.859999999999673,2
1927,2019-12-08 13:40:00+05:30,7420.43,2019-12-08 14:25:00+05:30,7437.45,17.019999999999527,2
1928,2019-12-09 00:40:00+05:30,7506.0,2019-12-09 01:50:00+05:30,7515.04,9.039999999999964,2
1929,2019-12-09 04:55:00+05:30,7509.36,2019-12-09 05:55:00+05:30,7524.97,15.610000000000582,2
1930,2019-12-09 07:10:00+05:30,7482.65,2019-12-09 08:20:00+05:30,7497.51,14.860000000000582,2
1931,2019-12-09 11:15:00+05:30,7479.97,2019-12-09 12:15:00+05:30,7513.26,33.289999999999964,2
1932,2019-12-09 13:30:00+05:30,7447.75,2019-12-09 14:30:00+05:30,7468.63,20.88000000000011,2
1933,2019-12-09 21:20:00+05:30,7428.51,2019-12-09 22:45:00+05:30,7442.09,13.579999999999927,2
1934,2019-12-10 00:45:00+05:30,7421.58,2019-12-10 03:10:00+05:30,7342.0,-79.57999999999993,1
1935,2019-12-10 06:00:00+05:30,7321.91,2019-12-10 06:20:00+05:30,7350.21,28.300000000000182,2
1936,2019-12-10 10:50:00+05:30,7361.84,2019-12-10 12:00:00+05:30,7362.41,0.569999999999709,2
1937,2019-12-10 12:45:00+05:30,7341.88,2019-12-10 13:10:00+05:30,7359.93,18.050000000000182,2
1938,2019-12-10 13:55:00+05:30,7320.14,2019-12-10 15:30:00+05:30,7327.07,6.9299999999993815,2
1939,2019-12-10 19:00:00+05:30,7320.8,2019-12-10 19:55:00+05:30,7333.96,13.159999999999854,2
1940,2019-12-10 20:25:00+05:30,7290.92,2019-12-10 22:30:00+05:30,7241.28,-49.64000000000033,1
1941,2019-12-10 23:20:00+05:30,7207.09,2019-12-11 00:20:00+05:30,7219.0,11.909999999999854,2
1942,2019-12-11 01:40:00+05:30,7193.1,2019-12-11 02:15:00+05:30,7213.85,20.75,2
1943,2019-12-11 05:25:00+05:30,7224.13,2019-12-11 05:45:00+05:30,7242.67,18.539999999999964,2
1944,2019-12-11 08:30:00+05:30,7232.66,2019-12-11 09:50:00+05:30,7225.97,-6.6899999999996,1
1945,2019-12-11 11:00:00+05:30,7207.1,2019-12-11 12:20:00+05:30,7214.0,6.899999999999636,2
1946,2019-12-11 15:40:00+05:30,7205.74,2019-12-11 16:30:00+05:30,7230.23,24.48999999999978,2
1947,2019-12-11 18:55:00+05:30,7221.43,2019-12-11 19:20:00+05:30,7247.11,25.67999999999938,2
1948,2019-12-11 20:40:00+05:30,7221.89,2019-12-11 22:00:00+05:30,7194.47,-27.420000000000073,1
1949,2019-12-12 02:15:00+05:30,7178.74,2019-12-12 03:00:00+05:30,7185.73,6.989999999999782,2
1950,2019-12-12 05:50:00+05:30,7168.19,2019-12-12 07:25:00+05:30,7153.23,-14.960000000000036,1
1951,2019-12-12 10:20:00+05:30,7151.41,2019-12-12 10:35:00+05:30,7161.98,10.569999999999709,2
1952,2019-12-12 13:20:00+05:30,7151.54,2019-12-12 14:30:00+05:30,7143.21,-8.329999999999927,1
1953,2019-12-12 20:00:00+05:30,7162.17,2019-12-12 21:10:00+05:30,7178.08,15.909999999999854,2
1954,2019-12-13 03:35:00+05:30,7195.5,2019-12-13 04:40:00+05:30,7207.5,12.0,2
1955,2019-12-13 11:45:00+05:30,7215.06,2019-12-13 12:35:00+05:30,7223.67,8.609999999999673,2
1956,2019-12-14 00:20:00+05:30,7240.51,2019-12-14 01:05:00+05:30,7260.69,20.17999999999938,2
1957,2019-12-14 03:00:00+05:30,7242.25,2019-12-14 03:50:00+05:30,7252.86,10.609999999999673,2
1958,2019-12-14 06:00:00+05:30,7236.0,2019-12-14 06:20:00+05:30,7249.83,13.829999999999927,2
1959,2019-12-14 08:30:00+05:30,7247.32,2019-12-14 09:20:00+05:30,7258.66,11.340000000000146,2
1960,2019-12-14 12:00:00+05:30,7249.01,2019-12-14 13:10:00+05:30,7252.78,3.769999999999527,2
1961,2019-12-14 13:35:00+05:30,7241.01,2019-12-14 15:50:00+05:30,7195.0,-46.01000000000022,1
1962,2019-12-14 16:15:00+05:30,7178.01,2019-12-14 17:25:00+05:30,7185.94,7.9299999999993815,2
1963,2019-12-14 18:25:00+05:30,7161.66,2019-12-14 20:05:00+05:30,7151.24,-10.420000000000073,1
1964,2019-12-14 20:50:00+05:30,7122.84,2019-12-14 22:20:00+05:30,7072.63,-50.210000000000036,1
1965,2019-12-15 01:20:00+05:30,7072.68,2019-12-15 02:35:00+05:30,7076.58,3.899999999999636,2
1966,2019-12-15 05:05:00+05:30,7068.52,2019-12-15 06:30:00+05:30,7052.48,-16.040000000000873,1
1967,2019-12-15 10:45:00+05:30,7049.49,2019-12-15 11:25:00+05:30,7058.0,8.510000000000218,2
1968,2019-12-15 11:35:00+05:30,7040.0,2019-12-15 12:05:00+05:30,7051.25,11.25,2
1969,2019-12-15 15:45:00+05:30,7116.47,2019-12-15 17:05:00+05:30,7110.75,-5.720000000000255,1
1970,2019-12-15 18:05:00+05:30,7077.48,2019-12-15 19:30:00+05:30,7095.03,17.550000000000182,2
1971,2019-12-15 21:55:00+05:30,7096.36,2019-12-15 22:45:00+05:30,7111.08,14.720000000000255,2
1972,2019-12-16 04:30:00+05:30,7110.92,2019-12-16 05:10:00+05:30,7122.98,12.05999999999949,2
1973,2019-12-16 05:45:00+05:30,7100.87,2019-12-16 07:05:00+05:30,7095.42,-5.449999999999818,1
1974,2019-12-16 09:00:00+05:30,7082.44,2019-12-16 10:25:00+05:30,7072.16,-10.279999999999745,1
1975,2019-12-16 13:10:00+05:30,7073.11,2019-12-16 14:10:00+05:30,7080.14,7.030000000000655,2
1976,2019-12-16 20:40:00+05:30,7103.96,2019-12-16 22:10:00+05:30,7100.69,-3.2700000000004366,1
1977,2019-12-16 23:55:00+05:30,7056.87,2019-12-17 00:20:00+05:30,6907.94,-148.9300000000003,0
1978,2019-12-17 02:05:00+05:30,6874.99,2019-12-17 03:00:00+05:30,6887.81,12.820000000000618,2
1979,2019-12-17 06:35:00+05:30,6881.98,2019-12-17 07:40:00+05:30,6895.32,13.340000000000146,2
1980,2019-12-17 08:55:00+05:30,6879.69,2019-12-17 10:15:00+05:30,6886.76,7.0700000000006185,2
1981,2019-12-17 12:50:00+05:30,6883.04,2019-12-17 14:25:00+05:30,6879.77,-3.269999999999527,1
1982,2019-12-17 18:35:00+05:30,6861.38,2019-12-17 21:25:00+05:30,6696.2,-165.1800000000003,0
1983,2019-12-17 21:35:00+05:30,6680.34,2019-12-17 22:20:00+05:30,6736.76,56.42000000000007,2
1984,2019-12-18 00:35:00+05:30,6699.62,2019-12-18 02:40:00+05:30,6616.57,-83.05000000000018,1
1985,2019-12-18 10:00:00+05:30,6673.38,2019-12-18 11:30:00+05:30,6674.09,0.7100000000000364,2
1986,2019-12-18 12:05:00+05:30,6638.9,2019-12-18 13:30:00+05:30,6631.87,-7.029999999999745,1
1987,2019-12-18 17:15:00+05:30,6613.59,2019-12-18 18:30:00+05:30,6465.38,-148.21000000000004,0
1988,2019-12-18 18:35:00+05:30,6473.61,2019-12-18 19:00:00+05:30,6592.06,118.45000000000073,2
1989,2019-12-19 06:35:00+05:30,7164.93,2019-12-19 07:50:00+05:30,7169.32,4.389999999999418,2
1990,2019-12-19 10:30:00+05:30,7122.94,2019-12-19 11:05:00+05:30,7149.12,26.18000000000029,2
1991,2019-12-19 13:15:00+05:30,7111.72,2019-12-19 15:10:00+05:30,7128.28,16.55999999999949,2
1992,2019-12-19 19:05:00+05:30,7120.51,2019-12-19 20:25:00+05:30,7122.58,2.069999999999709,2
1993,2019-12-19 22:35:00+05:30,7119.3,2019-12-19 23:05:00+05:30,7150.2,30.899999999999636,2
1994,2019-12-20 03:10:00+05:30,7135.36,2019-12-20 03:20:00+05:30,7161.11,25.75,2
1995,2019-12-20 06:05:00+05:30,7101.35,2019-12-20 07:15:00+05:30,7114.59,13.239999999999782,2
1996,2019-12-20 10:40:00+05:30,7115.16,2019-12-20 11:50:00+05:30,7123.23,8.069999999999709,2
1997,2019-12-21 03:35:00+05:30,7176.18,2019-12-21 04:05:00+05:30,7189.0,12.819999999999709,2
1998,2019-12-21 06:05:00+05:30,7162.96,2019-12-21 06:55:00+05:30,7171.35,8.390000000000327,2
1999,2019-12-21 07:15:00+05:30,7151.28,2019-12-21 07:50:00+05:30,7165.72,14.44000000000051,2
2000,2019-12-21 10:10:00+05:30,7144.3,2019-12-21 10:45:00+05:30,7158.0,13.699999999999818,2
2001,2019-12-21 12:05:00+05:30,7145.68,2019-12-21 13:50:00+05:30,7136.14,-9.539999999999964,1
2002,2019-12-21 14:50:00+05:30,7128.56,2019-12-21 16:10:00+05:30,7130.66,2.0999999999994543,2
2003,2019-12-21 18:45:00+05:30,7137.24,2019-12-21 19:50:00+05:30,7139.05,1.8100000000004002,2
2004,2019-12-22 02:00:00+05:30,7137.9,2019-12-22 02:05:00+05:30,7145.06,7.160000000000764,2
2005,2019-12-22 05:40:00+05:30,7125.15,2019-12-22 06:20:00+05:30,7132.81,7.660000000000764,2
2006,2019-12-22 08:45:00+05:30,7134.55,2019-12-22 09:40:00+05:30,7139.93,5.380000000000109,2
2007,2019-12-22 11:35:00+05:30,7126.24,2019-12-22 12:05:00+05:30,7134.94,8.699999999999818,2
2008,2019-12-22 17:40:00+05:30,7160.61,2019-12-22 17:50:00+05:30,7172.58,11.970000000000255,2
2009,2019-12-23 10:30:00+05:30,7545.63,2019-12-23 11:00:00+05:30,7575.11,29.479999999999563,2
2010,2019-12-23 11:50:00+05:30,7502.56,2019-12-23 12:55:00+05:30,7504.84,2.2799999999997453,2
2011,2019-12-23 19:25:00+05:30,7520.56,2019-12-23 20:10:00+05:30,7564.62,44.05999999999949,2
2012,2019-12-23 22:50:00+05:30,7424.02,2019-12-24 01:05:00+05:30,7428.87,4.849999999999454,2
2013,2019-12-24 02:35:00+05:30,7325.96,2019-12-24 04:30:00+05:30,7317.12,-8.840000000000146,1
2014,2019-12-24 06:20:00+05:30,7286.31,2019-12-24 06:35:00+05:30,7316.1,29.789999999999964,2
2015,2019-12-24 09:20:00+05:30,7307.15,2019-12-24 09:45:00+05:30,7324.06,16.910000000000764,2
2016,2019-12-24 12:45:00+05:30,7318.03,2019-12-24 14:15:00+05:30,7311.87,-6.1599999999998545,1
2017,2019-12-24 20:10:00+05:30,7357.2,2019-12-24 22:00:00+05:30,7291.27,-65.92999999999938,1
2018,2019-12-24 23:20:00+05:30,7235.54,2019-12-25 01:00:00+05:30,7215.39,-20.149999999999636,1
2019,2019-12-25 06:30:00+05:30,7222.15,2019-12-25 07:00:00+05:30,7246.82,24.670000000000073,2
2020,2019-12-25 08:35:00+05:30,7222.68,2019-12-25 08:55:00+05:30,7238.47,15.789999999999964,2
2021,2019-12-25 12:35:00+05:30,7217.52,2019-12-25 13:05:00+05:30,7246.0,28.479999999999563,2
2022,2019-12-25 14:55:00+05:30,7240.61,2019-12-25 16:20:00+05:30,7234.95,-5.6599999999998545,1
2023,2019-12-25 17:30:00+05:30,7186.45,2019-12-25 17:45:00+05:30,7242.81,56.36000000000058,2
2024,2019-12-25 18:35:00+05:30,7189.16,2019-12-25 19:40:00+05:30,7208.0,18.840000000000146,2
2025,2019-12-25 20:45:00+05:30,7181.12,2019-12-25 20:55:00+05:30,7196.54,15.420000000000073,2
2026,2019-12-25 21:55:00+05:30,7177.08,2019-12-25 23:25:00+05:30,7164.17,-12.909999999999854,1
2027,2019-12-26 03:00:00+05:30,7221.29,2019-12-26 04:15:00+05:30,7225.92,4.630000000000109,2
2028,2019-12-26 08:55:00+05:30,7192.22,2019-12-26 09:45:00+05:30,7194.72,2.5,2
2029,2019-12-26 15:10:00+05:30,7211.56,2019-12-26 15:40:00+05:30,7222.24,10.679999999999382,2
2030,2019-12-26 16:35:00+05:30,7206.93,2019-12-26 17:50:00+05:30,7204.62,-2.3100000000004,1
2031,2019-12-27 01:25:00+05:30,7301.38,2019-12-27 04:25:00+05:30,7199.45,-101.93000000000029,1
2032,2019-12-27 10:00:00+05:30,7212.17,2019-12-27 10:50:00+05:30,7218.84,6.670000000000073,2
2033,2019-12-27 13:00:00+05:30,7185.55,2019-12-27 13:15:00+05:30,7198.93,13.38000000000011,2
2034,2019-12-27 17:15:00+05:30,7162.02,2019-12-27 18:20:00+05:30,7200.96,38.9399999999996,2
2035,2019-12-27 22:10:00+05:30,7189.93,2019-12-27 23:30:00+05:30,7227.43,37.5,2
2036,2019-12-28 08:00:00+05:30,7282.07,2019-12-28 09:30:00+05:30,7291.31,9.240000000000691,2
2037,2019-12-28 13:35:00+05:30,7266.9,2019-12-28 14:20:00+05:30,7297.4,30.5,2
2038,2019-12-28 18:50:00+05:30,7292.23,2019-12-28 19:25:00+05:30,7304.94,12.710000000000036,2
2039,2019-12-29 03:30:00+05:30,7314.67,2019-12-29 04:35:00+05:30,7328.9,14.229999999999563,2
2040,2019-12-29 05:30:00+05:30,7303.39,2019-12-29 06:20:00+05:30,7312.6,9.210000000000036,2
2041,2019-12-29 10:00:00+05:30,7300.28,2019-12-29 11:05:00+05:30,7302.99,2.7100000000000364,2
2042,2019-12-29 22:45:00+05:30,7389.98,2019-12-29 23:15:00+05:30,7404.34,14.360000000000582,2
2043,2019-12-30 02:15:00+05:30,7374.72,2019-12-30 03:35:00+05:30,7403.31,28.590000000000146,2
2044,2019-12-30 05:30:00+05:30,7375.83,2019-12-30 07:00:00+05:30,7352.55,-23.279999999999745,1
2045,2019-12-30 13:50:00+05:30,7363.22,2019-12-30 14:40:00+05:30,7374.93,11.710000000000036,2
2046,2019-12-30 15:10:00+05:30,7350.34,2019-12-30 17:10:00+05:30,7321.85,-28.48999999999978,1
2047,2019-12-30 18:30:00+05:30,7296.14,2019-12-30 18:40:00+05:30,7329.91,33.76999999999953,2
2048,2019-12-30 20:15:00+05:30,7304.82,2019-12-30 22:50:00+05:30,7253.0,-51.81999999999971,1
2049,2019-12-31 00:35:00+05:30,7242.32,2019-12-31 01:15:00+05:30,7252.26,9.94000000000051,2
2050,2019-12-31 05:00:00+05:30,7256.0,2019-12-31 06:25:00+05:30,7251.0,-5.0,1
2051,2019-12-31 12:25:00+05:30,7244.98,2019-12-31 13:15:00+05:30,7249.82,4.8400000000001455,2
2052,2019-12-31 13:45:00+05:30,7233.08,2019-12-31 14:45:00+05:30,7240.06,6.980000000000473,2
2053,2019-12-31 15:20:00+05:30,7221.73,2019-12-31 15:45:00+05:30,7230.8,9.070000000000618,2
2054,2019-12-31 17:30:00+05:30,7229.99,2019-12-31 18:10:00+05:30,7245.36,15.36999999999989,2
2055,2019-12-31 23:00:00+05:30,7192.6,2020-01-01 00:45:00+05:30,7177.72,-14.88000000000011,1
2056,2020-01-01 05:30:00+05:30,7179.78,2020-01-01 06:35:00+05:30,7189.62,9.840000000000146,2
2057,2020-01-01 13:00:00+05:30,7220.15,2020-01-01 14:55:00+05:30,7196.98,-23.170000000000073,1
2058,2020-01-02 03:30:00+05:30,7224.5,2020-01-02 05:20:00+05:30,7201.0,-23.5,1
2059,2020-01-02 07:30:00+05:30,7171.27,2020-01-02 10:45:00+05:30,7151.17,-20.100000000000364,1
2060,2020-01-02 11:20:00+05:30,7130.27,2020-01-02 11:30:00+05:30,7143.36,13.089999999999236,2
2061,2020-01-02 12:20:00+05:30,7125.5,2020-01-02 13:35:00+05:30,7131.48,5.979999999999563,2
2062,2020-01-02 16:55:00+05:30,7149.51,2020-01-02 17:35:00+05:30,7159.01,9.5,2
2063,2020-01-02 19:00:00+05:30,7117.92,2020-01-02 20:00:00+05:30,7137.03,19.109999999999673,2
2064,2020-01-02 21:40:00+05:30,7111.98,2020-01-02 22:50:00+05:30,6937.02,-174.95999999999913,0
2065,2020-01-03 01:50:00+05:30,6953.15,2020-01-03 02:55:00+05:30,6967.39,14.240000000000691,2
2066,2020-01-03 04:45:00+05:30,6959.16,2020-01-03 07:45:00+05:30,6925.24,-33.92000000000007,1
2067,2020-01-03 18:15:00+05:30,7305.99,2020-01-03 18:55:00+05:30,7330.15,24.159999999999854,2
2068,2020-01-03 19:30:00+05:30,7284.61,2020-01-03 21:00:00+05:30,7275.0,-9.609999999999673,1
2069,2020-01-04 00:30:00+05:30,7321.0,2020-01-04 01:10:00+05:30,7339.52,18.520000000000437,2
2070,2020-01-04 03:20:00+05:30,7283.1,2020-01-04 04:25:00+05:30,7300.56,17.460000000000036,2
2071,2020-01-04 06:10:00+05:30,7291.52,2020-01-04 07:10:00+05:30,7311.11,19.589999999999236,2
2072,2020-01-04 09:50:00+05:30,7313.79,2020-01-04 09:55:00+05:30,7326.84,13.050000000000182,2
2073,2020-01-04 12:55:00+05:30,7328.62,2020-01-04 13:50:00+05:30,7346.09,17.470000000000255,2
2074,2020-01-04 16:25:00+05:30,7318.3,2020-01-04 19:45:00+05:30,7312.02,-6.279999999999745,1
2075,2020-01-04 21:30:00+05:30,7306.53,2020-01-04 21:45:00+05:30,7319.89,13.360000000000582,2
2076,2020-01-04 22:10:00+05:30,7299.62,2020-01-04 22:40:00+05:30,7315.52,15.900000000000546,2
2077,2020-01-05 04:55:00+05:30,7335.9,2020-01-05 05:05:00+05:30,7351.58,15.680000000000291,2
2078,2020-01-05 14:15:00+05:30,7430.53,2020-01-05 15:35:00+05:30,7428.95,-1.5799999999999272,1
2079,2020-01-05 18:55:00+05:30,7420.81,2020-01-05 19:50:00+05:30,7440.92,20.109999999999673,2
2080,2020-01-05 22:30:00+05:30,7447.67,2020-01-05 22:50:00+05:30,7464.14,16.470000000000255,2
2081,2020-01-05 23:45:00+05:30,7445.2,2020-01-06 00:55:00+05:30,7449.0,3.800000000000182,2
2082,2020-01-06 02:30:00+05:30,7418.38,2020-01-06 05:00:00+05:30,7362.65,-55.73000000000047,1
2083,2020-01-06 10:50:00+05:30,7511.49,2020-01-06 11:20:00+05:30,7522.97,11.480000000000473,2
2084,2020-01-06 13:25:00+05:30,7507.91,2020-01-06 13:35:00+05:30,7521.85,13.94000000000051,2
2085,2020-01-06 19:20:00+05:30,7536.22,2020-01-06 20:05:00+05:30,7549.79,13.569999999999709,2
2086,2020-01-06 21:25:00+05:30,7519.99,2020-01-06 21:45:00+05:30,7542.0,22.01000000000022,2
2087,2020-01-07 00:15:00+05:30,7535.54,2020-01-07 01:10:00+05:30,7544.05,8.510000000000218,2
2088,2020-01-07 09:40:00+05:30,7885.63,2020-01-07 10:50:00+05:30,7871.0,-14.63000000000011,1
2089,2020-01-07 15:25:00+05:30,7856.26,2020-01-07 16:00:00+05:30,7873.44,17.17999999999938,2
2090,2020-01-07 18:30:00+05:30,7832.03,2020-01-07 19:40:00+05:30,7857.67,25.640000000000327,2
2091,2020-01-07 21:00:00+05:30,7799.66,2020-01-07 21:35:00+05:30,7825.13,25.470000000000255,2
2092,2020-01-08 03:45:00+05:30,7963.64,2020-01-08 04:25:00+05:30,8049.55,85.90999999999985,2
2093,2020-01-08 07:55:00+05:30,8291.93,2020-01-08 09:10:00+05:30,8321.33,29.399999999999636,2
2094,2020-01-08 13:00:00+05:30,8316.15,2020-01-08 14:00:00+05:30,8312.74,-3.4099999999998545,1
2095,2020-01-08 17:35:00+05:30,8321.0,2020-01-08 18:55:00+05:30,8311.88,-9.1200000000008,1
2096,2020-01-08 21:55:00+05:30,8213.98,2020-01-08 22:50:00+05:30,8026.64,-187.33999999999924,0
2097,2020-01-09 01:10:00+05:30,8020.39,2020-01-09 02:10:00+05:30,8005.63,-14.760000000000218,1
2098,2020-01-09 05:35:00+05:30,7973.51,2020-01-09 06:55:00+05:30,7984.05,10.539999999999964,2
2099,2020-01-09 08:35:00+05:30,7967.85,2020-01-09 10:00:00+05:30,7960.07,-7.780000000000655,1
2100,2020-01-09 11:00:00+05:30,7928.75,2020-01-09 11:10:00+05:30,7951.26,22.51000000000022,2
2101,2020-01-09 11:40:00+05:30,7918.64,2020-01-09 12:45:00+05:30,7941.84,23.199999999999818,2
2102,2020-01-09 14:30:00+05:30,7893.55,2020-01-09 15:40:00+05:30,7902.12,8.569999999999709,2
2103,2020-01-09 21:35:00+05:30,7874.73,2020-01-09 23:10:00+05:30,7838.8,-35.92999999999938,1
2104,2020-01-10 02:30:00+05:30,7755.94,2020-01-10 03:55:00+05:30,7821.07,65.13000000000011,2
2105,2020-01-10 06:55:00+05:30,7807.17,2020-01-10 07:45:00+05:30,7817.77,10.600000000000364,2
2106,2020-01-10 09:00:00+05:30,7795.0,2020-01-10 09:15:00+05:30,7812.36,17.359999999999673,2
2107,2020-01-10 09:40:00+05:30,7788.69,2020-01-10 12:00:00+05:30,7772.03,-16.659999999999854,1
2108,2020-01-10 13:35:00+05:30,7722.11,2020-01-10 14:40:00+05:30,7731.68,9.570000000000618,2
2109,2020-01-10 22:25:00+05:30,7952.65,2020-01-10 23:25:00+05:30,7966.3,13.650000000000546,2
2110,2020-01-11 03:10:00+05:30,8042.62,2020-01-11 04:00:00+05:30,8067.14,24.520000000000437,2
2111,2020-01-11 09:00:00+05:30,8144.45,2020-01-11 11:50:00+05:30,8086.45,-58.0,1
2112,2020-01-11 13:30:00+05:30,8045.84,2020-01-11 14:00:00+05:30,8095.59,49.75,2
2113,2020-01-11 16:10:00+05:30,8054.18,2020-01-11 17:10:00+05:30,8064.67,10.489999999999782,2
2114,2020-01-12 03:20:00+05:30,8074.68,2020-01-12 05:55:00+05:30,8039.75,-34.93000000000029,1
2115,2020-01-12 15:35:00+05:30,8105.85,2020-01-12 16:15:00+05:30,8135.0,29.149999999999636,2
2116,2020-01-12 22:05:00+05:30,8138.2,2020-01-12 22:45:00+05:30,8160.6,22.400000000000546,2
2117,2020-01-13 03:10:00+05:30,8122.41,2020-01-13 03:45:00+05:30,8132.93,10.520000000000437,2
2118,2020-01-13 07:50:00+05:30,8137.31,2020-01-13 09:50:00+05:30,8112.69,-24.6200000000008,1
2119,2020-01-13 11:05:00+05:30,8081.98,2020-01-13 11:30:00+05:30,8108.0,26.020000000000437,2
2120,2020-01-13 12:05:00+05:30,8075.59,2020-01-13 12:55:00+05:30,8093.48,17.889999999999418,2
2121,2020-01-13 17:25:00+05:30,8075.01,2020-01-13 18:25:00+05:30,8092.85,17.840000000000146,2
2122,2020-01-14 03:55:00+05:30,8109.93,2020-01-14 04:35:00+05:30,8133.5,23.56999999999971,2
2123,2020-01-14 11:20:00+05:30,8494.64,2020-01-14 12:00:00+05:30,8507.38,12.739999999999782,2
2124,2020-01-14 15:20:00+05:30,8486.09,2020-01-14 16:10:00+05:30,8510.48,24.389999999999418,2
2125,2020-01-14 21:30:00+05:30,8550.12,2020-01-14 22:25:00+05:30,8677.05,126.92999999999847,2
2126,2020-01-15 02:15:00+05:30,8688.19,2020-01-15 03:05:00+05:30,8718.34,30.149999999999636,2
2127,2020-01-15 06:35:00+05:30,8720.14,2020-01-15 07:35:00+05:30,8817.61,97.47000000000116,2
2128,2020-01-15 08:50:00+05:30,8750.27,2020-01-15 11:00:00+05:30,8660.01,-90.26000000000022,1
2129,2020-01-15 17:25:00+05:30,8730.0,2020-01-15 17:35:00+05:30,8778.0,48.0,2
2130,2020-01-15 21:30:00+05:30,8730.0,2020-01-15 22:00:00+05:30,8802.47,72.46999999999935,2
2131,2020-01-15 23:55:00+05:30,8723.37,2020-01-16 00:10:00+05:30,8770.0,46.6299999999992,2
2132,2020-01-16 01:45:00+05:30,8740.56,2020-01-16 02:05:00+05:30,8799.0,58.44000000000051,2
2133,2020-01-16 05:05:00+05:30,8800.14,2020-01-16 05:30:00+05:30,8856.72,56.57999999999993,2
2134,2020-01-16 05:50:00+05:30,8753.24,2020-01-16 07:45:00+05:30,8695.94,-57.29999999999927,1
2135,2020-01-16 08:40:00+05:30,8602.53,2020-01-16 09:20:00+05:30,8652.97,50.43999999999869,2
2136,2020-01-16 12:50:00+05:30,8678.73,2020-01-16 13:45:00+05:30,8712.38,33.649999999999636,2
2137,2020-01-16 14:50:00+05:30,8628.86,2020-01-16 16:00:00+05:30,8651.62,22.76000000000022,2
2138,2020-01-16 21:45:00+05:30,8661.76,2020-01-16 22:40:00+05:30,8687.4,25.639999999999418,2
2139,2020-01-17 05:45:00+05:30,8700.01,2020-01-17 07:00:00+05:30,8704.96,4.949999999998909,2
2140,2020-01-17 17:25:00+05:30,8903.45,2020-01-17 18:50:00+05:30,8856.73,-46.720000000001164,1
2141,2020-01-17 19:45:00+05:30,8802.09,2020-01-17 20:45:00+05:30,8821.86,19.770000000000437,2
2142,2020-01-18 01:15:00+05:30,8850.99,2020-01-18 01:35:00+05:30,8915.9,64.90999999999985,2
2143,2020-01-18 05:30:00+05:30,8889.95,2020-01-18 05:40:00+05:30,8939.99,50.039999999999054,2
2144,2020-01-18 07:10:00+05:30,8910.43,2020-01-18 08:40:00+05:30,8928.51,18.079999999999927,2
2145,2020-01-18 09:50:00+05:30,8888.0,2020-01-18 11:50:00+05:30,8845.98,-42.02000000000044,1
2146,2020-01-18 13:25:00+05:30,8843.63,2020-01-18 14:10:00+05:30,8853.94,10.31000000000131,2
2147,2020-01-18 20:55:00+05:30,8898.0,2020-01-18 21:30:00+05:30,8931.51,33.51000000000022,2
2148,2020-01-18 21:55:00+05:30,8860.2,2020-01-18 22:15:00+05:30,8902.92,42.719999999999345,2
2149,2020-01-19 05:25:00+05:30,8915.96,2020-01-19 05:55:00+05:30,8941.42,25.460000000000946,2
2150,2020-01-19 10:40:00+05:30,9131.4,2020-01-19 11:40:00+05:30,9143.77,12.3700000000008,2
2151,2020-01-19 12:10:00+05:30,9089.41,2020-01-19 13:30:00+05:30,9087.26,-2.149999999999636,1
2152,2020-01-19 15:20:00+05:30,9058.1,2020-01-19 16:30:00+05:30,8693.46,-364.64000000000124,0
2153,2020-01-19 16:35:00+05:30,8618.69,2020-01-19 19:10:00+05:30,8629.68,10.989999999999782,2
2154,2020-01-20 01:00:00+05:30,8627.32,2020-01-20 01:20:00+05:30,8650.74,23.420000000000073,2
2155,2020-01-20 03:45:00+05:30,8595.21,2020-01-20 03:55:00+05:30,8709.19,113.98000000000138,2
2156,2020-01-20 07:15:00+05:30,8644.61,2020-01-20 08:30:00+05:30,8660.51,15.899999999999636,2
2157,2020-01-20 13:20:00+05:30,8656.77,2020-01-20 14:35:00+05:30,8663.45,6.680000000000291,2
2158,2020-01-20 17:05:00+05:30,8637.88,2020-01-20 19:10:00+05:30,8590.43,-47.44999999999891,1
2159,2020-01-20 22:55:00+05:30,8647.82,2020-01-20 23:10:00+05:30,8665.34,17.520000000000437,2
2160,2020-01-20 23:25:00+05:30,8641.8,2020-01-20 23:35:00+05:30,8660.99,19.19000000000051,2
2161,2020-01-21 04:30:00+05:30,8632.0,2020-01-21 05:55:00+05:30,8655.75,23.75,2
2162,2020-01-21 10:55:00+05:30,8660.8,2020-01-21 12:00:00+05:30,8663.34,2.540000000000873,2
2163,2020-01-21 13:05:00+05:30,8625.11,2020-01-21 14:10:00+05:30,8652.12,27.01000000000022,2
2164,2020-01-21 21:25:00+05:30,8645.06,2020-01-21 22:50:00+05:30,8645.31,0.25,2
2165,2020-01-22 00:00:00+05:30,8623.46,2020-01-22 00:30:00+05:30,8641.31,17.850000000000364,2
2166,2020-01-22 01:10:00+05:30,8558.13,2020-01-22 01:30:00+05:30,8642.15,84.02000000000044,2
2167,2020-01-22 06:55:00+05:30,8716.86,2020-01-22 07:45:00+05:30,8733.33,16.469999999999345,2
2168,2020-01-22 07:50:00+05:30,8713.37,2020-01-22 08:40:00+05:30,8723.09,9.719999999999345,2
2169,2020-01-22 11:20:00+05:30,8717.88,2020-01-22 11:40:00+05:30,8729.45,11.570000000001528,2
2170,2020-01-22 14:05:00+05:30,8684.66,2020-01-22 15:25:00+05:30,8686.28,1.6200000000008004,2
2171,2020-01-22 16:40:00+05:30,8651.93,2020-01-22 16:55:00+05:30,8670.03,18.100000000000364,2
2172,2020-01-22 19:05:00+05:30,8639.76,2020-01-22 19:35:00+05:30,8663.16,23.399999999999636,2
2173,2020-01-22 22:00:00+05:30,8645.01,2020-01-22 22:10:00+05:30,8677.12,32.11000000000058,2
2174,2020-01-23 00:10:00+05:30,8663.76,2020-01-23 00:20:00+05:30,8678.53,14.770000000000437,2
2175,2020-01-23 00:45:00+05:30,8655.58,2020-01-23 01:15:00+05:30,8668.03,12.450000000000728,2
2176,2020-01-23 04:15:00+05:30,8654.1,2020-01-23 04:40:00+05:30,8665.03,10.930000000000291,2
2177,2020-01-23 07:00:00+05:30,8622.8,2020-01-23 08:25:00+05:30,8610.63,-12.170000000000073,1
2178,2020-01-23 10:20:00+05:30,8584.95,2020-01-23 12:45:00+05:30,8578.5,-6.450000000000728,1
2179,2020-01-23 14:15:00+05:30,8513.64,2020-01-23 16:45:00+05:30,8441.8,-71.84000000000015,1
2180,2020-01-23 17:35:00+05:30,8402.26,2020-01-23 17:40:00+05:30,8461.88,59.61999999999898,2
2181,2020-01-23 19:35:00+05:30,8328.42,2020-01-23 20:05:00+05:30,8369.31,40.88999999999942,2
2182,2020-01-23 21:40:00+05:30,8340.53,2020-01-23 22:40:00+05:30,8374.8,34.26999999999862,2
2183,2020-01-23 23:15:00+05:30,8331.0,2020-01-23 23:45:00+05:30,8351.95,20.950000000000728,2
2184,2020-01-24 04:35:00+05:30,8366.67,2020-01-24 05:20:00+05:30,8401.8,35.1299999999992,2
2185,2020-01-24 06:50:00+05:30,8373.76,2020-01-24 09:00:00+05:30,8326.48,-47.280000000000655,1
2186,2020-01-24 12:55:00+05:30,8310.03,2020-01-24 13:10:00+05:30,8334.88,24.849999999998545,2
2187,2020-01-24 14:50:00+05:30,8308.02,2020-01-24 16:45:00+05:30,8273.0,-35.02000000000044,1
2188,2020-01-24 22:25:00+05:30,8459.1,2020-01-24 23:00:00+05:30,8476.97,17.86999999999898,2
2189,2020-01-25 01:55:00+05:30,8474.13,2020-01-25 02:40:00+05:30,8497.88,23.75,2
2190,2020-01-25 03:35:00+05:30,8457.64,2020-01-25 07:10:00+05:30,8287.53,-170.10999999999876,0
2191,2020-01-25 09:20:00+05:30,8286.69,2020-01-25 09:40:00+05:30,8315.55,28.859999999998763,2
2192,2020-01-25 13:20:00+05:30,8317.19,2020-01-25 13:40:00+05:30,8333.28,16.090000000000146,2
2193,2020-01-25 16:10:00+05:30,8323.36,2020-01-25 17:30:00+05:30,8328.78,5.420000000000073,2
2194,2020-01-25 18:25:00+05:30,8292.31,2020-01-25 18:40:00+05:30,8320.99,28.68000000000029,2
2195,2020-01-26 04:15:00+05:30,8363.01,2020-01-26 06:40:00+05:30,8343.6,-19.409999999999854,1
2196,2020-01-26 11:55:00+05:30,8358.45,2020-01-26 12:50:00+05:30,8369.67,11.219999999999345,2
2197,2020-01-27 00:35:00+05:30,8553.81,2020-01-27 01:30:00+05:30,8573.52,19.710000000000946,2
2198,2020-01-27 04:10:00+05:30,8569.15,2020-01-27 04:50:00+05:30,8586.56,17.409999999999854,2
2199,2020-01-27 07:35:00+05:30,8635.23,2020-01-27 08:10:00+05:30,8666.3,31.06999999999971,2
2200,2020-01-27 13:30:00+05:30,8642.17,2020-01-27 14:55:00+05:30,8639.35,-2.819999999999709,1
2201,2020-01-27 23:20:00+05:30,8774.73,2020-01-28 00:10:00+05:30,8793.0,18.270000000000437,2
2202,2020-01-28 03:55:00+05:30,8919.38,2020-01-28 04:50:00+05:30,8937.82,18.44000000000051,2
2203,2020-01-28 10:15:00+05:30,9073.98,2020-01-28 11:20:00+05:30,9069.0,-4.979999999999563,1
2204,2020-01-28 13:50:00+05:30,8980.99,2020-01-28 14:55:00+05:30,9014.99,34.0,2
2205,2020-01-28 15:30:00+05:30,8956.17,2020-01-28 15:45:00+05:30,8996.25,40.07999999999993,2
2206,2020-01-28 22:25:00+05:30,8969.18,2020-01-28 23:25:00+05:30,8983.03,13.850000000000364,2
2207,2020-01-29 07:50:00+05:30,9297.31,2020-01-29 08:20:00+05:30,9334.09,36.780000000000655,2
2208,2020-01-29 12:25:00+05:30,9332.74,2020-01-29 13:05:00+05:30,9358.29,25.55000000000109,2
2209,2020-01-29 15:30:00+05:30,9296.4,2020-01-29 15:45:00+05:30,9351.21,54.80999999999949,2
2210,2020-01-29 20:40:00+05:30,9292.03,2020-01-29 21:40:00+05:30,9320.8,28.769999999998618,2
2211,2020-01-30 02:50:00+05:30,9351.88,2020-01-30 03:30:00+05:30,9386.06,34.18000000000029,2
2212,2020-01-30 05:20:00+05:30,9302.0,2020-01-30 07:05:00+05:30,9286.54,-15.459999999999127,1
2213,2020-01-30 14:40:00+05:30,9341.13,2020-01-30 15:25:00+05:30,9364.49,23.360000000000582,2
2214,2020-01-30 16:40:00+05:30,9323.24,2020-01-30 17:05:00+05:30,9348.73,25.48999999999978,2
2215,2020-01-30 19:35:00+05:30,9344.09,2020-01-30 20:00:00+05:30,9371.42,27.329999999999927,2
2216,2020-01-30 22:00:00+05:30,9291.09,2020-01-30 22:25:00+05:30,9370.93,79.84000000000015,2
2217,2020-01-31 05:05:00+05:30,9498.24,2020-01-31 08:35:00+05:30,9458.0,-40.23999999999978,1
2218,2020-01-31 09:35:00+05:30,9419.78,2020-01-31 10:00:00+05:30,9447.94,28.159999999999854,2
2219,2020-01-31 10:55:00+05:30,9398.16,2020-01-31 12:25:00+05:30,9379.32,-18.840000000000146,1
2220,2020-01-31 16:15:00+05:30,9323.57,2020-01-31 19:05:00+05:30,9282.39,-41.18000000000029,1
2221,2020-02-01 05:15:00+05:30,9349.79,2020-02-01 06:10:00+05:30,9383.22,33.42999999999847,2
2222,2020-02-01 10:20:00+05:30,9406.14,2020-02-01 11:55:00+05:30,9403.05,-3.0900000000001455,1
2223,2020-02-01 14:00:00+05:30,9386.36,2020-02-01 15:20:00+05:30,9390.62,4.260000000000218,2
2224,2020-02-01 16:40:00+05:30,9351.82,2020-02-01 18:35:00+05:30,9349.55,-2.2700000000004366,1
2225,2020-02-02 00:10:00+05:30,9367.49,2020-02-02 01:50:00+05:30,9378.88,11.389999999999418,2
2226,2020-02-02 04:05:00+05:30,9354.01,2020-02-02 04:30:00+05:30,9385.12,31.110000000000582,2
2227,2020-02-02 05:55:00+05:30,9355.07,2020-02-02 07:20:00+05:30,9347.77,-7.299999999999272,1
2228,2020-02-02 07:35:00+05:30,9312.71,2020-02-02 10:00:00+05:30,9307.53,-5.179999999998472,1
2229,2020-02-02 11:40:00+05:30,9292.29,2020-02-02 11:55:00+05:30,9327.12,34.82999999999993,2
2230,2020-02-02 19:35:00+05:30,9385.13,2020-02-02 20:00:00+05:30,9446.68,61.55000000000109,2
2231,2020-02-02 21:45:00+05:30,9427.28,2020-02-02 22:05:00+05:30,9445.23,17.94999999999891,2
2232,2020-02-02 22:40:00+05:30,9409.29,2020-02-02 22:55:00+05:30,9434.99,25.69999999999891,2
2233,2020-02-03 02:10:00+05:30,9429.0,2020-02-03 02:30:00+05:30,9444.03,15.030000000000655,2
2234,2020-02-03 03:35:00+05:30,9420.91,2020-02-03 06:00:00+05:30,9362.97,-57.94000000000051,1
2235,2020-02-03 12:30:00+05:30,9385.82,2020-02-03 13:45:00+05:30,9384.0,-1.819999999999709,1
2236,2020-02-03 15:35:00+05:30,9323.72,2020-02-03 16:30:00+05:30,9344.38,20.659999999999854,2
2237,2020-02-03 18:40:00+05:30,9329.81,2020-02-03 19:55:00+05:30,9348.33,18.520000000000437,2
2238,2020-02-03 21:20:00+05:30,9285.69,2020-02-03 23:00:00+05:30,9294.62,8.930000000000291,2
2239,2020-02-04 02:40:00+05:30,9291.59,2020-02-04 03:40:00+05:30,9302.36,10.770000000000437,2
2240,2020-02-04 04:10:00+05:30,9270.97,2020-02-04 04:50:00+05:30,9287.24,16.270000000000437,2
2241,2020-02-04 07:00:00+05:30,9290.85,2020-02-04 07:55:00+05:30,9306.19,15.340000000000146,2
2242,2020-02-04 08:35:00+05:30,9274.6,2020-02-04 08:55:00+05:30,9292.21,17.609999999998763,2
2243,2020-02-04 10:15:00+05:30,9268.0,2020-02-04 11:20:00+05:30,9283.62,15.6200000000008,2
2244,2020-02-04 14:20:00+05:30,9242.07,2020-02-04 16:35:00+05:30,9188.06,-54.01000000000022,1
2245,2020-02-04 16:50:00+05:30,9147.1,2020-02-04 16:55:00+05:30,9226.57,79.46999999999935,2
2246,2020-02-05 00:15:00+05:30,9187.52,2020-02-05 02:00:00+05:30,9189.52,2.0,2
2247,2020-02-05 07:25:00+05:30,9189.6,2020-02-05 08:15:00+05:30,9215.3,25.69999999999891,2
2248,2020-02-05 13:50:00+05:30,9245.04,2020-02-05 14:30:00+05:30,9266.66,21.61999999999898,2
2249,2020-02-05 19:10:00+05:30,9425.59,2020-02-05 19:25:00+05:30,9448.87,23.280000000000655,2
2250,2020-02-06 03:40:00+05:30,9630.78,2020-02-06 04:45:00+05:30,9665.55,34.76999999999862,2
2251,2020-02-06 05:05:00+05:30,9597.98,2020-02-06 06:50:00+05:30,9598.69,0.7100000000009459,2
2252,2020-02-06 11:35:00+05:30,9616.1,2020-02-06 12:10:00+05:30,9674.18,58.07999999999993,2
2253,2020-02-06 19:30:00+05:30,9692.83,2020-02-06 20:00:00+05:30,9844.98,152.14999999999964,2
2254,2020-02-06 21:55:00+05:30,9762.97,2020-02-06 22:10:00+05:30,9799.57,36.600000000000364,2
2255,2020-02-06 23:10:00+05:30,9745.46,2020-02-07 00:20:00+05:30,9761.95,16.4900000000016,2
2256,2020-02-07 03:55:00+05:30,9727.35,2020-02-07 04:45:00+05:30,9747.09,19.73999999999978,2
2257,2020-02-07 09:50:00+05:30,9743.52,2020-02-07 10:00:00+05:30,9800.04,56.52000000000044,2
2258,2020-02-07 14:25:00+05:30,9773.08,2020-02-07 14:50:00+05:30,9790.25,17.170000000000073,2
2259,2020-02-07 17:35:00+05:30,9785.84,2020-02-07 19:05:00+05:30,9773.66,-12.180000000000291,1
2260,2020-02-08 00:45:00+05:30,9774.96,2020-02-08 02:55:00+05:30,9771.35,-3.609999999998763,1
2261,2020-02-08 06:30:00+05:30,9779.13,2020-02-08 07:20:00+05:30,9789.27,10.140000000001237,2
2262,2020-02-08 08:00:00+05:30,9754.82,2020-02-08 09:35:00+05:30,9719.07,-35.75,1
2263,2020-02-08 19:10:00+05:30,9787.13,2020-02-08 19:35:00+05:30,9824.88,37.75,2
2264,2020-02-08 23:45:00+05:30,9839.8,2020-02-09 00:35:00+05:30,9862.59,22.790000000000873,2
2265,2020-02-09 05:30:00+05:30,9882.31,2020-02-09 05:35:00+05:30,9909.07,26.76000000000022,2
2266,2020-02-09 14:30:00+05:30,10090.06,2020-02-09 14:45:00+05:30,10135.27,45.210000000000946,2
2267,2020-02-09 15:05:00+05:30,10076.43,2020-02-09 15:45:00+05:30,10097.53,21.100000000000364,2
2268,2020-02-09 19:00:00+05:30,10114.0,2020-02-09 21:10:00+05:30,10090.08,-23.920000000000073,1
2269,2020-02-10 00:05:00+05:30,10067.78,2020-02-10 00:40:00+05:30,10082.17,14.389999999999418,2
2270,2020-02-10 02:10:00+05:30,10055.78,2020-02-10 02:35:00+05:30,10077.74,21.959999999999127,2
2271,2020-02-10 07:05:00+05:30,10136.02,2020-02-10 10:45:00+05:30,10067.35,-68.67000000000007,1
2272,2020-02-10 11:10:00+05:30,10035.35,2020-02-10 12:50:00+05:30,9960.2,-75.14999999999964,1
2273,2020-02-10 13:55:00+05:30,9914.16,2020-02-10 15:30:00+05:30,9854.06,-60.100000000000364,1
2274,2020-02-10 16:45:00+05:30,9798.57,2020-02-10 17:45:00+05:30,9835.28,36.710000000000946,2
2275,2020-02-10 22:15:00+05:30,9837.09,2020-02-10 23:20:00+05:30,9850.21,13.119999999998981,2
2276,2020-02-11 01:05:00+05:30,9806.28,2020-02-11 01:10:00+05:30,9844.04,37.76000000000022,2
2277,2020-02-11 03:45:00+05:30,9840.59,2020-02-11 04:30:00+05:30,9860.85,20.26000000000022,2
2278,2020-02-11 05:50:00+05:30,9811.67,2020-02-11 07:10:00+05:30,9795.93,-15.739999999999782,1
2279,2020-02-11 08:30:00+05:30,9749.71,2020-02-11 09:40:00+05:30,9756.61,6.900000000001455,2
2280,2020-02-12 00:20:00+05:30,10199.32,2020-02-12 01:20:00+05:30,10237.0,37.68000000000029,2
2281,2020-02-12 03:05:00+05:30,10188.38,2020-02-12 03:50:00+05:30,10210.0,21.6200000000008,2
2282,2020-02-12 07:45:00+05:30,10251.26,2020-02-12 08:40:00+05:30,10265.09,13.829999999999927,2
2283,2020-02-12 14:10:00+05:30,10256.34,2020-02-12 15:40:00+05:30,10276.66,20.31999999999971,2
2284,2020-02-13 01:25:00+05:30,10313.47,2020-02-13 01:30:00+05:30,10335.92,22.450000000000728,2
2285,2020-02-13 05:05:00+05:30,10325.77,2020-02-13 05:35:00+05:30,10353.92,28.149999999999636,2
2286,2020-02-13 12:45:00+05:30,10400.0,2020-02-13 14:50:00+05:30,10187.55,-212.45000000000073,0
2287,2020-02-13 17:05:00+05:30,10130.71,2020-02-13 17:45:00+05:30,10157.32,26.610000000000582,2
2288,2020-02-13 22:10:00+05:30,10191.1,2020-02-13 23:05:00+05:30,10204.58,13.479999999999563,2
2289,2020-02-14 02:40:00+05:30,10188.66,2020-02-14 03:35:00+05:30,10215.46,26.799999999999272,2
2290,2020-02-14 05:45:00+05:30,10194.17,2020-02-14 06:25:00+05:30,10224.81,30.639999999999418,2
2291,2020-02-14 09:15:00+05:30,10221.03,2020-02-14 09:25:00+05:30,10258.7,37.67000000000007,2
2292,2020-02-14 10:50:00+05:30,10195.5,2020-02-14 12:10:00+05:30,10200.54,5.040000000000873,2
2293,2020-02-14 13:00:00+05:30,10137.72,2020-02-14 13:35:00+05:30,10161.98,24.26000000000022,2
2294,2020-02-15 03:15:00+05:30,10317.42,2020-02-15 04:20:00+05:30,10343.15,25.729999999999563,2
2295,2020-02-15 06:55:00+05:30,10304.25,2020-02-15 08:40:00+05:30,10269.28,-34.969999999999345,1
2296,2020-02-15 11:20:00+05:30,10229.29,2020-02-15 11:45:00+05:30,10253.26,23.969999999999345,2
2297,2020-02-15 13:20:00+05:30,10206.57,2020-02-15 13:30:00+05:30,10234.83,28.26000000000022,2
2298,2020-02-15 16:40:00+05:30,10232.0,2020-02-15 17:50:00+05:30,10235.82,3.819999999999709,2
2299,2020-02-15 21:10:00+05:30,10215.43,2020-02-15 21:20:00+05:30,9901.47,-313.96000000000095,0
2300,2020-02-15 21:25:00+05:30,9983.18,2020-02-15 23:50:00+05:30,9907.58,-75.60000000000036,1
2301,2020-02-16 05:10:00+05:30,9901.0,2020-02-16 05:55:00+05:30,9914.56,13.55999999999949,2
2302,2020-02-16 11:00:00+05:30,9972.19,2020-02-16 12:20:00+05:30,9971.2,-0.9899999999997817,1
2303,2020-02-16 13:45:00+05:30,9947.57,2020-02-16 14:00:00+05:30,9974.35,26.780000000000655,2
2304,2020-02-16 16:25:00+05:30,9935.57,2020-02-16 16:55:00+05:30,9964.02,28.450000000000728,2
2305,2020-02-16 17:40:00+05:30,9901.44,2020-02-16 17:50:00+05:30,9949.0,47.55999999999949,2
2306,2020-02-16 18:30:00+05:30,9886.54,2020-02-16 19:15:00+05:30,9937.67,51.1299999999992,2
2307,2020-02-16 20:50:00+05:30,9860.79,2020-02-16 21:30:00+05:30,9907.84,47.04999999999927,2
2308,2020-02-16 21:45:00+05:30,9775.11,2020-02-16 23:10:00+05:30,9776.92,1.8099999999994907,2
2309,2020-02-17 01:10:00+05:30,9745.76,2020-02-17 02:15:00+05:30,9765.37,19.610000000000582,2
2310,2020-02-17 07:40:00+05:30,9828.0,2020-02-17 10:30:00+05:30,9779.88,-48.1200000000008,1
2311,2020-02-17 13:35:00+05:30,9742.56,2020-02-17 14:00:00+05:30,9783.26,40.70000000000073,2
2312,2020-02-17 15:35:00+05:30,9758.57,2020-02-17 17:50:00+05:30,9652.99,-105.57999999999993,1
2313,2020-02-17 18:50:00+05:30,9596.88,2020-02-17 20:15:00+05:30,9555.28,-41.599999999998545,1
2314,2020-02-18 04:10:00+05:30,9613.27,2020-02-18 04:15:00+05:30,9649.21,35.93999999999869,2
2315,2020-02-18 08:30:00+05:30,9682.64,2020-02-18 09:05:00+05:30,9722.2,39.56000000000131,2
2316,2020-02-18 12:10:00+05:30,9750.94,2020-02-18 12:35:00+05:30,9788.72,37.779999999998836,2
2317,2020-02-18 14:20:00+05:30,9748.32,2020-02-18 16:10:00+05:30,9700.0,-48.31999999999971,1
2318,2020-02-18 18:25:00+05:30,9656.92,2020-02-18 19:30:00+05:30,9654.62,-2.2999999999992724,1
2319,2020-02-19 05:50:00+05:30,10111.0,2020-02-19 06:45:00+05:30,10130.82,19.81999999999971,2
2320,2020-02-19 09:35:00+05:30,10114.38,2020-02-19 11:10:00+05:30,10117.54,3.1600000000016735,2
2321,2020-02-19 12:20:00+05:30,10081.32,2020-02-19 13:45:00+05:30,10110.0,28.68000000000029,2
2322,2020-02-19 15:40:00+05:30,10086.71,2020-02-19 16:00:00+05:30,10129.74,43.030000000000655,2
2323,2020-02-20 01:25:00+05:30,10139.22,2020-02-20 02:25:00+05:30,10152.55,13.329999999999927,2
2324,2020-02-20 03:00:00+05:30,10004.58,2020-02-20 03:15:00+05:30,9450.0,-554.5799999999999,0
2325,2020-02-20 03:20:00+05:30,9579.2,2020-02-20 04:45:00+05:30,9664.94,85.73999999999978,2
2326,2020-02-20 05:25:00+05:30,9593.79,2020-02-20 06:00:00+05:30,9634.0,40.20999999999913,2
2327,2020-02-20 07:30:00+05:30,9581.0,2020-02-20 08:25:00+05:30,9588.41,7.4099999999998545,2
2328,2020-02-20 13:45:00+05:30,9582.38,2020-02-20 15:05:00+05:30,9581.37,-1.0099999999983993,1
2329,2020-02-20 17:20:00+05:30,9562.85,2020-02-20 18:10:00+05:30,9586.4,23.549999999999272,2
2330,2020-02-20 18:20:00+05:30,9546.4,2020-02-20 19:15:00+05:30,9564.4,18.0,2
2331,2020-02-20 21:35:00+05:30,9556.82,2020-02-20 22:10:00+05:30,9582.31,25.48999999999978,2
2332,2020-02-21 05:35:00+05:30,9571.56,2020-02-21 06:10:00+05:30,9595.34,23.780000000000655,2
2333,2020-02-21 08:35:00+05:30,9619.85,2020-02-21 08:50:00+05:30,9644.93,25.079999999999927,2
2334,2020-02-21 14:00:00+05:30,9629.92,2020-02-21 15:00:00+05:30,9647.65,17.729999999999563,2
2335,2020-02-22 00:50:00+05:30,9674.98,2020-02-22 02:10:00+05:30,9683.39,8.409999999999854,2
2336,2020-02-22 07:45:00+05:30,9637.68,2020-02-22 08:30:00+05:30,9655.67,17.98999999999978,2
2337,2020-02-22 10:15:00+05:30,9633.0,2020-02-22 12:15:00+05:30,9610.69,-22.30999999999949,1
2338,2020-02-22 20:50:00+05:30,9624.55,2020-02-22 21:10:00+05:30,9638.23,13.680000000000291,2
2339,2020-02-23 03:20:00+05:30,9675.0,2020-02-23 04:45:00+05:30,9676.66,1.6599999999998545,2
2340,2020-02-23 04:55:00+05:30,9654.52,2020-02-23 05:40:00+05:30,9664.74,10.219999999999345,2
2341,2020-02-23 13:55:00+05:30,9863.6,2020-02-23 14:25:00+05:30,9880.1,16.5,2
2342,2020-02-23 16:25:00+05:30,9852.98,2020-02-23 18:10:00+05:30,9854.02,1.0400000000008731,2
2343,2020-02-23 21:10:00+05:30,9849.34,2020-02-23 21:35:00+05:30,9878.54,29.200000000000728,2
2344,2020-02-24 01:25:00+05:30,9871.76,2020-02-24 02:35:00+05:30,9869.5,-2.2600000000002183,1
2345,2020-02-24 06:40:00+05:30,9894.99,2020-02-24 10:25:00+05:30,9756.8,-138.1900000000005,1
2346,2020-02-24 12:15:00+05:30,9728.39,2020-02-24 13:05:00+05:30,9738.96,10.569999999999709,2
2347,2020-02-24 15:00:00+05:30,9723.0,2020-02-24 16:00:00+05:30,9744.75,21.75,2
2348,2020-02-24 19:05:00+05:30,9756.49,2020-02-24 19:55:00+05:30,9814.99,58.5,2
2349,2020-02-24 22:15:00+05:30,9669.45,2020-02-25 00:15:00+05:30,9593.31,-76.14000000000124,1
2350,2020-02-25 02:45:00+05:30,9566.25,2020-02-25 03:05:00+05:30,9609.02,42.77000000000044,2
2351,2020-02-25 07:05:00+05:30,9592.24,2020-02-25 08:10:00+05:30,9603.23,10.989999999999782,2
2352,2020-02-25 10:55:00+05:30,9554.59,2020-02-25 13:20:00+05:30,9525.06,-29.530000000000655,1
2353,2020-02-25 16:15:00+05:30,9540.0,2020-02-25 17:05:00+05:30,9549.13,9.1299999999992,2
2354,2020-02-25 18:55:00+05:30,9558.1,2020-02-25 21:30:00+05:30,9353.25,-204.85000000000036,0
2355,2020-02-25 22:15:00+05:30,9319.41,2020-02-25 23:10:00+05:30,9372.65,53.23999999999978,2
2356,2020-02-26 01:10:00+05:30,9325.71,2020-02-26 01:25:00+05:30,9359.95,34.2400000000016,2
2357,2020-02-26 02:00:00+05:30,9309.15,2020-02-26 02:30:00+05:30,9347.83,38.68000000000029,2
2358,2020-02-26 05:05:00+05:30,9350.93,2020-02-26 06:00:00+05:30,9365.08,14.149999999999636,2
2359,2020-02-26 06:15:00+05:30,9312.94,2020-02-26 07:45:00+05:30,9123.88,-189.0600000000013,0
2360,2020-02-26 12:50:00+05:30,9165.78,2020-02-26 14:15:00+05:30,9199.0,33.219999999999345,2
2361,2020-02-26 19:15:00+05:30,9155.92,2020-02-26 21:35:00+05:30,8918.62,-237.29999999999927,0
2362,2020-02-26 21:40:00+05:30,8906.07,2020-02-26 22:15:00+05:30,8666.14,-239.9300000000003,0
2363,2020-02-27 03:20:00+05:30,8752.22,2020-02-27 03:40:00+05:30,8802.66,50.44000000000051,2
2364,2020-02-27 05:30:00+05:30,8755.55,2020-02-27 06:35:00+05:30,8548.63,-206.92000000000007,0
2365,2020-02-27 15:25:00+05:30,8750.6,2020-02-27 16:05:00+05:30,8808.7,58.100000000000364,2
2366,2020-02-28 00:15:00+05:30,8877.91,2020-02-28 01:10:00+05:30,8899.99,22.079999999999927,2
2367,2020-02-28 02:50:00+05:30,8851.01,2020-02-28 04:05:00+05:30,8799.99,-51.02000000000044,1
2368,2020-02-28 09:10:00+05:30,8838.18,2020-02-28 10:10:00+05:30,8852.22,14.039999999999054,2
2369,2020-02-28 10:30:00+05:30,8806.07,2020-02-28 12:05:00+05:30,8794.14,-11.930000000000291,1
2370,2020-02-28 12:35:00+05:30,8754.89,2020-02-28 13:30:00+05:30,8776.06,21.170000000000073,2
2371,2020-02-28 14:30:00+05:30,8693.06,2020-02-28 16:35:00+05:30,8618.96,-74.10000000000036,1
2372,2020-02-28 17:35:00+05:30,8521.15,2020-02-28 18:30:00+05:30,8546.08,24.93000000000029,2
2373,2020-02-28 22:30:00+05:30,8610.0,2020-02-29 00:45:00+05:30,8559.15,-50.850000000000364,1
2374,2020-02-29 06:55:00+05:30,8683.59,2020-02-29 07:50:00+05:30,8716.19,32.600000000000364,2
2375,2020-02-29 11:50:00+05:30,8717.93,2020-02-29 12:45:00+05:30,8736.92,18.98999999999978,2
2376,2020-02-29 14:40:00+05:30,8710.01,2020-02-29 15:45:00+05:30,8715.38,5.369999999998981,2
2377,2020-02-29 16:15:00+05:30,8648.12,2020-02-29 17:05:00+05:30,8679.35,31.229999999999563,2
2378,2020-02-29 18:30:00+05:30,8636.8,2020-02-29 19:20:00+05:30,8647.25,10.450000000000728,2
2379,2020-02-29 19:35:00+05:30,8591.2,2020-02-29 20:25:00+05:30,8622.47,31.269999999998618,2
2380,2020-03-01 02:45:00+05:30,8625.3,2020-03-01 04:05:00+05:30,8631.04,5.740000000001601,2
2381,2020-03-01 05:05:00+05:30,8555.64,2020-03-01 05:55:00+05:30,8603.42,47.780000000000655,2
2382,2020-03-01 09:35:00+05:30,8610.75,2020-03-01 11:15:00+05:30,8582.49,-28.26000000000022,1
2383,2020-03-01 12:05:00+05:30,8544.59,2020-03-01 13:40:00+05:30,8553.89,9.299999999999272,2
2384,2020-03-01 22:00:00+05:30,8482.13,2020-03-01 23:20:00+05:30,8502.16,20.030000000000655,2
2385,2020-03-02 00:25:00+05:30,8457.63,2020-03-02 00:35:00+05:30,8497.49,39.86000000000058,2
2386,2020-03-02 05:30:00+05:30,8507.31,2020-03-02 06:00:00+05:30,8547.38,40.06999999999971,2
2387,2020-03-02 20:55:00+05:30,8786.0,2020-03-02 21:25:00+05:30,8829.21,43.20999999999913,2
2388,2020-03-03 00:30:00+05:30,8823.91,2020-03-03 01:05:00+05:30,8865.14,41.22999999999956,2
2389,2020-03-03 04:30:00+05:30,8894.38,2020-03-03 05:25:00+05:30,8915.24,20.860000000000582,2
2390,2020-03-03 05:40:00+05:30,8840.44,2020-03-03 07:45:00+05:30,8840.11,-0.32999999999992724,1
2391,2020-03-03 10:05:00+05:30,8829.0,2020-03-03 11:00:00+05:30,8844.69,15.69000000000051,2
2392,2020-03-03 12:25:00+05:30,8783.83,2020-03-03 13:45:00+05:30,8778.95,-4.8799999999992,1
2393,2020-03-03 18:25:00+05:30,8788.59,2020-03-03 20:30:00+05:30,8858.83,70.23999999999978,2
2394,2020-03-04 00:45:00+05:30,8684.07,2020-03-04 01:15:00+05:30,8714.59,30.520000000000437,2
2395,2020-03-04 05:35:00+05:30,8735.11,2020-03-04 06:10:00+05:30,8776.87,41.76000000000022,2
2396,2020-03-04 11:45:00+05:30,8792.65,2020-03-04 12:40:00+05:30,8814.81,22.159999999999854,2
2397,2020-03-04 17:00:00+05:30,8712.71,2020-03-04 18:35:00+05:30,8730.53,17.820000000001528,2
2398,2020-03-04 20:20:00+05:30,8719.76,2020-03-04 20:55:00+05:30,8746.45,26.69000000000051,2
2399,2020-03-04 23:50:00+05:30,8701.64,2020-03-05 00:25:00+05:30,8718.28,16.640000000001237,2
2400,2020-03-05 02:10:00+05:30,8707.09,2020-03-05 02:45:00+05:30,8724.95,17.860000000000582,2
2401,2020-03-05 13:20:00+05:30,8883.14,2020-03-05 13:35:00+05:30,8910.77,27.63000000000102,2
2402,2020-03-05 18:45:00+05:30,9062.27,2020-03-05 19:30:00+05:30,9086.35,24.079999999999927,2
2403,2020-03-05 20:15:00+05:30,9045.25,2020-03-05 21:10:00+05:30,9055.99,10.739999999999782,2
2404,2020-03-06 04:25:00+05:30,9061.89,2020-03-06 05:50:00+05:30,9067.26,5.3700000000008,2
2405,2020-03-06 06:20:00+05:30,9005.4,2020-03-06 07:00:00+05:30,9037.39,31.98999999999978,2
2406,2020-03-06 09:25:00+05:30,9033.59,2020-03-06 10:15:00+05:30,9045.99,12.399999999999636,2
2407,2020-03-06 13:45:00+05:30,9078.78,2020-03-06 14:15:00+05:30,9104.56,25.779999999998836,2
2408,2020-03-06 15:50:00+05:30,9097.32,2020-03-06 16:00:00+05:30,9112.48,15.159999999999854,2
2409,2020-03-06 17:50:00+05:30,9091.14,2020-03-06 20:00:00+05:30,9091.58,0.4400000000005093,2
2410,2020-03-06 21:15:00+05:30,9026.62,2020-03-06 22:00:00+05:30,9056.92,30.299999999999272,2
2411,2020-03-07 03:45:00+05:30,9070.0,2020-03-07 04:20:00+05:30,9098.99,28.98999999999978,2
2412,2020-03-07 06:50:00+05:30,9092.66,2020-03-07 08:10:00+05:30,9093.4,0.7399999999997817,2
2413,2020-03-07 10:05:00+05:30,9070.33,2020-03-07 11:15:00+05:30,9073.81,3.4799999999995634,2
2414,2020-03-07 12:35:00+05:30,9063.28,2020-03-07 12:55:00+05:30,9077.49,14.209999999999127,2
2415,2020-03-07 16:40:00+05:30,9087.66,2020-03-07 17:10:00+05:30,9104.08,16.420000000000073,2
2416,2020-03-07 22:10:00+05:30,9070.98,2020-03-07 23:30:00+05:30,8864.77,-206.20999999999913,0
2417,2020-03-08 01:30:00+05:30,8859.63,2020-03-08 01:40:00+05:30,8883.29,23.660000000001673,2
2418,2020-03-08 05:30:00+05:30,8853.88,2020-03-08 07:40:00+05:30,8773.91,-79.96999999999935,1
2419,2020-03-08 08:05:00+05:30,8743.95,2020-03-08 08:55:00+05:30,8755.07,11.119999999998981,2
2420,2020-03-08 10:40:00+05:30,8721.99,2020-03-08 11:00:00+05:30,8737.45,15.460000000000946,2
2421,2020-03-08 11:25:00+05:30,8717.47,2020-03-08 11:45:00+05:30,8730.0,12.530000000000655,2
2422,2020-03-08 15:25:00+05:30,8712.74,2020-03-08 15:50:00+05:30,8731.01,18.270000000000437,2
2423,2020-03-08 17:50:00+05:30,8715.69,2020-03-08 19:40:00+05:30,8671.18,-44.51000000000022,1
2424,2020-03-08 20:00:00+05:30,8618.81,2020-03-08 21:00:00+05:30,8374.56,-244.25,0
2425,2020-03-08 21:05:00+05:30,8361.91,2020-03-08 22:00:00+05:30,8192.76,-169.14999999999964,0
2426,2020-03-09 02:20:00+05:30,8267.19,2020-03-09 04:45:00+05:30,8224.39,-42.80000000000109,1
2427,2020-03-09 05:10:00+05:30,8102.38,2020-03-09 06:45:00+05:30,8073.73,-28.650000000000546,1
2428,2020-03-09 09:35:00+05:30,8002.37,2020-03-09 10:00:00+05:30,7817.52,-184.84999999999945,0
2429,2020-03-09 15:10:00+05:30,7908.32,2020-03-09 17:30:00+05:30,7861.89,-46.42999999999938,1
2430,2020-03-09 19:05:00+05:30,7780.48,2020-03-09 21:25:00+05:30,7765.32,-15.159999999999854,1
2431,2020-03-10 03:20:00+05:30,7825.29,2020-03-10 03:45:00+05:30,7860.18,34.89000000000033,2
2432,2020-03-10 07:35:00+05:30,7896.02,2020-03-10 09:00:00+05:30,7904.63,8.609999999999673,2
2433,2020-03-10 12:20:00+05:30,7917.77,2020-03-10 13:45:00+05:30,7909.96,-7.8100000000004,1
2434,2020-03-10 19:10:00+05:30,8022.06,2020-03-10 19:55:00+05:30,8102.33,80.26999999999953,2
2435,2020-03-10 21:00:00+05:30,7845.0,2020-03-10 22:35:00+05:30,7863.48,18.479999999999563,2
2436,2020-03-11 04:30:00+05:30,7912.21,2020-03-11 05:50:00+05:30,7939.93,27.720000000000255,2
2437,2020-03-11 10:25:00+05:30,7902.26,2020-03-11 12:00:00+05:30,7871.38,-30.88000000000011,1
2438,2020-03-11 15:35:00+05:30,7792.15,2020-03-11 16:15:00+05:30,7834.3,42.150000000000546,2
2439,2020-03-11 20:05:00+05:30,7812.99,2020-03-11 21:35:00+05:30,7802.02,-10.969999999999345,1
2440,2020-03-11 22:30:00+05:30,7706.74,2020-03-12 00:00:00+05:30,7732.29,25.550000000000182,2
2441,2020-03-12 03:05:00+05:30,7816.3,2020-03-12 03:45:00+05:30,7835.78,19.479999999999563,2
2442,2020-03-12 06:35:00+05:30,7872.82,2020-03-12 07:25:00+05:30,7713.27,-159.54999999999927,0
2443,2020-03-12 07:40:00+05:30,7645.78,2020-03-12 09:00:00+05:30,7696.28,50.5,2
2444,2020-03-12 09:40:00+05:30,7597.9,2020-03-12 10:20:00+05:30,7642.67,44.77000000000044,2
2445,2020-03-12 11:45:00+05:30,7593.94,2020-03-12 12:35:00+05:30,7433.98,-159.96000000000004,0
2446,2020-03-12 15:40:00+05:30,7301.69,2020-03-12 16:00:00+05:30,7076.1,-225.58999999999924,0
2447,2020-03-12 16:05:00+05:30,6776.96,2020-03-12 16:10:00+05:30,6354.88,-422.0799999999999,0
2448,2020-03-12 16:15:00+05:30,6300.39,2020-03-12 16:25:00+05:30,6014.9,-285.4900000000007,0
2449,2020-03-12 19:10:00+05:30,5799.79,2020-03-12 19:25:00+05:30,5994.03,194.23999999999978,2
2450,2020-03-12 22:15:00+05:30,5971.64,2020-03-12 22:25:00+05:30,6088.59,116.94999999999982,2
2451,2020-03-13 00:00:00+05:30,6053.59,2020-03-13 01:20:00+05:30,6078.0,24.409999999999854,2
2452,2020-03-13 01:45:00+05:30,5900.19,2020-03-13 02:15:00+05:30,5751.0,-149.1899999999996,0
2453,2020-03-13 02:20:00+05:30,5685.32,2020-03-13 03:25:00+05:30,5819.97,134.65000000000055,2
2454,2020-03-13 04:40:00+05:30,5520.69,2020-03-13 04:50:00+05:30,5162.66,-358.02999999999975,0
2455,2020-03-13 04:55:00+05:30,5100.02,2020-03-13 05:00:00+05:30,4832.6,-267.4200000000001,0
2456,2020-03-13 05:05:00+05:30,4760.0,2020-03-13 05:20:00+05:30,4617.51,-142.48999999999978,0
2457,2020-03-13 07:20:00+05:30,4246.74,2020-03-13 07:25:00+05:30,4130.64,-116.09999999999945,0
2458,2020-03-13 07:35:00+05:30,4105.88,2020-03-13 07:40:00+05:30,3882.22,-223.6600000000003,0
2459,2020-03-13 16:30:00+05:30,5370.62,2020-03-13 17:00:00+05:30,5520.4,149.77999999999975,2
2460,2020-03-13 20:20:00+05:30,5505.07,2020-03-13 20:25:00+05:30,5394.36,-110.71000000000004,0
2461,2020-03-13 20:30:00+05:30,5190.0,2020-03-13 21:00:00+05:30,5064.01,-125.98999999999978,0
2462,2020-03-13 21:10:00+05:30,4927.0,2020-03-13 21:45:00+05:30,5288.55,361.5500000000002,2
2463,2020-03-13 23:35:00+05:30,4994.09,2020-03-14 00:15:00+05:30,4841.68,-152.40999999999985,0
2464,2020-03-14 05:15:00+05:30,5459.44,2020-03-14 05:25:00+05:30,5578.6,119.16000000000076,2
2465,2020-03-14 06:40:00+05:30,5347.66,2020-03-14 07:10:00+05:30,5461.25,113.59000000000015,2
2466,2020-03-14 11:35:00+05:30,5397.71,2020-03-14 12:05:00+05:30,5451.46,53.75,2
2467,2020-03-14 13:35:00+05:30,5357.36,2020-03-14 15:15:00+05:30,5237.54,-119.81999999999971,0
2468,2020-03-14 15:20:00+05:30,5231.27,2020-03-14 15:55:00+05:30,5330.17,98.89999999999964,2
2469,2020-03-14 19:20:00+05:30,5299.88,2020-03-14 19:55:00+05:30,5359.76,59.88000000000011,2
2470,2020-03-15 01:25:00+05:30,5386.85,2020-03-15 03:15:00+05:30,5339.27,-47.57999999999993,1
2471,2020-03-15 03:35:00+05:30,5266.09,2020-03-15 04:20:00+05:30,5312.91,46.81999999999971,2
2472,2020-03-15 04:35:00+05:30,5142.57,2020-03-15 05:20:00+05:30,5192.77,50.20000000000073,2
2473,2020-03-15 14:15:00+05:30,5229.44,2020-03-15 15:05:00+05:30,5244.06,14.6200000000008,2
2474,2020-03-15 17:55:00+05:30,5355.95,2020-03-15 19:30:00+05:30,5349.63,-6.319999999999709,1
2475,2020-03-15 19:45:00+05:30,5281.07,2020-03-15 20:30:00+05:30,5323.07,42.0,2
2476,2020-03-15 22:00:00+05:30,5263.79,2020-03-15 22:30:00+05:30,5312.71,48.92000000000007,2
2477,2020-03-16 01:35:00+05:30,5281.89,2020-03-16 02:35:00+05:30,5353.37,71.47999999999956,2
2478,2020-03-16 05:30:00+05:30,5253.53,2020-03-16 06:55:00+05:30,5299.87,46.340000000000146,2
2479,2020-03-16 09:20:00+05:30,5262.4,2020-03-16 09:55:00+05:30,5293.4,31.0,2
2480,2020-03-16 11:15:00+05:30,5186.81,2020-03-16 11:30:00+05:30,5024.27,-162.53999999999996,0
2481,2020-03-16 11:35:00+05:30,4974.29,2020-03-16 13:00:00+05:30,4854.68,-119.60999999999967,0
2482,2020-03-16 13:05:00+05:30,4862.17,2020-03-16 14:05:00+05:30,4891.59,29.420000000000073,2
2483,2020-03-16 15:30:00+05:30,4589.46,2020-03-16 16:25:00+05:30,4450.95,-138.51000000000022,0
2484,2020-03-17 01:00:00+05:30,4973.02,2020-03-17 01:10:00+05:30,5075.69,102.66999999999916,2
2485,2020-03-17 09:50:00+05:30,5218.45,2020-03-17 10:35:00+05:30,5294.27,75.82000000000062,2
2486,2020-03-17 14:20:00+05:30,5264.6,2020-03-17 15:40:00+05:30,5257.87,-6.730000000000473,1
2487,2020-03-17 18:25:00+05:30,5206.25,2020-03-17 18:55:00+05:30,5261.75,55.5,2
2488,2020-03-17 19:10:00+05:30,5198.84,2020-03-17 19:25:00+05:30,5090.11,-108.73000000000047,0
2489,2020-03-18 00:30:00+05:30,5321.08,2020-03-18 01:00:00+05:30,5381.23,60.149999999999636,2
2490,2020-03-18 05:25:00+05:30,5312.64,2020-03-18 05:55:00+05:30,5387.32,74.67999999999938,2
2491,2020-03-18 10:45:00+05:30,5362.01,2020-03-18 11:55:00+05:30,5240.02,-121.98999999999978,0
2492,2020-03-18 12:55:00+05:30,5165.24,2020-03-18 14:15:00+05:30,5163.85,-1.389999999999418,1
2493,2020-03-18 15:20:00+05:30,5115.18,2020-03-18 16:45:00+05:30,5118.26,3.0799999999999272,2
2494,2020-03-18 18:45:00+05:30,5046.7,2020-03-18 18:55:00+05:30,5157.84,111.14000000000033,2
2495,2020-03-18 21:45:00+05:30,5202.2,2020-03-18 22:15:00+05:30,5263.84,61.64000000000033,2
2496,2020-03-19 03:35:00+05:30,5300.92,2020-03-19 04:25:00+05:30,5340.23,39.30999999999949,2
2497,2020-03-19 08:00:00+05:30,5308.0,2020-03-19 09:10:00+05:30,5320.75,12.75,2
2498,2020-03-20 04:45:00+05:30,6135.6,2020-03-20 05:30:00+05:30,6235.28,99.67999999999938,2
2499,2020-03-20 06:55:00+05:30,6121.3,2020-03-20 07:45:00+05:30,6173.82,52.51999999999953,2
2500,2020-03-20 09:00:00+05:30,6117.8,2020-03-20 09:15:00+05:30,6158.45,40.649999999999636,2
2501,2020-03-20 17:00:00+05:30,6569.89,2020-03-20 19:30:00+05:30,6632.79,62.899999999999636,2
2502,2020-03-20 21:40:00+05:30,6486.98,2020-03-20 23:10:00+05:30,6444.1,-42.8799999999992,1
2503,2020-03-20 23:50:00+05:30,6348.79,2020-03-21 00:05:00+05:30,6214.36,-134.4300000000003,0
2504,2020-03-21 00:10:00+05:30,6220.51,2020-03-21 01:00:00+05:30,6288.25,67.73999999999978,2
2505,2020-03-21 01:30:00+05:30,6077.17,2020-03-21 01:55:00+05:30,5863.61,-213.5600000000004,0
2506,2020-03-21 02:00:00+05:30,5793.24,2020-03-21 03:00:00+05:30,6186.71,393.47000000000025,2
2507,2020-03-21 08:45:00+05:30,6187.15,2020-03-21 09:25:00+05:30,6267.45,80.30000000000018,2
2508,2020-03-21 10:15:00+05:30,6162.71,2020-03-21 11:50:00+05:30,6147.99,-14.720000000000255,1
2509,2020-03-21 13:35:00+05:30,6077.98,2020-03-21 14:10:00+05:30,6132.02,54.04000000000087,2
2510,2020-03-21 14:50:00+05:30,6049.33,2020-03-21 16:05:00+05:30,6025.09,-24.23999999999978,1
2511,2020-03-21 22:20:00+05:30,6136.45,2020-03-21 23:55:00+05:30,6196.77,60.32000000000062,2
2512,2020-03-22 05:40:00+05:30,6125.03,2020-03-22 06:15:00+05:30,6161.46,36.43000000000029,2
2513,2020-03-22 12:45:00+05:30,6274.5,2020-03-22 13:10:00+05:30,6326.88,52.38000000000011,2
2514,2020-03-22 13:45:00+05:30,6251.15,2020-03-22 15:05:00+05:30,6287.37,36.220000000000255,2
2515,2020-03-22 17:25:00+05:30,6153.57,2020-03-22 17:40:00+05:30,6021.74,-131.82999999999993,0
2516,2020-03-22 17:45:00+05:30,5957.15,2020-03-22 18:50:00+05:30,6064.1,106.95000000000073,2
2517,2020-03-22 21:00:00+05:30,5966.26,2020-03-22 21:05:00+05:30,6031.93,65.67000000000007,2
2518,2020-03-22 22:40:00+05:30,5976.38,2020-03-22 23:05:00+05:30,6053.01,76.63000000000011,2
2519,2020-03-22 23:45:00+05:30,5968.92,2020-03-23 00:10:00+05:30,6002.04,33.11999999999989,2
2520,2020-03-23 01:30:00+05:30,5844.0,2020-03-23 02:25:00+05:30,5922.9,78.89999999999964,2
2521,2020-03-23 04:15:00+05:30,5868.72,2020-03-23 05:35:00+05:30,5862.94,-5.780000000000655,1
2522,2020-03-23 11:20:00+05:30,5860.92,2020-03-23 11:35:00+05:30,5897.37,36.44999999999982,2
2523,2020-03-23 13:10:00+05:30,5867.71,2020-03-23 15:15:00+05:30,5810.24,-57.470000000000255,1
2524,2020-03-23 21:10:00+05:30,6162.29,2020-03-23 21:25:00+05:30,6231.74,69.44999999999982,2
2525,2020-03-24 09:40:00+05:30,6430.5,2020-03-24 10:55:00+05:30,6493.26,62.76000000000022,2
2526,2020-03-24 16:35:00+05:30,6641.25,2020-03-24 17:05:00+05:30,6705.0,63.75,2
2527,2020-03-24 17:45:00+05:30,6585.97,2020-03-24 18:25:00+05:30,6661.58,75.60999999999967,2
2528,2020-03-24 20:15:00+05:30,6636.69,2020-03-24 20:35:00+05:30,6503.84,-132.84999999999945,0
2529,2020-03-24 20:40:00+05:30,6517.16,2020-03-24 21:55:00+05:30,6561.49,44.32999999999993,2
2530,2020-03-24 23:35:00+05:30,6566.45,2020-03-25 00:05:00+05:30,6645.0,78.55000000000018,2
2531,2020-03-25 03:05:00+05:30,6691.93,2020-03-25 03:35:00+05:30,6725.05,33.11999999999989,2
2532,2020-03-25 05:30:00+05:30,6687.67,2020-03-25 06:30:00+05:30,6714.14,26.470000000000255,2
2533,2020-03-25 07:25:00+05:30,6605.55,2020-03-25 09:40:00+05:30,6599.16,-6.390000000000327,1
2534,2020-03-25 12:50:00+05:30,6648.66,2020-03-25 13:20:00+05:30,6677.22,28.5600000000004,2
2535,2020-03-25 16:00:00+05:30,6700.22,2020-03-25 16:20:00+05:30,6547.35,-152.8699999999999,0
2536,2020-03-25 23:30:00+05:30,6604.85,2020-03-26 00:15:00+05:30,6645.3,40.44999999999982,2
2537,2020-03-26 02:20:00+05:30,6590.36,2020-03-26 03:25:00+05:30,6599.95,9.590000000000146,2
2538,2020-03-26 11:15:00+05:30,6652.95,2020-03-26 13:35:00+05:30,6619.79,-33.159999999999854,1
2539,2020-03-26 15:55:00+05:30,6588.06,2020-03-26 16:10:00+05:30,6632.38,44.31999999999971,2
2540,2020-03-26 19:00:00+05:30,6542.95,2020-03-26 19:20:00+05:30,6611.53,68.57999999999993,2
2541,2020-03-27 03:45:00+05:30,6685.98,2020-03-27 04:30:00+05:30,6713.36,27.38000000000011,2
2542,2020-03-27 07:05:00+05:30,6766.05,2020-03-27 07:25:00+05:30,6802.9,36.849999999999454,2
2543,2020-03-27 10:15:00+05:30,6762.28,2020-03-27 11:55:00+05:30,6686.0,-76.27999999999975,1
2544,2020-03-27 14:00:00+05:30,6672.86,2020-03-27 16:00:00+05:30,6676.03,3.1700000000000728,2
2545,2020-03-27 17:25:00+05:30,6620.58,2020-03-27 17:55:00+05:30,6657.67,37.090000000000146,2
2546,2020-03-27 18:35:00+05:30,6607.07,2020-03-27 19:40:00+05:30,6616.02,8.950000000000728,2
2547,2020-03-28 04:35:00+05:30,6641.01,2020-03-28 05:10:00+05:30,6339.0,-302.0100000000002,0
2548,2020-03-28 05:15:00+05:30,6351.78,2020-03-28 06:50:00+05:30,6285.72,-66.05999999999949,1
2549,2020-03-28 08:30:00+05:30,6239.94,2020-03-28 09:05:00+05:30,6072.61,-167.32999999999993,0
2550,2020-03-28 09:10:00+05:30,6092.36,2020-03-28 10:05:00+05:30,6182.02,89.66000000000076,2
2551,2020-03-28 11:45:00+05:30,6126.0,2020-03-28 12:15:00+05:30,6162.3,36.30000000000018,2
2552,2020-03-28 15:40:00+05:30,6226.7,2020-03-28 16:15:00+05:30,6258.69,31.98999999999978,2
2553,2020-03-28 18:45:00+05:30,6218.26,2020-03-28 19:30:00+05:30,6239.75,21.48999999999978,2
2554,2020-03-28 21:25:00+05:30,6215.0,2020-03-28 22:05:00+05:30,6236.56,21.5600000000004,2
2555,2020-03-28 22:50:00+05:30,6184.73,2020-03-28 23:25:00+05:30,6025.79,-158.9399999999996,0
2556,2020-03-29 02:50:00+05:30,6187.47,2020-03-29 03:30:00+05:30,6232.15,44.67999999999938,2
2557,2020-03-29 04:05:00+05:30,6185.77,2020-03-29 04:25:00+05:30,6213.7,27.92999999999938,2
2558,2020-03-29 10:45:00+05:30,6176.66,2020-03-29 12:40:00+05:30,6161.03,-15.63000000000011,1
2559,2020-03-29 13:10:00+05:30,6128.18,2020-03-29 13:25:00+05:30,6153.9,25.719999999999345,2
2560,2020-03-29 13:35:00+05:30,6112.91,2020-03-29 14:25:00+05:30,6132.4,19.48999999999978,2
2561,2020-03-29 15:20:00+05:30,6096.71,2020-03-29 16:20:00+05:30,6163.15,66.4399999999996,2
2562,2020-03-29 21:55:00+05:30,6093.63,2020-03-29 23:05:00+05:30,6097.94,4.309999999999491,2
2563,2020-03-30 00:25:00+05:30,6063.79,2020-03-30 01:10:00+05:30,5917.13,-146.65999999999985,0
2564,2020-03-30 01:15:00+05:30,5932.52,2020-03-30 02:25:00+05:30,5947.83,15.30999999999949,2
2565,2020-03-30 05:25:00+05:30,5881.42,2020-03-30 05:45:00+05:30,5907.75,26.329999999999927,2
2566,2020-03-30 15:20:00+05:30,6240.01,2020-03-30 15:55:00+05:30,6262.95,22.9399999999996,2
2567,2020-03-30 19:30:00+05:30,6275.56,2020-03-30 19:45:00+05:30,6318.04,42.47999999999956,2
2568,2020-03-31 04:25:00+05:30,6458.0,2020-03-31 05:45:00+05:30,6450.21,-7.789999999999964,1
2569,2020-03-31 08:25:00+05:30,6449.66,2020-03-31 09:10:00+05:30,6465.95,16.289999999999964,2
2570,2020-03-31 10:15:00+05:30,6398.39,2020-03-31 10:55:00+05:30,6434.19,35.79999999999927,2
2571,2020-03-31 15:20:00+05:30,6442.21,2020-03-31 18:15:00+05:30,6436.14,-6.069999999999709,1
2572,2020-03-31 22:05:00+05:30,6419.41,2020-03-31 23:15:00+05:30,6437.87,18.460000000000036,2
2573,2020-04-01 00:50:00+05:30,6431.93,2020-04-01 01:05:00+05:30,6459.44,27.50999999999931,2
2574,2020-04-01 03:05:00+05:30,6434.0,2020-04-01 04:20:00+05:30,6445.88,11.88000000000011,2
2575,2020-04-01 04:45:00+05:30,6415.6,2020-04-01 05:15:00+05:30,6431.49,15.889999999999418,2
2576,2020-04-01 05:40:00+05:30,6372.12,2020-04-01 07:30:00+05:30,6301.18,-70.9399999999996,1
2577,2020-04-01 10:35:00+05:30,6318.66,2020-04-01 12:10:00+05:30,6317.41,-1.25,1
2578,2020-04-01 15:10:00+05:30,6275.14,2020-04-01 15:25:00+05:30,6300.0,24.859999999999673,2
2579,2020-04-01 16:45:00+05:30,6272.99,2020-04-01 17:00:00+05:30,6294.86,21.86999999999989,2
2580,2020-04-01 17:35:00+05:30,6228.28,2020-04-01 19:40:00+05:30,6232.22,3.9400000000005093,2
2581,2020-04-01 21:30:00+05:30,6202.53,2020-04-01 22:50:00+05:30,6198.54,-3.9899999999997817,1
2582,2020-04-02 00:50:00+05:30,6170.65,2020-04-02 01:10:00+05:30,6195.71,25.0600000000004,2
2583,2020-04-02 07:25:00+05:30,6566.08,2020-04-02 07:50:00+05:30,6615.35,49.27000000000044,2
2584,2020-04-02 10:55:00+05:30,6572.39,2020-04-02 11:20:00+05:30,6600.37,27.979999999999563,2
2585,2020-04-02 18:35:00+05:30,6642.01,2020-04-02 19:00:00+05:30,6665.14,23.13000000000011,2
2586,2020-04-03 00:15:00+05:30,6760.86,2020-04-03 02:40:00+05:30,6755.74,-5.119999999999891,1
2587,2020-04-03 04:55:00+05:30,6768.5,2020-04-03 05:20:00+05:30,6818.14,49.64000000000033,2
2588,2020-04-03 06:15:00+05:30,6739.62,2020-04-03 07:00:00+05:30,6772.35,32.73000000000047,2
2589,2020-04-03 09:40:00+05:30,6764.48,2020-04-03 10:15:00+05:30,6791.83,27.350000000000364,2
2590,2020-04-03 18:10:00+05:30,6912.59,2020-04-03 20:10:00+05:30,6743.25,-169.34000000000015,0
2591,2020-04-03 20:55:00+05:30,6710.35,2020-04-03 22:20:00+05:30,6754.16,43.80999999999949,2
2592,2020-04-04 02:15:00+05:30,6723.61,2020-04-04 03:10:00+05:30,6740.98,17.36999999999989,2
2593,2020-04-04 08:15:00+05:30,6711.08,2020-04-04 09:40:00+05:30,6711.15,0.06999999999970896,2
2594,2020-04-04 17:05:00+05:30,6747.09,2020-04-04 18:50:00+05:30,6719.62,-27.470000000000255,1
2595,2020-04-05 00:45:00+05:30,6733.61,2020-04-05 01:35:00+05:30,6765.99,32.38000000000011,2
2596,2020-04-05 07:30:00+05:30,6820.24,2020-04-05 08:25:00+05:30,6841.29,21.050000000000182,2
2597,2020-04-05 09:00:00+05:30,6797.09,2020-04-05 10:40:00+05:30,6790.0,-7.0900000000001455,1
2598,2020-04-05 22:30:00+05:30,6760.78,2020-04-05 23:15:00+05:30,6774.82,14.039999999999964,2
2599,2020-04-06 01:30:00+05:30,6783.0,2020-04-06 02:55:00+05:30,6765.09,-17.909999999999854,1
2600,2020-04-06 08:10:00+05:30,6817.41,2020-04-06 08:30:00+05:30,6840.81,23.400000000000546,2
2601,2020-04-06 16:25:00+05:30,7077.13,2020-04-06 16:55:00+05:30,7115.24,38.10999999999967,2
2602,2020-04-06 19:05:00+05:30,7083.9,2020-04-06 20:25:00+05:30,7101.09,17.19000000000051,2
2603,2020-04-07 07:25:00+05:30,7348.86,2020-04-07 09:20:00+05:30,7314.58,-34.279999999999745,1
2604,2020-04-07 10:10:00+05:30,7241.7,2020-04-07 10:50:00+05:30,7281.12,39.42000000000007,2
2605,2020-04-07 18:00:00+05:30,7337.18,2020-04-07 19:00:00+05:30,7390.43,53.25,2
2606,2020-04-07 19:35:00+05:30,7307.29,2020-04-07 20:45:00+05:30,7314.5,7.210000000000036,2
2607,2020-04-08 00:20:00+05:30,7286.26,2020-04-08 00:30:00+05:30,7332.0,45.73999999999978,2
2608,2020-04-08 01:25:00+05:30,7287.55,2020-04-08 01:40:00+05:30,7138.09,-149.46000000000004,0
2609,2020-04-08 01:45:00+05:30,7118.64,2020-04-08 03:00:00+05:30,7178.0,59.35999999999967,2
2610,2020-04-08 06:15:00+05:30,7157.67,2020-04-08 07:10:00+05:30,7186.94,29.269999999999527,2
2611,2020-04-08 13:35:00+05:30,7297.26,2020-04-08 14:50:00+05:30,7302.94,5.6799999999993815,2
2612,2020-04-08 16:10:00+05:30,7243.87,2020-04-08 17:25:00+05:30,7292.92,49.05000000000018,2
2613,2020-04-08 19:25:00+05:30,7221.39,2020-04-08 20:00:00+05:30,7271.44,50.04999999999927,2
2614,2020-04-09 00:45:00+05:30,7283.37,2020-04-09 01:20:00+05:30,7309.81,26.44000000000051,2
2615,2020-04-09 03:10:00+05:30,7307.6,2020-04-09 03:35:00+05:30,7341.67,34.06999999999971,2
2616,2020-04-09 07:00:00+05:30,7318.21,2020-04-09 08:25:00+05:30,7318.49,0.27999999999974534,2
2617,2020-04-09 08:55:00+05:30,7294.79,2020-04-09 10:05:00+05:30,7286.01,-8.779999999999745,1
2618,2020-04-09 15:20:00+05:30,7296.55,2020-04-09 16:15:00+05:30,7309.53,12.979999999999563,2
2619,2020-04-09 17:05:00+05:30,7285.0,2020-04-09 18:20:00+05:30,7287.21,2.2100000000000364,2
2620,2020-04-09 20:45:00+05:30,7278.98,2020-04-09 22:05:00+05:30,7291.35,12.3700000000008,2
2621,2020-04-10 04:45:00+05:30,7277.89,2020-04-10 06:05:00+05:30,7283.57,5.6799999999993815,2
2622,2020-04-10 08:00:00+05:30,7241.84,2020-04-10 10:30:00+05:30,6985.74,-256.10000000000036,0
2623,2020-04-10 10:35:00+05:30,6993.26,2020-04-10 11:55:00+05:30,6994.26,1.0,2
2624,2020-04-10 12:30:00+05:30,6881.82,2020-04-10 13:35:00+05:30,6945.11,63.289999999999964,2
2625,2020-04-10 14:55:00+05:30,6897.47,2020-04-10 15:25:00+05:30,6922.42,24.949999999999818,2
2626,2020-04-10 17:05:00+05:30,6894.87,2020-04-10 17:40:00+05:30,6917.47,22.600000000000364,2
2627,2020-04-10 18:45:00+05:30,6893.36,2020-04-10 19:30:00+05:30,6899.94,6.579999999999927,2
2628,2020-04-10 20:10:00+05:30,6841.27,2020-04-10 21:45:00+05:30,6836.33,-4.940000000000509,1
2629,2020-04-11 04:10:00+05:30,6859.02,2020-04-11 05:25:00+05:30,6858.92,-0.1000000000003638,1
2630,2020-04-11 12:30:00+05:30,6898.97,2020-04-11 13:55:00+05:30,6887.99,-10.980000000000473,1
2631,2020-04-11 14:55:00+05:30,6855.0,2020-04-11 16:30:00+05:30,6852.33,-2.6700000000000728,1
2632,2020-04-11 19:05:00+05:30,6855.01,2020-04-11 20:50:00+05:30,6835.75,-19.26000000000022,1
2633,2020-04-11 22:15:00+05:30,6798.01,2020-04-11 23:15:00+05:30,6818.29,20.279999999999745,2
2634,2020-04-12 01:30:00+05:30,6770.25,2020-04-12 03:05:00+05:30,6815.43,45.18000000000029,2
2635,2020-04-12 07:25:00+05:30,6846.48,2020-04-12 08:50:00+05:30,6822.6,-23.8799999999992,1
2636,2020-04-12 09:35:00+05:30,6787.32,2020-04-12 10:05:00+05:30,6808.65,21.329999999999927,2
2637,2020-04-13 02:20:00+05:30,7087.65,2020-04-13 03:15:00+05:30,7113.05,25.400000000000546,2
2638,2020-04-13 03:40:00+05:30,7057.76,2020-04-13 05:25:00+05:30,6903.79,-153.97000000000025,0
2639,2020-04-13 05:30:00+05:30,6832.55,2020-04-13 05:55:00+05:30,6691.83,-140.72000000000025,0
2640,2020-04-13 06:00:00+05:30,6661.04,2020-04-13 07:40:00+05:30,6707.49,46.44999999999982,2
2641,2020-04-13 09:20:00+05:30,6669.99,2020-04-13 10:10:00+05:30,6702.8,32.8100000000004,2
2642,2020-04-13 13:00:00+05:30,6684.0,2020-04-13 13:35:00+05:30,6719.78,35.779999999999745,2
2643,2020-04-13 15:10:00+05:30,6669.98,2020-04-13 15:30:00+05:30,6700.07,30.090000000000146,2
2644,2020-04-13 19:25:00+05:30,6619.95,2020-04-13 19:30:00+05:30,6693.16,73.21000000000004,2
2645,2020-04-14 06:30:00+05:30,6812.86,2020-04-14 07:10:00+05:30,6835.77,22.910000000000764,2
2646,2020-04-14 11:50:00+05:30,6863.99,2020-04-14 12:30:00+05:30,6876.99,13.0,2
2647,2020-04-14 13:05:00+05:30,6833.67,2020-04-14 14:55:00+05:30,6798.54,-35.13000000000011,1
2648,2020-04-15 00:10:00+05:30,6900.75,2020-04-15 01:10:00+05:30,6912.97,12.220000000000255,2
2649,2020-04-15 02:05:00+05:30,6846.4,2020-04-15 03:05:00+05:30,6878.26,31.860000000000582,2
2650,2020-04-15 05:10:00+05:30,6859.99,2020-04-15 06:45:00+05:30,6843.35,-16.639999999999418,1
2651,2020-04-15 10:55:00+05:30,6884.03,2020-04-15 11:20:00+05:30,6905.0,20.970000000000255,2
2652,2020-04-15 12:45:00+05:30,6873.25,2020-04-15 15:40:00+05:30,6858.11,-15.140000000000327,1
2653,2020-04-15 16:15:00+05:30,6788.88,2020-04-15 18:50:00+05:30,6736.73,-52.150000000000546,1
2654,2020-04-16 00:35:00+05:30,6733.67,2020-04-16 01:35:00+05:30,6744.79,11.11999999999989,2
2655,2020-04-16 03:10:00+05:30,6729.73,2020-04-16 05:30:00+05:30,6556.5,-173.22999999999956,0
2656,2020-04-16 08:35:00+05:30,6605.0,2020-04-16 08:50:00+05:30,6625.0,20.0,2
2657,2020-04-16 16:05:00+05:30,6934.93,2020-04-16 16:45:00+05:30,7006.01,71.07999999999993,2
2658,2020-04-16 22:00:00+05:30,6971.6,2020-04-16 22:50:00+05:30,7004.81,33.210000000000036,2
2659,2020-04-17 05:40:00+05:30,7062.87,2020-04-17 06:40:00+05:30,7090.05,27.18000000000029,2
2660,2020-04-17 09:30:00+05:30,7051.65,2020-04-17 10:30:00+05:30,7068.79,17.140000000000327,2
2661,2020-04-17 11:55:00+05:30,7033.86,2020-04-17 12:25:00+05:30,7057.35,23.49000000000069,2
2662,2020-04-17 16:55:00+05:30,7073.33,2020-04-17 17:35:00+05:30,7090.69,17.359999999999673,2
2663,2020-04-17 18:55:00+05:30,7041.6,2020-04-17 20:30:00+05:30,7050.82,9.219999999999345,2
2664,2020-04-18 03:15:00+05:30,7049.61,2020-04-18 03:45:00+05:30,7064.99,15.38000000000011,2
2665,2020-04-18 15:50:00+05:30,7066.12,2020-04-18 17:10:00+05:30,7078.54,12.420000000000073,2
2666,2020-04-18 21:30:00+05:30,7214.15,2020-04-18 22:50:00+05:30,7199.49,-14.659999999999854,1
2667,2020-04-19 05:40:00+05:30,7225.19,2020-04-19 07:10:00+05:30,7217.7,-7.489999999999782,1
2668,2020-04-19 10:35:00+05:30,7218.24,2020-04-19 12:45:00+05:30,7157.11,-61.13000000000011,1
2669,2020-04-19 13:30:00+05:30,7130.0,2020-04-19 13:55:00+05:30,7148.38,18.38000000000011,2
2670,2020-04-19 16:55:00+05:30,7140.36,2020-04-19 17:25:00+05:30,7163.19,22.829999999999927,2
2671,2020-04-19 18:35:00+05:30,7137.75,2020-04-19 20:20:00+05:30,7112.13,-25.61999999999989,1
2672,2020-04-20 00:40:00+05:30,7131.2,2020-04-20 02:05:00+05:30,7136.36,5.1599999999998545,2
2673,2020-04-20 05:05:00+05:30,7121.67,2020-04-20 06:05:00+05:30,7152.74,31.06999999999971,2
2674,2020-04-20 13:30:00+05:30,7144.13,2020-04-20 15:15:00+05:30,7149.75,5.619999999999891,2
2675,2020-04-20 15:30:00+05:30,7131.08,2020-04-20 17:15:00+05:30,6986.95,-144.1300000000001,0
2676,2020-04-20 17:20:00+05:30,6988.78,2020-04-20 18:10:00+05:30,7031.08,42.30000000000018,2
2677,2020-04-20 21:55:00+05:30,7042.0,2020-04-20 23:15:00+05:30,6873.55,-168.44999999999982,0
2678,2020-04-20 23:20:00+05:30,6867.35,2020-04-21 01:50:00+05:30,6835.16,-32.19000000000051,1
2679,2020-04-21 04:50:00+05:30,6832.66,2020-04-21 05:35:00+05:30,6865.72,33.0600000000004,2
2680,2020-04-21 07:55:00+05:30,6853.82,2020-04-21 08:40:00+05:30,6865.72,11.900000000000546,2
2681,2020-04-21 09:50:00+05:30,6833.0,2020-04-21 10:25:00+05:30,6853.12,20.11999999999989,2
2682,2020-04-21 12:40:00+05:30,6867.34,2020-04-21 13:05:00+05:30,6880.98,13.639999999999418,2
2683,2020-04-21 13:50:00+05:30,6861.84,2020-04-21 15:35:00+05:30,6839.92,-21.920000000000073,1
2684,2020-04-21 16:45:00+05:30,6780.39,2020-04-21 17:05:00+05:30,6820.0,39.60999999999967,2
2685,2020-04-21 19:05:00+05:30,6795.55,2020-04-21 19:20:00+05:30,6819.99,24.4399999999996,2
2686,2020-04-22 01:25:00+05:30,6864.92,2020-04-22 02:20:00+05:30,6886.36,21.4399999999996,2
2687,2020-04-22 05:05:00+05:30,6868.95,2020-04-22 06:45:00+05:30,6838.95,-30.0,1
2688,2020-04-22 23:20:00+05:30,7085.01,2020-04-23 00:00:00+05:30,7101.91,16.899999999999636,2
2689,2020-04-23 09:25:00+05:30,7113.27,2020-04-23 10:25:00+05:30,7127.29,14.019999999999527,2
2690,2020-04-23 11:25:00+05:30,7101.0,2020-04-23 12:55:00+05:30,7072.89,-28.109999999999673,1
2691,2020-04-23 16:25:00+05:30,7062.57,2020-04-23 16:55:00+05:30,7082.83,20.26000000000022,2
2692,2020-04-24 04:30:00+05:30,7517.01,2020-04-24 05:40:00+05:30,7518.15,1.139999999999418,2
2693,2020-04-24 07:10:00+05:30,7467.63,2020-04-24 07:50:00+05:30,7501.0,33.36999999999989,2
2694,2020-04-24 11:25:00+05:30,7495.59,2020-04-24 12:00:00+05:30,7522.31,26.720000000000255,2
2695,2020-04-24 16:00:00+05:30,7509.32,2020-04-24 16:35:00+05:30,7570.53,61.210000000000036,2
2696,2020-04-24 17:30:00+05:30,7477.64,2020-04-24 18:10:00+05:30,7513.94,36.29999999999927,2
2697,2020-04-24 19:15:00+05:30,7485.9,2020-04-24 20:20:00+05:30,7484.91,-0.9899999999997817,1
2698,2020-04-25 03:15:00+05:30,7518.41,2020-04-25 05:05:00+05:30,7498.07,-20.340000000000146,1
2699,2020-04-25 05:30:00+05:30,7477.58,2020-04-25 06:40:00+05:30,7482.55,4.970000000000255,2
2700,2020-04-25 13:40:00+05:30,7533.0,2020-04-25 14:25:00+05:30,7550.52,17.520000000000437,2
2701,2020-04-25 21:25:00+05:30,7528.84,2020-04-26 00:00:00+05:30,7539.73,10.889999999999418,2
2702,2020-04-26 02:30:00+05:30,7537.06,2020-04-26 03:35:00+05:30,7532.83,-4.230000000000473,1
2703,2020-04-26 09:45:00+05:30,7553.15,2020-04-26 11:35:00+05:30,7543.88,-9.269999999999527,1
2704,2020-04-26 13:50:00+05:30,7538.38,2020-04-26 14:10:00+05:30,7547.82,9.4399999999996,2
2705,2020-04-26 20:15:00+05:30,7642.43,2020-04-26 22:00:00+05:30,7567.3,-75.13000000000011,1
2706,2020-04-27 03:05:00+05:30,7610.0,2020-04-27 04:30:00+05:30,7620.01,10.010000000000218,2
2707,2020-04-27 09:55:00+05:30,7705.93,2020-04-27 10:10:00+05:30,7734.19,28.25999999999931,2
2708,2020-04-27 11:25:00+05:30,7698.0,2020-04-27 12:55:00+05:30,7678.8,-19.199999999999818,1
2709,2020-04-27 18:10:00+05:30,7687.08,2020-04-27 19:20:00+05:30,7699.01,11.930000000000291,2
2710,2020-04-27 23:05:00+05:30,7647.8,2020-04-27 23:30:00+05:30,7666.82,19.019999999999527,2
2711,2020-04-28 07:40:00+05:30,7673.11,2020-04-28 08:15:00+05:30,7697.52,24.410000000000764,2
2712,2020-04-28 09:35:00+05:30,7675.01,2020-04-28 10:25:00+05:30,7687.66,12.649999999999636,2
2713,2020-04-28 13:35:00+05:30,7685.45,2020-04-28 14:30:00+05:30,7699.66,14.210000000000036,2
2714,2020-04-28 17:30:00+05:30,7721.07,2020-04-28 17:50:00+05:30,7737.09,16.020000000000437,2
2715,2020-04-28 19:25:00+05:30,7727.1,2020-04-28 20:05:00+05:30,7739.4,12.299999999999272,2
2716,2020-04-28 20:25:00+05:30,7683.41,2020-04-28 20:55:00+05:30,7723.54,40.13000000000011,2
2717,2020-04-29 00:55:00+05:30,7720.56,2020-04-29 01:40:00+05:30,7729.5,8.9399999999996,2
2718,2020-04-29 02:45:00+05:30,7708.68,2020-04-29 03:05:00+05:30,7726.67,17.98999999999978,2
2719,2020-04-29 06:20:00+05:30,7735.94,2020-04-29 06:50:00+05:30,7749.42,13.480000000000473,2
2720,2020-04-30 03:40:00+05:30,8744.51,2020-04-30 04:20:00+05:30,8793.2,48.69000000000051,2
2721,2020-04-30 12:45:00+05:30,9119.18,2020-04-30 14:45:00+05:30,8893.4,-225.78000000000065,0
2722,2020-04-30 15:25:00+05:30,8634.15,2020-04-30 16:25:00+05:30,8895.07,260.9200000000001,2
2723,2020-04-30 18:15:00+05:30,8766.0,2020-04-30 18:45:00+05:30,8846.06,80.05999999999949,2
2724,2020-04-30 21:15:00+05:30,8768.56,2020-04-30 23:00:00+05:30,8582.62,-185.9399999999987,0
2725,2020-04-30 23:05:00+05:30,8500.0,2020-04-30 23:40:00+05:30,8628.68,128.6800000000003,2
2726,2020-05-01 03:45:00+05:30,8674.86,2020-05-01 04:25:00+05:30,8759.77,84.90999999999985,2
2727,2020-05-01 05:20:00+05:30,8612.37,2020-05-01 05:40:00+05:30,8681.07,68.69999999999891,2
2728,2020-05-01 09:10:00+05:30,8669.11,2020-05-01 09:35:00+05:30,8703.28,34.17000000000007,2
2729,2020-05-01 12:50:00+05:30,8726.17,2020-05-01 13:25:00+05:30,8767.18,41.01000000000022,2
2730,2020-05-01 19:30:00+05:30,8755.55,2020-05-01 20:15:00+05:30,8809.99,54.44000000000051,2
2731,2020-05-01 21:30:00+05:30,8693.44,2020-05-01 22:20:00+05:30,8748.21,54.76999999999862,2
2732,2020-05-02 02:00:00+05:30,8684.0,2020-05-02 02:25:00+05:30,8729.04,45.04000000000087,2
2733,2020-05-02 05:30:00+05:30,8786.42,2020-05-02 06:15:00+05:30,8834.0,47.57999999999993,2
2734,2020-05-02 07:00:00+05:30,8775.78,2020-05-02 07:50:00+05:30,8808.6,32.81999999999971,2
2735,2020-05-02 13:15:00+05:30,8800.01,2020-05-02 14:35:00+05:30,8797.0,-3.0100000000002183,1
2736,2020-05-02 23:30:00+05:30,8891.0,2020-05-03 01:05:00+05:30,8868.0,-23.0,1
2737,2020-05-03 11:30:00+05:30,9076.47,2020-05-03 13:05:00+05:30,9007.18,-69.28999999999905,1
2738,2020-05-03 16:15:00+05:30,9042.01,2020-05-03 16:50:00+05:30,9085.0,42.98999999999978,2
2739,2020-05-03 17:35:00+05:30,9013.76,2020-05-03 19:20:00+05:30,8940.65,-73.11000000000058,1
2740,2020-05-03 20:20:00+05:30,8813.4,2020-05-03 21:30:00+05:30,8850.01,36.61000000000058,2
2741,2020-05-03 23:05:00+05:30,8834.13,2020-05-03 23:55:00+05:30,8863.99,29.860000000000582,2
2742,2020-05-04 02:00:00+05:30,8823.23,2020-05-04 02:55:00+05:30,8843.62,20.390000000001237,2
2743,2020-05-04 06:05:00+05:30,8833.52,2020-05-04 07:55:00+05:30,8740.16,-93.36000000000058,1
2744,2020-05-04 09:45:00+05:30,8689.93,2020-05-04 11:30:00+05:30,8631.8,-58.13000000000102,1
2745,2020-05-04 14:45:00+05:30,8626.48,2020-05-04 15:45:00+05:30,8650.92,24.44000000000051,2
2746,2020-05-04 23:00:00+05:30,8755.0,2020-05-04 23:30:00+05:30,8821.2,66.20000000000073,2
2747,2020-05-05 04:25:00+05:30,8869.93,2020-05-05 05:30:00+05:30,8905.01,35.07999999999993,2
2748,2020-05-05 12:10:00+05:30,8964.67,2020-05-05 12:25:00+05:30,9024.98,60.30999999999949,2
2749,2020-05-05 15:30:00+05:30,8878.56,2020-05-05 16:55:00+05:30,8881.93,3.3700000000008004,2
2750,2020-05-06 06:15:00+05:30,8932.94,2020-05-06 07:05:00+05:30,8975.66,42.719999999999345,2
2751,2020-05-06 18:50:00+05:30,9145.13,2020-05-06 19:35:00+05:30,9243.0,97.8700000000008,2
2752,2020-05-06 22:45:00+05:30,9227.66,2020-05-06 23:20:00+05:30,9257.75,30.090000000000146,2
2753,2020-05-07 05:15:00+05:30,9230.0,2020-05-07 06:30:00+05:30,9217.01,-12.989999999999782,1
2754,2020-05-07 12:25:00+05:30,9251.83,2020-05-07 12:40:00+05:30,9281.8,29.969999999999345,2
2755,2020-05-07 16:20:00+05:30,9280.28,2020-05-07 17:00:00+05:30,9300.97,20.68999999999869,2
2756,2020-05-07 21:00:00+05:30,9445.01,2020-05-07 21:20:00+05:30,9520.0,74.98999999999978,2
2757,2020-05-08 02:20:00+05:30,9731.5,2020-05-08 02:55:00+05:30,9840.6,109.10000000000036,2
2758,2020-05-08 08:05:00+05:30,9900.74,2020-05-08 09:10:00+05:30,9914.97,14.229999999999563,2
2759,2020-05-08 10:50:00+05:30,9852.89,2020-05-08 11:00:00+05:30,9903.98,51.090000000000146,2
2760,2020-05-08 11:30:00+05:30,9851.0,2020-05-08 13:20:00+05:30,9802.0,-49.0,1
2761,2020-05-08 17:30:00+05:30,9803.74,2020-05-08 18:05:00+05:30,9897.74,94.0,2
2762,2020-05-09 00:25:00+05:30,9888.94,2020-05-09 01:05:00+05:30,9959.28,70.34000000000015,2
2763,2020-05-09 04:05:00+05:30,9957.02,2020-05-09 06:00:00+05:30,9857.22,-99.80000000000109,1
2764,2020-05-09 07:35:00+05:30,9838.9,2020-05-09 08:15:00+05:30,9868.99,30.090000000000146,2
2765,2020-05-09 09:45:00+05:30,9835.26,2020-05-09 11:10:00+05:30,9833.43,-1.8299999999999272,1
2766,2020-05-09 12:20:00+05:30,9750.0,2020-05-09 13:50:00+05:30,9688.94,-61.05999999999949,1
2767,2020-05-09 15:40:00+05:30,9625.34,2020-05-09 16:30:00+05:30,9647.99,22.649999999999636,2
2768,2020-05-09 16:55:00+05:30,9553.16,2020-05-09 17:20:00+05:30,9624.61,71.45000000000073,2
2769,2020-05-09 20:50:00+05:30,9643.0,2020-05-09 21:20:00+05:30,9685.0,42.0,2
2770,2020-05-10 00:20:00+05:30,9729.58,2020-05-10 00:50:00+05:30,9759.18,29.600000000000364,2
2771,2020-05-10 02:10:00+05:30,9689.83,2020-05-10 03:30:00+05:30,9658.45,-31.3799999999992,1
2772,2020-05-10 04:15:00+05:30,9604.34,2020-05-10 05:40:00+05:30,9340.77,-263.5699999999997,0
2773,2020-05-10 05:45:00+05:30,8628.15,2020-05-10 05:50:00+05:30,8406.76,-221.38999999999942,0
2774,2020-05-10 05:55:00+05:30,8512.46,2020-05-10 07:25:00+05:30,8712.01,199.5500000000011,2
2775,2020-05-10 08:35:00+05:30,8569.67,2020-05-10 09:15:00+05:30,8648.45,78.78000000000065,2
2776,2020-05-10 10:10:00+05:30,8484.52,2020-05-10 10:30:00+05:30,8590.99,106.46999999999935,2
2777,2020-05-10 15:25:00+05:30,8749.73,2020-05-10 16:00:00+05:30,8808.02,58.29000000000087,2
2778,2020-05-10 16:55:00+05:30,8715.87,2020-05-10 17:50:00+05:30,8756.84,40.969999999999345,2
2779,2020-05-10 20:20:00+05:30,8683.96,2020-05-10 22:05:00+05:30,8469.97,-213.98999999999978,0
2780,2020-05-10 22:10:00+05:30,8461.52,2020-05-10 22:25:00+05:30,8270.0,-191.52000000000044,0
2781,2020-05-11 04:55:00+05:30,8664.75,2020-05-11 05:15:00+05:30,8763.45,98.70000000000073,2
2782,2020-05-11 06:50:00+05:30,8694.64,2020-05-11 07:45:00+05:30,8733.56,38.92000000000007,2
2783,2020-05-11 09:00:00+05:30,8690.16,2020-05-11 11:05:00+05:30,8666.3,-23.860000000000582,1
2784,2020-05-11 13:05:00+05:30,8640.7,2020-05-11 15:40:00+05:30,8644.99,4.289999999999054,2
2785,2020-05-11 22:05:00+05:30,8500.87,2020-05-11 23:45:00+05:30,8300.0,-200.8700000000008,0
2786,2020-05-12 03:10:00+05:30,8557.31,2020-05-12 04:05:00+05:30,8603.2,45.89000000000124,2
2787,2020-05-12 04:55:00+05:30,8525.05,2020-05-12 05:05:00+05:30,8593.82,68.77000000000044,2
2788,2020-05-12 11:55:00+05:30,8673.86,2020-05-12 13:35:00+05:30,8711.38,37.51999999999862,2
2789,2020-05-12 18:40:00+05:30,8684.99,2020-05-12 19:30:00+05:30,8786.32,101.32999999999993,2
2790,2020-05-12 23:15:00+05:30,8839.91,2020-05-13 00:00:00+05:30,8901.9,61.98999999999978,2
2791,2020-05-13 01:25:00+05:30,8792.19,2020-05-13 02:40:00+05:30,8822.71,30.519999999998618,2
2792,2020-05-13 03:20:00+05:30,8763.6,2020-05-13 03:45:00+05:30,8815.92,52.31999999999971,2
2793,2020-05-13 09:40:00+05:30,8884.38,2020-05-13 10:10:00+05:30,8915.26,30.88000000000102,2
2794,2020-05-13 13:00:00+05:30,8875.12,2020-05-13 14:00:00+05:30,8896.23,21.109999999998763,2
2795,2020-05-13 22:05:00+05:30,9066.59,2020-05-13 23:20:00+05:30,9083.41,16.81999999999971,2
2796,2020-05-14 04:15:00+05:30,9280.96,2020-05-14 04:30:00+05:30,9325.94,44.98000000000138,2
2797,2020-05-14 10:30:00+05:30,9295.14,2020-05-14 10:55:00+05:30,9332.84,37.70000000000073,2
2798,2020-05-14 16:10:00+05:30,9603.74,2020-05-14 16:45:00+05:30,9756.77,153.03000000000065,2
2799,2020-05-14 18:05:00+05:30,9557.94,2020-05-14 18:50:00+05:30,9627.63,69.68999999999869,2
2800,2020-05-14 22:00:00+05:30,9622.23,2020-05-14 23:45:00+05:30,9644.0,21.770000000000437,2
2801,2020-05-15 07:30:00+05:30,9668.16,2020-05-15 08:00:00+05:30,9427.08,-241.07999999999993,0
2802,2020-05-15 08:05:00+05:30,9414.91,2020-05-15 09:50:00+05:30,9505.66,90.75,2
2803,2020-05-15 10:25:00+05:30,9444.21,2020-05-15 11:05:00+05:30,9467.86,23.650000000001455,2
2804,2020-05-15 14:30:00+05:30,9596.85,2020-05-15 15:00:00+05:30,9652.12,55.27000000000044,2
2805,2020-05-15 15:20:00+05:30,9587.49,2020-05-15 16:15:00+05:30,9600.29,12.800000000001091,2
2806,2020-05-15 17:55:00+05:30,9522.93,2020-05-15 18:45:00+05:30,9568.46,45.529999999998836,2
2807,2020-05-15 20:35:00+05:30,9498.4,2020-05-15 21:55:00+05:30,9505.03,6.630000000001019,2
2808,2020-05-16 00:45:00+05:30,9392.0,2020-05-16 02:50:00+05:30,9319.85,-72.14999999999964,1
2809,2020-05-16 13:25:00+05:30,9390.02,2020-05-16 14:20:00+05:30,9422.66,32.63999999999942,2
2810,2020-05-16 14:50:00+05:30,9364.71,2020-05-16 15:15:00+05:30,9406.0,41.29000000000087,2
2811,2020-05-16 21:20:00+05:30,9361.07,2020-05-16 21:40:00+05:30,9406.59,45.52000000000044,2
2812,2020-05-16 22:00:00+05:30,9345.75,2020-05-16 22:25:00+05:30,9385.72,39.969999999999345,2
2813,2020-05-16 23:20:00+05:30,9326.13,2020-05-17 00:45:00+05:30,9318.12,-8.0099999999984,1
2814,2020-05-17 05:30:00+05:30,9353.89,2020-05-17 05:55:00+05:30,9421.34,67.45000000000073,2
2815,2020-05-17 11:05:00+05:30,9495.85,2020-05-17 11:40:00+05:30,9512.29,16.44000000000051,2
2816,2020-05-17 13:50:00+05:30,9502.24,2020-05-17 15:30:00+05:30,9519.47,17.229999999999563,2
2817,2020-05-17 22:05:00+05:30,9754.86,2020-05-17 23:05:00+05:30,9765.49,10.6299999999992,2
2818,2020-05-18 00:00:00+05:30,9719.75,2020-05-18 00:20:00+05:30,9759.13,39.3799999999992,2
2819,2020-05-18 03:30:00+05:30,9692.01,2020-05-18 04:35:00+05:30,9706.73,14.719999999999345,2
2820,2020-05-18 09:00:00+05:30,9836.01,2020-05-18 09:30:00+05:30,9886.47,50.45999999999913,2
2821,2020-05-18 11:35:00+05:30,9804.1,2020-05-18 13:25:00+05:30,9785.71,-18.390000000001237,1
2822,2020-05-18 14:10:00+05:30,9706.29,2020-05-18 15:40:00+05:30,9603.73,-102.56000000000131,1
2823,2020-05-18 17:30:00+05:30,9614.99,2020-05-18 18:15:00+05:30,9642.19,27.200000000000728,2
2824,2020-05-18 21:50:00+05:30,9625.66,2020-05-18 23:30:00+05:30,9632.93,7.270000000000437,2
2825,2020-05-19 02:05:00+05:30,9655.89,2020-05-19 02:45:00+05:30,9696.72,40.82999999999993,2
2826,2020-05-19 05:30:00+05:30,9638.48,2020-05-19 07:00:00+05:30,9645.11,6.630000000001019,2
2827,2020-05-19 07:40:00+05:30,9591.0,2020-05-19 08:35:00+05:30,9619.73,28.729999999999563,2
2828,2020-05-19 09:15:00+05:30,9571.62,2020-05-19 10:30:00+05:30,9562.98,-8.640000000001237,1
2829,2020-05-19 13:20:00+05:30,9568.02,2020-05-19 13:30:00+05:30,9686.18,118.15999999999985,2
2830,2020-05-19 15:40:00+05:30,9767.41,2020-05-19 15:55:00+05:30,9794.0,26.590000000000146,2
2831,2020-05-19 17:20:00+05:30,9728.26,2020-05-19 18:55:00+05:30,9671.94,-56.31999999999971,1
2832,2020-05-19 23:00:00+05:30,9637.64,2020-05-19 23:35:00+05:30,9678.35,40.710000000000946,2
2833,2020-05-20 01:25:00+05:30,9644.13,2020-05-20 02:10:00+05:30,9676.5,32.3700000000008,2
2834,2020-05-20 03:45:00+05:30,9659.71,2020-05-20 03:55:00+05:30,9704.12,44.41000000000167,2
2835,2020-05-20 07:40:00+05:30,9718.14,2020-05-20 08:30:00+05:30,9751.68,33.54000000000087,2
2836,2020-05-20 15:45:00+05:30,9739.13,2020-05-20 16:15:00+05:30,9769.17,30.040000000000873,2
2837,2020-05-20 17:25:00+05:30,9731.21,2020-05-20 17:55:00+05:30,9756.81,25.600000000000364,2
2838,2020-05-20 20:30:00+05:30,9740.3,2020-05-20 21:20:00+05:30,9409.86,-330.4399999999987,0
2839,2020-05-20 21:25:00+05:30,9414.5,2020-05-20 22:50:00+05:30,9498.41,83.90999999999985,2
2840,2020-05-21 00:35:00+05:30,9497.83,2020-05-21 01:00:00+05:30,9524.24,26.409999999999854,2
2841,2020-05-21 04:10:00+05:30,9531.97,2020-05-21 05:05:00+05:30,9539.05,7.079999999999927,2
2842,2020-05-21 07:10:00+05:30,9526.0,2020-05-21 09:30:00+05:30,9496.0,-30.0,1
2843,2020-05-21 10:05:00+05:30,9442.43,2020-05-21 10:20:00+05:30,9487.21,44.779999999998836,2
2844,2020-05-21 12:50:00+05:30,9465.84,2020-05-21 14:45:00+05:30,9428.72,-37.1200000000008,1
2845,2020-05-21 15:25:00+05:30,9298.79,2020-05-21 16:15:00+05:30,9360.0,61.20999999999913,2
2846,2020-05-21 17:50:00+05:30,9335.95,2020-05-21 18:00:00+05:30,9367.96,32.0099999999984,2
2847,2020-05-21 19:15:00+05:30,9326.33,2020-05-21 20:05:00+05:30,9124.42,-201.90999999999985,0
2848,2020-05-21 20:10:00+05:30,9025.21,2020-05-21 21:45:00+05:30,9092.63,67.42000000000007,2
2849,2020-05-21 23:25:00+05:30,9006.99,2020-05-22 00:40:00+05:30,9031.01,24.020000000000437,2
2850,2020-05-22 04:40:00+05:30,9090.95,2020-05-22 06:30:00+05:30,9103.0,12.049999999999272,2
2851,2020-05-22 08:20:00+05:30,9052.31,2020-05-22 10:30:00+05:30,9015.26,-37.04999999999927,1
2852,2020-05-22 18:55:00+05:30,9128.59,2020-05-22 20:00:00+05:30,9152.87,24.280000000000655,2
2853,2020-05-23 01:05:00+05:30,9170.77,2020-05-23 02:05:00+05:30,9195.34,24.56999999999971,2
2854,2020-05-23 04:50:00+05:30,9167.27,2020-05-23 05:35:00+05:30,9183.67,16.399999999999636,2
2855,2020-05-23 10:05:00+05:30,9254.17,2020-05-23 11:25:00+05:30,9263.34,9.170000000000073,2
2856,2020-05-23 11:40:00+05:30,9224.89,2020-05-23 12:20:00+05:30,9246.98,22.090000000000146,2
2857,2020-05-23 13:35:00+05:30,9203.44,2020-05-23 15:00:00+05:30,9199.0,-4.440000000000509,1
2858,2020-05-23 15:25:00+05:30,9138.78,2020-05-23 16:30:00+05:30,9159.25,20.469999999999345,2
2859,2020-05-23 17:50:00+05:30,9120.08,2020-05-23 18:35:00+05:30,9155.15,35.06999999999971,2
2860,2020-05-23 21:40:00+05:30,9160.29,2020-05-23 22:15:00+05:30,9176.84,16.549999999999272,2
2861,2020-05-24 00:30:00+05:30,9135.67,2020-05-24 00:40:00+05:30,9177.96,42.289999999999054,2
2862,2020-05-24 04:45:00+05:30,9204.64,2020-05-24 06:10:00+05:30,9188.25,-16.389999999999418,1
2863,2020-05-24 10:35:00+05:30,9185.47,2020-05-24 10:45:00+05:30,9206.24,20.770000000000437,2
2864,2020-05-24 13:10:00+05:30,9266.17,2020-05-24 14:10:00+05:30,9267.08,0.9099999999998545,2
2865,2020-05-24 16:35:00+05:30,9239.0,2020-05-24 18:15:00+05:30,9161.77,-77.22999999999956,1
2866,2020-05-24 19:15:00+05:30,9048.0,2020-05-24 20:50:00+05:30,9075.24,27.23999999999978,2
2867,2020-05-24 21:30:00+05:30,9012.81,2020-05-24 23:00:00+05:30,8966.06,-46.75,1
2868,2020-05-25 04:35:00+05:30,9006.98,2020-05-25 05:00:00+05:30,8770.11,-236.86999999999898,0
2869,2020-05-25 05:05:00+05:30,8768.44,2020-05-25 06:25:00+05:30,8811.37,42.93000000000029,2
2870,2020-05-25 09:00:00+05:30,8754.25,2020-05-25 09:25:00+05:30,8786.57,32.31999999999971,2
2871,2020-05-25 11:00:00+05:30,8767.98,2020-05-25 11:45:00+05:30,8793.01,25.030000000000655,2
2872,2020-05-25 15:05:00+05:30,8774.89,2020-05-25 17:10:00+05:30,8760.0,-14.889999999999418,1
2873,2020-05-26 02:40:00+05:30,8888.66,2020-05-26 03:30:00+05:30,8912.99,24.329999999999927,2
2874,2020-05-26 05:55:00+05:30,8839.02,2020-05-26 06:45:00+05:30,8880.6,41.57999999999993,2
2875,2020-05-26 12:35:00+05:30,8873.25,2020-05-26 12:55:00+05:30,8918.09,44.840000000000146,2
2876,2020-05-26 14:55:00+05:30,8930.38,2020-05-26 17:20:00+05:30,8879.84,-50.539999999999054,1
2877,2020-05-26 17:50:00+05:30,8822.64,2020-05-26 18:55:00+05:30,8845.75,23.110000000000582,2
2878,2020-05-26 20:55:00+05:30,8755.0,2020-05-26 21:55:00+05:30,8790.25,35.25,2
2879,2020-05-27 00:40:00+05:30,8781.91,2020-05-27 01:25:00+05:30,8800.0,18.090000000000146,2
2880,2020-05-27 03:50:00+05:30,8812.03,2020-05-27 04:25:00+05:30,8834.92,22.889999999999418,2
2881,2020-05-27 08:05:00+05:30,8835.16,2020-05-27 09:20:00+05:30,8844.23,9.069999999999709,2
2882,2020-05-27 11:55:00+05:30,8847.56,2020-05-27 12:50:00+05:30,8852.24,4.680000000000291,2
2883,2020-05-27 23:35:00+05:30,9160.86,2020-05-27 23:45:00+05:30,9186.35,25.48999999999978,2
2884,2020-05-28 00:30:00+05:30,9149.94,2020-05-28 01:30:00+05:30,9167.11,17.170000000000073,2
2885,2020-05-28 02:50:00+05:30,9144.99,2020-05-28 04:05:00+05:30,9120.0,-24.98999999999978,1
2886,2020-05-28 07:50:00+05:30,9174.62,2020-05-28 09:45:00+05:30,9186.43,11.80999999999949,2
2887,2020-05-28 11:00:00+05:30,9146.81,2020-05-28 11:40:00+05:30,9175.6,28.790000000000873,2
2888,2020-05-28 13:05:00+05:30,9142.2,2020-05-28 13:55:00+05:30,9165.51,23.30999999999949,2
2889,2020-05-28 16:20:00+05:30,9171.42,2020-05-28 16:45:00+05:30,9226.4,54.97999999999956,2
2890,2020-05-29 00:25:00+05:30,9425.97,2020-05-29 00:50:00+05:30,9470.47,44.5,2
2891,2020-05-29 03:05:00+05:30,9415.0,2020-05-29 03:30:00+05:30,9442.12,27.1200000000008,2
2892,2020-05-29 06:20:00+05:30,9510.17,2020-05-29 07:25:00+05:30,9515.03,4.860000000000582,2
2893,2020-05-29 09:00:00+05:30,9492.94,2020-05-29 09:10:00+05:30,9513.0,20.05999999999949,2
2894,2020-05-29 10:40:00+05:30,9490.38,2020-05-29 10:55:00+05:30,9521.01,30.63000000000102,2
2895,2020-05-29 13:50:00+05:30,9460.67,2020-05-29 15:55:00+05:30,9461.87,1.2000000000007276,2
2896,2020-05-29 16:00:00+05:30,9442.33,2020-05-29 17:35:00+05:30,9424.17,-18.159999999999854,1
2897,2020-05-29 20:45:00+05:30,9348.0,2020-05-29 21:30:00+05:30,9432.74,84.73999999999978,2
2898,2020-05-30 01:10:00+05:30,9402.03,2020-05-30 01:40:00+05:30,9425.11,23.079999999999927,2
2899,2020-05-30 02:45:00+05:30,9390.46,2020-05-30 03:35:00+05:30,9405.0,14.540000000000873,2
2900,2020-05-30 05:30:00+05:30,9409.96,2020-05-30 06:50:00+05:30,9387.98,-21.979999999999563,1
2901,2020-05-30 08:45:00+05:30,9350.01,2020-05-30 09:15:00+05:30,9380.0,29.98999999999978,2
2902,2020-05-30 14:30:00+05:30,9523.83,2020-05-30 15:45:00+05:30,9523.87,0.040000000000873115,2
2903,2020-05-30 20:30:00+05:30,9522.29,2020-05-30 21:25:00+05:30,9540.6,18.30999999999949,2
2904,2020-05-31 01:30:00+05:30,9512.87,2020-05-31 03:20:00+05:30,9456.17,-56.70000000000073,1
2905,2020-05-31 07:30:00+05:30,9636.78,2020-05-31 08:15:00+05:30,9645.94,9.159999999999854,2
2906,2020-05-31 09:05:00+05:30,9609.14,2020-05-31 10:45:00+05:30,9595.73,-13.409999999999854,1
2907,2020-05-31 14:00:00+05:30,9543.52,2020-05-31 14:45:00+05:30,9564.42,20.899999999999636,2
2908,2020-05-31 18:45:00+05:30,9532.39,2020-05-31 18:55:00+05:30,9594.77,62.38000000000102,2
2909,2020-05-31 20:25:00+05:30,9471.11,2020-05-31 21:30:00+05:30,9493.6,22.48999999999978,2
2910,2020-05-31 23:30:00+05:30,9492.98,2020-06-01 00:40:00+05:30,9518.23,25.25,2
2911,2020-06-01 02:35:00+05:30,9474.19,2020-06-01 03:30:00+05:30,9495.07,20.8799999999992,2
2912,2020-06-01 04:30:00+05:30,9413.04,2020-06-01 05:20:00+05:30,9474.14,61.099999999998545,2
2913,2020-06-01 14:15:00+05:30,9534.51,2020-06-01 14:55:00+05:30,9552.57,18.05999999999949,2
2914,2020-06-01 15:35:00+05:30,9525.51,2020-06-01 16:10:00+05:30,9540.53,15.020000000000437,2
2915,2020-06-01 20:30:00+05:30,9506.0,2020-06-01 21:25:00+05:30,9546.98,40.97999999999956,2
2916,2020-06-01 23:55:00+05:30,9564.03,2020-06-02 00:20:00+05:30,9579.11,15.079999999999927,2
2917,2020-06-02 08:35:00+05:30,10060.33,2020-06-02 09:15:00+05:30,10099.0,38.67000000000007,2
2918,2020-06-02 20:15:00+05:30,9533.22,2020-06-02 21:55:00+05:30,9489.07,-44.149999999999636,1
2919,2020-06-03 01:40:00+05:30,9471.89,2020-06-03 02:20:00+05:30,9515.88,43.98999999999978,2
2920,2020-06-03 04:00:00+05:30,9504.0,2020-06-03 05:00:00+05:30,9517.59,13.590000000000146,2
2921,2020-06-03 06:45:00+05:30,9502.57,2020-06-03 08:15:00+05:30,9505.83,3.2600000000002183,2
2922,2020-06-03 10:45:00+05:30,9460.0,2020-06-03 11:00:00+05:30,9513.18,53.18000000000029,2
2923,2020-06-03 19:40:00+05:30,9531.7,2020-06-03 20:25:00+05:30,9580.71,49.0099999999984,2
2924,2020-06-03 23:30:00+05:30,9550.1,2020-06-04 00:00:00+05:30,9576.23,26.1299999999992,2
2925,2020-06-04 10:00:00+05:30,9649.99,2020-06-04 12:00:00+05:30,9647.07,-2.9200000000000728,1
2926,2020-06-04 13:35:00+05:30,9636.04,2020-06-04 16:30:00+05:30,9553.95,-82.09000000000015,1
2927,2020-06-04 17:00:00+05:30,9502.69,2020-06-04 17:05:00+05:30,9589.99,87.29999999999927,2
2928,2020-06-05 00:25:00+05:30,9762.71,2020-06-05 01:15:00+05:30,9815.63,52.92000000000007,2
2929,2020-06-05 05:50:00+05:30,9768.92,2020-06-05 06:25:00+05:30,9803.19,34.27000000000044,2
2930,2020-06-05 08:05:00+05:30,9795.61,2020-06-05 08:30:00+05:30,9819.86,24.25,2
2931,2020-06-05 08:55:00+05:30,9785.8,2020-06-05 09:30:00+05:30,9813.33,27.530000000000655,2
2932,2020-06-05 11:40:00+05:30,9761.59,2020-06-05 12:05:00+05:30,9795.06,33.469999999999345,2
2933,2020-06-05 15:40:00+05:30,9752.49,2020-06-05 18:00:00+05:30,9713.0,-39.48999999999978,1
2934,2020-06-05 20:55:00+05:30,9662.94,2020-06-05 21:15:00+05:30,9696.5,33.55999999999949,2
2935,2020-06-06 01:00:00+05:30,9709.87,2020-06-06 01:30:00+05:30,9729.97,20.099999999998545,2
2936,2020-06-06 01:55:00+05:30,9705.33,2020-06-06 02:25:00+05:30,9714.22,8.889999999999418,2
2937,2020-06-06 03:20:00+05:30,9660.0,2020-06-06 04:15:00+05:30,9677.37,17.3700000000008,2
2938,2020-06-06 04:45:00+05:30,9633.34,2020-06-06 05:05:00+05:30,9668.85,35.51000000000022,2
2939,2020-06-06 05:15:00+05:30,9635.44,2020-06-06 06:50:00+05:30,9601.16,-34.280000000000655,1
2940,2020-06-06 07:40:00+05:30,9567.73,2020-06-06 08:00:00+05:30,9593.04,25.31000000000131,2
2941,2020-06-06 13:35:00+05:30,9597.28,2020-06-06 14:25:00+05:30,9605.1,7.819999999999709,2
2942,2020-06-06 22:20:00+05:30,9611.31,2020-06-06 23:35:00+05:30,9618.01,6.700000000000728,2
2943,2020-06-07 03:50:00+05:30,9659.35,2020-06-07 05:05:00+05:30,9663.12,3.7700000000004366,2
2944,2020-06-07 11:20:00+05:30,9659.31,2020-06-07 12:05:00+05:30,9678.4,19.090000000000146,2
2945,2020-06-07 12:50:00+05:30,9653.32,2020-06-07 13:15:00+05:30,9665.78,12.460000000000946,2
2946,2020-06-07 13:50:00+05:30,9614.53,2020-06-07 14:15:00+05:30,9652.0,37.469999999999345,2
2947,2020-06-07 16:55:00+05:30,9610.0,2020-06-07 20:30:00+05:30,9476.52,-133.47999999999956,1
2948,2020-06-08 08:05:00+05:30,9717.76,2020-06-08 09:25:00+05:30,9725.83,8.069999999999709,2
2949,2020-06-08 13:45:00+05:30,9671.93,2020-06-08 14:45:00+05:30,9704.2,32.27000000000044,2
2950,2020-06-08 18:25:00+05:30,9719.5,2020-06-08 20:35:00+05:30,9691.46,-28.040000000000873,1
2951,2020-06-08 22:15:00+05:30,9664.45,2020-06-08 22:20:00+05:30,9717.73,53.279999999998836,2
2952,2020-06-09 00:30:00+05:30,9695.9,2020-06-09 01:40:00+05:30,9710.45,14.550000000001091,2
2953,2020-06-09 08:35:00+05:30,9676.9,2020-06-09 10:05:00+05:30,9678.16,1.2600000000002183,2
2954,2020-06-09 12:55:00+05:30,9680.98,2020-06-09 14:20:00+05:30,9685.0,4.020000000000437,2
2955,2020-06-09 14:50:00+05:30,9653.82,2020-06-09 15:20:00+05:30,9674.68,20.860000000000582,2
2956,2020-06-09 19:00:00+05:30,9700.0,2020-06-09 20:05:00+05:30,9705.8,5.799999999999272,2
2957,2020-06-09 21:40:00+05:30,9700.6,2020-06-09 22:00:00+05:30,9718.0,17.399999999999636,2
2958,2020-06-09 22:30:00+05:30,9693.25,2020-06-09 22:50:00+05:30,9716.8,23.549999999999272,2
2959,2020-06-10 00:50:00+05:30,9696.48,2020-06-10 01:00:00+05:30,9706.24,9.760000000000218,2
2960,2020-06-10 05:20:00+05:30,9756.41,2020-06-10 05:45:00+05:30,9772.0,15.590000000000146,2
2961,2020-06-10 09:05:00+05:30,9751.0,2020-06-10 10:30:00+05:30,9758.52,7.520000000000437,2
2962,2020-06-10 12:50:00+05:30,9746.97,2020-06-10 14:15:00+05:30,9749.14,2.1700000000000728,2
2963,2020-06-10 14:30:00+05:30,9729.58,2020-06-10 15:15:00+05:30,9738.25,8.670000000000073,2
2964,2020-06-10 17:25:00+05:30,9729.6,2020-06-10 17:35:00+05:30,9749.69,20.090000000000146,2
2965,2020-06-10 19:45:00+05:30,9739.04,2020-06-10 20:40:00+05:30,9761.87,22.829999999999927,2
2966,2020-06-11 03:10:00+05:30,9839.91,2020-06-11 03:30:00+05:30,9862.92,23.01000000000022,2
2967,2020-06-11 08:50:00+05:30,9900.28,2020-06-11 11:25:00+05:30,9887.16,-13.1200000000008,1
2968,2020-06-11 11:45:00+05:30,9790.68,2020-06-11 14:05:00+05:30,9815.67,24.98999999999978,2
2969,2020-06-11 15:10:00+05:30,9781.21,2020-06-11 16:15:00+05:30,9803.38,22.170000000000073,2
2970,2020-06-11 17:10:00+05:30,9773.98,2020-06-11 17:25:00+05:30,9788.57,14.590000000000146,2
2971,2020-06-11 17:40:00+05:30,9756.01,2020-06-11 17:50:00+05:30,9791.51,35.5,2
2972,2020-06-11 18:25:00+05:30,9721.37,2020-06-11 20:40:00+05:30,9524.52,-196.85000000000036,0
2973,2020-06-11 20:45:00+05:30,9553.02,2020-06-11 22:20:00+05:30,9343.81,-209.21000000000095,0
2974,2020-06-11 22:25:00+05:30,9117.01,2020-06-11 23:25:00+05:30,9382.57,265.5599999999995,2
2975,2020-06-12 01:30:00+05:30,9253.05,2020-06-12 02:00:00+05:30,9286.28,33.23000000000138,2
2976,2020-06-12 04:15:00+05:30,9319.15,2020-06-12 05:50:00+05:30,9304.45,-14.699999999998909,1
2977,2020-06-12 20:20:00+05:30,9438.86,2020-06-12 21:30:00+05:30,9430.0,-8.860000000000582,1
2978,2020-06-12 22:50:00+05:30,9392.98,2020-06-12 23:55:00+05:30,9391.0,-1.9799999999995634,1
2979,2020-06-13 06:10:00+05:30,9433.0,2020-06-13 07:00:00+05:30,9446.27,13.270000000000437,2
2980,2020-06-13 07:50:00+05:30,9420.05,2020-06-13 08:55:00+05:30,9428.0,7.950000000000728,2
2981,2020-06-13 09:25:00+05:30,9408.54,2020-06-13 10:25:00+05:30,9407.6,-0.9400000000005093,1
2982,2020-06-13 15:50:00+05:30,9421.94,2020-06-13 17:00:00+05:30,9422.82,0.8799999999991996,2
2983,2020-06-13 21:40:00+05:30,9421.93,2020-06-13 22:15:00+05:30,9438.77,16.840000000000146,2
2984,2020-06-14 01:20:00+05:30,9406.47,2020-06-14 02:40:00+05:30,9411.0,4.530000000000655,2
2985,2020-06-14 08:50:00+05:30,9430.99,2020-06-14 09:35:00+05:30,9441.94,10.950000000000728,2
2986,2020-06-14 11:15:00+05:30,9420.06,2020-06-14 11:20:00+05:30,9435.0,14.94000000000051,2
2987,2020-06-14 12:10:00+05:30,9413.39,2020-06-14 13:25:00+05:30,9414.63,1.2399999999997817,2
2988,2020-06-14 17:55:00+05:30,9413.18,2020-06-14 19:15:00+05:30,9408.15,-5.030000000000655,1
2989,2020-06-14 20:10:00+05:30,9339.53,2020-06-14 20:50:00+05:30,9383.22,43.68999999999869,2
2990,2020-06-14 23:35:00+05:30,9379.99,2020-06-15 00:20:00+05:30,9389.01,9.020000000000437,2
2991,2020-06-15 02:35:00+05:30,9374.26,2020-06-15 03:55:00+05:30,9358.59,-15.670000000000073,1
2992,2020-06-15 06:35:00+05:30,9312.26,2020-06-15 10:00:00+05:30,9216.77,-95.48999999999978,1
2993,2020-06-15 10:40:00+05:30,9149.99,2020-06-15 12:25:00+05:30,9053.0,-96.98999999999978,1
2994,2020-06-15 15:55:00+05:30,9111.59,2020-06-15 16:50:00+05:30,9129.36,17.770000000000437,2
2995,2020-06-15 18:15:00+05:30,9092.19,2020-06-15 19:05:00+05:30,9105.68,13.489999999999782,2
2996,2020-06-16 04:00:00+05:30,9412.44,2020-06-16 04:35:00+05:30,9444.95,32.51000000000022,2
2997,2020-06-16 06:05:00+05:30,9394.36,2020-06-16 06:35:00+05:30,9418.47,24.109999999998763,2
2998,2020-06-16 12:05:00+05:30,9500.65,2020-06-16 13:15:00+05:30,9515.12,14.470000000001164,2
2999,2020-06-16 17:00:00+05:30,9491.06,2020-06-16 17:20:00+05:30,9518.05,26.98999999999978,2
3000,2020-06-16 20:10:00+05:30,9464.17,2020-06-16 21:40:00+05:30,9459.8,-4.3700000000008,1
3001,2020-06-17 05:55:00+05:30,9493.81,2020-06-17 07:40:00+05:30,9478.83,-14.979999999999563,1
3002,2020-06-17 08:10:00+05:30,9445.78,2020-06-17 08:50:00+05:30,9457.19,11.409999999999854,2
3003,2020-06-17 10:55:00+05:30,9450.91,2020-06-17 11:40:00+05:30,9465.58,14.670000000000073,2
3004,2020-06-17 16:30:00+05:30,9472.37,2020-06-17 16:40:00+05:30,9486.93,14.55999999999949,2
3005,2020-06-17 18:55:00+05:30,9470.22,2020-06-17 21:35:00+05:30,9415.01,-55.20999999999913,1
3006,2020-06-17 21:45:00+05:30,9372.9,2020-06-17 22:35:00+05:30,9402.0,29.100000000000364,2
3007,2020-06-18 00:55:00+05:30,9387.0,2020-06-18 02:00:00+05:30,9362.25,-24.75,1
3008,2020-06-18 07:45:00+05:30,9402.82,2020-06-18 08:35:00+05:30,9418.12,15.300000000001091,2
3009,2020-06-18 10:25:00+05:30,9410.86,2020-06-18 10:50:00+05:30,9421.87,11.010000000000218,2
3010,2020-06-18 15:25:00+05:30,9411.45,2020-06-18 16:00:00+05:30,9447.72,36.26999999999862,2
3011,2020-06-18 17:30:00+05:30,9422.55,2020-06-18 18:05:00+05:30,9438.84,16.290000000000873,2
3012,2020-06-18 18:30:00+05:30,9417.78,2020-06-18 19:55:00+05:30,9411.92,-5.860000000000582,1
3013,2020-06-18 21:20:00+05:30,9395.53,2020-06-18 22:45:00+05:30,9405.49,9.959999999999127,2
3014,2020-06-19 00:15:00+05:30,9385.58,2020-06-19 00:45:00+05:30,9408.0,22.420000000000073,2
3015,2020-06-19 02:00:00+05:30,9360.19,2020-06-19 03:00:00+05:30,9368.07,7.8799999999992,2
3016,2020-06-19 06:05:00+05:30,9347.49,2020-06-19 06:55:00+05:30,9371.29,23.80000000000109,2
3017,2020-06-19 07:10:00+05:30,9335.84,2020-06-19 09:35:00+05:30,9294.41,-41.43000000000029,1
3018,2020-06-19 13:05:00+05:30,9277.36,2020-06-19 14:00:00+05:30,9303.79,26.43000000000029,2
3019,2020-06-19 20:25:00+05:30,9364.0,2020-06-19 21:20:00+05:30,9375.33,11.329999999999927,2
3020,2020-06-19 21:45:00+05:30,9341.99,2020-06-20 00:10:00+05:30,9321.47,-20.520000000000437,1
3021,2020-06-20 01:35:00+05:30,9285.72,2020-06-20 02:20:00+05:30,9312.9,27.18000000000029,2
3022,2020-06-20 09:40:00+05:30,9306.78,2020-06-20 10:20:00+05:30,9327.56,20.779999999998836,2
3023,2020-06-20 13:15:00+05:30,9304.0,2020-06-20 15:15:00+05:30,9298.21,-5.790000000000873,1
3024,2020-06-20 16:35:00+05:30,9278.09,2020-06-20 16:45:00+05:30,9296.45,18.360000000000582,2
3025,2020-06-20 18:40:00+05:30,9295.96,2020-06-20 20:15:00+05:30,9296.54,0.5800000000017462,2
3026,2020-06-20 20:30:00+05:30,9277.64,2020-06-20 21:40:00+05:30,9275.26,-2.3799999999991996,1
3027,2020-06-21 13:20:00+05:30,9362.89,2020-06-21 14:00:00+05:30,9373.03,10.140000000001237,2
3028,2020-06-21 15:30:00+05:30,9354.77,2020-06-21 17:00:00+05:30,9355.2,0.43000000000029104,2
3029,2020-06-21 18:35:00+05:30,9339.99,2020-06-21 19:05:00+05:30,9348.95,8.960000000000946,2
3030,2020-06-21 23:50:00+05:30,9334.48,2020-06-22 00:50:00+05:30,9334.0,-0.47999999999956344,1
3031,2020-06-22 02:15:00+05:30,9317.67,2020-06-22 02:50:00+05:30,9335.73,18.05999999999949,2
3032,2020-06-22 03:35:00+05:30,9309.39,2020-06-22 05:35:00+05:30,9309.57,0.18000000000029104,2
3033,2020-06-23 00:50:00+05:30,9555.0,2020-06-23 01:35:00+05:30,9585.22,30.219999999999345,2
3034,2020-06-23 06:55:00+05:30,9628.37,2020-06-23 07:45:00+05:30,9654.04,25.670000000000073,2
3035,2020-06-23 11:30:00+05:30,9620.46,2020-06-23 11:45:00+05:30,9633.79,13.330000000001746,2
3036,2020-06-23 14:05:00+05:30,9603.46,2020-06-23 15:20:00+05:30,9610.37,6.9100000000016735,2
3037,2020-06-24 02:25:00+05:30,9626.43,2020-06-24 03:15:00+05:30,9642.61,16.18000000000029,2
3038,2020-06-24 12:50:00+05:30,9621.8,2020-06-24 15:25:00+05:30,9524.62,-97.17999999999847,1
3039,2020-06-24 16:05:00+05:30,9383.43,2020-06-24 18:05:00+05:30,9382.09,-1.3400000000001455,1
3040,2020-06-24 19:25:00+05:30,9350.31,2020-06-24 20:55:00+05:30,9334.8,-15.510000000000218,1
3041,2020-06-24 21:10:00+05:30,9259.35,2020-06-24 21:55:00+05:30,9291.81,32.45999999999913,2
3042,2020-06-25 01:20:00+05:30,9304.29,2020-06-25 01:50:00+05:30,9316.0,11.709999999999127,2
3043,2020-06-25 02:40:00+05:30,9271.8,2020-06-25 03:40:00+05:30,9286.72,14.920000000000073,2
3044,2020-06-25 07:55:00+05:30,9243.0,2020-06-25 09:00:00+05:30,9048.54,-194.45999999999913,0
3045,2020-06-25 12:40:00+05:30,9157.86,2020-06-25 13:10:00+05:30,9179.12,21.26000000000022,2
3046,2020-06-25 15:25:00+05:30,9254.47,2020-06-25 16:00:00+05:30,9278.75,24.280000000000655,2
3047,2020-06-25 17:30:00+05:30,9234.51,2020-06-25 18:40:00+05:30,9231.58,-2.930000000000291,1
3048,2020-06-25 23:50:00+05:30,9260.0,2020-06-26 00:35:00+05:30,9268.65,8.649999999999636,2
3049,2020-06-26 03:45:00+05:30,9258.74,2020-06-26 05:10:00+05:30,9260.94,2.2000000000007276,2
3050,2020-06-26 05:30:00+05:30,9227.88,2020-06-26 05:55:00+05:30,9264.75,36.8700000000008,2
3051,2020-06-26 07:30:00+05:30,9243.57,2020-06-26 08:20:00+05:30,9263.04,19.470000000001164,2
3052,2020-06-26 11:15:00+05:30,9219.62,2020-06-26 14:15:00+05:30,9147.49,-72.13000000000102,1
3053,2020-06-26 14:30:00+05:30,9116.45,2020-06-26 15:00:00+05:30,9152.99,36.539999999999054,2
3054,2020-06-26 16:55:00+05:30,9187.0,2020-06-26 17:35:00+05:30,9200.1,13.100000000000364,2
3055,2020-06-26 19:10:00+05:30,9172.63,2020-06-26 20:30:00+05:30,9179.98,7.350000000000364,2
3056,2020-06-27 00:25:00+05:30,9141.2,2020-06-27 00:40:00+05:30,9166.91,25.709999999999127,2
3057,2020-06-27 03:55:00+05:30,9168.97,2020-06-27 05:05:00+05:30,9177.51,8.540000000000873,2
3058,2020-06-27 05:30:00+05:30,9144.86,2020-06-27 07:00:00+05:30,9144.21,-0.6500000000014552,1
3059,2020-06-27 14:30:00+05:30,9157.33,2020-06-27 15:55:00+05:30,9154.29,-3.039999999999054,1
3060,2020-06-27 19:40:00+05:30,9134.0,2020-06-27 20:00:00+05:30,9163.17,29.170000000000073,2
3061,2020-06-27 20:40:00+05:30,9137.53,2020-06-27 21:00:00+05:30,9156.11,18.579999999999927,2
3062,2020-06-27 21:25:00+05:30,9130.76,2020-06-27 22:35:00+05:30,9116.5,-14.260000000000218,1
3063,2020-06-28 01:00:00+05:30,9076.13,2020-06-28 02:35:00+05:30,8975.88,-100.25,1
3064,2020-06-28 17:15:00+05:30,9048.19,2020-06-28 18:20:00+05:30,9050.92,2.7299999999995634,2
3065,2020-06-29 01:10:00+05:30,9141.73,2020-06-29 02:40:00+05:30,9124.54,-17.18999999999869,1
3066,2020-06-29 02:50:00+05:30,9097.27,2020-06-29 03:15:00+05:30,9120.01,22.73999999999978,2
3067,2020-06-29 03:40:00+05:30,9078.73,2020-06-29 04:15:00+05:30,9105.12,26.390000000001237,2
3068,2020-06-29 08:40:00+05:30,9112.06,2020-06-29 09:55:00+05:30,9110.5,-1.5599999999994907,1
3069,2020-06-29 12:15:00+05:30,9094.62,2020-06-29 13:05:00+05:30,9102.26,7.639999999999418,2
3070,2020-06-29 16:40:00+05:30,9093.78,2020-06-29 17:30:00+05:30,9102.01,8.229999999999563,2
3071,2020-06-29 18:45:00+05:30,9073.69,2020-06-29 19:45:00+05:30,9077.06,3.3699999999989814,2
3072,2020-06-30 04:10:00+05:30,9191.09,2020-06-30 05:25:00+05:30,9192.56,1.4699999999993452,2
3073,2020-06-30 05:55:00+05:30,9172.01,2020-06-30 07:05:00+05:30,9200.52,28.51000000000022,2
3074,2020-06-30 09:25:00+05:30,9161.65,2020-06-30 09:55:00+05:30,9176.0,14.350000000000364,2
3075,2020-06-30 10:25:00+05:30,9157.02,2020-06-30 12:05:00+05:30,9144.64,-12.380000000001019,1
3076,2020-06-30 13:35:00+05:30,9128.0,2020-06-30 14:00:00+05:30,9141.98,13.979999999999563,2
3077,2020-06-30 16:30:00+05:30,9138.0,2020-06-30 17:00:00+05:30,9151.97,13.969999999999345,2
3078,2020-06-30 18:00:00+05:30,9119.84,2020-06-30 19:00:00+05:30,9131.81,11.969999999999345,2
3079,2020-06-30 22:50:00+05:30,9150.01,2020-07-01 00:10:00+05:30,9147.67,-2.3400000000001455,1
3080,2020-07-01 00:35:00+05:30,9113.96,2020-07-01 00:50:00+05:30,9140.0,26.040000000000873,2
3081,2020-07-01 04:10:00+05:30,9128.3,2020-07-01 04:35:00+05:30,9155.86,27.56000000000131,2
3082,2020-07-01 05:30:00+05:30,9117.23,2020-07-01 07:00:00+05:30,9118.14,0.9099999999998545,2
3083,2020-07-01 09:00:00+05:30,9116.07,2020-07-01 09:25:00+05:30,9138.59,22.520000000000437,2
3084,2020-07-01 11:35:00+05:30,9133.12,2020-07-01 12:00:00+05:30,9143.59,10.469999999999345,2
3085,2020-07-01 15:50:00+05:30,9147.0,2020-07-01 17:15:00+05:30,9158.03,11.030000000000655,2
3086,2020-07-02 00:10:00+05:30,9247.9,2020-07-02 00:50:00+05:30,9269.64,21.73999999999978,2
3087,2020-07-02 01:25:00+05:30,9240.01,2020-07-02 03:10:00+05:30,9240.86,0.8500000000003638,2
3088,2020-07-02 11:20:00+05:30,9219.84,2020-07-02 12:35:00+05:30,9216.16,-3.680000000000291,1
3089,2020-07-02 13:55:00+05:30,9190.48,2020-07-02 14:20:00+05:30,9206.32,15.840000000000146,2
3090,2020-07-02 15:55:00+05:30,9193.22,2020-07-02 16:20:00+05:30,9203.12,9.900000000001455,2
3091,2020-07-02 16:45:00+05:30,9181.46,2020-07-02 17:25:00+05:30,9197.01,15.550000000001091,2
3092,2020-07-02 19:55:00+05:30,9219.06,2020-07-02 21:30:00+05:30,9031.47,-187.59000000000015,0
3093,2020-07-02 22:05:00+05:30,8997.18,2020-07-02 22:50:00+05:30,9041.87,44.69000000000051,2
3094,2020-07-03 00:35:00+05:30,9037.56,2020-07-03 00:40:00+05:30,9062.0,24.44000000000051,2
3095,2020-07-03 01:30:00+05:30,9038.9,2020-07-03 01:45:00+05:30,9061.91,23.01000000000022,2
3096,2020-07-03 05:30:00+05:30,9065.0,2020-07-03 05:55:00+05:30,9089.38,24.3799999999992,2
3097,2020-07-03 09:45:00+05:30,9080.64,2020-07-03 10:10:00+05:30,9097.52,16.88000000000102,2
3098,2020-07-03 15:10:00+05:30,9056.93,2020-07-03 16:10:00+05:30,9082.98,26.049999999999272,2
3099,2020-07-03 22:05:00+05:30,9085.56,2020-07-03 22:30:00+05:30,9100.74,15.180000000000291,2
3100,2020-07-03 23:35:00+05:30,9078.49,2020-07-04 00:05:00+05:30,9090.0,11.510000000000218,2
3101,2020-07-04 04:30:00+05:30,9071.1,2020-07-04 05:50:00+05:30,9068.23,-2.8700000000008004,1
3102,2020-07-04 10:55:00+05:30,9079.9,2020-07-04 11:10:00+05:30,9088.33,8.430000000000291,2
3103,2020-07-04 12:05:00+05:30,9076.4,2020-07-04 12:35:00+05:30,9084.1,7.700000000000728,2
3104,2020-07-04 13:15:00+05:30,9069.85,2020-07-04 13:40:00+05:30,9078.29,8.44000000000051,2
3105,2020-07-04 15:55:00+05:30,9062.61,2020-07-04 16:40:00+05:30,9067.06,4.449999999998909,2
3106,2020-07-04 17:10:00+05:30,9057.17,2020-07-04 17:35:00+05:30,9067.69,10.520000000000437,2
3107,2020-07-04 20:35:00+05:30,9063.86,2020-07-04 21:35:00+05:30,9073.79,9.930000000000291,2
3108,2020-07-05 00:45:00+05:30,9119.48,2020-07-05 01:35:00+05:30,9136.36,16.88000000000102,2
3109,2020-07-05 07:00:00+05:30,9122.37,2020-07-05 07:55:00+05:30,9130.53,8.159999999999854,2
3110,2020-07-05 08:15:00+05:30,9119.22,2020-07-05 09:00:00+05:30,9128.1,8.880000000001019,2
3111,2020-07-05 11:20:00+05:30,9094.15,2020-07-05 13:55:00+05:30,9061.42,-32.72999999999956,1
3112,2020-07-05 15:20:00+05:30,9050.02,2020-07-05 16:35:00+05:30,9043.01,-7.010000000000218,1
3113,2020-07-05 17:30:00+05:30,9023.38,2020-07-05 18:00:00+05:30,9043.84,20.460000000000946,2
3114,2020-07-06 02:25:00+05:30,9012.05,2020-07-06 03:05:00+05:30,9027.47,15.420000000000073,2
3115,2020-07-06 23:45:00+05:30,9301.36,2020-07-07 01:10:00+05:30,9291.66,-9.700000000000728,1
3116,2020-07-07 07:30:00+05:30,9281.14,2020-07-07 08:40:00+05:30,9293.2,12.06000000000131,2
3117,2020-07-07 10:25:00+05:30,9281.75,2020-07-07 10:40:00+05:30,9296.68,14.930000000000291,2
3118,2020-07-07 11:05:00+05:30,9278.67,2020-07-07 13:20:00+05:30,9262.79,-15.8799999999992,1
3119,2020-07-07 15:15:00+05:30,9238.2,2020-07-07 16:05:00+05:30,9245.03,6.829999999999927,2
3120,2020-07-07 18:50:00+05:30,9244.1,2020-07-07 19:25:00+05:30,9262.99,18.889999999999418,2
3121,2020-07-08 00:40:00+05:30,9251.79,2020-07-08 02:15:00+05:30,9246.95,-4.8400000000001455,1
3122,2020-07-08 10:00:00+05:30,9272.9,2020-07-08 11:10:00+05:30,9276.07,3.1700000000000728,2
3123,2020-07-08 21:15:00+05:30,9405.71,2020-07-08 21:50:00+05:30,9424.26,18.55000000000109,2
3124,2020-07-09 02:20:00+05:30,9417.65,2020-07-09 02:25:00+05:30,9433.35,15.700000000000728,2
3125,2020-07-09 05:55:00+05:30,9403.31,2020-07-09 07:45:00+05:30,9403.36,0.050000000001091394,2
3126,2020-07-09 08:10:00+05:30,9374.08,2020-07-09 08:40:00+05:30,9390.18,16.100000000000364,2
3127,2020-07-09 14:45:00+05:30,9383.1,2020-07-09 16:35:00+05:30,9382.05,-1.0500000000010914,1
3128,2020-07-09 19:10:00+05:30,9383.83,2020-07-09 20:50:00+05:30,9192.79,-191.03999999999905,0
3129,2020-07-10 01:00:00+05:30,9199.19,2020-07-10 01:20:00+05:30,9219.19,20.0,2
3130,2020-07-10 03:50:00+05:30,9224.06,2020-07-10 04:15:00+05:30,9239.46,15.399999999999636,2
3131,2020-07-10 08:00:00+05:30,9205.24,2020-07-10 08:15:00+05:30,9220.04,14.800000000001091,2
3132,2020-07-10 10:00:00+05:30,9192.07,2020-07-10 11:35:00+05:30,9160.13,-31.94000000000051,1
3133,2020-07-10 12:30:00+05:30,9133.63,2020-07-10 12:50:00+05:30,9160.25,26.6200000000008,2
3134,2020-07-11 02:45:00+05:30,9223.09,2020-07-11 03:45:00+05:30,9235.98,12.889999999999418,2
3135,2020-07-11 06:45:00+05:30,9268.54,2020-07-11 07:20:00+05:30,9280.87,12.329999999999927,2
3136,2020-07-11 09:15:00+05:30,9259.53,2020-07-11 10:00:00+05:30,9273.1,13.569999999999709,2
3137,2020-07-11 12:20:00+05:30,9254.29,2020-07-11 12:35:00+05:30,9265.66,11.369999999998981,2
3138,2020-07-11 14:35:00+05:30,9253.12,2020-07-11 16:00:00+05:30,9224.3,-28.820000000001528,1
3139,2020-07-11 17:10:00+05:30,9201.03,2020-07-11 17:30:00+05:30,9215.73,14.699999999998909,2
3140,2020-07-11 22:05:00+05:30,9211.18,2020-07-11 23:25:00+05:30,9219.5,8.319999999999709,2
3141,2020-07-12 10:05:00+05:30,9267.0,2020-07-12 11:10:00+05:30,9271.64,4.639999999999418,2
3142,2020-07-12 13:10:00+05:30,9247.0,2020-07-12 13:30:00+05:30,9263.14,16.139999999999418,2
3143,2020-07-12 16:45:00+05:30,9251.5,2020-07-12 17:45:00+05:30,9256.72,5.219999999999345,2
3144,2020-07-12 19:05:00+05:30,9209.55,2020-07-12 20:35:00+05:30,9215.44,5.890000000001237,2
3145,2020-07-13 00:40:00+05:30,9199.74,2020-07-13 01:20:00+05:30,9220.62,20.88000000000102,2
3146,2020-07-13 09:15:00+05:30,9271.33,2020-07-13 09:40:00+05:30,9280.77,9.44000000000051,2
3147,2020-07-13 12:00:00+05:30,9268.34,2020-07-13 12:45:00+05:30,9275.24,6.899999999999636,2
3148,2020-07-13 20:25:00+05:30,9303.02,2020-07-13 20:45:00+05:30,9319.08,16.05999999999949,2
3149,2020-07-13 21:05:00+05:30,9291.62,2020-07-13 22:10:00+05:30,9299.71,8.089999999998327,2
3150,2020-07-13 23:45:00+05:30,9290.65,2020-07-14 02:00:00+05:30,9250.91,-39.73999999999978,1
3151,2020-07-14 03:35:00+05:30,9230.99,2020-07-14 04:20:00+05:30,9247.75,16.76000000000022,2
3152,2020-07-14 05:30:00+05:30,9229.87,2020-07-14 06:35:00+05:30,9236.75,6.8799999999992,2
3153,2020-07-14 09:25:00+05:30,9217.11,2020-07-14 10:55:00+05:30,9191.26,-25.850000000000364,1
3154,2020-07-14 15:35:00+05:30,9190.14,2020-07-14 16:45:00+05:30,9189.6,-0.5399999999990541,1
3155,2020-07-14 16:50:00+05:30,9150.69,2020-07-14 16:55:00+05:30,9205.42,54.72999999999956,2
3156,2020-07-14 18:35:00+05:30,9202.2,2020-07-14 19:10:00+05:30,9221.55,19.349999999998545,2
3157,2020-07-14 19:20:00+05:30,9195.08,2020-07-14 20:00:00+05:30,9210.05,14.969999999999345,2
3158,2020-07-15 02:40:00+05:30,9250.05,2020-07-15 03:35:00+05:30,9255.93,5.880000000001019,2
3159,2020-07-15 06:50:00+05:30,9247.67,2020-07-15 08:40:00+05:30,9246.7,-0.9699999999993452,1
3160,2020-07-15 09:20:00+05:30,9237.6,2020-07-15 10:15:00+05:30,9241.25,3.649999999999636,2
3161,2020-07-15 11:50:00+05:30,9237.04,2020-07-15 13:20:00+05:30,9232.06,-4.980000000001382,1
3162,2020-07-15 13:50:00+05:30,9214.69,2020-07-15 15:10:00+05:30,9216.09,1.3999999999996362,2
3163,2020-07-15 17:15:00+05:30,9230.46,2020-07-15 17:45:00+05:30,9238.0,7.540000000000873,2
3164,2020-07-15 19:20:00+05:30,9221.42,2020-07-15 19:50:00+05:30,9235.58,14.159999999999854,2
3165,2020-07-15 20:35:00+05:30,9215.0,2020-07-15 20:55:00+05:30,9229.79,14.790000000000873,2
3166,2020-07-16 00:10:00+05:30,9206.12,2020-07-16 01:35:00+05:30,9192.42,-13.700000000000728,1
3167,2020-07-16 04:30:00+05:30,9197.44,2020-07-16 05:10:00+05:30,9212.92,15.479999999999563,2
3168,2020-07-16 05:50:00+05:30,9183.83,2020-07-16 06:05:00+05:30,9206.4,22.56999999999971,2
3169,2020-07-16 08:00:00+05:30,9200.84,2020-07-16 09:25:00+05:30,9203.59,2.75,2
3170,2020-07-16 12:15:00+05:30,9184.01,2020-07-16 16:00:00+05:30,9089.53,-94.47999999999956,1
3171,2020-07-16 19:40:00+05:30,9070.0,2020-07-16 19:55:00+05:30,9085.0,15.0,2
3172,2020-07-17 01:45:00+05:30,9112.48,2020-07-17 02:35:00+05:30,9115.06,2.5799999999999272,2
3173,2020-07-17 05:40:00+05:30,9126.75,2020-07-17 06:45:00+05:30,9128.88,2.1299999999991996,2
3174,2020-07-17 09:15:00+05:30,9111.88,2020-07-17 09:35:00+05:30,9123.78,11.900000000001455,2
3175,2020-07-17 10:15:00+05:30,9106.51,2020-07-17 10:30:00+05:30,9120.3,13.789999999999054,2
3176,2020-07-17 11:00:00+05:30,9105.62,2020-07-17 11:30:00+05:30,9115.2,9.579999999999927,2
3177,2020-07-17 13:20:00+05:30,9113.18,2020-07-17 14:55:00+05:30,9110.1,-3.0799999999999272,1
3178,2020-07-17 16:35:00+05:30,9110.92,2020-07-17 17:20:00+05:30,9132.68,21.76000000000022,2
3179,2020-07-17 19:55:00+05:30,9143.86,2020-07-17 20:30:00+05:30,9161.11,17.25,2
3180,2020-07-17 22:40:00+05:30,9140.0,2020-07-17 23:05:00+05:30,9152.36,12.360000000000582,2
3181,2020-07-18 03:30:00+05:30,9144.55,2020-07-18 03:45:00+05:30,9154.98,10.430000000000291,2
3182,2020-07-18 06:10:00+05:30,9151.55,2020-07-18 08:25:00+05:30,9142.24,-9.30999999999949,1
3183,2020-07-18 13:30:00+05:30,9130.67,2020-07-18 14:20:00+05:30,9137.87,7.200000000000728,2
3184,2020-07-18 17:05:00+05:30,9162.99,2020-07-18 17:50:00+05:30,9167.91,4.920000000000073,2
3185,2020-07-18 19:15:00+05:30,9161.76,2020-07-18 20:20:00+05:30,9164.22,2.459999999999127,2
3186,2020-07-18 21:55:00+05:30,9161.33,2020-07-18 22:30:00+05:30,9168.42,7.0900000000001455,2
3187,2020-07-19 01:15:00+05:30,9160.37,2020-07-19 02:15:00+05:30,9178.15,17.779999999998836,2
3188,2020-07-19 07:00:00+05:30,9166.04,2020-07-19 07:55:00+05:30,9168.68,2.639999999999418,2
3189,2020-07-19 08:30:00+05:30,9154.98,2020-07-19 09:50:00+05:30,9159.07,4.0900000000001455,2
3190,2020-07-19 13:30:00+05:30,9150.78,2020-07-19 14:20:00+05:30,9152.5,1.7199999999993452,2
3191,2020-07-19 15:45:00+05:30,9118.35,2020-07-19 17:00:00+05:30,9131.95,13.600000000000364,2
3192,2020-07-19 21:15:00+05:30,9126.47,2020-07-19 21:35:00+05:30,9131.43,4.960000000000946,2
3193,2020-07-20 06:15:00+05:30,9190.17,2020-07-20 07:50:00+05:30,9188.54,-1.6299999999991996,1
3194,2020-07-20 09:55:00+05:30,9180.68,2020-07-20 11:00:00+05:30,9184.25,3.569999999999709,2
3195,2020-07-20 12:45:00+05:30,9175.38,2020-07-20 13:25:00+05:30,9180.72,5.3400000000001455,2
3196,2020-07-20 15:55:00+05:30,9177.17,2020-07-20 17:40:00+05:30,9158.08,-19.090000000000146,1
3197,2020-07-20 19:15:00+05:30,9148.0,2020-07-20 19:35:00+05:30,9162.45,14.450000000000728,2
3198,2020-07-20 22:00:00+05:30,9162.53,2020-07-20 22:15:00+05:30,9172.53,10.0,2
3199,2020-07-21 01:00:00+05:30,9154.12,2020-07-21 01:45:00+05:30,9171.35,17.229999999999563,2
3200,2020-07-21 05:30:00+05:30,9155.82,2020-07-21 05:35:00+05:30,9166.79,10.970000000001164,2
3201,2020-07-21 08:35:00+05:30,9169.3,2020-07-21 09:10:00+05:30,9175.43,6.130000000001019,2
3202,2020-07-21 20:15:00+05:30,9363.9,2020-07-21 22:15:00+05:30,9351.11,-12.789999999999054,1
3203,2020-07-22 01:10:00+05:30,9352.62,2020-07-22 02:05:00+05:30,9367.01,14.389999999999418,2
3204,2020-07-22 06:00:00+05:30,9364.69,2020-07-22 06:50:00+05:30,9377.86,13.170000000000073,2
3205,2020-07-22 09:30:00+05:30,9351.56,2020-07-22 09:50:00+05:30,9363.17,11.610000000000582,2
3206,2020-07-22 10:10:00+05:30,9351.01,2020-07-22 11:05:00+05:30,9356.24,5.229999999999563,2
3207,2020-07-22 12:25:00+05:30,9335.52,2020-07-22 12:45:00+05:30,9344.82,9.299999999999272,2
3208,2020-07-22 13:25:00+05:30,9302.0,2020-07-22 14:40:00+05:30,9320.5,18.5,2
3209,2020-07-22 17:55:00+05:30,9328.93,2020-07-22 18:50:00+05:30,9333.59,4.6599999999998545,2
3210,2020-07-22 19:50:00+05:30,9323.69,2020-07-22 20:25:00+05:30,9337.8,14.109999999998763,2
3211,2020-07-22 22:25:00+05:30,9328.14,2020-07-22 22:40:00+05:30,9343.68,15.540000000000873,2
3212,2020-07-23 02:50:00+05:30,9361.08,2020-07-23 03:05:00+05:30,9373.17,12.090000000000146,2
3213,2020-07-23 06:35:00+05:30,9493.99,2020-07-23 06:55:00+05:30,9516.16,22.170000000000073,2
3214,2020-07-23 07:55:00+05:30,9492.46,2020-07-23 09:30:00+05:30,9491.89,-0.569999999999709,1
3215,2020-07-23 10:40:00+05:30,9479.4,2020-07-23 11:25:00+05:30,9489.68,10.280000000000655,2
3216,2020-07-23 16:10:00+05:30,9489.98,2020-07-23 17:00:00+05:30,9501.75,11.770000000000437,2
3217,2020-07-24 01:40:00+05:30,9575.0,2020-07-24 02:50:00+05:30,9594.37,19.3700000000008,2
3218,2020-07-24 06:15:00+05:30,9575.0,2020-07-24 06:50:00+05:30,9588.91,13.909999999999854,2
3219,2020-07-24 07:15:00+05:30,9556.4,2020-07-24 07:40:00+05:30,9582.02,25.6200000000008,2
3220,2020-07-24 08:55:00+05:30,9551.48,2020-07-24 09:30:00+05:30,9570.24,18.76000000000022,2
3221,2020-07-24 10:15:00+05:30,9535.48,2020-07-24 11:15:00+05:30,9545.32,9.840000000000146,2
3222,2020-07-24 11:50:00+05:30,9516.89,2020-07-24 13:20:00+05:30,9497.89,-19.0,1
3223,2020-07-24 17:30:00+05:30,9524.36,2020-07-24 18:45:00+05:30,9531.01,6.649999999999636,2
3224,2020-07-24 19:10:00+05:30,9505.71,2020-07-24 19:45:00+05:30,9526.29,20.580000000001746,2
3225,2020-07-25 03:35:00+05:30,9557.1,2020-07-25 05:35:00+05:30,9542.05,-15.050000000001091,1
3226,2020-07-25 06:55:00+05:30,9524.92,2020-07-25 07:15:00+05:30,9547.38,22.459999999999127,2
3227,2020-07-25 13:25:00+05:30,9568.5,2020-07-25 13:45:00+05:30,9581.8,13.299999999999272,2
3228,2020-07-25 15:25:00+05:30,9569.38,2020-07-25 16:20:00+05:30,9579.53,10.150000000001455,2
3229,2020-07-25 19:05:00+05:30,9565.64,2020-07-25 19:55:00+05:30,9585.91,20.270000000000437,2
3230,2020-07-26 07:00:00+05:30,9656.85,2020-07-26 07:55:00+05:30,9677.31,20.459999999999127,2
3231,2020-07-26 09:40:00+05:30,9664.43,2020-07-26 10:15:00+05:30,9676.32,11.889999999999418,2
3232,2020-07-26 17:55:00+05:30,9933.0,2020-07-26 19:30:00+05:30,9894.64,-38.36000000000058,1
3233,2020-07-26 22:25:00+05:30,9896.29,2020-07-27 00:05:00+05:30,9920.83,24.539999999999054,2
3234,2020-07-27 01:10:00+05:30,9863.38,2020-07-27 02:00:00+05:30,9888.01,24.63000000000102,2
3235,2020-07-27 13:15:00+05:30,10191.12,2020-07-27 14:35:00+05:30,10178.11,-13.010000000000218,1
3236,2020-07-28 01:00:00+05:30,10749.87,2020-07-28 01:30:00+05:30,10821.83,71.95999999999913,2
3237,2020-07-28 04:45:00+05:30,10823.76,2020-07-28 05:30:00+05:30,11134.69,310.9300000000003,2
3238,2020-07-28 07:40:00+05:30,11097.0,2020-07-28 08:45:00+05:30,10870.32,-226.6800000000003,0
3239,2020-07-28 11:10:00+05:30,10889.92,2020-07-28 11:45:00+05:30,10957.12,67.20000000000073,2
3240,2020-07-28 13:20:00+05:30,10860.2,2020-07-28 15:05:00+05:30,10802.0,-58.20000000000073,1
3241,2020-07-28 15:35:00+05:30,10694.56,2020-07-28 16:10:00+05:30,10774.19,79.63000000000102,2
3242,2020-07-28 21:30:00+05:30,11003.54,2020-07-28 23:00:00+05:30,11006.06,2.5199999999986176,2
3243,2020-07-29 03:55:00+05:30,10874.23,2020-07-29 05:30:00+05:30,10954.06,79.82999999999993,2
3244,2020-07-29 06:25:00+05:30,10865.05,2020-07-29 07:20:00+05:30,10895.65,30.600000000000364,2
3245,2020-07-30 04:30:00+05:30,11193.31,2020-07-30 06:25:00+05:30,11115.12,-78.18999999999869,1
3246,2020-07-30 07:25:00+05:30,11047.75,2020-07-30 07:50:00+05:30,11084.76,37.01000000000022,2
3247,2020-07-30 08:05:00+05:30,11024.29,2020-07-30 09:30:00+05:30,11021.51,-2.780000000000655,1
3248,2020-07-30 11:05:00+05:30,10975.87,2020-07-30 11:45:00+05:30,11014.94,39.06999999999971,2
3249,2020-07-30 13:00:00+05:30,10932.27,2020-07-30 13:40:00+05:30,10961.89,29.61999999999898,2
3250,2020-07-30 16:05:00+05:30,10932.4,2020-07-30 17:05:00+05:30,10939.0,6.600000000000364,2
3251,2020-07-30 18:30:00+05:30,10899.62,2020-07-30 18:35:00+05:30,10978.7,79.07999999999993,2
3252,2020-07-31 02:55:00+05:30,11097.7,2020-07-31 04:00:00+05:30,11122.47,24.769999999998618,2
3253,2020-07-31 06:15:00+05:30,11040.76,2020-07-31 07:50:00+05:30,11016.72,-24.040000000000873,1
3254,2020-07-31 09:05:00+05:30,10980.91,2020-07-31 09:35:00+05:30,11003.8,22.889999999999418,2
3255,2020-07-31 18:55:00+05:30,11143.9,2020-07-31 19:45:00+05:30,11178.29,34.39000000000124,2
3256,2020-07-31 23:30:00+05:30,11254.92,2020-08-01 00:00:00+05:30,11301.78,46.86000000000058,2
3257,2020-08-01 00:20:00+05:30,11235.86,2020-08-01 00:50:00+05:30,11271.51,35.649999999999636,2
3258,2020-08-01 04:15:00+05:30,11310.93,2020-08-01 05:05:00+05:30,11337.16,26.229999999999563,2
3259,2020-08-01 05:55:00+05:30,11268.0,2020-08-01 07:05:00+05:30,11297.55,29.549999999999272,2
3260,2020-08-01 15:55:00+05:30,11633.32,2020-08-01 17:15:00+05:30,11649.33,16.01000000000022,2
3261,2020-08-01 18:35:00+05:30,11604.11,2020-08-01 20:20:00+05:30,11589.08,-15.030000000000655,1
3262,2020-08-02 00:05:00+05:30,11589.6,2020-08-02 00:30:00+05:30,11694.52,104.92000000000007,2
3263,2020-08-02 03:10:00+05:30,11753.99,2020-08-02 04:20:00+05:30,11776.03,22.040000000000873,2
3264,2020-08-02 10:05:00+05:30,11295.46,2020-08-02 10:10:00+05:30,11020.69,-274.7699999999986,0
3265,2020-08-02 10:15:00+05:30,11224.68,2020-08-02 11:35:00+05:30,11300.08,75.39999999999964,2
3266,2020-08-02 14:45:00+05:30,11245.98,2020-08-02 15:00:00+05:30,11304.47,58.48999999999978,2
3267,2020-08-02 15:55:00+05:30,11245.38,2020-08-02 17:05:00+05:30,11001.52,-243.85999999999876,0
3268,2020-08-02 17:10:00+05:30,11060.0,2020-08-02 18:45:00+05:30,11091.51,31.51000000000022,2
3269,2020-08-03 01:05:00+05:30,11158.19,2020-08-03 03:25:00+05:30,11132.76,-25.43000000000029,1
3270,2020-08-03 05:15:00+05:30,11068.46,2020-08-03 06:00:00+05:30,11108.45,39.9900000000016,2
3271,2020-08-03 09:20:00+05:30,11116.25,2020-08-03 09:50:00+05:30,11161.69,45.44000000000051,2
3272,2020-08-03 13:30:00+05:30,11175.78,2020-08-03 13:40:00+05:30,11207.85,32.06999999999971,2
3273,2020-08-03 14:50:00+05:30,11166.23,2020-08-03 15:55:00+05:30,11173.37,7.140000000001237,2
3274,2020-08-04 00:50:00+05:30,11364.57,2020-08-04 01:15:00+05:30,11386.18,21.610000000000582,2
3275,2020-08-04 02:40:00+05:30,11338.55,2020-08-04 04:55:00+05:30,11234.11,-104.43999999999869,1
3276,2020-08-04 07:25:00+05:30,11321.09,2020-08-04 07:50:00+05:30,11351.19,30.100000000000364,2
3277,2020-08-04 08:10:00+05:30,11299.61,2020-08-04 09:35:00+05:30,11285.86,-13.75,1
3278,2020-08-04 11:35:00+05:30,11230.92,2020-08-04 12:15:00+05:30,11264.6,33.68000000000029,2
3279,2020-08-04 14:25:00+05:30,11238.88,2020-08-04 15:30:00+05:30,11269.74,30.860000000000582,2
3280,2020-08-04 16:25:00+05:30,11220.59,2020-08-04 16:40:00+05:30,11261.72,41.1299999999992,2
3281,2020-08-04 17:05:00+05:30,11187.89,2020-08-04 19:20:00+05:30,11145.1,-42.789999999999054,1
3282,2020-08-04 22:15:00+05:30,11139.22,2020-08-04 22:50:00+05:30,11195.09,55.8700000000008,2
3283,2020-08-05 02:30:00+05:30,11183.08,2020-08-05 03:05:00+05:30,11237.15,54.06999999999971,2
3284,2020-08-05 05:15:00+05:30,11179.18,2020-08-05 05:35:00+05:30,11212.15,32.969999999999345,2
3285,2020-08-05 06:00:00+05:30,11162.35,2020-08-05 07:05:00+05:30,11173.32,10.969999999999345,2
3286,2020-08-06 07:30:00+05:30,11626.81,2020-08-06 08:00:00+05:30,11671.33,44.52000000000044,2
3287,2020-08-06 10:00:00+05:30,11588.55,2020-08-06 10:30:00+05:30,11625.72,37.17000000000007,2
3288,2020-08-06 13:20:00+05:30,11630.24,2020-08-06 13:35:00+05:30,11664.9,34.659999999999854,2
3289,2020-08-06 16:00:00+05:30,11688.36,2020-08-06 16:55:00+05:30,11708.24,19.8799999999992,2
3290,2020-08-07 02:55:00+05:30,11822.5,2020-08-07 04:25:00+05:30,11780.01,-42.48999999999978,1
3291,2020-08-07 09:25:00+05:30,11825.0,2020-08-07 11:45:00+05:30,11810.76,-14.239999999999782,1
3292,2020-08-07 13:35:00+05:30,11758.0,2020-08-07 13:40:00+05:30,11803.06,45.05999999999949,2
3293,2020-08-07 15:50:00+05:30,11788.26,2020-08-07 18:15:00+05:30,11753.3,-34.960000000000946,1
3294,2020-08-07 19:30:00+05:30,11702.15,2020-08-07 20:45:00+05:30,11660.88,-41.27000000000044,1
3295,2020-08-07 21:55:00+05:30,11606.66,2020-08-08 00:00:00+05:30,11362.55,-244.11000000000058,0
3296,2020-08-08 05:05:00+05:30,11563.56,2020-08-08 06:05:00+05:30,11597.14,33.57999999999993,2
3297,2020-08-08 08:10:00+05:30,11590.3,2020-08-08 09:50:00+05:30,11579.47,-10.829999999999927,1
3298,2020-08-08 13:45:00+05:30,11579.33,2020-08-08 14:30:00+05:30,11607.13,27.799999999999272,2
3299,2020-08-08 18:40:00+05:30,11732.49,2020-08-08 19:00:00+05:30,11765.0,32.51000000000022,2
3300,2020-08-08 21:35:00+05:30,11672.12,2020-08-08 23:05:00+05:30,11699.65,27.529999999998836,2
3301,2020-08-09 04:40:00+05:30,11698.95,2020-08-09 05:15:00+05:30,11742.89,43.93999999999869,2
3302,2020-08-09 06:35:00+05:30,11710.28,2020-08-09 07:45:00+05:30,11726.09,15.80999999999949,2
3303,2020-08-09 09:55:00+05:30,11690.31,2020-08-09 10:45:00+05:30,11717.05,26.73999999999978,2
3304,2020-08-09 11:05:00+05:30,11670.0,2020-08-09 12:00:00+05:30,11688.7,18.700000000000728,2
3305,2020-08-09 15:20:00+05:30,11645.2,2020-08-09 16:20:00+05:30,11670.18,24.979999999999563,2
3306,2020-08-09 17:55:00+05:30,11640.0,2020-08-09 18:40:00+05:30,11673.88,33.8799999999992,2
3307,2020-08-09 19:10:00+05:30,11605.26,2020-08-09 21:00:00+05:30,11596.09,-9.170000000000073,1
3308,2020-08-09 23:15:00+05:30,11535.1,2020-08-09 23:40:00+05:30,11573.7,38.600000000000364,2
3309,2020-08-10 15:55:00+05:30,11552.26,2020-08-10 17:25:00+05:30,11733.03,180.77000000000044,2
3310,2020-08-10 21:10:00+05:30,11856.16,2020-08-10 21:25:00+05:30,11920.67,64.51000000000022,2
3311,2020-08-11 01:00:00+05:30,11848.15,2020-08-11 01:10:00+05:30,11876.11,27.960000000000946,2
3312,2020-08-11 02:05:00+05:30,11832.32,2020-08-11 03:25:00+05:30,11834.15,1.8299999999999272,2
3313,2020-08-11 08:25:00+05:30,11853.26,2020-08-11 09:50:00+05:30,11858.55,5.289999999999054,2
3314,2020-08-11 11:50:00+05:30,11803.07,2020-08-11 13:30:00+05:30,11765.71,-37.36000000000058,1
3315,2020-08-11 14:00:00+05:30,11715.11,2020-08-11 14:30:00+05:30,11756.62,41.51000000000022,2
3316,2020-08-11 15:25:00+05:30,11695.9,2020-08-11 16:20:00+05:30,11731.93,36.030000000000655,2
3317,2020-08-11 17:40:00+05:30,11698.66,2020-08-11 20:40:00+05:30,11439.9,-258.7600000000002,0
3318,2020-08-11 21:40:00+05:30,11351.88,2020-08-11 23:00:00+05:30,11416.97,65.09000000000015,2
3319,2020-08-12 01:30:00+05:30,11360.1,2020-08-12 03:00:00+05:30,11273.54,-86.55999999999949,1
3320,2020-08-12 06:20:00+05:30,11325.01,2020-08-12 06:50:00+05:30,11380.87,55.86000000000058,2
3321,2020-08-12 07:35:00+05:30,11309.74,2020-08-12 08:50:00+05:30,11305.12,-4.619999999998981,1
3322,2020-08-12 11:00:00+05:30,11266.49,2020-08-12 11:45:00+05:30,11298.95,32.460000000000946,2
3323,2020-08-12 17:15:00+05:30,11440.66,2020-08-12 17:55:00+05:30,11481.55,40.88999999999942,2
3324,2020-08-12 22:40:00+05:30,11521.01,2020-08-12 23:35:00+05:30,11543.16,22.149999999999636,2
3325,2020-08-13 02:35:00+05:30,11515.9,2020-08-13 03:30:00+05:30,11539.99,24.090000000000146,2
3326,2020-08-13 08:00:00+05:30,11580.34,2020-08-13 09:20:00+05:30,11578.52,-1.819999999999709,1
3327,2020-08-13 13:20:00+05:30,11499.99,2020-08-13 15:25:00+05:30,11402.63,-97.36000000000058,1
3328,2020-08-13 18:00:00+05:30,11424.03,2020-08-13 18:50:00+05:30,11495.99,71.95999999999913,2
3329,2020-08-14 08:35:00+05:30,11674.46,2020-08-14 08:50:00+05:30,11744.89,70.43000000000029,2
3330,2020-08-14 12:30:00+05:30,11656.06,2020-08-14 12:55:00+05:30,11701.59,45.530000000000655,2
3331,2020-08-14 18:30:00+05:30,11700.02,2020-08-14 19:25:00+05:30,11714.02,14.0,2
3332,2020-08-15 00:45:00+05:30,11781.25,2020-08-15 01:00:00+05:30,11816.8,35.54999999999927,2
3333,2020-08-15 01:45:00+05:30,11783.44,2020-08-15 03:15:00+05:30,11773.25,-10.19000000000051,1
3334,2020-08-15 09:40:00+05:30,11834.24,2020-08-15 10:25:00+05:30,11863.65,29.409999999999854,2
3335,2020-08-15 12:40:00+05:30,11849.87,2020-08-15 13:05:00+05:30,11883.14,33.26999999999862,2
3336,2020-08-15 17:20:00+05:30,11849.53,2020-08-15 19:15:00+05:30,11819.59,-29.94000000000051,1
3337,2020-08-16 01:00:00+05:30,11837.32,2020-08-16 01:45:00+05:30,11864.43,27.110000000000582,2
3338,2020-08-16 04:35:00+05:30,11822.48,2020-08-16 06:40:00+05:30,11838.23,15.75,2
3339,2020-08-16 12:05:00+05:30,11876.76,2020-08-16 12:35:00+05:30,11892.52,15.760000000000218,2
3340,2020-08-16 13:05:00+05:30,11857.67,2020-08-16 14:00:00+05:30,11873.01,15.340000000000146,2
3341,2020-08-16 14:30:00+05:30,11820.38,2020-08-16 14:40:00+05:30,11866.04,45.66000000000167,2
3342,2020-08-16 15:45:00+05:30,11826.01,2020-08-16 18:00:00+05:30,11766.87,-59.13999999999942,1
3343,2020-08-17 02:05:00+05:30,11799.08,2020-08-17 02:15:00+05:30,11833.75,34.67000000000007,2
3344,2020-08-17 05:40:00+05:30,11848.98,2020-08-17 07:15:00+05:30,11845.37,-3.609999999998763,1
3345,2020-08-17 09:40:00+05:30,11818.76,2020-08-17 10:55:00+05:30,11827.95,9.19000000000051,2
3346,2020-08-17 11:20:00+05:30,11800.4,2020-08-17 11:35:00+05:30,11821.45,21.05000000000109,2
3347,2020-08-18 00:20:00+05:30,12287.27,2020-08-18 01:10:00+05:30,12324.42,37.149999999999636,2
3348,2020-08-18 05:10:00+05:30,12248.48,2020-08-18 05:40:00+05:30,12330.78,82.30000000000109,2
3349,2020-08-18 08:55:00+05:30,12298.56,2020-08-18 11:10:00+05:30,12271.61,-26.94999999999891,1
3350,2020-08-18 11:20:00+05:30,12211.33,2020-08-18 12:05:00+05:30,12246.92,35.590000000000146,2
3351,2020-08-18 14:35:00+05:30,12220.08,2020-08-18 16:00:00+05:30,12243.98,23.899999999999636,2
3352,2020-08-18 17:25:00+05:30,12170.43,2020-08-18 18:15:00+05:30,12226.61,56.18000000000029,2
3353,2020-08-18 19:10:00+05:30,12138.99,2020-08-18 19:55:00+05:30,11867.38,-271.6100000000006,0
3354,2020-08-18 20:00:00+05:30,11910.49,2020-08-18 20:55:00+05:30,12023.27,112.78000000000065,2
3355,2020-08-18 21:35:00+05:30,11880.87,2020-08-18 21:50:00+05:30,11974.49,93.61999999999898,2
3356,2020-08-19 04:40:00+05:30,12014.55,2020-08-19 06:10:00+05:30,11992.85,-21.69999999999891,1
3357,2020-08-19 07:20:00+05:30,11962.5,2020-08-19 09:55:00+05:30,11695.75,-266.75,0
3358,2020-08-19 11:35:00+05:30,11677.36,2020-08-19 12:10:00+05:30,11749.99,72.6299999999992,2
3359,2020-08-19 20:15:00+05:30,11779.7,2020-08-19 21:40:00+05:30,11766.03,-13.670000000000073,1
3360,2020-08-19 21:50:00+05:30,11692.84,2020-08-19 22:20:00+05:30,11739.99,47.149999999999636,2
3361,2020-08-19 23:50:00+05:30,11694.3,2020-08-20 00:25:00+05:30,11738.48,44.18000000000029,2
3362,2020-08-20 01:25:00+05:30,11649.84,2020-08-20 02:00:00+05:30,11690.7,40.86000000000058,2
3363,2020-08-20 08:10:00+05:30,11721.92,2020-08-20 08:50:00+05:30,11747.0,25.079999999999927,2
3364,2020-08-20 09:30:00+05:30,11685.71,2020-08-20 09:45:00+05:30,11733.4,47.69000000000051,2
3365,2020-08-20 11:30:00+05:30,11674.33,2020-08-20 11:35:00+05:30,11720.0,45.67000000000007,2
3366,2020-08-20 13:20:00+05:30,11711.55,2020-08-20 14:00:00+05:30,11731.11,19.56000000000131,2
3367,2020-08-21 03:00:00+05:30,11839.41,2020-08-21 04:30:00+05:30,11831.07,-8.340000000000146,1
3368,2020-08-21 12:05:00+05:30,11818.0,2020-08-21 12:30:00+05:30,11838.52,20.520000000000437,2
3369,2020-08-21 15:15:00+05:30,11793.42,2020-08-21 18:10:00+05:30,11728.97,-64.45000000000073,1
3370,2020-08-21 22:15:00+05:30,11688.11,2020-08-21 22:40:00+05:30,11737.55,49.43999999999869,2
3371,2020-08-21 23:40:00+05:30,11645.63,2020-08-22 00:25:00+05:30,11671.21,25.579999999999927,2
3372,2020-08-22 02:15:00+05:30,11668.09,2020-08-22 03:40:00+05:30,11593.95,-74.13999999999942,1
3373,2020-08-22 05:05:00+05:30,11504.19,2020-08-22 07:15:00+05:30,11435.68,-68.51000000000022,1
3374,2020-08-22 10:05:00+05:30,11426.37,2020-08-22 10:35:00+05:30,11454.75,28.3799999999992,2
3375,2020-08-22 21:35:00+05:30,11570.01,2020-08-22 22:25:00+05:30,11584.95,14.94000000000051,2
3376,2020-08-23 01:15:00+05:30,11583.66,2020-08-23 02:00:00+05:30,11593.27,9.610000000000582,2
3377,2020-08-23 06:00:00+05:30,11626.94,2020-08-23 06:55:00+05:30,11647.92,20.979999999999563,2
3378,2020-08-23 07:45:00+05:30,11617.89,2020-08-23 10:05:00+05:30,11609.69,-8.199999999998909,1
3379,2020-08-23 13:40:00+05:30,11582.26,2020-08-23 14:45:00+05:30,11599.99,17.729999999999563,2
3380,2020-08-23 15:40:00+05:30,11560.58,2020-08-23 17:00:00+05:30,11552.35,-8.229999999999563,1
3381,2020-08-24 05:30:00+05:30,11628.06,2020-08-24 07:00:00+05:30,11627.04,-1.0199999999986176,1
3382,2020-08-24 11:10:00+05:30,11651.5,2020-08-24 11:35:00+05:30,11669.5,18.0,2
3383,2020-08-24 18:50:00+05:30,11762.59,2020-08-24 19:10:00+05:30,11793.0,30.409999999999854,2
3384,2020-08-24 19:30:00+05:30,11752.32,2020-08-24 19:45:00+05:30,11779.12,26.80000000000109,2
3385,2020-08-24 20:25:00+05:30,11730.35,2020-08-24 21:25:00+05:30,11764.03,33.68000000000029,2
3386,2020-08-24 23:45:00+05:30,11728.86,2020-08-25 00:55:00+05:30,11730.12,1.2600000000002183,2
3387,2020-08-25 07:35:00+05:30,11715.58,2020-08-25 10:05:00+05:30,11680.6,-34.97999999999956,1
3388,2020-08-25 11:35:00+05:30,11655.93,2020-08-25 14:05:00+05:30,11578.36,-77.56999999999971,1
3389,2020-08-25 17:35:00+05:30,11554.94,2020-08-25 21:05:00+05:30,11398.82,-156.1200000000008,1
3390,2020-08-25 22:25:00+05:30,11325.53,2020-08-25 23:55:00+05:30,11266.14,-59.39000000000124,1
3391,2020-08-26 01:50:00+05:30,11246.61,2020-08-26 02:00:00+05:30,11309.15,62.539999999999054,2
3392,2020-08-26 05:25:00+05:30,11318.42,2020-08-26 06:35:00+05:30,11318.37,-0.049999999999272404,1
3393,2020-08-26 11:35:00+05:30,11335.27,2020-08-26 12:45:00+05:30,11340.27,5.0,2
3394,2020-08-26 17:50:00+05:30,11367.29,2020-08-26 19:10:00+05:30,11331.35,-35.94000000000051,1
3395,2020-08-27 00:05:00+05:30,11431.7,2020-08-27 00:35:00+05:30,11459.0,27.299999999999272,2
3396,2020-08-27 03:30:00+05:30,11449.17,2020-08-27 04:35:00+05:30,11459.38,10.209999999999127,2
3397,2020-08-27 06:15:00+05:30,11449.45,2020-08-27 07:00:00+05:30,11466.3,16.849999999998545,2
3398,2020-08-27 07:15:00+05:30,11402.27,2020-08-27 08:40:00+05:30,11402.42,0.1499999999996362,2
3399,2020-08-27 10:10:00+05:30,11374.25,2020-08-27 11:35:00+05:30,11371.59,-2.6599999999998545,1
3400,2020-08-27 17:25:00+05:30,11310.01,2020-08-27 18:20:00+05:30,11367.78,57.77000000000044,2
3401,2020-08-27 22:20:00+05:30,11280.02,2020-08-28 00:00:00+05:30,11212.11,-67.90999999999985,1
3402,2020-08-28 09:00:00+05:30,11352.43,2020-08-28 09:25:00+05:30,11380.08,27.649999999999636,2
3403,2020-08-28 13:10:00+05:30,11371.99,2020-08-28 13:55:00+05:30,11393.4,21.409999999999854,2
3404,2020-08-28 20:05:00+05:30,11414.7,2020-08-28 20:15:00+05:30,11446.0,31.299999999999272,2
3405,2020-08-28 23:10:00+05:30,11474.55,2020-08-28 23:50:00+05:30,11497.61,23.06000000000131,2
3406,2020-08-29 02:45:00+05:30,11470.34,2020-08-29 03:20:00+05:30,11501.89,31.549999999999272,2
3407,2020-08-29 07:15:00+05:30,11470.42,2020-08-29 07:40:00+05:30,11486.12,15.700000000000728,2
3408,2020-08-29 16:00:00+05:30,11514.11,2020-08-29 17:30:00+05:30,11478.33,-35.780000000000655,1
3409,2020-08-29 19:20:00+05:30,11440.0,2020-08-29 19:55:00+05:30,11457.61,17.610000000000582,2
3410,2020-08-30 02:35:00+05:30,11495.51,2020-08-30 03:00:00+05:30,11515.53,20.020000000000437,2
3411,2020-08-30 04:05:00+05:30,11491.55,2020-08-30 04:45:00+05:30,11504.69,13.140000000001237,2
3412,2020-08-30 05:15:00+05:30,11466.9,2020-08-30 05:45:00+05:30,11496.41,29.51000000000022,2
3413,2020-08-30 08:45:00+05:30,11601.59,2020-08-30 09:30:00+05:30,11623.79,22.200000000000728,2
3414,2020-08-30 14:10:00+05:30,11562.13,2020-08-30 15:00:00+05:30,11581.29,19.160000000001673,2
3415,2020-08-30 21:30:00+05:30,11588.33,2020-08-30 21:45:00+05:30,11625.0,36.67000000000007,2
3416,2020-08-30 23:55:00+05:30,11633.46,2020-08-31 00:15:00+05:30,11645.67,12.210000000000946,2
3417,2020-08-31 01:50:00+05:30,11632.35,2020-08-31 02:50:00+05:30,11637.69,5.3400000000001455,2
3418,2020-08-31 03:15:00+05:30,11603.71,2020-08-31 03:40:00+05:30,11624.0,20.290000000000873,2
3419,2020-08-31 07:10:00+05:30,11680.0,2020-08-31 07:20:00+05:30,11698.74,18.73999999999978,2
3420,2020-08-31 07:40:00+05:30,11675.12,2020-08-31 08:00:00+05:30,11694.24,19.11999999999898,2
3421,2020-08-31 08:35:00+05:30,11669.59,2020-08-31 08:45:00+05:30,11686.71,17.11999999999898,2
3422,2020-08-31 10:25:00+05:30,11664.01,2020-08-31 11:15:00+05:30,11677.25,13.239999999999782,2
3423,2020-08-31 11:30:00+05:30,11648.13,2020-08-31 12:05:00+05:30,11666.41,18.280000000000655,2
3424,2020-08-31 12:55:00+05:30,11611.81,2020-08-31 14:50:00+05:30,11611.63,-0.18000000000029104,1
3425,2020-08-31 22:30:00+05:30,11694.65,2020-08-31 22:50:00+05:30,11722.91,28.26000000000022,2
3426,2020-09-01 01:45:00+05:30,11690.48,2020-09-01 02:45:00+05:30,11696.1,5.6200000000008,2
3427,2020-09-01 03:20:00+05:30,11631.0,2020-09-01 03:55:00+05:30,11672.34,41.340000000000146,2
3428,2020-09-01 05:35:00+05:30,11634.89,2020-09-01 06:50:00+05:30,11621.7,-13.18999999999869,1
3429,2020-09-01 16:35:00+05:30,11881.46,2020-09-01 18:00:00+05:30,11894.91,13.450000000000728,2
3430,2020-09-01 19:30:00+05:30,11825.73,2020-09-01 20:05:00+05:30,11864.94,39.210000000000946,2
3431,2020-09-02 01:35:00+05:30,11946.98,2020-09-02 01:45:00+05:30,11970.69,23.710000000000946,2
3432,2020-09-02 04:00:00+05:30,11963.33,2020-09-02 04:45:00+05:30,12001.13,37.79999999999927,2
3433,2020-09-02 05:20:00+05:30,11920.64,2020-09-02 07:10:00+05:30,11914.45,-6.18999999999869,1
3434,2020-09-02 07:30:00+05:30,11867.36,2020-09-02 07:55:00+05:30,11898.77,31.409999999999854,2
3435,2020-09-02 08:50:00+05:30,11832.34,2020-09-02 09:40:00+05:30,11864.66,32.31999999999971,2
3436,2020-09-02 11:30:00+05:30,11850.2,2020-09-02 14:40:00+05:30,11728.61,-121.59000000000015,1
3437,2020-09-02 15:55:00+05:30,11617.69,2020-09-02 16:50:00+05:30,11321.54,-296.14999999999964,0
3438,2020-09-02 19:00:00+05:30,11383.45,2020-09-02 20:40:00+05:30,11337.45,-46.0,1
3439,2020-09-02 21:50:00+05:30,11251.03,2020-09-02 22:35:00+05:30,11312.19,61.159999999999854,2
3440,2020-09-03 01:45:00+05:30,11332.19,2020-09-03 02:25:00+05:30,11354.55,22.359999999998763,2
3441,2020-09-03 05:30:00+05:30,11360.0,2020-09-03 05:45:00+05:30,11410.89,50.88999999999942,2
3442,2020-09-03 08:45:00+05:30,11387.77,2020-09-03 11:30:00+05:30,11307.39,-80.38000000000102,1
3443,2020-09-03 15:25:00+05:30,11342.48,2020-09-03 17:40:00+05:30,11001.73,-340.75,0
3444,2020-09-03 17:45:00+05:30,11032.65,2020-09-03 17:55:00+05:30,10792.83,-239.8199999999997,0
3445,2020-09-03 18:00:00+05:30,10816.89,2020-09-03 19:15:00+05:30,10906.03,89.14000000000124,2
3446,2020-09-03 20:35:00+05:30,10774.33,2020-09-03 21:50:00+05:30,10727.35,-46.97999999999956,1
3447,2020-09-03 22:20:00+05:30,10603.95,2020-09-03 22:40:00+05:30,10707.55,103.59999999999854,2
3448,2020-09-04 00:25:00+05:30,10650.11,2020-09-04 00:55:00+05:30,10695.27,45.159999999999854,2
3449,2020-09-04 04:00:00+05:30,10654.15,2020-09-04 04:55:00+05:30,10195.69,-458.4599999999991,0
3450,2020-09-04 05:00:00+05:30,10075.15,2020-09-04 06:05:00+05:30,10320.12,244.97000000000116,2
3451,2020-09-04 07:35:00+05:30,10226.0,2020-09-04 08:20:00+05:30,10277.78,51.780000000000655,2
3452,2020-09-04 12:25:00+05:30,10226.36,2020-09-04 12:40:00+05:30,10267.3,40.93999999999869,2
3453,2020-09-04 13:10:00+05:30,10145.97,2020-09-04 13:15:00+05:30,10287.41,141.4400000000005,2
3454,2020-09-04 16:45:00+05:30,10394.77,2020-09-04 17:30:00+05:30,10449.99,55.219999999999345,2
3455,2020-09-04 19:40:00+05:30,10341.32,2020-09-04 20:10:00+05:30,10128.91,-212.40999999999985,0
3456,2020-09-04 23:50:00+05:30,10365.57,2020-09-05 00:05:00+05:30,10412.32,46.75,2
3457,2020-09-05 04:15:00+05:30,10508.11,2020-09-05 05:35:00+05:30,10526.18,18.06999999999971,2
3458,2020-09-05 09:30:00+05:30,10394.2,2020-09-05 09:50:00+05:30,10462.51,68.30999999999949,2
3459,2020-09-05 14:35:00+05:30,10311.31,2020-09-05 15:00:00+05:30,10366.45,55.14000000000124,2
3460,2020-09-05 15:25:00+05:30,10286.85,2020-09-05 16:15:00+05:30,10327.48,40.6299999999992,2
3461,2020-09-05 16:40:00+05:30,10246.84,2020-09-05 17:30:00+05:30,10250.74,3.899999999999636,2
3462,2020-09-05 17:40:00+05:30,10117.13,2020-09-05 18:35:00+05:30,10162.34,45.210000000000946,2
3463,2020-09-05 22:05:00+05:30,10180.15,2020-09-06 00:20:00+05:30,9890.26,-289.8899999999994,0
3464,2020-09-06 00:55:00+05:30,9898.82,2020-09-06 01:45:00+05:30,10044.78,145.96000000000095,2
3465,2020-09-06 04:25:00+05:30,9982.5,2020-09-06 04:30:00+05:30,10075.38,92.8799999999992,2
3466,2020-09-06 07:20:00+05:30,10118.4,2020-09-06 08:10:00+05:30,10150.61,32.210000000000946,2
3467,2020-09-06 10:05:00+05:30,10093.79,2020-09-06 11:00:00+05:30,10110.0,16.209999999999127,2
3468,2020-09-06 18:30:00+05:30,10216.88,2020-09-06 19:20:00+05:30,10238.07,21.19000000000051,2
3469,2020-09-06 20:10:00+05:30,10175.01,2020-09-06 20:20:00+05:30,10232.86,57.850000000000364,2
3470,2020-09-06 20:45:00+05:30,10150.77,2020-09-06 21:45:00+05:30,10206.71,55.93999999999869,2
3471,2020-09-06 23:30:00+05:30,10184.46,2020-09-06 23:45:00+05:30,10220.59,36.13000000000102,2
3472,2020-09-07 04:00:00+05:30,10205.83,2020-09-07 05:05:00+05:30,10239.48,33.649999999999636,2
3473,2020-09-07 06:50:00+05:30,10235.25,2020-09-07 07:10:00+05:30,10276.94,41.69000000000051,2
3474,2020-09-07 08:20:00+05:30,10200.56,2020-09-07 09:10:00+05:30,10223.16,22.600000000000364,2
3475,2020-09-07 10:25:00+05:30,10170.61,2020-09-07 12:35:00+05:30,10115.07,-55.54000000000087,1
3476,2020-09-07 15:15:00+05:30,10118.06,2020-09-07 16:30:00+05:30,10119.76,1.7000000000007276,2
3477,2020-09-07 16:50:00+05:30,10049.17,2020-09-07 18:45:00+05:30,10031.82,-17.350000000000364,1
3478,2020-09-08 01:15:00+05:30,10136.5,2020-09-08 02:20:00+05:30,10153.55,17.049999999999272,2
3479,2020-09-08 05:55:00+05:30,10332.0,2020-09-08 06:45:00+05:30,10366.8,34.79999999999927,2
3480,2020-09-08 09:55:00+05:30,10272.66,2020-09-08 11:45:00+05:30,10273.83,1.1700000000000728,2
3481,2020-09-08 14:00:00+05:30,10191.11,2020-09-08 16:30:00+05:30,10072.51,-118.60000000000036,1
3482,2020-09-08 17:10:00+05:30,9956.95,2020-09-08 17:50:00+05:30,10006.85,49.899999999999636,2
3483,2020-09-09 00:05:00+05:30,10067.0,2020-09-09 01:30:00+05:30,10023.22,-43.780000000000655,1
3484,2020-09-09 02:30:00+05:30,9977.87,2020-09-09 02:50:00+05:30,10012.26,34.38999999999942,2
3485,2020-09-09 03:40:00+05:30,9954.01,2020-09-09 04:00:00+05:30,10174.28,220.27000000000044,2
3486,2020-09-09 07:45:00+05:30,10047.94,2020-09-09 09:25:00+05:30,10026.68,-21.26000000000022,1
3487,2020-09-09 21:45:00+05:30,10200.01,2020-09-09 22:35:00+05:30,10237.51,37.5,2
3488,2020-09-10 04:50:00+05:30,10190.48,2020-09-10 05:30:00+05:30,10245.58,55.100000000000364,2
3489,2020-09-10 12:05:00+05:30,10309.6,2020-09-10 14:10:00+05:30,10293.48,-16.1200000000008,1
3490,2020-09-10 14:45:00+05:30,10231.21,2020-09-10 15:10:00+05:30,10273.84,42.63000000000102,2
3491,2020-09-10 21:45:00+05:30,10351.32,2020-09-10 22:35:00+05:30,10368.03,16.710000000000946,2
3492,2020-09-10 23:50:00+05:30,10316.44,2020-09-11 01:35:00+05:30,10290.62,-25.81999999999971,1
3493,2020-09-11 07:10:00+05:30,10298.15,2020-09-11 09:45:00+05:30,10251.08,-47.06999999999971,1
3494,2020-09-11 13:10:00+05:30,10240.15,2020-09-11 13:20:00+05:30,10270.91,30.76000000000022,2
3495,2020-09-11 17:10:00+05:30,10264.51,2020-09-11 18:15:00+05:30,10281.72,17.209999999999127,2
3496,2020-09-11 22:30:00+05:30,10276.54,2020-09-11 23:30:00+05:30,10300.75,24.209999999999127,2
3497,2020-09-12 11:30:00+05:30,10342.74,2020-09-12 13:00:00+05:30,10341.07,-1.6700000000000728,1
3498,2020-09-12 13:40:00+05:30,10321.4,2020-09-12 14:00:00+05:30,10336.44,15.040000000000873,2
3499,2020-09-12 17:40:00+05:30,10319.19,2020-09-12 19:45:00+05:30,10335.34,16.149999999999636,2
3500,2020-09-13 03:40:00+05:30,10423.72,2020-09-13 05:15:00+05:30,10432.84,9.1200000000008,2
3501,2020-09-13 15:15:00+05:30,10514.06,2020-09-13 18:25:00+05:30,10290.05,-224.01000000000022,0
3502,2020-09-13 21:15:00+05:30,10298.38,2020-09-13 23:15:00+05:30,10273.97,-24.409999999999854,1
3503,2020-09-14 06:00:00+05:30,10272.38,2020-09-14 06:50:00+05:30,10294.39,22.01000000000022,2
3504,2020-09-14 09:10:00+05:30,10333.61,2020-09-14 10:25:00+05:30,10344.96,11.349999999998545,2
3505,2020-09-15 04:10:00+05:30,10653.91,2020-09-15 05:20:00+05:30,10664.13,10.219999999999345,2
3506,2020-09-15 09:55:00+05:30,10738.04,2020-09-15 10:35:00+05:30,10745.62,7.579999999999927,2
3507,2020-09-15 14:05:00+05:30,10670.33,2020-09-15 15:00:00+05:30,10695.23,24.899999999999636,2
3508,2020-09-15 19:25:00+05:30,10834.71,2020-09-15 20:00:00+05:30,10872.06,37.350000000000364,2
3509,2020-09-15 20:15:00+05:30,10773.13,2020-09-15 21:30:00+05:30,10810.59,37.460000000000946,2
3510,2020-09-15 21:50:00+05:30,10720.0,2020-09-15 22:10:00+05:30,10793.16,73.15999999999985,2
3511,2020-09-16 04:15:00+05:30,10809.56,2020-09-16 07:00:00+05:30,10717.57,-91.98999999999978,1
3512,2020-09-16 11:20:00+05:30,10767.99,2020-09-16 12:10:00+05:30,10809.56,41.56999999999971,2
3513,2020-09-16 14:50:00+05:30,10855.41,2020-09-16 15:15:00+05:30,10883.15,27.73999999999978,2
3514,2020-09-16 16:00:00+05:30,10831.99,2020-09-16 16:30:00+05:30,10879.52,47.530000000000655,2
3515,2020-09-16 19:55:00+05:30,10878.38,2020-09-16 20:30:00+05:30,10917.0,38.6200000000008,2
3516,2020-09-16 23:35:00+05:30,10975.82,2020-09-16 23:45:00+05:30,11043.18,67.36000000000058,2
3517,2020-09-17 04:45:00+05:30,10975.41,2020-09-17 06:00:00+05:30,11018.16,42.75,2
3518,2020-09-17 07:30:00+05:30,10935.53,2020-09-17 09:55:00+05:30,10913.72,-21.81000000000131,1
3519,2020-09-17 11:45:00+05:30,10889.97,2020-09-17 13:20:00+05:30,10893.59,3.6200000000008004,2
3520,2020-09-17 15:50:00+05:30,10836.7,2020-09-17 16:55:00+05:30,10837.09,0.3899999999994179,2
3521,2020-09-17 18:25:00+05:30,10803.95,2020-09-17 19:20:00+05:30,10809.78,5.829999999999927,2
3522,2020-09-17 21:45:00+05:30,10810.59,2020-09-17 22:25:00+05:30,10839.55,28.959999999999127,2
3523,2020-09-18 05:50:00+05:30,10903.18,2020-09-18 07:20:00+05:30,10909.0,5.819999999999709,2
3524,2020-09-18 09:30:00+05:30,10915.0,2020-09-18 10:45:00+05:30,10915.06,0.05999999999949068,2
3525,2020-09-18 13:40:00+05:30,10929.62,2020-09-18 14:05:00+05:30,10949.56,19.93999999999869,2
3526,2020-09-18 17:50:00+05:30,10960.0,2020-09-18 18:10:00+05:30,10981.06,21.05999999999949,2
3527,2020-09-18 19:15:00+05:30,10936.4,2020-09-18 22:10:00+05:30,10892.63,-43.77000000000044,1
3528,2020-09-18 23:00:00+05:30,10825.01,2020-09-18 23:55:00+05:30,10852.63,27.61999999999898,2
3529,2020-09-19 04:50:00+05:30,10900.57,2020-09-19 05:15:00+05:30,10922.21,21.639999999999418,2
3530,2020-09-19 10:40:00+05:30,10941.3,2020-09-19 11:45:00+05:30,10952.28,10.980000000001382,2
3531,2020-09-19 12:50:00+05:30,10924.37,2020-09-19 14:10:00+05:30,10922.0,-2.3700000000008004,1
3532,2020-09-19 20:10:00+05:30,11059.83,2020-09-19 21:15:00+05:30,11083.08,23.25,2
3533,2020-09-19 23:35:00+05:30,11037.32,2020-09-20 00:40:00+05:30,11050.0,12.680000000000291,2
3534,2020-09-20 06:30:00+05:30,10981.51,2020-09-20 08:45:00+05:30,10943.43,-38.07999999999993,1
3535,2020-09-20 14:30:00+05:30,10942.0,2020-09-20 15:05:00+05:30,10958.78,16.780000000000655,2
3536,2020-09-20 17:40:00+05:30,10931.07,2020-09-20 19:20:00+05:30,10862.21,-68.86000000000058,1
3537,2020-09-20 21:30:00+05:30,10819.56,2020-09-20 22:10:00+05:30,10846.4,26.840000000000146,2
3538,2020-09-21 01:10:00+05:30,10866.11,2020-09-21 02:45:00+05:30,10868.9,2.789999999999054,2
3539,2020-09-21 08:45:00+05:30,10920.0,2020-09-21 09:00:00+05:30,10949.68,29.68000000000029,2
3540,2020-09-21 10:50:00+05:30,10941.24,2020-09-21 11:25:00+05:30,10959.75,18.51000000000022,2
3541,2020-09-21 13:05:00+05:30,10901.57,2020-09-21 15:40:00+05:30,10673.93,-227.63999999999942,0
3542,2020-09-21 16:50:00+05:30,10618.26,2020-09-21 18:30:00+05:30,10612.17,-6.0900000000001455,1
3543,2020-09-21 19:50:00+05:30,10531.35,2020-09-21 21:20:00+05:30,10424.0,-107.35000000000036,1
3544,2020-09-22 04:55:00+05:30,10458.73,2020-09-22 05:45:00+05:30,10471.52,12.790000000000873,2
3545,2020-09-22 10:40:00+05:30,10442.42,2020-09-22 11:20:00+05:30,10467.07,24.649999999999636,2
3546,2020-09-22 13:05:00+05:30,10364.8,2020-09-22 13:30:00+05:30,10421.96,57.159999999999854,2
3547,2020-09-22 15:45:00+05:30,10431.98,2020-09-22 16:05:00+05:30,10457.99,26.01000000000022,2
3548,2020-09-22 20:25:00+05:30,10439.25,2020-09-22 21:30:00+05:30,10463.95,24.700000000000728,2
3549,2020-09-23 08:35:00+05:30,10488.11,2020-09-23 10:40:00+05:30,10476.84,-11.270000000000437,1
3550,2020-09-23 11:40:00+05:30,10449.26,2020-09-23 13:20:00+05:30,10425.78,-23.479999999999563,1
3551,2020-09-23 19:35:00+05:30,10477.08,2020-09-23 22:00:00+05:30,10464.81,-12.270000000000437,1
3552,2020-09-23 23:35:00+05:30,10450.01,2020-09-24 02:10:00+05:30,10229.85,-220.15999999999985,0
3553,2020-09-24 02:15:00+05:30,10204.83,2020-09-24 03:15:00+05:30,10273.0,68.17000000000007,2
3554,2020-09-24 04:45:00+05:30,10233.99,2020-09-24 05:45:00+05:30,10269.55,35.55999999999949,2
3555,2020-09-24 10:00:00+05:30,10282.35,2020-09-24 10:55:00+05:30,10297.01,14.659999999999854,2
3556,2020-09-24 14:35:00+05:30,10286.41,2020-09-24 15:15:00+05:30,10322.12,35.710000000000946,2
3557,2020-09-24 18:05:00+05:30,10380.61,2020-09-24 19:30:00+05:30,10401.53,20.920000000000073,2
3558,2020-09-25 00:50:00+05:30,10598.88,2020-09-25 01:05:00+05:30,10655.95,57.07000000000153,2
3559,2020-09-25 06:00:00+05:30,10695.98,2020-09-25 06:30:00+05:30,10727.79,31.81000000000131,2
3560,2020-09-25 09:25:00+05:30,10667.47,2020-09-25 10:20:00+05:30,10688.41,20.94000000000051,2
3561,2020-09-25 10:30:00+05:30,10658.42,2020-09-25 10:55:00+05:30,10679.23,20.80999999999949,2
3562,2020-09-25 11:15:00+05:30,10652.63,2020-09-25 12:15:00+05:30,10667.86,15.230000000001382,2
3563,2020-09-25 14:00:00+05:30,10645.5,2020-09-25 15:50:00+05:30,10612.3,-33.20000000000073,1
3564,2020-09-25 19:35:00+05:30,10586.54,2020-09-25 19:55:00+05:30,10613.88,27.339999999998327,2
3565,2020-09-26 04:20:00+05:30,10681.98,2020-09-26 05:35:00+05:30,10692.66,10.680000000000291,2
3566,2020-09-26 06:20:00+05:30,10653.31,2020-09-26 06:45:00+05:30,10677.69,24.38000000000102,2
3567,2020-09-26 12:50:00+05:30,10709.85,2020-09-26 15:00:00+05:30,10706.42,-3.430000000000291,1
3568,2020-09-26 17:35:00+05:30,10683.31,2020-09-26 18:45:00+05:30,10688.17,4.860000000000582,2
3569,2020-09-26 21:40:00+05:30,10693.64,2020-09-26 21:55:00+05:30,10714.0,20.360000000000582,2
3570,2020-09-27 01:50:00+05:30,10705.19,2020-09-27 02:10:00+05:30,10717.81,12.619999999998981,2
3571,2020-09-27 11:45:00+05:30,10754.21,2020-09-27 15:05:00+05:30,10650.43,-103.77999999999884,1
3572,2020-09-27 17:25:00+05:30,10623.5,2020-09-27 17:45:00+05:30,10660.26,36.76000000000022,2
3573,2020-09-27 20:45:00+05:30,10647.43,2020-09-27 21:05:00+05:30,10668.96,21.529999999998836,2
3574,2020-09-28 00:55:00+05:30,10716.13,2020-09-28 01:20:00+05:30,10731.5,15.3700000000008,2
3575,2020-09-28 08:55:00+05:30,10877.04,2020-09-28 10:00:00+05:30,10895.0,17.959999999999127,2
3576,2020-09-28 11:15:00+05:30,10868.66,2020-09-28 13:00:00+05:30,10865.84,-2.819999999999709,1
3577,2020-09-28 23:35:00+05:30,10868.21,2020-09-29 01:25:00+05:30,10869.0,0.7900000000008731,2
3578,2020-09-29 04:35:00+05:30,10850.55,2020-09-29 07:55:00+05:30,10698.93,-151.61999999999898,1
3579,2020-09-29 10:30:00+05:30,10686.12,2020-09-29 11:35:00+05:30,10697.81,11.68999999999869,2
3580,2020-09-29 15:20:00+05:30,10716.62,2020-09-29 15:40:00+05:30,10738.76,22.139999999999418,2
3581,2020-09-29 18:40:00+05:30,10728.78,2020-09-29 19:05:00+05:30,10763.84,35.05999999999949,2
3582,2020-09-29 21:30:00+05:30,10719.01,2020-09-29 23:20:00+05:30,10682.35,-36.659999999999854,1
3583,2020-09-30 07:05:00+05:30,10792.33,2020-09-30 07:45:00+05:30,10806.01,13.680000000000291,2
3584,2020-09-30 09:45:00+05:30,10710.99,2020-09-30 10:10:00+05:30,10755.16,44.17000000000007,2
3585,2020-09-30 11:25:00+05:30,10698.66,2020-09-30 12:05:00+05:30,10730.96,32.29999999999927,2
3586,2020-09-30 13:20:00+05:30,10701.46,2020-09-30 14:05:00+05:30,10725.38,23.920000000000073,2
3587,2020-09-30 14:30:00+05:30,10692.73,2020-09-30 15:30:00+05:30,10712.35,19.6200000000008,2
3588,2020-09-30 17:05:00+05:30,10683.01,2020-09-30 17:30:00+05:30,10712.52,29.51000000000022,2
3589,2020-09-30 23:50:00+05:30,10733.39,2020-10-01 01:15:00+05:30,10721.79,-11.599999999998545,1
3590,2020-10-01 13:00:00+05:30,10810.53,2020-10-01 13:25:00+05:30,10824.75,14.219999999999345,2
3591,2020-10-01 15:50:00+05:30,10858.65,2020-10-01 16:40:00+05:30,10874.04,15.390000000001237,2
3592,2020-10-01 19:20:00+05:30,10850.01,2020-10-01 20:30:00+05:30,10869.53,19.520000000000437,2
3593,2020-10-01 21:15:00+05:30,10825.55,2020-10-01 21:45:00+05:30,10546.0,-279.5499999999993,0
3594,2020-10-01 21:50:00+05:30,10564.16,2020-10-01 23:40:00+05:30,10516.53,-47.6299999999992,1
3595,2020-10-02 10:25:00+05:30,10590.02,2020-10-02 11:55:00+05:30,10483.62,-106.39999999999964,1
3596,2020-10-02 13:40:00+05:30,10444.89,2020-10-02 14:30:00+05:30,10479.37,34.48000000000138,2
3597,2020-10-02 14:50:00+05:30,10431.68,2020-10-02 15:30:00+05:30,10455.09,23.409999999999854,2
3598,2020-10-02 15:50:00+05:30,10404.52,2020-10-02 16:10:00+05:30,10448.42,43.899999999999636,2
3599,2020-10-02 21:30:00+05:30,10500.78,2020-10-02 21:40:00+05:30,10537.42,36.63999999999942,2
3600,2020-10-02 23:10:00+05:30,10523.86,2020-10-02 23:30:00+05:30,10544.78,20.920000000000073,2
3601,2020-10-03 01:25:00+05:30,10515.04,2020-10-03 01:45:00+05:30,10533.0,17.959999999999127,2
3602,2020-10-03 03:10:00+05:30,10500.0,2020-10-03 03:50:00+05:30,10513.21,13.209999999999127,2
3603,2020-10-03 05:35:00+05:30,10538.81,2020-10-03 08:15:00+05:30,10543.19,4.380000000001019,2
3604,2020-10-03 10:40:00+05:30,10541.64,2020-10-03 11:30:00+05:30,10545.36,3.720000000001164,2
3605,2020-10-03 11:35:00+05:30,10523.29,2020-10-03 12:25:00+05:30,10529.01,5.719999999999345,2
3606,2020-10-03 13:35:00+05:30,10506.65,2020-10-03 13:50:00+05:30,10541.39,34.73999999999978,2
3607,2020-10-03 17:40:00+05:30,10522.89,2020-10-03 18:00:00+05:30,10538.7,15.81000000000131,2
3608,2020-10-04 02:00:00+05:30,10563.19,2020-10-04 03:00:00+05:30,10570.47,7.279999999998836,2
3609,2020-10-04 03:35:00+05:30,10537.61,2020-10-04 04:20:00+05:30,10557.77,20.159999999999854,2
3610,2020-10-04 05:30:00+05:30,10531.84,2020-10-04 05:45:00+05:30,10553.78,21.94000000000051,2
3611,2020-10-04 11:25:00+05:30,10562.28,2020-10-04 11:35:00+05:30,10571.66,9.3799999999992,2
3612,2020-10-04 14:05:00+05:30,10602.0,2020-10-04 16:30:00+05:30,10590.01,-11.989999999999782,1
3613,2020-10-04 19:45:00+05:30,10589.16,2020-10-04 20:05:00+05:30,10609.07,19.909999999999854,2
3614,2020-10-04 20:20:00+05:30,10590.0,2020-10-04 20:25:00+05:30,10604.45,14.450000000000728,2
3615,2020-10-04 22:20:00+05:30,10590.25,2020-10-04 22:25:00+05:30,10600.44,10.19000000000051,2
3616,2020-10-05 02:15:00+05:30,10651.21,2020-10-05 03:35:00+05:30,10674.39,23.18000000000029,2
3617,2020-10-05 08:50:00+05:30,10684.46,2020-10-05 10:50:00+05:30,10663.58,-20.8799999999992,1
3618,2020-10-05 11:40:00+05:30,10633.77,2020-10-05 12:30:00+05:30,10653.54,19.770000000000437,2
3619,2020-10-05 15:30:00+05:30,10663.95,2020-10-05 16:05:00+05:30,10676.52,12.569999999999709,2
3620,2020-10-05 21:00:00+05:30,10714.22,2020-10-05 22:10:00+05:30,10723.33,9.110000000000582,2
3621,2020-10-05 23:25:00+05:30,10696.49,2020-10-06 00:25:00+05:30,10716.35,19.860000000000582,2
3622,2020-10-06 10:30:00+05:30,10756.17,2020-10-06 12:30:00+05:30,10756.39,0.21999999999934516,2
3623,2020-10-06 13:15:00+05:30,10716.88,2020-10-06 14:20:00+05:30,10732.95,16.070000000001528,2
3624,2020-10-06 15:55:00+05:30,10720.45,2020-10-06 17:10:00+05:30,10708.96,-11.4900000000016,1
3625,2020-10-06 19:20:00+05:30,10685.29,2020-10-06 20:45:00+05:30,10684.92,-0.37000000000080036,1
3626,2020-10-06 22:45:00+05:30,10704.66,2020-10-06 23:40:00+05:30,10720.74,16.079999999999927,2
3627,2020-10-07 00:20:00+05:30,10658.1,2020-10-07 02:45:00+05:30,10569.23,-88.8700000000008,1
3628,2020-10-07 07:00:00+05:30,10569.72,2020-10-07 07:25:00+05:30,10583.07,13.350000000000364,2
3629,2020-10-07 09:10:00+05:30,10574.59,2020-10-07 09:50:00+05:30,10585.98,11.389999999999418,2
3630,2020-10-07 13:40:00+05:30,10598.91,2020-10-07 14:20:00+05:30,10611.14,12.229999999999563,2
3631,2020-10-07 14:45:00+05:30,10587.52,2020-10-07 15:00:00+05:30,10605.44,17.920000000000073,2
3632,2020-10-07 15:25:00+05:30,10583.99,2020-10-07 16:20:00+05:30,10591.41,7.420000000000073,2
3633,2020-10-07 19:30:00+05:30,10605.71,2020-10-07 20:00:00+05:30,10618.61,12.900000000001455,2
3634,2020-10-07 21:55:00+05:30,10606.74,2020-10-07 22:25:00+05:30,10628.64,21.899999999999636,2
3635,2020-10-08 03:35:00+05:30,10653.5,2020-10-08 04:25:00+05:30,10660.96,7.459999999999127,2
3636,2020-10-08 06:30:00+05:30,10630.5,2020-10-08 07:25:00+05:30,10641.1,10.600000000000364,2
3637,2020-10-08 10:30:00+05:30,10621.15,2020-10-08 10:45:00+05:30,10637.71,16.55999999999949,2
3638,2020-10-08 12:40:00+05:30,10596.91,2020-10-08 15:35:00+05:30,10578.06,-18.850000000000364,1
3639,2020-10-09 00:30:00+05:30,10855.58,2020-10-09 00:50:00+05:30,10879.57,23.98999999999978,2
3640,2020-10-09 11:15:00+05:30,10865.44,2020-10-09 12:05:00+05:30,10870.7,5.260000000000218,2
3641,2020-10-09 14:45:00+05:30,10873.54,2020-10-09 15:40:00+05:30,10896.0,22.459999999999127,2
3642,2020-10-09 20:00:00+05:30,11042.36,2020-10-09 20:45:00+05:30,11064.46,22.099999999998545,2
3643,2020-10-09 23:35:00+05:30,11037.04,2020-10-10 00:25:00+05:30,11047.02,9.979999999999563,2
3644,2020-10-10 00:35:00+05:30,11026.01,2020-10-10 00:50:00+05:30,11043.34,17.329999999999927,2
3645,2020-10-10 11:15:00+05:30,11369.8,2020-10-10 12:00:00+05:30,11388.22,18.420000000000073,2
3646,2020-10-10 12:25:00+05:30,11354.84,2020-10-10 12:50:00+05:30,11377.15,22.30999999999949,2
3647,2020-10-10 14:55:00+05:30,11357.46,2020-10-10 15:05:00+05:30,11376.12,18.660000000001673,2
3648,2020-10-10 15:15:00+05:30,11312.71,2020-10-10 16:30:00+05:30,11322.52,9.81000000000131,2
3649,2020-10-10 18:00:00+05:30,11287.12,2020-10-10 18:05:00+05:30,11315.74,28.61999999999898,2
3650,2020-10-11 01:30:00+05:30,11340.05,2020-10-11 01:55:00+05:30,11360.98,20.93000000000029,2
3651,2020-10-11 02:30:00+05:30,11334.11,2020-10-11 02:50:00+05:30,11365.0,30.889999999999418,2
3652,2020-10-11 04:40:00+05:30,11300.97,2020-10-11 06:25:00+05:30,11300.69,-0.27999999999883585,1
3653,2020-10-11 09:05:00+05:30,11321.04,2020-10-11 09:45:00+05:30,11340.0,18.959999999999127,2
3654,2020-10-11 10:05:00+05:30,11310.91,2020-10-11 10:30:00+05:30,11333.9,22.98999999999978,2
3655,2020-10-11 14:30:00+05:30,11338.2,2020-10-11 14:50:00+05:30,11351.39,13.18999999999869,2
3656,2020-10-12 00:50:00+05:30,11387.19,2020-10-12 03:10:00+05:30,11335.98,-51.210000000000946,1
3657,2020-10-12 09:30:00+05:30,11372.94,2020-10-12 10:05:00+05:30,11390.11,17.170000000000073,2
3658,2020-10-12 11:45:00+05:30,11376.35,2020-10-12 12:50:00+05:30,11372.04,-4.309999999999491,1
3659,2020-10-12 14:20:00+05:30,11361.89,2020-10-12 15:40:00+05:30,11360.91,-0.9799999999995634,1
3660,2020-10-12 16:00:00+05:30,11326.62,2020-10-12 17:35:00+05:30,11262.18,-64.44000000000051,1
3661,2020-10-13 01:30:00+05:30,11535.43,2020-10-13 01:45:00+05:30,11556.96,21.529999999998836,2
3662,2020-10-13 04:35:00+05:30,11528.54,2020-10-13 07:15:00+05:30,11498.36,-30.18000000000029,1
3663,2020-10-13 08:30:00+05:30,11456.52,2020-10-13 09:30:00+05:30,11474.04,17.520000000000437,2
3664,2020-10-13 12:05:00+05:30,11465.25,2020-10-13 13:30:00+05:30,11470.89,5.639999999999418,2
3665,2020-10-13 15:30:00+05:30,11452.53,2020-10-13 15:45:00+05:30,11493.51,40.97999999999956,2
3666,2020-10-13 17:25:00+05:30,11486.36,2020-10-13 20:05:00+05:30,11381.09,-105.27000000000044,1
3667,2020-10-13 21:35:00+05:30,11356.18,2020-10-13 21:50:00+05:30,11389.02,32.840000000000146,2
3668,2020-10-13 23:25:00+05:30,11354.3,2020-10-13 23:40:00+05:30,11381.88,27.579999999999927,2
3669,2020-10-14 07:35:00+05:30,11424.63,2020-10-14 08:35:00+05:30,11438.41,13.780000000000655,2
3670,2020-10-14 09:25:00+05:30,11390.0,2020-10-14 10:45:00+05:30,11407.09,17.090000000000146,2
3671,2020-10-14 15:15:00+05:30,11405.04,2020-10-14 16:35:00+05:30,11401.86,-3.180000000000291,1
3672,2020-10-14 21:20:00+05:30,11308.64,2020-10-14 22:45:00+05:30,11340.26,31.6200000000008,2
3673,2020-10-15 00:00:00+05:30,11310.3,2020-10-15 00:20:00+05:30,11341.36,31.06000000000131,2
3674,2020-10-15 08:25:00+05:30,11361.57,2020-10-15 09:05:00+05:30,11380.16,18.590000000000146,2
3675,2020-10-15 13:50:00+05:30,11365.03,2020-10-15 16:20:00+05:30,11325.66,-39.3700000000008,1
3676,2020-10-15 17:30:00+05:30,11300.85,2020-10-15 17:50:00+05:30,11381.33,80.47999999999956,2
3677,2020-10-16 02:30:00+05:30,11482.8,2020-10-16 03:55:00+05:30,11509.83,27.030000000000655,2
3678,2020-10-16 04:20:00+05:30,11480.84,2020-10-16 04:40:00+05:30,11498.19,17.350000000000364,2
3679,2020-10-16 08:45:00+05:30,11506.26,2020-10-16 09:55:00+05:30,11260.78,-245.47999999999956,0
3680,2020-10-16 13:25:00+05:30,11305.87,2020-10-16 13:35:00+05:30,11333.82,27.94999999999891,2
3681,2020-10-16 14:30:00+05:30,11285.0,2020-10-16 15:30:00+05:30,11282.25,-2.75,1
3682,2020-10-16 19:20:00+05:30,11337.76,2020-10-16 19:30:00+05:30,11359.58,21.81999999999971,2
3683,2020-10-16 20:05:00+05:30,11328.42,2020-10-16 21:25:00+05:30,11331.19,2.7700000000004366,2
3684,2020-10-17 01:20:00+05:30,11323.85,2020-10-17 02:35:00+05:30,11314.6,-9.25,1
3685,2020-10-17 05:15:00+05:30,11322.69,2020-10-17 06:45:00+05:30,11316.47,-6.220000000001164,1
3686,2020-10-17 14:20:00+05:30,11327.87,2020-10-17 15:20:00+05:30,11339.37,11.5,2
3687,2020-10-17 18:00:00+05:30,11323.82,2020-10-17 18:20:00+05:30,11341.34,17.520000000000437,2
3688,2020-10-17 20:05:00+05:30,11297.99,2020-10-17 20:15:00+05:30,11350.95,52.960000000000946,2
3689,2020-10-18 01:50:00+05:30,11331.56,2020-10-18 02:15:00+05:30,11353.19,21.63000000000102,2
3690,2020-10-18 03:50:00+05:30,11337.09,2020-10-18 04:10:00+05:30,11351.86,14.770000000000437,2
3691,2020-10-18 09:05:00+05:30,11364.54,2020-10-18 09:30:00+05:30,11378.65,14.109999999998763,2
3692,2020-10-18 13:50:00+05:30,11419.3,2020-10-18 14:30:00+05:30,11432.78,13.480000000001382,2
3693,2020-10-18 15:10:00+05:30,11414.54,2020-10-18 16:20:00+05:30,11419.26,4.719999999999345,2
3694,2020-10-18 18:10:00+05:30,11412.23,2020-10-18 18:30:00+05:30,11431.47,19.23999999999978,2
3695,2020-10-19 01:30:00+05:30,11429.24,2020-10-19 02:05:00+05:30,11438.06,8.819999999999709,2
3696,2020-10-19 07:50:00+05:30,11453.43,2020-10-19 08:20:00+05:30,11460.23,6.799999999999272,2
3697,2020-10-19 08:50:00+05:30,11426.15,2020-10-19 09:45:00+05:30,11440.3,14.149999999999636,2
3698,2020-10-19 11:10:00+05:30,11424.7,2020-10-19 11:20:00+05:30,11438.38,13.679999999998472,2
3699,2020-10-19 23:20:00+05:30,11721.32,2020-10-19 23:40:00+05:30,11747.79,26.470000000001164,2
3700,2020-10-20 00:10:00+05:30,11693.0,2020-10-20 01:50:00+05:30,11684.13,-8.8700000000008,1
3701,2020-10-20 06:15:00+05:30,11704.46,2020-10-20 06:35:00+05:30,11731.52,27.06000000000131,2
3702,2020-10-20 06:55:00+05:30,11700.15,2020-10-20 07:35:00+05:30,11714.64,14.489999999999782,2
3703,2020-10-20 13:20:00+05:30,11736.51,2020-10-20 14:45:00+05:30,11754.54,18.030000000000655,2
3704,2020-10-20 23:35:00+05:30,11918.93,2020-10-21 00:15:00+05:30,11958.52,39.590000000000146,2
3705,2020-10-21 01:30:00+05:30,11895.14,2020-10-21 02:30:00+05:30,11910.62,15.480000000001382,2
3706,2020-10-21 05:05:00+05:30,11896.04,2020-10-21 05:40:00+05:30,11923.09,27.049999999999272,2
3707,2020-10-21 12:35:00+05:30,12198.52,2020-10-21 14:35:00+05:30,12180.96,-17.56000000000131,1
3708,2020-10-21 23:10:00+05:30,12752.66,2020-10-22 01:00:00+05:30,12759.49,6.829999999999927,2
3709,2020-10-22 01:15:00+05:30,12682.33,2020-10-22 01:50:00+05:30,12733.41,51.07999999999993,2
3710,2020-10-22 07:35:00+05:30,12801.25,2020-10-22 09:20:00+05:30,12773.56,-27.69000000000051,1
3711,2020-10-22 09:25:00+05:30,12718.26,2020-10-22 10:25:00+05:30,12752.5,34.23999999999978,2
3712,2020-10-22 13:15:00+05:30,12745.6,2020-10-22 13:40:00+05:30,12779.96,34.35999999999876,2
3713,2020-10-22 17:35:00+05:30,12904.68,2020-10-22 18:40:00+05:30,12908.31,3.6299999999991996,2
3714,2020-10-23 03:10:00+05:30,13068.56,2020-10-23 03:25:00+05:30,13132.55,63.98999999999978,2
3715,2020-10-23 04:25:00+05:30,13009.48,2020-10-23 06:45:00+05:30,12925.72,-83.76000000000022,1
3716,2020-10-23 09:45:00+05:30,12938.55,2020-10-23 10:40:00+05:30,12966.25,27.700000000000728,2
3717,2020-10-23 12:10:00+05:30,12913.0,2020-10-23 13:35:00+05:30,12921.12,8.1200000000008,2
3718,2020-10-23 17:30:00+05:30,12949.23,2020-10-23 18:25:00+05:30,12974.01,24.780000000000655,2
3719,2020-10-23 19:40:00+05:30,12927.72,2020-10-23 20:45:00+05:30,12945.06,17.340000000000146,2
3720,2020-10-23 21:40:00+05:30,12875.71,2020-10-23 23:15:00+05:30,12798.33,-77.3799999999992,1
3721,2020-10-24 05:55:00+05:30,12882.8,2020-10-24 06:40:00+05:30,12929.41,46.61000000000058,2
3722,2020-10-24 09:15:00+05:30,12957.03,2020-10-24 09:30:00+05:30,12986.19,29.159999999999854,2
3723,2020-10-24 10:30:00+05:30,12942.2,2020-10-24 11:20:00+05:30,12961.42,19.219999999999345,2
3724,2020-10-24 13:25:00+05:30,12924.79,2020-10-24 14:50:00+05:30,12929.42,4.6299999999992,2
3725,2020-10-24 18:45:00+05:30,12962.83,2020-10-24 19:05:00+05:30,12983.32,20.48999999999978,2
3726,2020-10-25 01:05:00+05:30,13083.29,2020-10-25 01:20:00+05:30,13118.43,35.13999999999942,2
3727,2020-10-25 03:20:00+05:30,13049.76,2020-10-25 04:05:00+05:30,13089.99,40.22999999999956,2
3728,2020-10-25 10:40:00+05:30,13269.28,2020-10-25 11:15:00+05:30,12990.85,-278.4300000000003,0
3729,2020-10-25 11:20:00+05:30,12954.32,2020-10-25 12:45:00+05:30,13019.73,65.40999999999985,2
3730,2020-10-25 13:50:00+05:30,12981.23,2020-10-25 14:15:00+05:30,13022.3,41.06999999999971,2
3731,2020-10-25 15:40:00+05:30,12962.84,2020-10-25 16:20:00+05:30,12982.99,20.149999999999636,2
3732,2020-10-25 16:35:00+05:30,12942.67,2020-10-25 17:25:00+05:30,12951.73,9.05999999999949,2
3733,2020-10-25 21:05:00+05:30,12965.7,2020-10-25 21:35:00+05:30,12984.45,18.75,2
3734,2020-10-25 23:45:00+05:30,12978.29,2020-10-26 00:40:00+05:30,13006.99,28.69999999999891,2
3735,2020-10-26 02:45:00+05:30,13006.73,2020-10-26 03:15:00+05:30,13024.42,17.69000000000051,2
3736,2020-10-26 03:40:00+05:30,12993.47,2020-10-26 04:15:00+05:30,13010.95,17.480000000001382,2
3737,2020-10-26 05:45:00+05:30,12973.37,2020-10-26 06:05:00+05:30,13021.84,48.469999999999345,2
3738,2020-10-26 09:50:00+05:30,13064.43,2020-10-26 10:00:00+05:30,13102.41,37.97999999999956,2
3739,2020-10-26 11:35:00+05:30,13080.53,2020-10-26 14:20:00+05:30,13059.13,-21.400000000001455,1
3740,2020-10-26 20:35:00+05:30,13126.55,2020-10-26 22:05:00+05:30,12826.23,-300.3199999999997,0
3741,2020-10-27 03:35:00+05:30,12983.27,2020-10-27 03:55:00+05:30,13034.25,50.97999999999956,2
3742,2020-10-27 11:30:00+05:30,13072.77,2020-10-27 12:20:00+05:30,13091.19,18.420000000000073,2
3743,2020-10-27 14:45:00+05:30,13101.82,2020-10-27 15:15:00+05:30,13130.55,28.729999999999563,2
3744,2020-10-27 19:00:00+05:30,13368.3,2020-10-27 19:35:00+05:30,13414.67,46.3700000000008,2
3745,2020-10-27 19:55:00+05:30,13346.68,2020-10-27 20:15:00+05:30,13394.99,48.30999999999949,2
3746,2020-10-28 02:25:00+05:30,13602.52,2020-10-28 02:45:00+05:30,13659.08,56.55999999999949,2
3747,2020-10-28 09:45:00+05:30,13735.58,2020-10-28 11:35:00+05:30,13743.59,8.010000000000218,2
3748,2020-10-28 12:40:00+05:30,13672.69,2020-10-28 13:55:00+05:30,13677.64,4.949999999998909,2
3749,2020-10-28 15:30:00+05:30,13563.5,2020-10-28 17:45:00+05:30,13280.47,-283.03000000000065,0
3750,2020-10-28 19:20:00+05:30,13151.8,2020-10-28 20:35:00+05:30,13128.7,-23.099999999998545,1
3751,2020-10-28 22:10:00+05:30,13065.0,2020-10-28 23:00:00+05:30,13160.48,95.47999999999956,2
3752,2020-10-29 02:55:00+05:30,13105.94,2020-10-29 03:20:00+05:30,13198.83,92.88999999999942,2
3753,2020-10-29 06:55:00+05:30,13193.35,2020-10-29 07:15:00+05:30,13267.14,73.78999999999905,2
3754,2020-10-29 08:45:00+05:30,13181.55,2020-10-29 09:00:00+05:30,13240.0,58.45000000000073,2
3755,2020-10-29 12:50:00+05:30,13227.22,2020-10-29 14:35:00+05:30,13192.67,-34.54999999999927,1
3756,2020-10-29 15:55:00+05:30,13122.5,2020-10-29 16:45:00+05:30,13140.71,18.209999999999127,2
3757,2020-10-29 17:25:00+05:30,13052.06,2020-10-29 18:05:00+05:30,13105.0,52.94000000000051,2
3758,2020-10-30 01:25:00+05:30,13492.51,2020-10-30 03:15:00+05:30,13496.63,4.119999999998981,2
3759,2020-10-30 04:25:00+05:30,13398.97,2020-10-30 04:45:00+05:30,13477.35,78.38000000000102,2
3760,2020-10-30 05:35:00+05:30,13380.5,2020-10-30 06:05:00+05:30,13441.43,60.93000000000029,2
3761,2020-10-30 08:05:00+05:30,13511.05,2020-10-30 10:00:00+05:30,13461.81,-49.23999999999978,1
3762,2020-10-30 10:55:00+05:30,13380.47,2020-10-30 13:00:00+05:30,13240.96,-139.51000000000022,1
3763,2020-10-30 19:05:00+05:30,13260.73,2020-10-30 19:45:00+05:30,13319.57,58.840000000000146,2
3764,2020-10-31 00:45:00+05:30,13490.93,2020-10-31 01:15:00+05:30,13515.53,24.600000000000364,2
3765,2020-10-31 08:35:00+05:30,13536.13,2020-10-31 09:55:00+05:30,13511.31,-24.81999999999971,1
3766,2020-10-31 11:25:00+05:30,13473.26,2020-10-31 11:45:00+05:30,13503.99,30.729999999999563,2
3767,2020-10-31 18:45:00+05:30,13846.02,2020-10-31 18:55:00+05:30,13895.27,49.25,2
3768,2020-10-31 19:55:00+05:30,13779.58,2020-10-31 21:05:00+05:30,13808.68,29.100000000000364,2
3769,2020-10-31 22:35:00+05:30,13775.81,2020-11-01 00:05:00+05:30,13766.95,-8.859999999998763,1
3770,2020-11-01 00:30:00+05:30,13692.05,2020-11-01 00:45:00+05:30,13751.0,58.95000000000073,2
3771,2020-11-01 04:35:00+05:30,13796.52,2020-11-01 05:35:00+05:30,13892.13,95.60999999999876,2
3772,2020-11-01 06:05:00+05:30,13693.19,2020-11-01 07:15:00+05:30,13767.99,74.79999999999927,2
3773,2020-11-01 08:15:00+05:30,13714.86,2020-11-01 10:15:00+05:30,13683.0,-31.860000000000582,1
3774,2020-11-01 15:20:00+05:30,13693.34,2020-11-01 16:05:00+05:30,13739.0,45.659999999999854,2
3775,2020-11-02 03:30:00+05:30,13783.04,2020-11-02 05:20:00+05:30,13737.63,-45.41000000000167,1
3776,2020-11-02 07:30:00+05:30,13726.62,2020-11-02 09:20:00+05:30,13709.26,-17.360000000000582,1
3777,2020-11-02 10:45:00+05:30,13643.39,2020-11-02 11:00:00+05:30,13690.3,46.909999999999854,2
3778,2020-11-02 13:30:00+05:30,13714.53,2020-11-02 15:25:00+05:30,13571.64,-142.89000000000124,1
3779,2020-11-02 16:40:00+05:30,13458.48,2020-11-02 18:55:00+05:30,13363.16,-95.31999999999971,1
3780,2020-11-03 00:05:00+05:30,13451.0,2020-11-03 00:35:00+05:30,13492.62,41.6200000000008,2
3781,2020-11-03 03:45:00+05:30,13583.13,2020-11-03 03:55:00+05:30,13627.56,44.43000000000029,2
3782,2020-11-03 05:20:00+05:30,13545.97,2020-11-03 06:20:00+05:30,13536.74,-9.229999999999563,1
3783,2020-11-03 08:05:00+05:30,13496.86,2020-11-03 10:05:00+05:30,13397.06,-99.80000000000109,1
3784,2020-11-03 11:30:00+05:30,13306.97,2020-11-03 11:45:00+05:30,13425.77,118.80000000000109,2
3785,2020-11-03 18:05:00+05:30,13473.06,2020-11-03 18:25:00+05:30,13514.68,41.6200000000008,2
3786,2020-11-04 01:25:00+05:30,13721.27,2020-11-04 02:00:00+05:30,13751.1,29.829999999999927,2
3787,2020-11-04 03:30:00+05:30,13699.88,2020-11-04 03:45:00+05:30,13748.59,48.710000000000946,2
3788,2020-11-04 06:25:00+05:30,13794.67,2020-11-04 07:40:00+05:30,13864.46,69.78999999999905,2
3789,2020-11-04 08:15:00+05:30,13709.18,2020-11-04 08:30:00+05:30,13792.68,83.5,2
3790,2020-11-04 11:15:00+05:30,13801.99,2020-11-04 12:50:00+05:30,13814.63,12.639999999999418,2
3791,2020-11-04 13:10:00+05:30,13732.98,2020-11-04 14:35:00+05:30,13684.69,-48.289999999999054,1
3792,2020-11-04 15:30:00+05:30,13633.97,2020-11-04 15:40:00+05:30,13717.81,83.84000000000015,2
3793,2020-11-04 19:55:00+05:30,13743.35,2020-11-04 20:25:00+05:30,13839.99,96.63999999999942,2
3794,2020-11-05 01:45:00+05:30,13976.55,2020-11-05 02:50:00+05:30,14047.33,70.78000000000065,2
3795,2020-11-05 23:00:00+05:30,14916.16,2020-11-06 00:40:00+05:30,14990.03,73.8700000000008,2
3796,2020-11-06 08:00:00+05:30,15606.41,2020-11-06 10:15:00+05:30,15570.48,-35.93000000000029,1
3797,2020-11-06 14:00:00+05:30,15631.72,2020-11-06 15:35:00+05:30,15461.38,-170.34000000000015,1
3798,2020-11-07 00:15:00+05:30,15444.52,2020-11-07 00:35:00+05:30,15510.0,65.47999999999956,2
3799,2020-11-07 01:15:00+05:30,15410.01,2020-11-07 02:10:00+05:30,15474.46,64.44999999999891,2
3800,2020-11-07 10:00:00+05:30,15492.09,2020-11-07 10:50:00+05:30,15540.54,48.45000000000073,2
3801,2020-11-07 12:45:00+05:30,15462.67,2020-11-07 13:40:00+05:30,15488.14,25.469999999999345,2
3802,2020-11-07 15:15:00+05:30,15441.57,2020-11-07 15:50:00+05:30,15485.6,44.030000000000655,2
3803,2020-11-07 18:40:00+05:30,15476.88,2020-11-07 19:15:00+05:30,15500.23,23.350000000000364,2
3804,2020-11-07 19:45:00+05:30,15389.71,2020-11-07 21:00:00+05:30,15371.09,-18.61999999999898,1
3805,2020-11-07 21:50:00+05:30,15190.0,2020-11-07 22:00:00+05:30,15299.86,109.86000000000058,2
3806,2020-11-07 23:40:00+05:30,15156.91,2020-11-08 00:45:00+05:30,14777.13,-379.78000000000065,0
3807,2020-11-08 01:05:00+05:30,14598.26,2020-11-08 01:55:00+05:30,14737.22,138.95999999999913,2
3808,2020-11-08 03:40:00+05:30,14700.0,2020-11-08 04:00:00+05:30,14830.28,130.28000000000065,2
3809,2020-11-08 05:40:00+05:30,14743.36,2020-11-08 05:55:00+05:30,14827.26,83.89999999999964,2
3810,2020-11-08 08:50:00+05:30,14969.6,2020-11-08 09:15:00+05:30,15031.55,61.94999999999891,2
3811,2020-11-08 09:25:00+05:30,14957.41,2020-11-08 09:40:00+05:30,15017.87,60.460000000000946,2
3812,2020-11-08 10:05:00+05:30,14945.2,2020-11-08 10:15:00+05:30,14996.34,51.13999999999942,2
3813,2020-11-08 13:10:00+05:30,14937.39,2020-11-08 14:15:00+05:30,14962.25,24.860000000000582,2
3814,2020-11-08 19:00:00+05:30,15140.5,2020-11-08 19:25:00+05:30,15204.8,64.29999999999927,2
3815,2020-11-09 00:45:00+05:30,15420.42,2020-11-09 02:10:00+05:30,15408.44,-11.979999999999563,1
3816,2020-11-09 02:55:00+05:30,15267.52,2020-11-09 03:30:00+05:30,15362.5,94.97999999999956,2
3817,2020-11-09 05:35:00+05:30,15463.04,2020-11-09 05:55:00+05:30,15497.57,34.529999999998836,2
3818,2020-11-09 08:30:00+05:30,15442.54,2020-11-09 09:20:00+05:30,15477.31,34.76999999999862,2
3819,2020-11-09 09:30:00+05:30,15359.31,2020-11-09 10:40:00+05:30,15412.24,52.93000000000029,2
3820,2020-11-09 13:20:00+05:30,15340.84,2020-11-09 14:15:00+05:30,15382.11,41.27000000000044,2
3821,2020-11-09 18:40:00+05:30,15308.69,2020-11-09 20:00:00+05:30,15331.92,23.229999999999563,2
3822,2020-11-09 20:25:00+05:30,15101.0,2020-11-09 22:10:00+05:30,15030.77,-70.22999999999956,1
3823,2020-11-10 04:05:00+05:30,15278.08,2020-11-10 05:00:00+05:30,15329.33,51.25,2
3824,2020-11-10 05:50:00+05:30,15221.85,2020-11-10 06:20:00+05:30,15284.73,62.8799999999992,2
3825,2020-11-10 08:35:00+05:30,15290.24,2020-11-10 09:25:00+05:30,15334.91,44.67000000000007,2
3826,2020-11-10 11:50:00+05:30,15315.17,2020-11-10 13:10:00+05:30,15321.94,6.770000000000437,2
3827,2020-11-10 16:25:00+05:30,15305.14,2020-11-10 17:35:00+05:30,15370.0,64.86000000000058,2
3828,2020-11-10 20:20:00+05:30,15186.64,2020-11-10 21:35:00+05:30,15201.03,14.390000000001237,2
3829,2020-11-11 00:00:00+05:30,15194.07,2020-11-11 00:25:00+05:30,15266.23,72.15999999999985,2
3830,2020-11-11 04:40:00+05:30,15293.11,2020-11-11 05:45:00+05:30,15343.92,50.80999999999949,2
3831,2020-11-11 08:00:00+05:30,15381.06,2020-11-11 08:40:00+05:30,15409.38,28.31999999999971,2
3832,2020-11-11 09:55:00+05:30,15364.48,2020-11-11 11:10:00+05:30,15370.58,6.100000000000364,2
3833,2020-11-11 19:25:00+05:30,15557.85,2020-11-11 20:10:00+05:30,15635.55,77.69999999999891,2
3834,2020-11-12 00:55:00+05:30,15783.13,2020-11-12 03:00:00+05:30,15734.94,-48.18999999999869,1
3835,2020-11-12 05:30:00+05:30,15634.59,2020-11-12 06:40:00+05:30,15623.32,-11.270000000000437,1
3836,2020-11-12 14:25:00+05:30,15791.53,2020-11-12 14:50:00+05:30,15873.41,81.8799999999992,2
3837,2020-11-12 16:25:00+05:30,15704.9,2020-11-12 17:35:00+05:30,15804.53,99.63000000000102,2
3838,2020-11-12 23:25:00+05:30,15943.01,2020-11-13 00:10:00+05:30,16042.36,99.35000000000036,2
3839,2020-11-13 10:30:00+05:30,16336.27,2020-11-13 11:55:00+05:30,16316.08,-20.19000000000051,1
3840,2020-11-13 13:00:00+05:30,16205.0,2020-11-13 13:30:00+05:30,16277.28,72.28000000000065,2
3841,2020-11-13 13:45:00+05:30,16188.01,2020-11-13 14:15:00+05:30,16236.64,48.6299999999992,2
3842,2020-11-13 16:10:00+05:30,16192.64,2020-11-13 17:20:00+05:30,16239.67,47.030000000000655,2
3843,2020-11-13 20:00:00+05:30,16156.0,2020-11-13 22:05:00+05:30,16131.79,-24.209999999999127,1
3844,2020-11-14 02:15:00+05:30,16208.68,2020-11-14 02:35:00+05:30,16258.6,49.92000000000007,2
3845,2020-11-14 05:35:00+05:30,16263.79,2020-11-14 06:25:00+05:30,16283.95,20.159999999999854,2
3846,2020-11-14 08:15:00+05:30,16171.27,2020-11-14 08:50:00+05:30,16192.0,20.729999999999563,2
3847,2020-11-14 09:05:00+05:30,16145.12,2020-11-14 09:20:00+05:30,16191.12,46.0,2
3848,2020-11-14 09:40:00+05:30,16128.6,2020-11-14 11:15:00+05:30,16114.45,-14.149999999999636,1
3849,2020-11-14 12:40:00+05:30,16094.49,2020-11-14 15:55:00+05:30,15916.51,-177.97999999999956,1
3850,2020-11-14 22:15:00+05:30,15866.42,2020-11-14 23:20:00+05:30,15898.23,31.80999999999949,2
3851,2020-11-15 01:05:00+05:30,15847.92,2020-11-15 01:40:00+05:30,15893.32,45.399999999999636,2
3852,2020-11-15 06:05:00+05:30,16047.06,2020-11-15 06:30:00+05:30,16076.77,29.710000000000946,2
3853,2020-11-15 06:35:00+05:30,15966.25,2020-11-15 07:40:00+05:30,16002.54,36.29000000000087,2
3854,2020-11-15 08:40:00+05:30,15903.14,2020-11-15 09:45:00+05:30,15948.97,45.82999999999993,2
3855,2020-11-15 15:10:00+05:30,16043.86,2020-11-15 16:55:00+05:30,16051.37,7.510000000000218,2
3856,2020-11-15 21:05:00+05:30,16015.69,2020-11-15 21:30:00+05:30,16056.72,41.029999999998836,2
3857,2020-11-15 21:40:00+05:30,15988.25,2020-11-16 00:45:00+05:30,15925.46,-62.79000000000087,1
3858,2020-11-16 01:25:00+05:30,15855.29,2020-11-16 02:35:00+05:30,15892.37,37.07999999999993,2
3859,2020-11-16 03:40:00+05:30,15799.98,2020-11-16 04:00:00+05:30,15885.41,85.43000000000029,2
3860,2020-11-16 14:55:00+05:30,16189.08,2020-11-16 15:25:00+05:30,16235.0,45.92000000000007,2
3861,2020-11-16 17:25:00+05:30,16235.68,2020-11-16 18:25:00+05:30,16306.0,70.31999999999971,2
3862,2020-11-17 03:15:00+05:30,16616.0,2020-11-17 04:10:00+05:30,16757.5,141.5,2
3863,2020-11-17 08:10:00+05:30,16657.03,2020-11-17 08:30:00+05:30,16704.48,47.45000000000073,2
3864,2020-11-17 08:50:00+05:30,16587.86,2020-11-17 09:45:00+05:30,16641.72,53.86000000000058,2
3865,2020-11-17 11:20:00+05:30,16614.56,2020-11-17 11:50:00+05:30,16654.5,39.93999999999869,2
3866,2020-11-18 00:30:00+05:30,17533.79,2020-11-18 01:15:00+05:30,17737.4,203.61000000000058,2
3867,2020-11-18 02:40:00+05:30,17569.86,2020-11-18 03:25:00+05:30,17624.15,54.29000000000087,2
3868,2020-11-18 08:40:00+05:30,17643.51,2020-11-18 08:50:00+05:30,17697.85,54.340000000000146,2
3869,2020-11-18 11:00:00+05:30,17684.4,2020-11-18 12:25:00+05:30,17780.19,95.78999999999724,2
3870,2020-11-18 14:55:00+05:30,17935.34,2020-11-18 15:25:00+05:30,18110.0,174.65999999999985,2
3871,2020-11-18 18:20:00+05:30,18038.05,2020-11-18 20:30:00+05:30,17615.93,-422.119999999999,0
3872,2020-11-18 20:35:00+05:30,17609.99,2020-11-18 21:15:00+05:30,17783.66,173.66999999999825,2
3873,2020-11-19 00:50:00+05:30,17722.93,2020-11-19 02:20:00+05:30,17636.58,-86.34999999999854,1
3874,2020-11-19 05:45:00+05:30,17652.57,2020-11-19 06:20:00+05:30,17790.51,137.9399999999987,2
3875,2020-11-19 09:45:00+05:30,17805.49,2020-11-19 11:05:00+05:30,17844.34,38.849999999998545,2
3876,2020-11-19 12:30:00+05:30,17676.3,2020-11-19 14:45:00+05:30,17606.28,-70.02000000000044,1
3877,2020-11-19 15:20:00+05:30,17378.82,2020-11-19 16:15:00+05:30,17567.21,188.38999999999942,2
3878,2020-11-19 22:40:00+05:30,17904.05,2020-11-19 23:05:00+05:30,17986.12,82.06999999999971,2
3879,2020-11-20 00:40:00+05:30,17894.35,2020-11-20 01:25:00+05:30,17955.8,61.45000000000073,2
3880,2020-11-20 03:15:00+05:30,17926.64,2020-11-20 04:15:00+05:30,17939.22,12.580000000001746,2
3881,2020-11-20 04:35:00+05:30,17795.82,2020-11-20 05:30:00+05:30,17861.99,66.17000000000189,2
3882,2020-11-20 15:10:00+05:30,18140.0,2020-11-20 15:55:00+05:30,18225.0,85.0,2
3883,2020-11-20 17:45:00+05:30,18210.62,2020-11-20 18:00:00+05:30,18289.54,78.92000000000189,2
3884,2020-11-20 18:45:00+05:30,18178.49,2020-11-20 19:10:00+05:30,18266.34,87.84999999999854,2
3885,2020-11-20 22:30:00+05:30,18585.04,2020-11-20 23:10:00+05:30,18689.68,104.63999999999942,2
3886,2020-11-20 23:55:00+05:30,18553.82,2020-11-21 00:45:00+05:30,18592.78,38.95999999999913,2
3887,2020-11-21 02:55:00+05:30,18555.69,2020-11-21 04:05:00+05:30,18602.0,46.31000000000131,2
3888,2020-11-21 08:10:00+05:30,18770.47,2020-11-21 10:40:00+05:30,18623.56,-146.90999999999985,1
3889,2020-11-21 15:00:00+05:30,18596.44,2020-11-21 15:35:00+05:30,18692.29,95.85000000000218,2
3890,2020-11-21 16:20:00+05:30,18569.32,2020-11-21 16:35:00+05:30,18640.01,70.68999999999869,2
3891,2020-11-21 16:50:00+05:30,18557.99,2020-11-21 17:40:00+05:30,18621.2,63.20999999999913,2
3892,2020-11-21 22:40:00+05:30,18664.56,2020-11-21 23:25:00+05:30,18762.3,97.73999999999796,2
3893,2020-11-22 00:35:00+05:30,18687.62,2020-11-22 02:20:00+05:30,18666.08,-21.539999999997235,1
3894,2020-11-22 03:35:00+05:30,18546.49,2020-11-22 04:15:00+05:30,18623.95,77.45999999999913,2
3895,2020-11-22 06:20:00+05:30,18572.82,2020-11-22 07:50:00+05:30,18510.44,-62.38000000000102,1
3896,2020-11-22 09:40:00+05:30,18481.25,2020-11-22 10:00:00+05:30,18539.43,58.18000000000029,2
3897,2020-11-22 11:40:00+05:30,18445.83,2020-11-22 13:10:00+05:30,18464.99,19.159999999999854,2
3898,2020-11-22 14:10:00+05:30,18299.58,2020-11-22 15:05:00+05:30,18349.99,50.409999999999854,2
3899,2020-11-22 16:05:00+05:30,18200.0,2020-11-22 17:15:00+05:30,17788.19,-411.8100000000013,0
3900,2020-11-22 17:20:00+05:30,17671.11,2020-11-22 17:40:00+05:30,18032.47,361.3600000000006,2
3901,2020-11-23 04:40:00+05:30,18428.0,2020-11-23 06:30:00+05:30,18032.88,-395.119999999999,0
3902,2020-11-23 11:30:00+05:30,18391.54,2020-11-23 12:20:00+05:30,18451.31,59.77000000000044,2
3903,2020-11-23 18:45:00+05:30,18336.49,2020-11-23 19:20:00+05:30,18565.99,229.5,2
3904,2020-11-23 20:45:00+05:30,18330.95,2020-11-23 22:20:00+05:30,18342.99,12.040000000000873,2
3905,2020-11-24 04:40:00+05:30,18318.87,2020-11-24 05:20:00+05:30,18384.95,66.08000000000175,2
3906,2020-11-24 05:55:00+05:30,18236.24,2020-11-24 06:20:00+05:30,18328.68,92.43999999999869,2
3907,2020-11-24 10:00:00+05:30,18286.01,2020-11-24 10:10:00+05:30,18396.1,110.09000000000015,2
3908,2020-11-24 11:30:00+05:30,18240.52,2020-11-24 12:15:00+05:30,18316.23,75.70999999999913,2
3909,2020-11-24 21:55:00+05:30,19212.85,2020-11-24 22:30:00+05:30,19339.39,126.54000000000087,2
3910,2020-11-25 01:25:00+05:30,19160.01,2020-11-25 03:35:00+05:30,19048.76,-111.25,1
3911,2020-11-25 07:05:00+05:30,19112.97,2020-11-25 08:45:00+05:30,19026.96,-86.01000000000204,1
3912,2020-11-25 09:20:00+05:30,18831.33,2020-11-25 11:05:00+05:30,18837.83,6.5,2
3913,2020-11-25 17:35:00+05:30,19216.63,2020-11-25 18:20:00+05:30,19306.64,90.0099999999984,2
3914,2020-11-25 21:40:00+05:30,19110.54,2020-11-25 23:20:00+05:30,19025.84,-84.70000000000073,1
3915,2020-11-26 00:55:00+05:30,19003.84,2020-11-26 02:35:00+05:30,18952.01,-51.830000000001746,1
3916,2020-11-26 03:50:00+05:30,18761.76,2020-11-26 05:00:00+05:30,18785.15,23.390000000003056,2
3917,2020-11-26 07:15:00+05:30,18760.11,2020-11-26 08:30:00+05:30,18297.2,-462.90999999999985,0
3918,2020-11-26 08:35:00+05:30,18138.86,2020-11-26 09:00:00+05:30,17547.33,-591.5299999999988,0
3919,2020-11-26 09:05:00+05:30,17464.54,2020-11-26 10:35:00+05:30,17859.99,395.4500000000007,2
3920,2020-11-26 12:55:00+05:30,17753.66,2020-11-26 13:50:00+05:30,17289.76,-463.90000000000146,0
3921,2020-11-26 13:55:00+05:30,17046.42,2020-11-26 14:15:00+05:30,16606.04,-440.3799999999974,0
3922,2020-11-26 19:25:00+05:30,17054.57,2020-11-26 20:40:00+05:30,17213.45,158.88000000000102,2
3923,2020-11-26 22:20:00+05:30,16631.07,2020-11-26 22:55:00+05:30,16293.88,-337.1900000000005,0
3924,2020-11-27 00:40:00+05:30,16366.05,2020-11-27 01:10:00+05:30,16615.43,249.38000000000102,2
3925,2020-11-27 07:40:00+05:30,17192.11,2020-11-27 08:50:00+05:30,17229.0,36.88999999999942,2
3926,2020-11-27 09:20:00+05:30,17070.8,2020-11-27 09:50:00+05:30,17163.11,92.31000000000131,2
3927,2020-11-27 12:50:00+05:30,17146.25,2020-11-27 13:55:00+05:30,16748.42,-397.83000000000175,0
3928,2020-11-27 19:30:00+05:30,16907.01,2020-11-27 20:15:00+05:30,16931.65,24.640000000003056,2
3929,2020-11-27 20:30:00+05:30,16693.37,2020-11-27 21:45:00+05:30,16725.34,31.970000000001164,2
3930,2020-11-28 10:10:00+05:30,16901.82,2020-11-28 10:20:00+05:30,16963.99,62.17000000000189,2
3931,2020-11-28 10:40:00+05:30,16890.0,2020-11-28 11:10:00+05:30,16955.13,65.13000000000102,2
3932,2020-11-28 13:45:00+05:30,16953.03,2020-11-28 14:55:00+05:30,16944.98,-8.049999999999272,1
3933,2020-11-28 18:05:00+05:30,17071.88,2020-11-28 18:45:00+05:30,17173.02,101.13999999999942,2
3934,2020-11-29 03:50:00+05:30,17663.57,2020-11-29 04:05:00+05:30,17839.0,175.4300000000003,2
3935,2020-11-29 05:50:00+05:30,17592.47,2020-11-29 07:30:00+05:30,17612.13,19.659999999999854,2
3936,2020-11-29 11:40:00+05:30,17719.0,2020-11-29 12:50:00+05:30,17760.0,41.0,2
3937,2020-11-29 17:45:00+05:30,17949.99,2020-11-29 18:20:00+05:30,18053.34,103.34999999999854,2
3938,2020-11-29 21:50:00+05:30,17968.95,2020-11-29 22:20:00+05:30,18062.1,93.14999999999782,2
3939,2020-11-30 01:20:00+05:30,18010.17,2020-11-30 01:35:00+05:30,18102.48,92.31000000000131,2
3940,2020-11-30 03:50:00+05:30,18084.11,2020-11-30 04:35:00+05:30,18215.25,131.13999999999942,2
3941,2020-11-30 13:30:00+05:30,18490.86,2020-11-30 15:20:00+05:30,18471.39,-19.470000000001164,1
3942,2020-11-30 22:30:00+05:30,19042.08,2020-11-30 23:05:00+05:30,19398.71,356.6299999999974,2
3943,2020-12-01 03:30:00+05:30,19309.99,2020-12-01 04:00:00+05:30,19442.75,132.7599999999984,2
3944,2020-12-01 09:00:00+05:30,19544.01,2020-12-01 10:55:00+05:30,19438.73,-105.27999999999884,1
3945,2020-12-01 12:20:00+05:30,19332.32,2020-12-01 12:40:00+05:30,19443.19,110.86999999999898,2
3946,2020-12-01 16:55:00+05:30,19325.51,2020-12-01 17:55:00+05:30,18703.18,-622.3299999999981,0
3947,2020-12-01 18:00:00+05:30,18785.59,2020-12-01 18:30:00+05:30,18406.9,-378.6899999999987,0
3948,2020-12-01 18:40:00+05:30,18181.46,2020-12-01 19:10:00+05:30,18839.24,657.7800000000025,2
3949,2020-12-01 21:40:00+05:30,19105.61,2020-12-01 23:25:00+05:30,19058.4,-47.20999999999913,1
3950,2020-12-02 00:15:00+05:30,18738.85,2020-12-02 00:45:00+05:30,18919.62,180.77000000000044,2
3951,2020-12-02 04:05:00+05:30,18947.9,2020-12-02 05:35:00+05:30,18499.73,-448.1700000000019,0
3952,2020-12-02 08:05:00+05:30,18678.76,2020-12-02 10:25:00+05:30,18550.96,-127.79999999999927,1
3953,2020-12-02 15:15:00+05:30,19074.6,2020-12-02 16:00:00+05:30,19169.0,94.40000000000146,2
3954,2020-12-02 17:30:00+05:30,18852.83,2020-12-02 18:30:00+05:30,19024.87,172.03999999999724,2
3955,2020-12-02 20:05:00+05:30,18935.66,2020-12-02 21:40:00+05:30,18930.82,-4.8400000000001455,1
3956,2020-12-03 06:30:00+05:30,19096.17,2020-12-03 08:05:00+05:30,19063.89,-32.279999999998836,1
3957,2020-12-03 11:05:00+05:30,18990.25,2020-12-03 12:45:00+05:30,19008.77,18.520000000000437,2
3958,2020-12-04 07:00:00+05:30,19335.01,2020-12-04 09:50:00+05:30,19259.17,-75.84000000000015,1
3959,2020-12-04 11:20:00+05:30,19213.62,2020-12-04 11:40:00+05:30,19282.18,68.56000000000131,2
3960,2020-12-04 15:35:00+05:30,19216.16,2020-12-04 17:10:00+05:30,19037.68,-178.47999999999956,1
3961,2020-12-04 17:20:00+05:30,18910.42,2020-12-04 18:05:00+05:30,18939.45,29.030000000002474,2
3962,2020-12-04 21:30:00+05:30,18887.03,2020-12-04 22:20:00+05:30,18965.0,77.97000000000116,2
3963,2020-12-05 01:35:00+05:30,18993.7,2020-12-05 04:50:00+05:30,18812.19,-181.51000000000204,1
3964,2020-12-05 05:30:00+05:30,18575.92,2020-12-05 06:05:00+05:30,18696.24,120.32000000000335,2
3965,2020-12-05 16:30:00+05:30,19009.5,2020-12-05 17:30:00+05:30,19054.08,44.580000000001746,2
3966,2020-12-05 19:05:00+05:30,18962.87,2020-12-05 19:40:00+05:30,19036.09,73.22000000000116,2
3967,2020-12-06 02:20:00+05:30,19025.01,2020-12-06 02:35:00+05:30,19106.57,81.56000000000131,2
3968,2020-12-06 03:05:00+05:30,19010.72,2020-12-06 04:00:00+05:30,19048.98,38.2599999999984,2
3969,2020-12-06 08:45:00+05:30,19178.01,2020-12-06 09:55:00+05:30,19203.0,24.9900000000016,2
3970,2020-12-06 10:50:00+05:30,19139.02,2020-12-06 11:45:00+05:30,19186.91,47.88999999999942,2
3971,2020-12-06 13:55:00+05:30,19150.79,2020-12-06 16:00:00+05:30,19040.12,-110.67000000000189,1
3972,2020-12-06 16:55:00+05:30,18972.48,2020-12-06 17:10:00+05:30,19021.92,49.43999999999869,2
3973,2020-12-06 19:05:00+05:30,18914.1,2020-12-06 19:40:00+05:30,18985.27,71.17000000000189,2
3974,2020-12-06 21:50:00+05:30,19044.53,2020-12-06 22:40:00+05:30,19129.7,85.17000000000189,2
3975,2020-12-07 00:20:00+05:30,19102.12,2020-12-07 00:40:00+05:30,19148.76,46.63999999999942,2
3976,2020-12-07 00:55:00+05:30,19079.21,2020-12-07 01:10:00+05:30,19127.36,48.150000000001455,2
3977,2020-12-07 06:50:00+05:30,19286.63,2020-12-07 08:50:00+05:30,19239.69,-46.94000000000233,1
3978,2020-12-07 13:50:00+05:30,19270.01,2020-12-07 15:40:00+05:30,19234.49,-35.5199999999968,1
3979,2020-12-07 17:20:00+05:30,19136.68,2020-12-07 17:50:00+05:30,19183.59,46.909999999999854,2
3980,2020-12-07 19:30:00+05:30,19150.73,2020-12-07 19:55:00+05:30,19209.55,58.81999999999971,2
3981,2020-12-07 23:00:00+05:30,19159.29,2020-12-08 01:45:00+05:30,18976.86,-182.4300000000003,1
3982,2020-12-08 08:45:00+05:30,19152.84,2020-12-08 09:20:00+05:30,19178.52,25.68000000000029,2
3983,2020-12-08 11:45:00+05:30,19128.73,2020-12-08 13:05:00+05:30,19180.66,51.93000000000029,2
3984,2020-12-08 13:45:00+05:30,19117.98,2020-12-08 16:40:00+05:30,18855.96,-262.02000000000044,1
3985,2020-12-08 18:00:00+05:30,18690.93,2020-12-08 18:30:00+05:30,18799.99,109.06000000000131,2
3986,2020-12-08 20:40:00+05:30,18823.49,2020-12-08 21:50:00+05:30,18882.06,58.56999999999971,2
3987,2020-12-09 01:15:00+05:30,18797.7,2020-12-09 01:45:00+05:30,18842.69,44.98999999999796,2
3988,2020-12-09 01:55:00+05:30,18753.03,2020-12-09 02:35:00+05:30,18791.86,38.830000000001746,2
3989,2020-12-09 04:00:00+05:30,18698.17,2020-12-09 04:35:00+05:30,18274.75,-423.41999999999825,0
3990,2020-12-09 04:40:00+05:30,18284.34,2020-12-09 05:55:00+05:30,18372.91,88.56999999999971,2
3991,2020-12-09 06:25:00+05:30,18180.01,2020-12-09 07:05:00+05:30,18289.99,109.9800000000032,2
3992,2020-12-09 09:45:00+05:30,18210.28,2020-12-09 11:20:00+05:30,18184.46,-25.81999999999971,1
3993,2020-12-09 12:55:00+05:30,18124.03,2020-12-09 13:55:00+05:30,17758.43,-365.59999999999854,0
3994,2020-12-09 14:00:00+05:30,17657.95,2020-12-09 14:25:00+05:30,17955.78,297.8299999999981,2
3995,2020-12-09 18:20:00+05:30,18232.31,2020-12-09 19:05:00+05:30,18280.72,48.409999999999854,2
3996,2020-12-09 23:55:00+05:30,18239.64,2020-12-10 01:00:00+05:30,18264.84,25.200000000000728,2
3997,2020-12-10 05:40:00+05:30,18478.87,2020-12-10 07:30:00+05:30,18479.75,0.8800000000010186,2
3998,2020-12-10 10:40:00+05:30,18375.0,2020-12-10 11:30:00+05:30,18408.83,33.830000000001746,2
3999,2020-12-10 11:55:00+05:30,18293.79,2020-12-10 12:35:00+05:30,18350.25,56.45999999999913,2
4000,2020-12-10 15:05:00+05:30,18309.87,2020-12-10 16:35:00+05:30,18244.07,-65.79999999999927,1
4001,2020-12-10 18:30:00+05:30,18115.41,2020-12-10 19:20:00+05:30,18209.7,94.29000000000087,2
4002,2020-12-10 20:40:00+05:30,17934.26,2020-12-10 21:10:00+05:30,18057.93,123.67000000000189,2
4003,2020-12-10 22:55:00+05:30,18100.99,2020-12-10 23:10:00+05:30,18168.3,67.30999999999767,2
4004,2020-12-11 03:00:00+05:30,18345.24,2020-12-11 03:30:00+05:30,18387.79,42.54999999999927,2
4005,2020-12-11 03:40:00+05:30,18317.35,2020-12-11 04:30:00+05:30,18352.92,35.56999999999971,2
4006,2020-12-11 05:15:00+05:30,18272.48,2020-12-11 07:00:00+05:30,17889.66,-382.8199999999997,0
4007,2020-12-11 08:25:00+05:30,17804.97,2020-12-11 08:50:00+05:30,17898.03,93.05999999999767,2
4008,2020-12-11 10:50:00+05:30,17903.67,2020-12-11 12:10:00+05:30,17934.29,30.62000000000262,2
4009,2020-12-11 13:00:00+05:30,17768.17,2020-12-11 13:30:00+05:30,17868.26,100.09000000000015,2
4010,2020-12-11 15:15:00+05:30,17735.89,2020-12-11 16:00:00+05:30,17832.94,97.04999999999927,2
4011,2020-12-11 16:40:00+05:30,17661.82,2020-12-11 17:30:00+05:30,17753.6,91.77999999999884,2
4012,2020-12-11 21:55:00+05:30,17996.86,2020-12-11 23:15:00+05:30,17977.86,-19.0,1
4013,2020-12-12 01:35:00+05:30,17926.87,2020-12-12 02:30:00+05:30,18030.88,104.01000000000204,2
4014,2020-12-12 04:50:00+05:30,18046.47,2020-12-12 05:30:00+05:30,18113.57,67.09999999999854,2
4015,2020-12-12 12:00:00+05:30,18299.42,2020-12-12 12:30:00+05:30,18327.91,28.4900000000016,2
4016,2020-12-12 18:35:00+05:30,18414.19,2020-12-12 19:35:00+05:30,18430.99,16.80000000000291,2
4017,2020-12-12 20:10:00+05:30,18364.78,2020-12-12 21:05:00+05:30,18410.0,45.220000000001164,2
4018,2020-12-13 06:05:00+05:30,18727.29,2020-12-13 07:10:00+05:30,18784.51,57.219999999997526,2
4019,2020-12-13 20:40:00+05:30,19210.0,2020-12-13 21:30:00+05:30,19282.31,72.31000000000131,2
4020,2020-12-13 23:05:00+05:30,19227.37,2020-12-14 01:15:00+05:30,19209.6,-17.770000000000437,1
4021,2020-12-14 01:55:00+05:30,19118.0,2020-12-14 02:30:00+05:30,19179.31,61.31000000000131,2
4022,2020-12-14 03:45:00+05:30,19050.87,2020-12-14 04:35:00+05:30,19150.0,99.13000000000102,2
4023,2020-12-14 06:15:00+05:30,19030.45,2020-12-14 06:55:00+05:30,19089.74,59.29000000000087,2
4024,2020-12-14 09:45:00+05:30,19119.17,2020-12-14 11:30:00+05:30,19121.09,1.9200000000018917,2
4025,2020-12-14 16:10:00+05:30,19117.48,2020-12-14 17:15:00+05:30,19141.66,24.18000000000029,2
4026,2020-12-14 17:45:00+05:30,19051.41,2020-12-14 17:55:00+05:30,19113.28,61.86999999999898,2
4027,2020-12-14 21:55:00+05:30,19135.71,2020-12-14 23:15:00+05:30,19163.36,27.650000000001455,2
4028,2020-12-15 01:50:00+05:30,19138.28,2020-12-15 02:15:00+05:30,19187.99,49.710000000002765,2
4029,2020-12-15 10:05:00+05:30,19386.87,2020-12-15 11:55:00+05:30,19158.19,-228.6800000000003,1
4030,2020-12-15 14:20:00+05:30,19133.94,2020-12-15 14:55:00+05:30,19180.0,46.06000000000131,2
4031,2020-12-16 01:50:00+05:30,19474.68,2020-12-16 02:10:00+05:30,19508.7,34.02000000000044,2
4032,2020-12-16 02:45:00+05:30,19415.11,2020-12-16 03:45:00+05:30,19449.96,34.849999999998545,2
4033,2020-12-16 05:40:00+05:30,19378.63,2020-12-16 06:20:00+05:30,19386.79,8.159999999999854,2
4034,2020-12-16 08:55:00+05:30,19360.46,2020-12-16 10:10:00+05:30,19370.8,10.340000000000146,2
4035,2020-12-16 13:35:00+05:30,19394.15,2020-12-16 13:55:00+05:30,19420.74,26.590000000000146,2
4036,2020-12-17 00:20:00+05:30,20566.86,2020-12-17 00:50:00+05:30,20664.89,98.02999999999884,2
4037,2020-12-17 23:25:00+05:30,23023.98,2020-12-18 00:25:00+05:30,23250.27,226.29000000000087,2
4038,2020-12-18 01:40:00+05:30,22740.1,2020-12-18 03:15:00+05:30,22690.03,-50.06999999999971,1
4039,2020-12-18 04:55:00+05:30,22599.16,2020-12-18 06:10:00+05:30,22791.87,192.70999999999913,2
4040,2020-12-18 08:45:00+05:30,22894.03,2020-12-18 10:05:00+05:30,22932.5,38.470000000001164,2
4041,2020-12-18 16:30:00+05:30,22861.0,2020-12-18 17:40:00+05:30,23055.62,194.61999999999898,2
4042,2020-12-18 19:15:00+05:30,22735.83,2020-12-18 21:20:00+05:30,22566.1,-169.7300000000032,1
4043,2020-12-19 00:55:00+05:30,22630.79,2020-12-19 01:25:00+05:30,22762.28,131.48999999999796,2
4044,2020-12-19 10:05:00+05:30,23046.32,2020-12-19 12:40:00+05:30,22943.7,-102.61999999999898,1
4045,2020-12-19 17:15:00+05:30,22901.75,2020-12-19 17:40:00+05:30,23007.99,106.2400000000016,2
4046,2020-12-19 23:45:00+05:30,23679.85,2020-12-20 00:30:00+05:30,23837.0,157.15000000000146,2
4047,2020-12-20 04:35:00+05:30,23812.48,2020-12-20 07:15:00+05:30,23516.0,-296.47999999999956,1
4048,2020-12-20 08:00:00+05:30,23392.52,2020-12-20 10:10:00+05:30,23297.93,-94.59000000000015,1
4049,2020-12-20 15:45:00+05:30,23486.76,2020-12-20 16:55:00+05:30,23515.12,28.360000000000582,2
4050,2020-12-20 18:05:00+05:30,23391.79,2020-12-20 18:30:00+05:30,23507.78,115.98999999999796,2
4051,2020-12-20 18:40:00+05:30,23342.31,2020-12-20 19:00:00+05:30,23458.97,116.65999999999985,2
4052,2020-12-21 03:05:00+05:30,23547.62,2020-12-21 04:15:00+05:30,23559.29,11.670000000001892,2
4053,2020-12-21 05:30:00+05:30,23392.78,2020-12-21 05:35:00+05:30,23510.17,117.38999999999942,2
4054,2020-12-21 11:35:00+05:30,23832.5,2020-12-21 12:15:00+05:30,23873.32,40.81999999999971,2
4055,2020-12-21 14:00:00+05:30,23803.77,2020-12-21 15:35:00+05:30,23200.0,-603.7700000000004,0
4056,2020-12-21 15:45:00+05:30,22793.81,2020-12-21 17:10:00+05:30,22803.77,9.959999999999127,2
4057,2020-12-21 17:40:00+05:30,22163.63,2020-12-21 18:30:00+05:30,22560.57,396.9399999999987,2
4058,2020-12-22 05:00:00+05:30,22987.09,2020-12-22 07:05:00+05:30,22734.52,-252.5699999999997,1
4059,2020-12-22 09:05:00+05:30,22758.34,2020-12-22 09:15:00+05:30,22918.95,160.61000000000058,2
4060,2020-12-22 10:50:00+05:30,22765.21,2020-12-22 11:55:00+05:30,22798.5,33.29000000000087,2
4061,2020-12-22 13:05:00+05:30,22579.23,2020-12-22 14:15:00+05:30,22661.12,81.88999999999942,2
4062,2020-12-22 21:25:00+05:30,23342.58,2020-12-22 23:15:00+05:30,23364.4,21.81999999999971,2
4063,2020-12-23 01:10:00+05:30,23365.5,2020-12-23 01:45:00+05:30,23439.47,73.97000000000116,2
4064,2020-12-23 01:50:00+05:30,23345.86,2020-12-23 02:20:00+05:30,23413.39,67.52999999999884,2
4065,2020-12-23 09:35:00+05:30,23553.49,2020-12-23 11:25:00+05:30,23533.01,-20.4800000000032,1
4066,2020-12-23 14:55:00+05:30,23437.85,2020-12-23 15:05:00+05:30,23573.06,135.21000000000276,2
4067,2020-12-23 16:35:00+05:30,23078.65,2020-12-23 17:50:00+05:30,23259.75,181.09999999999854,2
4068,2020-12-23 21:20:00+05:30,23528.28,2020-12-23 22:40:00+05:30,23580.75,52.470000000001164,2
4069,2020-12-24 00:40:00+05:30,23511.13,2020-12-24 01:15:00+05:30,23612.28,101.14999999999782,2
4070,2020-12-24 02:15:00+05:30,23471.12,2020-12-24 03:45:00+05:30,22925.67,-545.4500000000007,0
4071,2020-12-24 03:50:00+05:30,22869.47,2020-12-24 04:15:00+05:30,23362.47,493.0,2
4072,2020-12-24 05:45:00+05:30,22969.37,2020-12-24 07:05:00+05:30,23029.42,60.04999999999927,2
4073,2020-12-24 08:25:00+05:30,22805.9,2020-12-24 09:30:00+05:30,23002.05,196.14999999999782,2
4074,2020-12-24 15:45:00+05:30,23214.66,2020-12-24 16:50:00+05:30,23249.0,34.340000000000146,2
4075,2020-12-24 20:40:00+05:30,23181.45,2020-12-24 21:20:00+05:30,23250.29,68.84000000000015,2
4076,2020-12-25 05:40:00+05:30,23597.28,2020-12-25 09:45:00+05:30,23554.37,-42.909999999999854,1
4077,2020-12-25 20:10:00+05:30,23984.69,2020-12-25 21:35:00+05:30,24165.63,180.94000000000233,2
4078,2020-12-26 02:45:00+05:30,24255.12,2020-12-26 03:25:00+05:30,24419.39,164.27000000000044,2
4079,2020-12-26 06:15:00+05:30,24556.41,2020-12-26 07:00:00+05:30,24661.91,105.5,2
4080,2020-12-26 09:45:00+05:30,24771.48,2020-12-26 10:10:00+05:30,24886.73,115.25,2
4081,2020-12-26 10:40:00+05:30,24726.24,2020-12-26 11:45:00+05:30,24798.36,72.11999999999898,2
4082,2020-12-26 14:55:00+05:30,24728.4,2020-12-26 15:25:00+05:30,24859.36,130.95999999999913,2
4083,2020-12-26 16:10:00+05:30,24658.91,2020-12-26 16:30:00+05:30,24804.02,145.11000000000058,2
4084,2020-12-27 00:25:00+05:30,25619.24,2020-12-27 00:50:00+05:30,25733.05,113.80999999999767,2
4085,2020-12-27 14:25:00+05:30,27457.0,2020-12-27 15:15:00+05:30,27732.21,275.2099999999991,2
4086,2020-12-27 17:35:00+05:30,27000.87,2020-12-27 18:50:00+05:30,27269.18,268.3100000000013,2
4087,2020-12-27 20:50:00+05:30,27112.06,2020-12-27 21:30:00+05:30,27475.46,363.3999999999978,2
4088,2020-12-27 21:45:00+05:30,26969.24,2020-12-27 23:00:00+05:30,27011.57,42.32999999999811,2
4089,2020-12-27 23:30:00+05:30,26639.84,2020-12-27 23:45:00+05:30,26908.97,269.130000000001,2
4090,2020-12-28 01:50:00+05:30,26850.88,2020-12-28 02:20:00+05:30,26276.76,-574.1200000000026,0
4091,2020-12-28 02:25:00+05:30,26223.51,2020-12-28 03:20:00+05:30,26419.01,195.5,2
4092,2020-12-28 05:25:00+05:30,26281.66,2020-12-28 05:45:00+05:30,26576.49,294.83000000000175,2
4093,2020-12-28 10:25:00+05:30,26864.11,2020-12-28 10:40:00+05:30,27071.72,207.61000000000058,2
4094,2020-12-28 13:40:00+05:30,26821.63,2020-12-28 14:45:00+05:30,26919.99,98.36000000000058,2
4095,2020-12-28 16:05:00+05:30,26666.6,2020-12-28 16:35:00+05:30,26819.92,153.3199999999997,2
4096,2020-12-28 20:40:00+05:30,27148.67,2020-12-28 21:55:00+05:30,27075.0,-73.66999999999825,1
4097,2020-12-29 00:15:00+05:30,26973.67,2020-12-29 00:35:00+05:30,27132.94,159.27000000000044,2
4098,2020-12-29 01:50:00+05:30,26934.35,2020-12-29 02:55:00+05:30,26929.72,-4.629999999997381,1
4099,2020-12-29 03:25:00+05:30,26627.3,2020-12-29 04:20:00+05:30,26907.91,280.6100000000006,2
4100,2020-12-29 06:00:00+05:30,26853.01,2020-12-29 07:20:00+05:30,26826.32,-26.68999999999869,1
4101,2020-12-29 08:40:00+05:30,26658.32,2020-12-29 10:10:00+05:30,26564.4,-93.91999999999825,1
4102,2020-12-29 10:35:00+05:30,26256.14,2020-12-29 11:25:00+05:30,26452.18,196.04000000000087,2
4103,2020-12-29 12:50:00+05:30,26176.53,2020-12-29 13:20:00+05:30,26354.61,178.08000000000175,2
4104,2020-12-29 19:00:00+05:30,26790.31,2020-12-29 19:15:00+05:30,26947.98,157.66999999999825,2
4105,2020-12-29 19:30:00+05:30,26709.88,2020-12-29 22:55:00+05:30,26429.75,-280.130000000001,1
4106,2020-12-30 07:30:00+05:30,27500.0,2020-12-30 07:45:00+05:30,27635.95,135.95000000000073,2
4107,2020-12-30 13:55:00+05:30,27963.56,2020-12-30 15:25:00+05:30,27855.91,-107.65000000000146,1
4108,2020-12-30 17:00:00+05:30,27677.22,2020-12-30 18:05:00+05:30,27756.98,79.7599999999984,2
4109,2020-12-30 21:35:00+05:30,27929.1,2020-12-30 22:00:00+05:30,28149.38,220.28000000000247,2
4110,2020-12-31 04:20:00+05:30,28655.12,2020-12-31 04:50:00+05:30,28820.23,165.11000000000058,2
4111,2020-12-31 06:35:00+05:30,28365.46,2020-12-31 07:50:00+05:30,28755.69,390.22999999999956,2
4112,2020-12-31 11:00:00+05:30,28766.58,2020-12-31 11:15:00+05:30,28988.88,222.29999999999927,2
4113,2020-12-31 17:25:00+05:30,28910.3,2020-12-31 18:35:00+05:30,28265.07,-645.2299999999996,0
4114,2020-12-31 18:40:00+05:30,28087.8,2020-12-31 20:15:00+05:30,28399.98,312.1800000000003,2
4115,2020-12-31 22:15:00+05:30,28433.39,2020-12-31 22:50:00+05:30,28658.61,225.22000000000116,2
4116,2021-01-01 05:10:00+05:30,28824.95,2021-01-01 06:15:00+05:30,28946.32,121.36999999999898,2
4117,2021-01-01 10:35:00+05:30,29094.32,2021-01-01 11:30:00+05:30,29245.89,151.5699999999997,2
4118,2021-01-01 12:35:00+05:30,29016.58,2021-01-01 13:25:00+05:30,29092.83,76.25,2
4119,2021-01-01 20:20:00+05:30,29311.0,2021-01-01 21:45:00+05:30,29262.92,-48.080000000001746,1
4120,2021-01-01 23:05:00+05:30,29142.69,2021-01-01 23:30:00+05:30,29249.67,106.97999999999956,2
4121,2021-01-01 23:55:00+05:30,29021.88,2021-01-02 00:45:00+05:30,29105.36,83.47999999999956,2
4122,2021-01-02 05:30:00+05:30,29224.64,2021-01-02 05:35:00+05:30,29303.41,78.77000000000044,2
4123,2021-01-02 05:45:00+05:30,29190.0,2021-01-02 06:45:00+05:30,29230.0,40.0,2
4124,2021-01-02 09:05:00+05:30,29282.42,2021-01-02 09:25:00+05:30,29351.95,69.53000000000247,2
4125,2021-01-02 14:55:00+05:30,29700.3,2021-01-02 15:20:00+05:30,29790.73,90.43000000000029,2
4126,2021-01-02 15:25:00+05:30,29612.87,2021-01-02 15:45:00+05:30,29791.07,178.20000000000073,2
4127,2021-01-03 01:45:00+05:30,32469.19,2021-01-03 02:15:00+05:30,31638.77,-830.4199999999983,0
4128,2021-01-03 02:20:00+05:30,31557.89,2021-01-03 02:25:00+05:30,30667.22,-890.6699999999983,0
4129,2021-01-03 14:55:00+05:30,34026.68,2021-01-03 16:15:00+05:30,34060.45,33.7699999999968,2
4130,2021-01-03 20:15:00+05:30,33707.58,2021-01-03 20:55:00+05:30,33015.19,-692.3899999999994,0
4131,2021-01-03 22:20:00+05:30,32976.47,2021-01-03 23:15:00+05:30,33166.11,189.63999999999942,2
4132,2021-01-04 03:30:00+05:30,33411.44,2021-01-04 04:40:00+05:30,33389.21,-22.2300000000032,1
4133,2021-01-04 05:20:00+05:30,32832.02,2021-01-04 07:00:00+05:30,32861.43,29.410000000003492,2
4134,2021-01-04 10:30:00+05:30,33134.77,2021-01-04 11:45:00+05:30,33195.99,61.220000000001164,2
4135,2021-01-04 12:45:00+05:30,32440.83,2021-01-04 12:50:00+05:30,31672.97,-767.8600000000006,0
4136,2021-01-04 15:00:00+05:30,31172.18,2021-01-04 15:40:00+05:30,29800.0,-1372.1800000000003,0
4137,2021-01-04 15:45:00+05:30,29104.98,2021-01-04 16:50:00+05:30,30267.02,1162.0400000000009,2
4138,2021-01-04 21:35:00+05:30,31297.35,2021-01-04 22:30:00+05:30,31425.4,128.0500000000029,2
4139,2021-01-04 23:15:00+05:30,30651.36,2021-01-04 23:30:00+05:30,31256.99,605.630000000001,2
4140,2021-01-05 02:55:00+05:30,31091.62,2021-01-05 03:40:00+05:30,31198.39,106.77000000000044,2
4141,2021-01-05 08:50:00+05:30,32078.59,2021-01-05 09:15:00+05:30,31435.34,-643.25,0
4142,2021-01-05 09:20:00+05:30,31429.44,2021-01-05 09:40:00+05:30,30682.07,-747.369999999999,0
4143,2021-01-05 11:15:00+05:30,30565.7,2021-01-05 12:00:00+05:30,31019.09,453.3899999999994,2
4144,2021-01-05 19:25:00+05:30,31460.01,2021-01-05 20:10:00+05:30,31929.71,469.7000000000007,2
4145,2021-01-06 05:35:00+05:30,33609.74,2021-01-06 06:20:00+05:30,33970.17,360.4300000000003,2
4146,2021-01-06 13:15:00+05:30,34498.97,2021-01-06 13:30:00+05:30,34924.13,425.1599999999962,2
4147,2021-01-06 13:45:00+05:30,34498.34,2021-01-06 14:45:00+05:30,33773.05,-725.2899999999936,0
4148,2021-01-06 14:50:00+05:30,33740.86,2021-01-06 15:30:00+05:30,34201.0,460.1399999999994,2
4149,2021-01-06 19:00:00+05:30,34445.65,2021-01-06 20:05:00+05:30,34570.53,124.87999999999738,2
4150,2021-01-07 01:25:00+05:30,34816.72,2021-01-07 01:55:00+05:30,35220.4,403.6800000000003,2
4151,2021-01-07 07:50:00+05:30,36639.07,2021-01-07 08:20:00+05:30,36932.32,293.25,2
4152,2021-01-07 11:50:00+05:30,36929.28,2021-01-07 12:40:00+05:30,37280.57,351.2900000000009,2
4153,2021-01-07 13:15:00+05:30,36800.0,2021-01-07 14:05:00+05:30,37040.76,240.76000000000204,2
4154,2021-01-08 00:00:00+05:30,38639.51,2021-01-08 00:10:00+05:30,37853.36,-786.1500000000015,0
4155,2021-01-08 00:15:00+05:30,37371.56,2021-01-08 01:05:00+05:30,38950.0,1578.4400000000023,2
4156,2021-01-08 04:35:00+05:30,39100.0,2021-01-08 05:20:00+05:30,39505.87,405.8700000000026,2
4157,2021-01-08 07:00:00+05:30,38100.0,2021-01-08 08:00:00+05:30,37268.75,-831.25,0
4158,2021-01-08 08:05:00+05:30,37203.93,2021-01-08 08:35:00+05:30,38130.86,926.9300000000003,2
4159,2021-01-08 11:15:00+05:30,38134.68,2021-01-08 11:50:00+05:30,38494.85,360.16999999999825,2
4160,2021-01-08 14:40:00+05:30,38280.18,2021-01-08 14:55:00+05:30,38773.7,493.5199999999968,2
4161,2021-01-08 20:55:00+05:30,40487.52,2021-01-08 21:55:00+05:30,41162.38,674.8600000000006,2
4162,2021-01-08 23:35:00+05:30,40616.96,2021-01-09 01:00:00+05:30,40521.26,-95.69999999999709,1
4163,2021-01-09 01:30:00+05:30,39939.33,2021-01-09 01:45:00+05:30,40359.6,420.2699999999968,2
4164,2021-01-09 01:55:00+05:30,39631.22,2021-01-09 02:50:00+05:30,39761.49,130.2699999999968,2
4165,2021-01-09 06:10:00+05:30,40269.13,2021-01-09 07:30:00+05:30,40189.15,-79.97999999999593,1
4166,2021-01-09 11:25:00+05:30,39295.37,2021-01-09 12:45:00+05:30,39367.78,72.40999999999622,2
4167,2021-01-09 20:40:00+05:30,40300.03,2021-01-09 22:40:00+05:30,40376.44,76.41000000000349,2
4168,2021-01-10 01:35:00+05:30,40395.0,2021-01-10 02:25:00+05:30,40606.22,211.22000000000116,2
4169,2021-01-10 03:55:00+05:30,40386.13,2021-01-10 05:30:00+05:30,40331.31,-54.81999999999971,1
4170,2021-01-10 08:35:00+05:30,40582.49,2021-01-10 10:35:00+05:30,40478.64,-103.84999999999854,1
4171,2021-01-10 15:45:00+05:30,40652.08,2021-01-10 16:50:00+05:30,39227.04,-1425.0400000000009,0
4172,2021-01-10 16:55:00+05:30,39309.2,2021-01-10 18:00:00+05:30,39612.3,303.1000000000058,2
4173,2021-01-10 20:20:00+05:30,39326.56,2021-01-10 20:45:00+05:30,39580.01,253.45000000000437,2
4174,2021-01-10 22:30:00+05:30,39053.75,2021-01-10 22:55:00+05:30,38165.39,-888.3600000000006,0
4175,2021-01-10 23:00:00+05:30,38166.73,2021-01-10 23:05:00+05:30,37322.4,-844.3300000000017,0
4176,2021-01-11 01:25:00+05:30,37456.77,2021-01-11 01:50:00+05:30,36516.98,-939.7899999999936,0
4177,2021-01-11 01:55:00+05:30,35932.8,2021-01-11 02:20:00+05:30,37482.38,1549.5799999999945,2
4178,2021-01-11 05:30:00+05:30,37724.99,2021-01-11 06:15:00+05:30,36861.04,-863.9499999999971,0
4179,2021-01-11 07:15:00+05:30,36899.36,2021-01-11 08:35:00+05:30,36049.03,-850.3300000000017,0
4180,2021-01-11 08:40:00+05:30,35658.51,2021-01-11 09:00:00+05:30,34619.36,-1039.1500000000015,0
4181,2021-01-11 09:05:00+05:30,34357.93,2021-01-11 09:40:00+05:30,35837.77,1479.8399999999965,2
4182,2021-01-11 11:35:00+05:30,34209.27,2021-01-11 12:10:00+05:30,33506.95,-702.3199999999997,0
4183,2021-01-11 12:15:00+05:30,32655.66,2021-01-11 12:55:00+05:30,33731.02,1075.359999999997,2
4184,2021-01-11 16:40:00+05:30,34723.54,2021-01-11 17:30:00+05:30,33704.25,-1019.2900000000009,0
4185,2021-01-11 17:40:00+05:30,33693.91,2021-01-11 17:55:00+05:30,34873.98,1180.0699999999997,2
4186,2021-01-11 18:50:00+05:30,33129.24,2021-01-11 19:30:00+05:30,32374.74,-754.4999999999964,0
4187,2021-01-11 19:35:00+05:30,31960.0,2021-01-11 19:40:00+05:30,31131.36,-828.6399999999994,0
4188,2021-01-11 21:35:00+05:30,31099.96,2021-01-11 22:25:00+05:30,31777.19,677.2299999999996,2
4189,2021-01-12 00:40:00+05:30,31708.34,2021-01-12 01:20:00+05:30,32461.59,753.25,2
4190,2021-01-12 07:05:00+05:30,34437.93,2021-01-12 07:45:00+05:30,33731.42,-706.510000000002,0
4191,2021-01-12 15:40:00+05:30,35340.41,2021-01-12 16:35:00+05:30,35545.24,204.82999999999447,2
4192,2021-01-12 18:00:00+05:30,35085.52,2021-01-12 18:35:00+05:30,35360.05,274.5300000000061,2
4193,2021-01-12 18:50:00+05:30,34576.68,2021-01-12 19:15:00+05:30,33716.75,-859.9300000000003,0
4194,2021-01-12 19:25:00+05:30,33291.06,2021-01-12 20:30:00+05:30,33637.08,346.0200000000041,2
4195,2021-01-13 01:10:00+05:30,34261.47,2021-01-13 02:30:00+05:30,34364.93,103.45999999999913,2
4196,2021-01-13 04:20:00+05:30,33525.96,2021-01-13 05:20:00+05:30,33921.52,395.5599999999977,2
4197,2021-01-13 05:55:00+05:30,33081.26,2021-01-13 07:15:00+05:30,33068.54,-12.720000000001164,1
4198,2021-01-13 10:10:00+05:30,33238.45,2021-01-13 11:25:00+05:30,33321.75,83.30000000000291,2
4199,2021-01-13 15:10:00+05:30,34311.59,2021-01-13 15:30:00+05:30,34650.45,338.8600000000006,2
4200,2021-01-13 17:20:00+05:30,34287.18,2021-01-13 18:35:00+05:30,34493.27,206.0899999999965,2
4201,2021-01-13 20:25:00+05:30,34260.7,2021-01-13 20:55:00+05:30,34633.03,372.33000000000175,2
4202,2021-01-14 07:40:00+05:30,37216.38,2021-01-14 08:00:00+05:30,37513.08,296.70000000000437,2
4203,2021-01-14 09:20:00+05:30,37079.59,2021-01-14 10:00:00+05:30,37322.64,243.0500000000029,2
4204,2021-01-14 15:25:00+05:30,37938.11,2021-01-14 15:35:00+05:30,38317.19,379.08000000000175,2
4205,2021-01-14 17:50:00+05:30,37873.27,2021-01-14 18:20:00+05:30,38225.89,352.6200000000026,2
4206,2021-01-14 22:20:00+05:30,39311.81,2021-01-14 22:50:00+05:30,39711.35,399.5400000000009,2
4207,2021-01-15 02:20:00+05:30,39420.99,2021-01-15 02:55:00+05:30,38473.84,-947.1500000000015,0
4208,2021-01-15 07:15:00+05:30,39167.39,2021-01-15 07:55:00+05:30,39408.09,240.6999999999971,2
4209,2021-01-15 08:45:00+05:30,38846.61,2021-01-15 10:35:00+05:30,38638.81,-207.8000000000029,1
4210,2021-01-15 11:15:00+05:30,38179.66,2021-01-15 12:40:00+05:30,38289.32,109.65999999999622,2
4211,2021-01-15 14:30:00+05:30,38133.16,2021-01-15 14:55:00+05:30,38453.97,320.8099999999977,2
4212,2021-01-15 16:30:00+05:30,38259.19,2021-01-15 17:55:00+05:30,37426.73,-832.4599999999991,0
4213,2021-01-15 18:00:00+05:30,37324.56,2021-01-15 19:05:00+05:30,37723.84,399.27999999999884,2
4214,2021-01-15 19:50:00+05:30,37175.99,2021-01-15 20:40:00+05:30,36382.44,-793.5499999999956,0
4215,2021-01-15 21:15:00+05:30,35799.24,2021-01-15 21:30:00+05:30,34779.1,-1020.1399999999994,0
4216,2021-01-15 21:35:00+05:30,34870.92,2021-01-15 22:10:00+05:30,36162.03,1291.1100000000006,2
4217,2021-01-16 00:10:00+05:30,35335.25,2021-01-16 00:40:00+05:30,35795.02,459.7699999999968,2
4218,2021-01-16 07:10:00+05:30,36908.68,2021-01-16 09:20:00+05:30,36531.38,-377.3000000000029,1
4219,2021-01-16 10:50:00+05:30,35850.24,2021-01-16 11:40:00+05:30,36119.41,269.17000000000553,2
4220,2021-01-16 17:55:00+05:30,36940.95,2021-01-16 18:35:00+05:30,37570.98,630.0300000000061,2
4221,2021-01-16 19:55:00+05:30,36735.81,2021-01-16 20:25:00+05:30,37232.19,496.38000000000466,2
4222,2021-01-17 00:25:00+05:30,36484.95,2021-01-17 01:50:00+05:30,36487.46,2.5100000000020373,2
4223,2021-01-17 03:00:00+05:30,36200.0,2021-01-17 04:15:00+05:30,36123.0,-77.0,1
4224,2021-01-17 05:30:00+05:30,35781.8,2021-01-17 06:00:00+05:30,36196.03,414.2299999999959,2
4225,2021-01-17 09:00:00+05:30,36140.84,2021-01-17 09:45:00+05:30,36359.64,218.8000000000029,2
4226,2021-01-17 10:15:00+05:30,35915.97,2021-01-17 11:50:00+05:30,35155.06,-760.9100000000035,0
4227,2021-01-17 11:55:00+05:30,35155.99,2021-01-17 12:40:00+05:30,35467.86,311.8700000000026,2
4228,2021-01-17 13:00:00+05:30,34757.55,2021-01-17 14:25:00+05:30,34732.83,-24.720000000001164,1
4229,2021-01-17 15:20:00+05:30,34009.0,2021-01-17 15:50:00+05:30,34712.84,703.8399999999965,2
4230,2021-01-17 19:25:00+05:30,34841.83,2021-01-17 20:00:00+05:30,35134.01,292.1800000000003,2
4231,2021-01-18 04:15:00+05:30,36333.73,2021-01-18 06:25:00+05:30,35964.2,-369.5300000000061,1
4232,2021-01-18 06:50:00+05:30,35615.47,2021-01-18 07:00:00+05:30,35880.0,264.52999999999884,2
4233,2021-01-18 08:45:00+05:30,35583.78,2021-01-18 10:25:00+05:30,35132.11,-451.66999999999825,1
4234,2021-01-18 10:50:00+05:30,34848.77,2021-01-18 11:05:00+05:30,35145.52,296.75,2
4235,2021-01-18 16:30:00+05:30,36006.67,2021-01-18 17:15:00+05:30,36137.06,130.38999999999942,2
4236,2021-01-18 20:00:00+05:30,36302.9,2021-01-18 22:55:00+05:30,35526.31,-776.5900000000038,0
4237,2021-01-19 09:25:00+05:30,36465.3,2021-01-19 10:50:00+05:30,36487.37,22.06999999999971,2
4238,2021-01-19 11:10:00+05:30,36226.87,2021-01-19 11:35:00+05:30,36440.11,213.23999999999796,2
4239,2021-01-19 15:20:00+05:30,37134.96,2021-01-19 15:40:00+05:30,37245.89,110.93000000000029,2
4240,2021-01-19 16:00:00+05:30,36912.75,2021-01-19 16:50:00+05:30,37154.0,241.25,2
4241,2021-01-19 18:05:00+05:30,36786.15,2021-01-19 19:15:00+05:30,37094.97,308.8199999999997,2
4242,2021-01-19 22:55:00+05:30,37018.49,2021-01-20 01:10:00+05:30,36171.84,-846.6500000000015,0
4243,2021-01-20 04:55:00+05:30,36313.35,2021-01-20 06:05:00+05:30,36280.0,-33.349999999998545,1
4244,2021-01-20 07:30:00+05:30,35877.66,2021-01-20 08:20:00+05:30,36052.49,174.82999999999447,2
4245,2021-01-20 08:50:00+05:30,35610.91,2021-01-20 10:20:00+05:30,35312.0,-298.9100000000035,1
4246,2021-01-20 12:20:00+05:30,35217.87,2021-01-20 12:40:00+05:30,35575.94,358.0699999999997,2
4247,2021-01-20 14:30:00+05:30,35298.94,2021-01-20 15:30:00+05:30,34586.6,-712.3400000000038,0
4248,2021-01-20 16:40:00+05:30,34438.39,2021-01-20 17:35:00+05:30,34616.5,178.11000000000058,2
4249,2021-01-20 20:50:00+05:30,34687.22,2021-01-20 21:30:00+05:30,33757.2,-930.0200000000041,0
4250,2021-01-20 21:35:00+05:30,33782.03,2021-01-20 22:15:00+05:30,34553.41,771.3800000000047,2
4251,2021-01-21 02:35:00+05:30,34720.2,2021-01-21 03:15:00+05:30,34870.01,149.81000000000495,2
4252,2021-01-21 06:35:00+05:30,34939.82,2021-01-21 08:30:00+05:30,34700.0,-239.8199999999997,1
4253,2021-01-21 09:00:00+05:30,34249.74,2021-01-21 09:15:00+05:30,34550.0,300.26000000000204,2
4254,2021-01-21 13:35:00+05:30,34330.02,2021-01-21 14:20:00+05:30,33626.94,-703.0799999999945,0
4255,2021-01-21 14:25:00+05:30,33239.0,2021-01-21 15:40:00+05:30,32500.0,-739.0,0
4256,2021-01-21 15:45:00+05:30,32119.44,2021-01-21 16:05:00+05:30,32900.4,780.9600000000028,2
4257,2021-01-21 17:25:00+05:30,32208.62,2021-01-21 17:35:00+05:30,31529.84,-678.7799999999988,0
4258,2021-01-21 17:40:00+05:30,31417.3,2021-01-21 18:05:00+05:30,32324.68,907.380000000001,2
4259,2021-01-21 19:35:00+05:30,31951.05,2021-01-21 20:10:00+05:30,31212.28,-738.7700000000004,0
4260,2021-01-21 22:25:00+05:30,31083.5,2021-01-21 22:55:00+05:30,31729.8,646.2999999999993,2
4261,2021-01-22 02:25:00+05:30,31883.01,2021-01-22 03:25:00+05:30,31229.71,-653.2999999999993,0
4262,2021-01-22 03:30:00+05:30,30858.74,2021-01-22 04:30:00+05:30,31325.21,466.4699999999975,2
4263,2021-01-22 05:45:00+05:30,30251.92,2021-01-22 06:00:00+05:30,29453.59,-798.3299999999981,0
4264,2021-01-22 12:50:00+05:30,31377.51,2021-01-22 13:35:00+05:30,30523.73,-853.7799999999988,0
4265,2021-01-22 15:55:00+05:30,31173.19,2021-01-22 16:30:00+05:30,31601.74,428.5500000000029,2
4266,2021-01-22 18:10:00+05:30,31376.08,2021-01-22 18:30:00+05:30,31703.07,326.98999999999796,2
4267,2021-01-22 21:40:00+05:30,32019.73,2021-01-22 21:50:00+05:30,32483.56,463.83000000000175,2
4268,2021-01-23 03:20:00+05:30,33273.99,2021-01-23 03:35:00+05:30,33504.79,230.8000000000029,2
4269,2021-01-23 04:20:00+05:30,32891.81,2021-01-23 07:00:00+05:30,32675.12,-216.6899999999987,1
4270,2021-01-23 07:50:00+05:30,32209.68,2021-01-23 08:45:00+05:30,32480.1,270.41999999999825,2
4271,2021-01-23 13:30:00+05:30,32650.91,2021-01-23 13:55:00+05:30,32928.44,277.5300000000025,2
4272,2021-01-23 14:55:00+05:30,32512.27,2021-01-23 16:45:00+05:30,31820.36,-691.9099999999999,0
4273,2021-01-23 16:50:00+05:30,31831.9,2021-01-23 18:45:00+05:30,31810.93,-20.970000000001164,1
4274,2021-01-23 23:55:00+05:30,31945.8,2021-01-24 00:20:00+05:30,32168.71,222.90999999999985,2
4275,2021-01-24 02:00:00+05:30,32074.71,2021-01-24 02:45:00+05:30,32229.3,154.59000000000015,2
4276,2021-01-24 03:00:00+05:30,31886.81,2021-01-24 03:10:00+05:30,32271.77,384.9599999999991,2
4277,2021-01-24 05:30:00+05:30,31766.49,2021-01-24 06:00:00+05:30,31967.59,201.09999999999854,2
4278,2021-01-24 12:00:00+05:30,32616.89,2021-01-24 12:15:00+05:30,32790.57,173.6800000000003,2
4279,2021-01-24 12:45:00+05:30,32531.74,2021-01-24 13:10:00+05:30,32688.67,156.92999999999665,2
4280,2021-01-24 15:45:00+05:30,32531.36,2021-01-24 16:15:00+05:30,32639.8,108.43999999999869,2
4281,2021-01-24 18:00:00+05:30,32307.4,2021-01-24 21:05:00+05:30,32215.9,-91.5,1
4282,2021-01-24 21:20:00+05:30,31883.87,2021-01-24 22:45:00+05:30,31839.12,-44.75,1
4283,2021-01-25 00:35:00+05:30,31740.44,2021-01-25 01:50:00+05:30,31477.93,-262.5099999999984,1
4284,2021-01-25 11:15:00+05:30,33233.7,2021-01-25 11:30:00+05:30,33361.84,128.13999999999942,2
4285,2021-01-25 11:55:00+05:30,33196.57,2021-01-25 12:15:00+05:30,33350.37,153.8000000000029,2
4286,2021-01-25 15:10:00+05:30,33027.47,2021-01-25 16:15:00+05:30,33127.87,100.40000000000146,2
4287,2021-01-25 20:40:00+05:30,34257.06,2021-01-25 22:35:00+05:30,34209.25,-47.80999999999767,1
4288,2021-01-26 01:25:00+05:30,33411.54,2021-01-26 02:25:00+05:30,33470.2,58.65999999999622,2
4289,2021-01-26 02:35:00+05:30,32889.11,2021-01-26 03:55:00+05:30,32068.47,-820.6399999999994,0
4290,2021-01-26 08:45:00+05:30,32031.47,2021-01-26 10:10:00+05:30,31929.71,-101.76000000000204,1
4291,2021-01-26 12:10:00+05:30,31514.39,2021-01-26 13:15:00+05:30,31604.75,90.36000000000058,2
4292,2021-01-26 15:15:00+05:30,31427.62,2021-01-26 15:25:00+05:30,31804.77,377.15000000000146,2
4293,2021-01-26 17:15:00+05:30,31694.18,2021-01-26 19:00:00+05:30,31617.9,-76.27999999999884,1
4294,2021-01-26 20:10:00+05:30,31038.79,2021-01-26 20:40:00+05:30,31502.82,464.02999999999884,2
4295,2021-01-27 02:00:00+05:30,31899.99,2021-01-27 02:50:00+05:30,32194.0,294.0099999999984,2
4296,2021-01-27 06:05:00+05:30,31964.22,2021-01-27 07:30:00+05:30,32156.22,192.0,2
4297,2021-01-27 08:25:00+05:30,31802.36,2021-01-27 09:55:00+05:30,31855.31,52.95000000000073,2
4298,2021-01-27 14:00:00+05:30,31541.75,2021-01-27 15:30:00+05:30,31272.5,-269.25,1
4299,2021-01-27 17:15:00+05:30,30920.01,2021-01-27 18:30:00+05:30,30988.97,68.96000000000276,2
4300,2021-01-27 19:25:00+05:30,30275.3,2021-01-27 20:10:00+05:30,29575.09,-700.2099999999991,0
4301,2021-01-27 20:15:00+05:30,29361.99,2021-01-27 21:10:00+05:30,30122.77,760.7799999999988,2
4302,2021-01-27 23:05:00+05:30,30177.93,2021-01-28 00:30:00+05:30,30336.58,158.65000000000146,2
4303,2021-01-28 04:00:00+05:30,30539.23,2021-01-28 06:05:00+05:30,30294.95,-244.27999999999884,1
4304,2021-01-28 12:40:00+05:30,31274.87,2021-01-28 14:45:00+05:30,31165.34,-109.52999999999884,1
4305,2021-01-29 09:05:00+05:30,33698.77,2021-01-29 10:00:00+05:30,32996.68,-702.0899999999965,0
4306,2021-01-29 11:30:00+05:30,32693.79,2021-01-29 13:00:00+05:30,31925.28,-768.510000000002,0
4307,2021-01-29 20:10:00+05:30,36680.0,2021-01-29 21:30:00+05:30,37263.37,583.3700000000026,2
4308,2021-01-29 22:00:00+05:30,36809.61,2021-01-29 22:20:00+05:30,35922.0,-887.6100000000006,0
4309,2021-01-29 22:25:00+05:30,36039.18,2021-01-29 23:40:00+05:30,35289.33,-749.8499999999985,0
4310,2021-01-29 23:55:00+05:30,35003.72,2021-01-30 01:10:00+05:30,34099.99,-903.7300000000032,0
4311,2021-01-30 01:15:00+05:30,33569.85,2021-01-30 01:50:00+05:30,34535.27,965.4199999999983,2
4312,2021-01-30 04:35:00+05:30,33977.59,2021-01-30 05:30:00+05:30,34583.93,606.3400000000038,2
4313,2021-01-30 07:15:00+05:30,34112.65,2021-01-30 07:55:00+05:30,34366.36,253.70999999999913,2
4314,2021-01-30 08:40:00+05:30,33603.79,2021-01-30 09:55:00+05:30,33466.21,-137.58000000000175,1
4315,2021-01-30 17:05:00+05:30,33794.14,2021-01-30 18:25:00+05:30,33751.77,-42.37000000000262,1
4316,2021-01-30 21:35:00+05:30,33787.68,2021-01-30 22:35:00+05:30,34079.76,292.08000000000175,2
4317,2021-01-31 00:45:00+05:30,34089.9,2021-01-31 01:10:00+05:30,34239.97,150.0699999999997,2
4318,2021-01-31 04:50:00+05:30,34260.84,2021-01-31 07:00:00+05:30,34127.01,-133.82999999999447,1
4319,2021-01-31 07:50:00+05:30,33774.64,2021-01-31 08:40:00+05:30,33940.16,165.52000000000407,2
4320,2021-01-31 10:45:00+05:30,33848.96,2021-01-31 11:40:00+05:30,33844.82,-4.139999999999418,1
4321,2021-01-31 13:20:00+05:30,33581.64,2021-01-31 13:40:00+05:30,33761.82,180.1800000000003,2
4322,2021-01-31 14:15:00+05:30,33515.33,2021-01-31 14:30:00+05:30,33699.83,184.5,2
4323,2021-01-31 15:25:00+05:30,33301.7,2021-01-31 15:40:00+05:30,33581.53,279.83000000000175,2
4324,2021-01-31 17:30:00+05:30,33453.93,2021-01-31 17:55:00+05:30,33950.14,496.2099999999991,2
4325,2021-01-31 20:10:00+05:30,33401.25,2021-01-31 21:15:00+05:30,32688.12,-713.130000000001,0
4326,2021-01-31 23:15:00+05:30,32715.52,2021-02-01 00:10:00+05:30,32693.08,-22.43999999999869,1
4327,2021-02-01 03:25:00+05:30,32560.73,2021-02-01 03:50:00+05:30,32832.37,271.64000000000306,2
4328,2021-02-01 05:35:00+05:30,32576.6,2021-02-01 06:50:00+05:30,32939.05,362.45000000000437,2
4329,2021-02-01 12:20:00+05:30,33360.49,2021-02-01 13:00:00+05:30,33748.96,388.47000000000116,2
4330,2021-02-01 16:10:00+05:30,34108.84,2021-02-01 17:10:00+05:30,34240.32,131.4800000000032,2
4331,2021-02-01 18:10:00+05:30,33919.95,2021-02-01 21:25:00+05:30,33160.17,-759.7799999999988,0
4332,2021-02-02 03:00:00+05:30,33681.72,2021-02-02 04:35:00+05:30,33664.36,-17.360000000000582,1
4333,2021-02-02 05:05:00+05:30,33506.64,2021-02-02 05:35:00+05:30,33642.67,136.02999999999884,2
4334,2021-02-02 09:20:00+05:30,33558.95,2021-02-02 09:45:00+05:30,33707.76,148.81000000000495,2
4335,2021-02-02 16:55:00+05:30,34892.97,2021-02-02 18:35:00+05:30,34871.55,-21.419999999998254,1
4336,2021-02-02 19:50:00+05:30,34531.96,2021-02-02 20:25:00+05:30,34793.99,262.02999999999884,2
4337,2021-02-03 05:30:00+05:30,35437.8,2021-02-03 05:45:00+05:30,35891.79,453.98999999999796,2
4338,2021-02-03 13:20:00+05:30,36299.42,2021-02-03 14:45:00+05:30,35562.31,-737.1100000000006,0
4339,2021-02-03 23:45:00+05:30,36815.95,2021-02-03 23:55:00+05:30,37059.99,244.04000000000087,2
4340,2021-02-04 07:45:00+05:30,37686.53,2021-02-04 08:30:00+05:30,37989.66,303.13000000000466,2
4341,2021-02-04 11:15:00+05:30,37509.95,2021-02-04 11:35:00+05:30,37747.81,237.86000000000058,2
4342,2021-02-04 13:25:00+05:30,37843.4,2021-02-04 13:35:00+05:30,38131.34,287.93999999999505,2
4343,2021-02-04 14:25:00+05:30,37338.19,2021-02-04 15:45:00+05:30,37469.99,131.79999999999563,2
4344,2021-02-04 17:25:00+05:30,37321.75,2021-02-04 18:05:00+05:30,37723.18,401.4300000000003,2
4345,2021-02-04 20:05:00+05:30,37168.03,2021-02-04 20:50:00+05:30,36306.72,-861.3099999999977,0
4346,2021-02-05 03:50:00+05:30,37103.64,2021-02-05 05:50:00+05:30,37126.23,22.590000000003783,2
4347,2021-02-05 07:15:00+05:30,36863.32,2021-02-05 08:25:00+05:30,36958.28,94.95999999999913,2
4348,2021-02-05 10:45:00+05:30,37191.63,2021-02-05 11:45:00+05:30,37223.71,32.080000000001746,2
4349,2021-02-05 15:25:00+05:30,37251.07,2021-02-05 15:45:00+05:30,37646.88,395.8099999999977,2
4350,2021-02-05 22:05:00+05:30,37860.03,2021-02-05 23:25:00+05:30,37894.61,34.580000000001746,2
4351,2021-02-05 23:45:00+05:30,37750.35,2021-02-06 01:05:00+05:30,37604.66,-145.68999999999505,1
4352,2021-02-06 09:40:00+05:30,39086.6,2021-02-06 11:30:00+05:30,39151.39,64.79000000000087,2
4353,2021-02-06 18:25:00+05:30,39902.49,2021-02-06 18:55:00+05:30,40209.59,307.09999999999854,2
4354,2021-02-06 23:20:00+05:30,40372.64,2021-02-07 00:10:00+05:30,40384.09,11.44999999999709,2
4355,2021-02-07 01:05:00+05:30,40027.98,2021-02-07 02:25:00+05:30,40087.4,59.419999999998254,2
4356,2021-02-07 04:30:00+05:30,39814.14,2021-02-07 06:00:00+05:30,39493.43,-320.7099999999991,1
4357,2021-02-07 07:20:00+05:30,38629.81,2021-02-07 08:35:00+05:30,38815.59,185.77999999999884,2
4358,2021-02-07 09:55:00+05:30,38444.53,2021-02-07 11:05:00+05:30,38454.99,10.459999999999127,2
4359,2021-02-07 16:00:00+05:30,39200.0,2021-02-07 17:35:00+05:30,39177.08,-22.919999999998254,1
4360,2021-02-07 17:45:00+05:30,38741.61,2021-02-07 18:40:00+05:30,39087.36,345.75,2
4361,2021-02-07 20:40:00+05:30,38042.39,2021-02-07 22:10:00+05:30,37874.29,-168.09999999999854,1
4362,2021-02-08 01:30:00+05:30,37884.01,2021-02-08 02:05:00+05:30,38274.84,390.82999999999447,2
4363,2021-02-08 03:55:00+05:30,38305.8,2021-02-08 04:15:00+05:30,38563.12,257.3199999999997,2
4364,2021-02-08 06:00:00+05:30,38753.12,2021-02-08 06:40:00+05:30,38887.32,134.1999999999971,2
4365,2021-02-08 07:00:00+05:30,38522.89,2021-02-08 08:45:00+05:30,38454.54,-68.34999999999854,1
4366,2021-02-08 09:20:00+05:30,38136.74,2021-02-08 09:35:00+05:30,38398.46,261.72000000000116,2
4367,2021-02-08 14:55:00+05:30,39028.54,2021-02-08 16:00:00+05:30,39180.01,151.47000000000116,2
4368,2021-02-08 17:40:00+05:30,39196.36,2021-02-08 18:10:00+05:30,40370.99,1174.6299999999974,2
4369,2021-02-08 22:35:00+05:30,42550.33,2021-02-08 23:50:00+05:30,43110.0,559.6699999999983,2
4370,2021-02-09 00:20:00+05:30,42603.7,2021-02-09 00:35:00+05:30,42971.22,367.5200000000041,2
4371,2021-02-09 06:55:00+05:30,46068.11,2021-02-09 08:05:00+05:30,46222.94,154.83000000000175,2
4372,2021-02-09 13:45:00+05:30,47069.88,2021-02-09 15:10:00+05:30,46008.92,-1060.9599999999991,0
4373,2021-02-09 16:25:00+05:30,45641.77,2021-02-09 16:55:00+05:30,46232.38,590.6100000000006,2
4374,2021-02-09 18:15:00+05:30,45234.61,2021-02-09 19:00:00+05:30,45950.38,715.7699999999968,2
4375,2021-02-10 03:35:00+05:30,46560.82,2021-02-10 05:40:00+05:30,46557.2,-3.6200000000026193,1
4376,2021-02-10 06:50:00+05:30,46088.37,2021-02-10 07:30:00+05:30,46444.21,355.8399999999965,2
4377,2021-02-10 09:30:00+05:30,45989.37,2021-02-10 10:35:00+05:30,46239.99,250.61999999999534,2
4378,2021-02-10 13:45:00+05:30,46300.35,2021-02-10 14:20:00+05:30,46611.1,310.75,2
4379,2021-02-10 17:30:00+05:30,46217.7,2021-02-10 18:05:00+05:30,44774.99,-1442.7099999999991,0
4380,2021-02-10 18:10:00+05:30,45134.95,2021-02-10 19:05:00+05:30,45749.97,615.0200000000041,2
4381,2021-02-10 19:55:00+05:30,45372.02,2021-02-10 20:55:00+05:30,44450.0,-922.0199999999968,0
4382,2021-02-10 21:00:00+05:30,44297.48,2021-02-10 21:45:00+05:30,44700.0,402.5199999999968,2
4383,2021-02-11 00:40:00+05:30,44791.27,2021-02-11 01:10:00+05:30,45168.67,377.40000000000146,2
4384,2021-02-11 02:30:00+05:30,44416.66,2021-02-11 03:00:00+05:30,44752.79,336.1299999999974,2
4385,2021-02-11 05:15:00+05:30,44829.76,2021-02-11 06:00:00+05:30,44970.53,140.7699999999968,2
4386,2021-02-11 06:15:00+05:30,44013.54,2021-02-11 07:10:00+05:30,44468.89,455.34999999999854,2
4387,2021-02-11 12:05:00+05:30,44427.75,2021-02-11 12:35:00+05:30,45093.97,666.2200000000012,2
4388,2021-02-11 22:05:00+05:30,47558.14,2021-02-11 23:30:00+05:30,47505.79,-52.349999999998545,1
4389,2021-02-12 02:20:00+05:30,47074.75,2021-02-12 03:45:00+05:30,47153.7,78.94999999999709,2
4390,2021-02-12 08:45:00+05:30,47631.53,2021-02-12 10:30:00+05:30,47392.04,-239.48999999999796,1
4391,2021-02-12 11:35:00+05:30,46900.0,2021-02-12 11:55:00+05:30,47392.92,492.91999999999825,2
4392,2021-02-12 19:55:00+05:30,47382.23,2021-02-12 20:20:00+05:30,46418.52,-963.7100000000064,0
4393,2021-02-12 23:55:00+05:30,47356.83,2021-02-13 01:00:00+05:30,47450.68,93.84999999999854,2
4394,2021-02-13 04:50:00+05:30,47457.31,2021-02-13 06:10:00+05:30,47445.11,-12.19999999999709,1
4395,2021-02-13 10:55:00+05:30,47475.2,2021-02-13 11:10:00+05:30,47748.43,273.2300000000032,2
4396,2021-02-13 13:00:00+05:30,47400.01,2021-02-13 13:55:00+05:30,47372.21,-27.80000000000291,1
4397,2021-02-13 16:25:00+05:30,46709.17,2021-02-13 17:40:00+05:30,46758.9,49.7300000000032,2
4398,2021-02-14 07:15:00+05:30,47298.26,2021-02-14 07:35:00+05:30,47616.75,318.48999999999796,2
4399,2021-02-14 09:25:00+05:30,47267.21,2021-02-14 09:35:00+05:30,47449.91,182.70000000000437,2
4400,2021-02-14 14:20:00+05:30,48570.48,2021-02-14 14:35:00+05:30,48778.46,207.97999999999593,2
4401,2021-02-14 16:40:00+05:30,48870.14,2021-02-14 17:15:00+05:30,49070.69,200.5500000000029,2
4402,2021-02-14 19:10:00+05:30,49005.04,2021-02-14 21:40:00+05:30,48716.06,-288.9800000000032,1
4403,2021-02-14 23:25:00+05:30,48619.19,2021-02-15 00:25:00+05:30,48739.99,120.79999999999563,2
4404,2021-02-15 05:00:00+05:30,48689.78,2021-02-15 06:05:00+05:30,48884.15,194.37000000000262,2
4405,2021-02-15 06:35:00+05:30,48504.2,2021-02-15 07:45:00+05:30,46760.0,-1744.199999999997,0
4406,2021-02-15 07:50:00+05:30,46170.84,2021-02-15 08:50:00+05:30,47194.74,1023.9000000000015,2
4407,2021-02-15 09:40:00+05:30,46480.88,2021-02-15 10:25:00+05:30,46866.57,385.6900000000023,2
4408,2021-02-15 18:00:00+05:30,47505.99,2021-02-15 18:20:00+05:30,47929.01,423.0200000000041,2
4409,2021-02-15 20:00:00+05:30,47681.52,2021-02-15 21:05:00+05:30,47806.8,125.28000000000611,2
4410,2021-02-16 02:45:00+05:30,48398.0,2021-02-16 04:25:00+05:30,48284.89,-113.11000000000058,1
4411,2021-02-16 05:35:00+05:30,47600.97,2021-02-16 06:45:00+05:30,47947.3,346.33000000000175,2
4412,2021-02-16 11:45:00+05:30,48956.14,2021-02-16 12:30:00+05:30,49051.44,95.30000000000291,2
4413,2021-02-16 17:30:00+05:30,48681.46,2021-02-16 17:35:00+05:30,49110.06,428.59999999999854,2
4414,2021-02-16 21:25:00+05:30,48956.91,2021-02-16 23:40:00+05:30,47835.93,-1120.9800000000032,0
4415,2021-02-17 10:05:00+05:30,49191.92,2021-02-17 11:00:00+05:30,49519.42,327.5,2
4416,2021-02-17 18:15:00+05:30,50936.49,2021-02-17 19:20:00+05:30,51056.95,120.45999999999913,2
4417,2021-02-18 04:10:00+05:30,51974.43,2021-02-18 04:45:00+05:30,52211.65,237.22000000000116,2
4418,2021-02-18 07:35:00+05:30,51972.75,2021-02-18 08:00:00+05:30,52228.88,256.1299999999974,2
4419,2021-02-18 09:30:00+05:30,51859.19,2021-02-18 10:05:00+05:30,52070.93,211.73999999999796,2
4420,2021-02-18 11:55:00+05:30,51990.01,2021-02-18 13:20:00+05:30,51930.01,-60.0,1
4421,2021-02-18 16:35:00+05:30,51513.66,2021-02-18 18:05:00+05:30,51364.36,-149.3000000000029,1
4422,2021-02-19 01:25:00+05:30,51760.01,2021-02-19 01:45:00+05:30,51956.03,196.0199999999968,2
4423,2021-02-19 03:50:00+05:30,51752.76,2021-02-19 05:45:00+05:30,51691.44,-61.31999999999971,1
4424,2021-02-19 06:30:00+05:30,51339.68,2021-02-19 08:15:00+05:30,51286.84,-52.84000000000378,1
4425,2021-02-19 09:55:00+05:30,51179.67,2021-02-19 10:30:00+05:30,51315.2,135.52999999999884,2
4426,2021-02-19 16:40:00+05:30,52599.37,2021-02-19 16:45:00+05:30,52793.83,194.45999999999913,2
4427,2021-02-19 17:45:00+05:30,52522.48,2021-02-19 19:00:00+05:30,52725.09,202.6099999999933,2
4428,2021-02-20 08:55:00+05:30,55915.01,2021-02-20 09:55:00+05:30,55913.96,-1.0500000000029104,1
4429,2021-02-20 13:05:00+05:30,55487.49,2021-02-20 13:45:00+05:30,55600.31,112.81999999999971,2
4430,2021-02-20 20:20:00+05:30,56709.0,2021-02-20 21:40:00+05:30,56594.99,-114.01000000000204,1
4431,2021-02-21 00:45:00+05:30,56846.87,2021-02-21 01:00:00+05:30,57014.87,168.0,2
4432,2021-02-21 01:30:00+05:30,56665.99,2021-02-21 02:00:00+05:30,56990.68,324.6900000000023,2
4433,2021-02-21 02:40:00+05:30,56454.97,2021-02-21 03:10:00+05:30,56793.4,338.4300000000003,2
4434,2021-02-21 04:00:00+05:30,55802.94,2021-02-21 05:10:00+05:30,55713.27,-89.67000000000553,1
4435,2021-02-21 09:35:00+05:30,56165.29,2021-02-21 10:05:00+05:30,56579.01,413.72000000000116,2
4436,2021-02-21 12:50:00+05:30,55945.0,2021-02-21 13:40:00+05:30,56282.02,337.0199999999968,2
4437,2021-02-21 17:35:00+05:30,57053.24,2021-02-21 18:55:00+05:30,57140.19,86.95000000000437,2
4438,2021-02-22 02:05:00+05:30,57858.5,2021-02-22 04:35:00+05:30,57441.81,-416.6900000000023,1
4439,2021-02-22 05:40:00+05:30,56708.12,2021-02-22 07:00:00+05:30,56836.24,128.11999999999534,2
4440,2021-02-22 09:00:00+05:30,56149.97,2021-02-22 10:35:00+05:30,55952.07,-197.90000000000146,1
4441,2021-02-22 14:05:00+05:30,55725.0,2021-02-22 15:30:00+05:30,54545.17,-1179.8300000000017,0
4442,2021-02-22 15:35:00+05:30,54111.28,2021-02-22 16:30:00+05:30,55168.84,1057.5599999999977,2
4443,2021-02-22 17:30:00+05:30,54109.78,2021-02-22 18:50:00+05:30,52716.52,-1393.260000000002,0
4444,2021-02-22 19:20:00+05:30,52504.84,2021-02-22 19:40:00+05:30,50517.37,-1987.469999999994,0
4445,2021-02-22 19:45:00+05:30,49920.1,2021-02-22 20:15:00+05:30,52754.43,2834.3300000000017,2
4446,2021-02-22 22:35:00+05:30,52611.41,2021-02-22 23:50:00+05:30,52750.57,139.15999999999622,2
4447,2021-02-23 04:45:00+05:30,53362.46,2021-02-23 05:20:00+05:30,54337.0,974.5400000000009,2
4448,2021-02-23 05:35:00+05:30,53137.33,2021-02-23 06:05:00+05:30,53744.21,606.8799999999974,2
4449,2021-02-23 06:55:00+05:30,52756.44,2021-02-23 08:10:00+05:30,51573.92,-1182.520000000004,0
4450,2021-02-23 08:15:00+05:30,51392.99,2021-02-23 08:40:00+05:30,52216.45,823.4599999999991,2
4451,2021-02-23 10:05:00+05:30,50791.01,2021-02-23 10:40:00+05:30,49335.29,-1455.7200000000012,0
4452,2021-02-23 13:30:00+05:30,49134.95,2021-02-23 13:55:00+05:30,47570.04,-1564.9099999999962,0
4453,2021-02-23 14:25:00+05:30,46565.18,2021-02-23 14:55:00+05:30,48401.53,1836.3499999999985,2
4454,2021-02-23 17:05:00+05:30,45612.9,2021-02-23 17:45:00+05:30,47290.93,1678.0299999999988,2
4455,2021-02-23 20:00:00+05:30,48187.0,2021-02-23 20:10:00+05:30,46667.72,-1519.2799999999988,0
4456,2021-02-23 20:15:00+05:30,46252.64,2021-02-23 20:35:00+05:30,48243.92,1991.2799999999988,2
4457,2021-02-23 22:10:00+05:30,47429.07,2021-02-23 23:00:00+05:30,47894.91,465.8400000000038,2
4458,2021-02-23 23:40:00+05:30,46525.06,2021-02-24 00:00:00+05:30,47586.06,1061.0,2
4459,2021-02-24 01:00:00+05:30,46218.45,2021-02-24 01:50:00+05:30,46677.93,459.4800000000032,2
4460,2021-02-24 05:45:00+05:30,47800.01,2021-02-24 06:20:00+05:30,48189.52,389.50999999999476,2
4461,2021-02-24 10:45:00+05:30,50232.59,2021-02-24 11:30:00+05:30,50532.53,299.9400000000023,2
4462,2021-02-24 11:40:00+05:30,49736.62,2021-02-24 12:15:00+05:30,50241.92,505.29999999999563,2
4463,2021-02-24 15:50:00+05:30,50186.78,2021-02-24 16:50:00+05:30,50800.03,613.25,2
4464,2021-02-24 18:45:00+05:30,49566.51,2021-02-24 20:30:00+05:30,49508.35,-58.16000000000349,1
4465,2021-02-24 20:45:00+05:30,48723.07,2021-02-24 21:00:00+05:30,49290.24,567.1699999999983,2
4466,2021-02-25 00:35:00+05:30,49350.0,2021-02-25 02:25:00+05:30,49101.18,-248.8199999999997,1
4467,2021-02-25 02:40:00+05:30,48500.51,2021-02-25 03:25:00+05:30,48707.72,207.20999999999913,2
4468,2021-02-25 08:45:00+05:30,50182.2,2021-02-25 11:00:00+05:30,50010.73,-171.4699999999939,1
4469,2021-02-25 13:40:00+05:30,50155.1,2021-02-25 14:45:00+05:30,49103.22,-1051.8799999999974,0
4470,2021-02-25 14:50:00+05:30,48904.66,2021-02-25 16:05:00+05:30,49116.6,211.93999999999505,2
4471,2021-02-25 19:55:00+05:30,50851.58,2021-02-25 20:45:00+05:30,51204.98,353.40000000000146,2
4472,2021-02-25 22:30:00+05:30,50439.34,2021-02-26 00:20:00+05:30,49350.25,-1089.0899999999965,0
4473,2021-02-26 01:30:00+05:30,49313.72,2021-02-26 02:50:00+05:30,49265.88,-47.84000000000378,1
4474,2021-02-26 03:15:00+05:30,48307.52,2021-02-26 03:55:00+05:30,48697.68,390.1600000000035,2
4475,2021-02-26 05:10:00+05:30,47335.08,2021-02-26 06:05:00+05:30,46323.48,-1011.5999999999985,0
4476,2021-02-26 10:30:00+05:30,46858.66,2021-02-26 11:20:00+05:30,45771.2,-1087.4600000000064,0
4477,2021-02-26 11:25:00+05:30,45517.53,2021-02-26 12:15:00+05:30,46299.99,782.4599999999991,2
4478,2021-02-26 12:45:00+05:30,45400.0,2021-02-26 13:10:00+05:30,44397.85,-1002.1500000000015,0
4479,2021-02-26 16:50:00+05:30,46109.36,2021-02-26 17:25:00+05:30,46427.65,318.2900000000009,2
4480,2021-02-26 23:45:00+05:30,47429.27,2021-02-27 01:50:00+05:30,46315.44,-1113.8299999999945,0
4481,2021-02-27 01:55:00+05:30,46178.09,2021-02-27 02:55:00+05:30,46773.99,595.9000000000015,2
4482,2021-02-27 03:25:00+05:30,45677.46,2021-02-27 04:35:00+05:30,46044.46,367.0,2
4483,2021-02-27 08:20:00+05:30,47277.31,2021-02-27 08:40:00+05:30,47673.9,396.5900000000038,2
4484,2021-02-27 12:30:00+05:30,47057.52,2021-02-27 15:20:00+05:30,46733.63,-323.8899999999994,1
4485,2021-02-27 20:00:00+05:30,47008.99,2021-02-27 21:55:00+05:30,46944.39,-64.59999999999854,1
4486,2021-02-28 02:10:00+05:30,46997.19,2021-02-28 04:25:00+05:30,45828.43,-1168.760000000002,0
4487,2021-02-28 04:30:00+05:30,45550.0,2021-02-28 05:20:00+05:30,46161.04,611.0400000000009,2
4488,2021-02-28 07:45:00+05:30,46031.97,2021-02-28 09:05:00+05:30,44915.17,-1116.800000000003,0
4489,2021-02-28 09:10:00+05:30,44673.14,2021-02-28 10:00:00+05:30,45047.38,374.23999999999796,2
4490,2021-02-28 11:30:00+05:30,44207.54,2021-02-28 11:55:00+05:30,44875.53,667.989999999998,2
4491,2021-02-28 17:45:00+05:30,44967.52,2021-02-28 19:35:00+05:30,43799.16,-1168.3599999999933,0
4492,2021-02-28 19:40:00+05:30,43749.67,2021-02-28 20:00:00+05:30,44420.06,670.3899999999994,2
4493,2021-02-28 21:05:00+05:30,43449.03,2021-02-28 22:15:00+05:30,43687.47,238.44000000000233,2
4494,2021-02-28 23:25:00+05:30,43119.02,2021-02-28 23:40:00+05:30,43494.59,375.5699999999997,2
4495,2021-03-01 04:00:00+05:30,44786.97,2021-03-01 04:25:00+05:30,45180.0,393.02999999999884,2
4496,2021-03-01 09:45:00+05:30,46108.05,2021-03-01 10:15:00+05:30,46408.02,299.9699999999939,2
4497,2021-03-01 12:05:00+05:30,45918.66,2021-03-01 12:30:00+05:30,46129.94,211.27999999999884,2
4498,2021-03-01 17:55:00+05:30,47468.35,2021-03-01 18:10:00+05:30,47820.8,352.45000000000437,2
4499,2021-03-01 23:45:00+05:30,48249.3,2021-03-02 01:30:00+05:30,48497.54,248.23999999999796,2
4500,2021-03-02 06:30:00+05:30,49078.33,2021-03-02 07:35:00+05:30,49311.77,233.43999999999505,2
4501,2021-03-02 08:50:00+05:30,48993.19,2021-03-02 10:05:00+05:30,49087.91,94.72000000000116,2
4502,2021-03-02 11:30:00+05:30,48573.22,2021-03-02 12:10:00+05:30,48845.42,272.1999999999971,2
4503,2021-03-02 13:25:00+05:30,48331.61,2021-03-02 13:45:00+05:30,48675.23,343.6200000000026,2
4504,2021-03-02 16:20:00+05:30,48755.08,2021-03-02 17:00:00+05:30,48925.92,170.8399999999965,2
4505,2021-03-02 22:05:00+05:30,47869.62,2021-03-02 23:20:00+05:30,47948.39,78.7699999999968,2
4506,2021-03-03 00:35:00+05:30,47204.19,2021-03-03 01:00:00+05:30,47908.54,704.3499999999985,2
4507,2021-03-03 11:10:00+05:30,48884.31,2021-03-03 11:30:00+05:30,49250.0,365.6900000000023,2
4508,2021-03-03 17:10:00+05:30,51219.88,2021-03-03 17:20:00+05:30,51517.54,297.6600000000035,2
4509,2021-03-03 21:10:00+05:30,50485.0,2021-03-03 21:30:00+05:30,51018.4,533.4000000000015,2
4510,2021-03-04 00:35:00+05:30,50645.91,2021-03-04 01:30:00+05:30,51098.64,452.7299999999959,2
4511,2021-03-04 05:25:00+05:30,50349.37,2021-03-04 06:00:00+05:30,50571.96,222.5899999999965,2
4512,2021-03-04 08:20:00+05:30,51049.99,2021-03-04 09:10:00+05:30,49977.76,-1072.229999999996,0
4513,2021-03-04 09:15:00+05:30,49701.7,2021-03-04 11:00:00+05:30,49406.51,-295.18999999999505,1
4514,2021-03-04 14:45:00+05:30,49378.86,2021-03-04 16:10:00+05:30,49290.48,-88.37999999999738,1
4515,2021-03-04 18:30:00+05:30,49010.07,2021-03-04 18:45:00+05:30,49429.99,419.91999999999825,2
4516,2021-03-04 20:45:00+05:30,48922.55,2021-03-04 21:15:00+05:30,49686.19,763.6399999999994,2
4517,2021-03-04 22:40:00+05:30,49305.32,2021-03-04 22:45:00+05:30,49831.9,526.5800000000017,2
4518,2021-03-04 23:00:00+05:30,49232.26,2021-03-04 23:40:00+05:30,48174.77,-1057.4900000000052,0
4519,2021-03-05 05:30:00+05:30,47744.39,2021-03-05 06:20:00+05:30,46716.89,-1027.5,0
4520,2021-03-05 10:25:00+05:30,46679.08,2021-03-05 10:35:00+05:30,47119.08,440.0,2
4521,2021-03-05 13:45:00+05:30,46922.49,2021-03-05 14:50:00+05:30,46917.16,-5.32999999999447,1
4522,2021-03-05 21:30:00+05:30,47762.8,2021-03-05 22:45:00+05:30,47862.74,99.93999999999505,2
4523,2021-03-06 04:00:00+05:30,48815.67,2021-03-06 04:10:00+05:30,49312.73,497.06000000000495,2
4524,2021-03-06 06:35:00+05:30,48573.3,2021-03-06 09:15:00+05:30,48775.11,201.80999999999767,2
4525,2021-03-06 09:30:00+05:30,48403.09,2021-03-06 10:20:00+05:30,48490.04,86.95000000000437,2
4526,2021-03-06 14:10:00+05:30,48714.75,2021-03-06 17:20:00+05:30,48287.41,-427.3399999999965,1
4527,2021-03-06 17:30:00+05:30,47832.95,2021-03-06 19:35:00+05:30,47581.78,-251.16999999999825,1
4528,2021-03-06 21:25:00+05:30,47267.88,2021-03-06 21:35:00+05:30,47594.4,326.5200000000041,2
4529,2021-03-07 09:50:00+05:30,49368.13,2021-03-07 11:55:00+05:30,49313.26,-54.86999999999534,1
4530,2021-03-07 17:50:00+05:30,50414.87,2021-03-07 18:10:00+05:30,50709.12,294.25,2
4531,2021-03-07 19:55:00+05:30,50388.33,2021-03-07 20:25:00+05:30,50646.34,258.00999999999476,2
4532,2021-03-07 23:45:00+05:30,50723.98,2021-03-08 03:00:00+05:30,49991.16,-732.8199999999997,1
4533,2021-03-08 07:35:00+05:30,51115.93,2021-03-08 10:15:00+05:30,50440.26,-675.6699999999983,1
4534,2021-03-08 12:15:00+05:30,50199.02,2021-03-08 14:20:00+05:30,49747.03,-451.98999999999796,1
4535,2021-03-08 22:10:00+05:30,50651.39,2021-03-08 23:15:00+05:30,50803.56,152.16999999999825,2
4536,2021-03-09 04:10:00+05:30,51448.69,2021-03-09 04:30:00+05:30,51694.11,245.41999999999825,2
4537,2021-03-09 12:15:00+05:30,53849.28,2021-03-09 13:45:00+05:30,53773.41,-75.86999999999534,1
4538,2021-03-09 18:00:00+05:30,53796.64,2021-03-09 18:45:00+05:30,53990.99,194.34999999999854,2
4539,2021-03-09 20:40:00+05:30,54243.75,2021-03-09 22:05:00+05:30,54259.09,15.339999999996508,2
4540,2021-03-10 00:15:00+05:30,53628.16,2021-03-10 00:30:00+05:30,53979.13,350.9699999999939,2
4541,2021-03-10 07:10:00+05:30,54810.69,2021-03-10 07:35:00+05:30,53578.08,-1232.6100000000006,0
4542,2021-03-10 07:40:00+05:30,53764.61,2021-03-10 10:20:00+05:30,53641.37,-123.23999999999796,1
4543,2021-03-10 10:40:00+05:30,53190.82,2021-03-10 10:50:00+05:30,53545.38,354.5599999999977,2
4544,2021-03-10 16:30:00+05:30,54575.13,2021-03-10 17:20:00+05:30,54911.38,336.25,2
4545,2021-03-11 01:45:00+05:30,56390.71,2021-03-11 02:55:00+05:30,56402.6,11.889999999999418,2
4546,2021-03-11 04:30:00+05:30,56186.08,2021-03-11 05:50:00+05:30,56219.25,33.169999999998254,2
4547,2021-03-11 06:30:00+05:30,55515.31,2021-03-11 07:15:00+05:30,55927.5,412.1900000000023,2
4548,2021-03-11 13:20:00+05:30,55208.6,2021-03-11 14:45:00+05:30,54896.93,-311.66999999999825,1
4549,2021-03-11 15:25:00+05:30,54474.27,2021-03-11 15:35:00+05:30,54760.16,285.8900000000067,2
4550,2021-03-11 21:00:00+05:30,56175.57,2021-03-11 21:35:00+05:30,56604.96,429.3899999999994,2
4551,2021-03-12 01:25:00+05:30,56827.84,2021-03-12 01:55:00+05:30,57308.86,481.0200000000041,2
4552,2021-03-12 05:50:00+05:30,57416.25,2021-03-12 06:40:00+05:30,57563.6,147.34999999999854,2
4553,2021-03-12 09:40:00+05:30,56711.82,2021-03-12 11:00:00+05:30,56789.92,78.09999999999854,2
4554,2021-03-12 12:30:00+05:30,56739.81,2021-03-12 14:00:00+05:30,56747.35,7.540000000000873,2
4555,2021-03-12 15:15:00+05:30,56331.96,2021-03-12 16:10:00+05:30,56525.74,193.77999999999884,2
4556,2021-03-12 18:30:00+05:30,55983.96,2021-03-12 19:50:00+05:30,55910.01,-73.94999999999709,1
4557,2021-03-12 23:15:00+05:30,57152.1,2021-03-12 23:35:00+05:30,57559.61,407.51000000000204,2
4558,2021-03-13 00:55:00+05:30,56860.64,2021-03-13 02:55:00+05:30,56669.89,-190.75,1
4559,2021-03-13 05:30:00+05:30,56816.51,2021-03-13 07:20:00+05:30,56500.0,-316.51000000000204,1
4560,2021-03-13 21:05:00+05:30,59600.19,2021-03-13 21:30:00+05:30,59824.21,224.0199999999968,2
4561,2021-03-14 06:30:00+05:30,61007.78,2021-03-14 07:20:00+05:30,61192.81,185.02999999999884,2
4562,2021-03-14 10:35:00+05:30,61057.87,2021-03-14 12:25:00+05:30,60975.39,-82.4800000000032,1
4563,2021-03-14 13:20:00+05:30,60598.2,2021-03-14 13:55:00+05:30,60749.99,151.79000000000087,2
4564,2021-03-14 15:55:00+05:30,60584.85,2021-03-14 17:25:00+05:30,60308.31,-276.5400000000009,1
4565,2021-03-14 18:50:00+05:30,60021.97,2021-03-14 19:35:00+05:30,60209.35,187.37999999999738,2
4566,2021-03-14 21:20:00+05:30,59598.85,2021-03-14 21:40:00+05:30,59934.31,335.4599999999991,2
4567,2021-03-15 01:10:00+05:30,59913.41,2021-03-15 02:10:00+05:30,60034.92,121.50999999999476,2
4568,2021-03-15 05:15:00+05:30,59573.03,2021-03-15 06:40:00+05:30,59608.73,35.700000000004366,2
4569,2021-03-15 10:15:00+05:30,59904.5,2021-03-15 12:00:00+05:30,58700.01,-1204.489999999998,0
4570,2021-03-15 12:10:00+05:30,58545.75,2021-03-15 13:35:00+05:30,58254.84,-290.9100000000035,1
4571,2021-03-15 14:40:00+05:30,57523.89,2021-03-15 14:50:00+05:30,55718.66,-1805.229999999996,0
4572,2021-03-15 14:55:00+05:30,56079.61,2021-03-15 16:15:00+05:30,56100.01,20.400000000001455,2
4573,2021-03-15 17:35:00+05:30,55702.39,2021-03-15 18:00:00+05:30,56126.63,424.23999999999796,2
4574,2021-03-15 20:25:00+05:30,56134.09,2021-03-15 21:40:00+05:30,56605.7,471.6100000000006,2
4575,2021-03-15 22:55:00+05:30,55529.36,2021-03-15 23:30:00+05:30,56105.82,576.4599999999991,2
4576,2021-03-16 04:15:00+05:30,56047.28,2021-03-16 04:40:00+05:30,56520.26,472.9800000000032,2
4577,2021-03-16 05:15:00+05:30,55672.27,2021-03-16 06:15:00+05:30,54489.09,-1183.1800000000003,0
4578,2021-03-16 06:20:00+05:30,54113.83,2021-03-16 07:20:00+05:30,54515.42,401.5899999999965,2
4579,2021-03-16 08:40:00+05:30,54010.91,2021-03-16 09:00:00+05:30,54451.83,440.91999999999825,2
4580,2021-03-16 11:05:00+05:30,53812.42,2021-03-16 11:30:00+05:30,54267.6,455.1800000000003,2
4581,2021-03-16 15:50:00+05:30,55457.65,2021-03-16 16:20:00+05:30,55966.08,508.4300000000003,2
4582,2021-03-16 17:00:00+05:30,55317.28,2021-03-16 17:35:00+05:30,55584.39,267.1100000000006,2
4583,2021-03-16 18:05:00+05:30,54971.06,2021-03-16 18:35:00+05:30,55328.38,357.3199999999997,2
4584,2021-03-16 22:55:00+05:30,55332.32,2021-03-17 00:05:00+05:30,55490.73,158.4100000000035,2
4585,2021-03-17 07:35:00+05:30,55976.57,2021-03-17 09:05:00+05:30,55934.15,-42.419999999998254,1
4586,2021-03-17 09:25:00+05:30,55506.23,2021-03-17 10:55:00+05:30,55606.05,99.81999999999971,2
4587,2021-03-17 13:00:00+05:30,55812.26,2021-03-17 14:35:00+05:30,55834.0,21.739999999997963,2
4588,2021-03-17 15:00:00+05:30,55331.03,2021-03-17 16:25:00+05:30,55088.89,-242.13999999999942,1
4589,2021-03-17 17:35:00+05:30,54579.02,2021-03-17 17:55:00+05:30,55013.44,434.42000000000553,2
4590,2021-03-17 19:35:00+05:30,54805.92,2021-03-17 20:35:00+05:30,54966.3,160.38000000000466,2
4591,2021-03-18 07:15:00+05:30,58758.01,2021-03-18 07:20:00+05:30,59064.63,306.61999999999534,2
4592,2021-03-18 08:55:00+05:30,58630.1,2021-03-18 09:35:00+05:30,58912.49,282.3899999999994,2
4593,2021-03-18 12:50:00+05:30,58505.86,2021-03-18 14:50:00+05:30,58268.49,-237.37000000000262,1
4594,2021-03-18 16:50:00+05:30,58244.05,2021-03-18 18:20:00+05:30,58014.02,-230.0300000000061,1
4595,2021-03-18 19:40:00+05:30,57734.66,2021-03-18 20:30:00+05:30,57955.63,220.9699999999939,2
4596,2021-03-18 23:40:00+05:30,58756.01,2021-03-19 01:20:00+05:30,57399.11,-1356.9000000000015,0
4597,2021-03-19 01:25:00+05:30,57293.79,2021-03-19 02:35:00+05:30,57890.43,596.6399999999994,2
4598,2021-03-19 05:35:00+05:30,57425.57,2021-03-19 06:55:00+05:30,57033.61,-391.9599999999991,1
4599,2021-03-19 13:25:00+05:30,57834.04,2021-03-19 13:40:00+05:30,58319.26,485.22000000000116,2
4600,2021-03-19 19:10:00+05:30,58104.92,2021-03-19 19:50:00+05:30,58538.15,433.2300000000032,2
4601,2021-03-19 23:40:00+05:30,58534.69,2021-03-20 00:00:00+05:30,58875.86,341.16999999999825,2
4602,2021-03-20 02:10:00+05:30,58263.85,2021-03-20 03:15:00+05:30,58666.51,402.6600000000035,2
4603,2021-03-20 04:05:00+05:30,58377.03,2021-03-20 05:45:00+05:30,58279.02,-98.01000000000204,1
4604,2021-03-20 08:20:00+05:30,58501.21,2021-03-20 09:35:00+05:30,58513.14,11.930000000000291,2
4605,2021-03-20 21:35:00+05:30,58960.73,2021-03-20 22:10:00+05:30,59256.03,295.29999999999563,2
4606,2021-03-21 01:35:00+05:30,59041.95,2021-03-21 02:55:00+05:30,58720.25,-321.6999999999971,1
4607,2021-03-21 04:15:00+05:30,58445.88,2021-03-21 05:35:00+05:30,58357.06,-88.81999999999971,1
4608,2021-03-21 07:15:00+05:30,58162.24,2021-03-21 09:10:00+05:30,57805.23,-357.00999999999476,1
4609,2021-03-21 09:55:00+05:30,57249.88,2021-03-21 11:15:00+05:30,57170.68,-79.19999999999709,1
4610,2021-03-21 15:05:00+05:30,56914.47,2021-03-21 16:50:00+05:30,56172.99,-741.4800000000032,1
4611,2021-03-21 21:30:00+05:30,56913.19,2021-03-21 21:45:00+05:30,57405.99,492.79999999999563,2
4612,2021-03-22 04:40:00+05:30,57190.45,2021-03-22 05:05:00+05:30,57639.08,448.63000000000466,2
4613,2021-03-22 05:30:00+05:30,57148.79,2021-03-22 07:40:00+05:30,56600.12,-548.6699999999983,1
4614,2021-03-22 13:35:00+05:30,57463.8,2021-03-22 15:25:00+05:30,57372.0,-91.80000000000291,1
4615,2021-03-22 17:40:00+05:30,57397.24,2021-03-22 18:45:00+05:30,57410.11,12.87000000000262,2
4616,2021-03-22 19:10:00+05:30,56749.96,2021-03-22 19:35:00+05:30,57163.61,413.65000000000146,2
4617,2021-03-22 21:45:00+05:30,56770.2,2021-03-22 22:50:00+05:30,56850.49,80.29000000000087,2
4618,2021-03-23 00:10:00+05:30,56475.94,2021-03-23 02:10:00+05:30,54933.86,-1542.0800000000017,0
4619,2021-03-23 02:15:00+05:30,54600.0,2021-03-23 04:25:00+05:30,54614.23,14.230000000003201,2
4620,2021-03-23 08:25:00+05:30,54548.58,2021-03-23 09:25:00+05:30,54684.83,136.25,2
4621,2021-03-23 09:50:00+05:30,54355.42,2021-03-23 10:15:00+05:30,54503.82,148.40000000000146,2
4622,2021-03-23 10:45:00+05:30,53836.51,2021-03-23 12:05:00+05:30,53623.35,-213.1600000000035,1
4623,2021-03-23 17:15:00+05:30,54303.8,2021-03-23 17:35:00+05:30,54748.72,444.91999999999825,2
4624,2021-03-23 19:55:00+05:30,54925.92,2021-03-23 20:25:00+05:30,55184.25,258.33000000000175,2
4625,2021-03-24 00:25:00+05:30,55364.69,2021-03-24 03:15:00+05:30,54666.03,-698.6600000000035,1
4626,2021-03-24 05:25:00+05:30,54340.89,2021-03-24 06:50:00+05:30,54097.21,-243.6800000000003,1
4627,2021-03-24 10:30:00+05:30,53896.6,2021-03-24 11:00:00+05:30,54276.46,379.8600000000006,2
4628,2021-03-24 15:45:00+05:30,56053.42,2021-03-24 16:00:00+05:30,56410.76,357.3400000000038,2
4629,2021-03-24 19:15:00+05:30,56501.17,2021-03-24 23:00:00+05:30,56150.0,-351.16999999999825,1
4630,2021-03-25 00:10:00+05:30,55552.64,2021-03-25 01:40:00+05:30,54288.77,-1263.8700000000026,0
4631,2021-03-25 01:55:00+05:30,53735.87,2021-03-25 03:45:00+05:30,52105.0,-1630.8700000000026,0
4632,2021-03-25 03:50:00+05:30,52097.79,2021-03-25 05:05:00+05:30,52735.51,637.7200000000012,2
4633,2021-03-25 07:20:00+05:30,52120.21,2021-03-25 08:00:00+05:30,52330.0,209.79000000000087,2
4634,2021-03-25 09:05:00+05:30,51850.75,2021-03-25 09:20:00+05:30,52228.0,377.25,2
4635,2021-03-25 13:15:00+05:30,52625.2,2021-03-25 14:10:00+05:30,52712.1,86.90000000000146,2
4636,2021-03-25 17:10:00+05:30,52499.99,2021-03-25 17:40:00+05:30,51242.16,-1257.8299999999945,0
4637,2021-03-25 17:45:00+05:30,51350.0,2021-03-25 19:00:00+05:30,51666.37,316.3700000000026,2
4638,2021-03-25 20:30:00+05:30,50965.82,2021-03-25 21:00:00+05:30,51479.38,513.5599999999977,2
4639,2021-03-26 04:15:00+05:30,51731.02,2021-03-26 05:30:00+05:30,51906.76,175.74000000000524,2
4640,2021-03-26 07:45:00+05:30,51793.59,2021-03-26 08:40:00+05:30,52027.05,233.4600000000064,2
4641,2021-03-26 12:30:00+05:30,52467.61,2021-03-26 13:00:00+05:30,52926.91,459.3000000000029,2
4642,2021-03-26 16:45:00+05:30,53132.6,2021-03-26 17:40:00+05:30,53200.01,67.41000000000349,2
4643,2021-03-26 21:30:00+05:30,52956.13,2021-03-26 21:35:00+05:30,53416.92,460.7900000000009,2
4644,2021-03-26 23:45:00+05:30,53465.34,2021-03-27 00:50:00+05:30,53679.44,214.10000000000582,2
4645,2021-03-27 08:40:00+05:30,54571.82,2021-03-27 09:20:00+05:30,54779.03,207.20999999999913,2
4646,2021-03-27 13:05:00+05:30,54846.26,2021-03-27 13:30:00+05:30,55075.41,229.15000000000146,2
4647,2021-03-27 14:00:00+05:30,54756.5,2021-03-27 14:20:00+05:30,54945.0,188.5,2
4648,2021-03-27 16:20:00+05:30,54690.41,2021-03-27 17:00:00+05:30,54804.56,114.14999999999418,2
4649,2021-03-27 17:35:00+05:30,54176.75,2021-03-27 18:30:00+05:30,54355.99,179.23999999999796,2
4650,2021-03-27 23:55:00+05:30,55659.06,2021-03-28 00:40:00+05:30,55865.28,206.22000000000116,2
4651,2021-03-28 05:15:00+05:30,55851.35,2021-03-28 06:20:00+05:30,55920.05,68.70000000000437,2
4652,2021-03-28 07:55:00+05:30,55778.69,2021-03-28 08:45:00+05:30,56000.43,221.73999999999796,2
4653,2021-03-28 12:10:00+05:30,55915.24,2021-03-28 13:00:00+05:30,56057.75,142.51000000000204,2
4654,2021-03-28 15:35:00+05:30,55888.0,2021-03-28 16:15:00+05:30,56142.84,254.8399999999965,2
4655,2021-03-28 17:40:00+05:30,55670.61,2021-03-28 18:30:00+05:30,55713.18,42.56999999999971,2
4656,2021-03-28 22:50:00+05:30,56018.86,2021-03-29 00:40:00+05:30,54857.05,-1161.8099999999977,0
4657,2021-03-29 06:15:00+05:30,55487.27,2021-03-29 07:45:00+05:30,55354.83,-132.43999999999505,1
4658,2021-03-29 09:35:00+05:30,55263.18,2021-03-29 11:40:00+05:30,55238.43,-24.75,1
4659,2021-03-29 16:50:00+05:30,57673.35,2021-03-29 17:30:00+05:30,57956.54,283.1900000000023,2
4660,2021-03-29 19:35:00+05:30,57838.0,2021-03-29 19:40:00+05:30,58075.79,237.79000000000087,2
4661,2021-03-29 20:40:00+05:30,57769.99,2021-03-29 22:05:00+05:30,57720.6,-49.38999999999942,1
4662,2021-03-30 00:40:00+05:30,57687.14,2021-03-30 03:05:00+05:30,57453.22,-233.91999999999825,1
4663,2021-03-30 05:00:00+05:30,57363.66,2021-03-30 05:15:00+05:30,57732.12,368.4599999999991,2
4664,2021-03-30 09:20:00+05:30,57148.8,2021-03-30 09:55:00+05:30,57447.11,298.3099999999977,2
4665,2021-03-30 13:50:00+05:30,57836.59,2021-03-30 14:35:00+05:30,58093.82,257.2300000000032,2
4666,2021-03-30 18:40:00+05:30,58902.11,2021-03-30 20:10:00+05:30,58949.87,47.76000000000204,2
4667,2021-03-30 21:05:00+05:30,58645.35,2021-03-30 22:15:00+05:30,58796.38,151.02999999999884,2
4668,2021-03-31 01:35:00+05:30,58677.02,2021-03-31 02:55:00+05:30,58699.96,22.94000000000233,2
4669,2021-03-31 07:35:00+05:30,58744.0,2021-03-31 09:35:00+05:30,58640.15,-103.84999999999854,1
4670,2021-03-31 13:20:00+05:30,58082.75,2021-03-31 14:40:00+05:30,58164.62,81.87000000000262,2
4671,2021-03-31 15:45:00+05:30,57693.79,2021-03-31 16:35:00+05:30,57887.41,193.62000000000262,2
4672,2021-03-31 22:20:00+05:30,58831.72,2021-03-31 23:10:00+05:30,59156.28,324.5599999999977,2
4673,2021-04-01 01:05:00+05:30,58920.59,2021-04-01 02:15:00+05:30,59010.06,89.47000000000116,2
4674,2021-04-01 03:45:00+05:30,58681.4,2021-04-01 04:50:00+05:30,58805.07,123.66999999999825,2
4675,2021-04-01 08:55:00+05:30,58991.04,2021-04-01 09:25:00+05:30,59119.02,127.97999999999593,2
4676,2021-04-01 10:20:00+05:30,58743.14,2021-04-01 11:40:00+05:30,58949.12,205.9800000000032,2
4677,2021-04-01 12:25:00+05:30,58731.61,2021-04-01 12:55:00+05:30,58871.13,139.5199999999968,2
4678,2021-04-01 16:05:00+05:30,58528.05,2021-04-01 17:10:00+05:30,58581.71,53.65999999999622,2
4679,2021-04-01 21:50:00+05:30,58786.19,2021-04-01 23:55:00+05:30,58644.83,-141.36000000000058,1
4680,2021-04-02 02:50:00+05:30,58746.39,2021-04-02 03:35:00+05:30,58830.53,84.13999999999942,2
4681,2021-04-02 05:15:00+05:30,58750.07,2021-04-02 06:30:00+05:30,58741.71,-8.360000000000582,1
4682,2021-04-02 10:15:00+05:30,59523.24,2021-04-02 11:50:00+05:30,59552.17,28.93000000000029,2
4683,2021-04-02 12:00:00+05:30,59430.36,2021-04-02 12:15:00+05:30,59620.62,190.26000000000204,2
4684,2021-04-02 14:40:00+05:30,59373.83,2021-04-02 15:00:00+05:30,59550.0,176.16999999999825,2
4685,2021-04-02 17:35:00+05:30,59400.0,2021-04-02 18:25:00+05:30,59491.3,91.30000000000291,2
4686,2021-04-02 18:35:00+05:30,59296.44,2021-04-02 20:10:00+05:30,59276.08,-20.360000000000582,1
4687,2021-04-02 22:20:00+05:30,59216.17,2021-04-02 23:35:00+05:30,59198.53,-17.639999999999418,1
4688,2021-04-03 00:15:00+05:30,59053.47,2021-04-03 02:00:00+05:30,58865.47,-188.0,1
4689,2021-04-03 02:15:00+05:30,58625.83,2021-04-03 03:05:00+05:30,58800.0,174.16999999999825,2
4690,2021-04-03 12:00:00+05:30,59278.12,2021-04-03 12:25:00+05:30,59410.96,132.8399999999965,2
4691,2021-04-03 14:10:00+05:30,58960.02,2021-04-03 15:20:00+05:30,59352.61,392.5900000000038,2
4692,2021-04-03 20:25:00+05:30,59144.38,2021-04-03 22:05:00+05:30,59034.67,-109.70999999999913,1
4693,2021-04-03 22:35:00+05:30,58568.69,2021-04-04 00:20:00+05:30,58419.14,-149.5500000000029,1
4694,2021-04-04 02:15:00+05:30,58003.6,2021-04-04 03:05:00+05:30,58222.03,218.4300000000003,2
4695,2021-04-04 03:20:00+05:30,57618.58,2021-04-04 04:35:00+05:30,57671.66,53.080000000001746,2
4696,2021-04-04 05:05:00+05:30,57000.01,2021-04-04 06:55:00+05:30,56977.76,-22.25,1
4697,2021-04-04 11:00:00+05:30,57301.2,2021-04-04 11:15:00+05:30,57572.43,271.2300000000032,2
4698,2021-04-04 11:40:00+05:30,57300.43,2021-04-04 12:25:00+05:30,57439.98,139.5500000000029,2
4699,2021-04-04 17:10:00+05:30,57359.56,2021-04-04 17:40:00+05:30,57655.15,295.5900000000038,2
4700,2021-04-05 00:10:00+05:30,57996.53,2021-04-05 00:30:00+05:30,58146.72,150.19000000000233,2
4701,2021-04-05 00:50:00+05:30,57843.33,2021-04-05 01:30:00+05:30,58012.52,169.18999999999505,2
4702,2021-04-05 05:40:00+05:30,58025.01,2021-04-05 05:50:00+05:30,58170.85,145.8399999999965,2
4703,2021-04-05 06:10:00+05:30,57962.71,2021-04-05 08:45:00+05:30,57685.66,-277.04999999999563,1
4704,2021-04-05 09:20:00+05:30,57521.74,2021-04-05 09:55:00+05:30,57600.01,78.27000000000407,2
4705,2021-04-05 10:15:00+05:30,57408.34,2021-04-05 11:55:00+05:30,57144.95,-263.3899999999994,1
4706,2021-04-05 13:55:00+05:30,56967.25,2021-04-05 14:15:00+05:30,57162.23,194.9800000000032,2
4707,2021-04-05 22:55:00+05:30,58764.98,2021-04-05 23:25:00+05:30,58954.6,189.61999999999534,2
4708,2021-04-06 02:15:00+05:30,58810.97,2021-04-06 03:30:00+05:30,58795.02,-15.950000000004366,1
4709,2021-04-06 07:20:00+05:30,58857.5,2021-04-06 08:50:00+05:30,58797.01,-60.48999999999796,1
4710,2021-04-06 09:25:00+05:30,58608.7,2021-04-06 09:50:00+05:30,58796.87,188.17000000000553,2
4711,2021-04-06 13:15:00+05:30,58562.61,2021-04-06 13:35:00+05:30,58773.99,211.37999999999738,2
4712,2021-04-06 16:25:00+05:30,58365.0,2021-04-06 17:25:00+05:30,58541.34,176.3399999999965,2
4713,2021-04-06 19:30:00+05:30,58260.37,2021-04-06 21:05:00+05:30,57890.0,-370.3700000000026,1
4714,2021-04-07 02:45:00+05:30,58000.0,2021-04-07 04:00:00+05:30,57950.01,-49.98999999999796,1
4715,2021-04-07 06:10:00+05:30,57843.26,2021-04-07 07:30:00+05:30,57646.58,-196.6800000000003,1
4716,2021-04-07 09:45:00+05:30,57371.35,2021-04-07 10:40:00+05:30,57757.73,386.38000000000466,2
4717,2021-04-07 12:35:00+05:30,57593.13,2021-04-07 14:15:00+05:30,57776.02,182.88999999999942,2
4718,2021-04-07 14:40:00+05:30,57028.09,2021-04-07 15:15:00+05:30,57575.37,547.2800000000061,2
4719,2021-04-07 16:10:00+05:30,57051.42,2021-04-07 17:40:00+05:30,55850.42,-1201.0,0
4720,2021-04-07 21:00:00+05:30,56509.37,2021-04-07 21:35:00+05:30,56689.09,179.7199999999939,2
4721,2021-04-07 22:50:00+05:30,56223.99,2021-04-08 01:15:00+05:30,56074.54,-149.4499999999971,1
4722,2021-04-08 05:20:00+05:30,56101.51,2021-04-08 06:05:00+05:30,56278.71,177.1999999999971,2
4723,2021-04-08 14:05:00+05:30,56900.01,2021-04-08 16:10:00+05:30,56753.2,-146.81000000000495,1
4724,2021-04-08 17:00:00+05:30,56465.66,2021-04-08 17:45:00+05:30,56629.23,163.5699999999997,2
4725,2021-04-09 02:30:00+05:30,57564.94,2021-04-09 03:15:00+05:30,57669.07,104.12999999999738,2
4726,2021-04-09 07:15:00+05:30,58014.48,2021-04-09 08:05:00+05:30,58150.32,135.8399999999965,2
4727,2021-04-09 08:25:00+05:30,57903.35,2021-04-09 08:45:00+05:30,58034.0,130.65000000000146,2
4728,2021-04-09 11:15:00+05:30,58046.64,2021-04-09 12:10:00+05:30,58082.47,35.830000000001746,2
4729,2021-04-09 12:25:00+05:30,57830.0,2021-04-09 13:05:00+05:30,57928.24,98.23999999999796,2
4730,2021-04-09 19:50:00+05:30,58276.06,2021-04-09 21:15:00+05:30,58286.26,10.200000000004366,2
4731,2021-04-09 21:40:00+05:30,57985.09,2021-04-09 22:10:00+05:30,58152.21,167.12000000000262,2
4732,2021-04-10 03:30:00+05:30,58264.1,2021-04-10 05:15:00+05:30,58156.37,-107.72999999999593,1
4733,2021-04-10 12:30:00+05:30,60463.28,2021-04-10 12:45:00+05:30,60744.6,281.3199999999997,2
4734,2021-04-10 13:00:00+05:30,60407.91,2021-04-10 13:30:00+05:30,60628.17,220.25999999999476,2
4735,2021-04-10 18:00:00+05:30,60380.06,2021-04-10 19:15:00+05:30,60344.93,-35.12999999999738,1
4736,2021-04-10 20:45:00+05:30,60132.63,2021-04-10 21:10:00+05:30,60340.19,207.56000000000495,2
4737,2021-04-10 22:45:00+05:30,60036.86,2021-04-11 00:25:00+05:30,60020.0,-16.860000000000582,1
4738,2021-04-11 01:25:00+05:30,59567.38,2021-04-11 03:25:00+05:30,59161.03,-406.34999999999854,1
4739,2021-04-11 09:35:00+05:30,60051.69,2021-04-11 12:10:00+05:30,59761.39,-290.3000000000029,1
4740,2021-04-11 19:00:00+05:30,59246.19,2021-04-11 20:00:00+05:30,59584.42,338.2299999999959,2
4741,2021-04-11 22:35:00+05:30,59494.0,2021-04-11 22:55:00+05:30,59741.7,247.6999999999971,2
4742,2021-04-12 01:00:00+05:30,59591.04,2021-04-12 02:25:00+05:30,59707.8,116.76000000000204,2
4743,2021-04-12 03:30:00+05:30,59456.4,2021-04-12 03:40:00+05:30,59609.5,153.09999999999854,2
4744,2021-04-12 05:50:00+05:30,59719.06,2021-04-12 06:35:00+05:30,59912.16,193.10000000000582,2
4745,2021-04-12 08:15:00+05:30,59643.93,2021-04-12 08:50:00+05:30,59838.43,194.5,2
4746,2021-04-12 15:05:00+05:30,60244.18,2021-04-12 16:40:00+05:30,60034.34,-209.84000000000378,1
4747,2021-04-12 19:30:00+05:30,60136.16,2021-04-12 21:10:00+05:30,60053.89,-82.27000000000407,1
4748,2021-04-13 02:45:00+05:30,59886.38,2021-04-13 03:20:00+05:30,60040.1,153.72000000000116,2
4749,2021-04-13 18:45:00+05:30,62717.89,2021-04-13 19:55:00+05:30,62865.5,147.61000000000058,2
4750,2021-04-14 00:15:00+05:30,63057.97,2021-04-14 01:20:00+05:30,62991.87,-66.09999999999854,1
4751,2021-04-14 14:15:00+05:30,63824.84,2021-04-14 15:35:00+05:30,63837.83,12.990000000005239,2
4752,2021-04-14 18:20:00+05:30,63898.07,2021-04-14 18:30:00+05:30,64263.7,365.6299999999974,2
4753,2021-04-14 19:10:00+05:30,63846.63,2021-04-14 20:45:00+05:30,63274.8,-571.8299999999945,1
4754,2021-04-14 23:10:00+05:30,62483.33,2021-04-15 00:40:00+05:30,62489.25,5.919999999998254,2
4755,2021-04-15 01:00:00+05:30,61346.45,2021-04-15 01:25:00+05:30,62150.04,803.5900000000038,2
4756,2021-04-15 05:20:00+05:30,62600.0,2021-04-15 05:25:00+05:30,62959.53,359.52999999999884,2
4757,2021-04-15 07:55:00+05:30,62430.01,2021-04-15 08:15:00+05:30,62979.8,549.7900000000009,2
4758,2021-04-15 10:45:00+05:30,62788.5,2021-04-15 11:20:00+05:30,63188.05,399.5500000000029,2
4759,2021-04-15 13:50:00+05:30,62634.23,2021-04-15 14:45:00+05:30,62754.42,120.18999999999505,2
4760,2021-04-15 15:45:00+05:30,62439.63,2021-04-15 17:00:00+05:30,62403.02,-36.61000000000058,1
4761,2021-04-15 20:20:00+05:30,62620.45,2021-04-15 21:20:00+05:30,62708.13,87.68000000000029,2
4762,2021-04-16 04:50:00+05:30,63093.26,2021-04-16 05:30:00+05:30,63221.87,128.61000000000058,2
4763,2021-04-16 07:00:00+05:30,63017.92,2021-04-16 07:55:00+05:30,63203.59,185.66999999999825,2
4764,2021-04-16 09:30:00+05:30,62690.69,2021-04-16 11:30:00+05:30,61171.96,-1518.7300000000032,0
4765,2021-04-16 14:20:00+05:30,61168.12,2021-04-16 15:40:00+05:30,60907.84,-260.2800000000061,1
4766,2021-04-16 16:10:00+05:30,60373.09,2021-04-16 17:05:00+05:30,60587.1,214.01000000000204,2
4767,2021-04-16 19:15:00+05:30,60523.64,2021-04-16 19:35:00+05:30,60941.47,417.83000000000175,2
4768,2021-04-16 23:40:00+05:30,61411.85,2021-04-17 00:20:00+05:30,61658.73,246.88000000000466,2
4769,2021-04-17 03:30:00+05:30,61621.33,2021-04-17 04:00:00+05:30,61948.64,327.3099999999977,2
4770,2021-04-17 04:25:00+05:30,61547.33,2021-04-17 05:35:00+05:30,61686.84,139.50999999999476,2
4771,2021-04-17 05:50:00+05:30,61185.0,2021-04-17 06:20:00+05:30,61456.99,271.98999999999796,2
4772,2021-04-17 10:45:00+05:30,62019.06,2021-04-17 11:00:00+05:30,62212.34,193.27999999999884,2
4773,2021-04-17 11:35:00+05:30,61988.99,2021-04-17 12:15:00+05:30,62080.0,91.01000000000204,2
4774,2021-04-17 14:45:00+05:30,62002.48,2021-04-17 17:30:00+05:30,60557.94,-1444.5400000000009,0
4775,2021-04-17 18:45:00+05:30,60563.45,2021-04-17 19:00:00+05:30,60953.54,390.0900000000038,2
4776,2021-04-17 20:30:00+05:30,60449.84,2021-04-17 21:35:00+05:30,60495.37,45.53000000000611,2
4777,2021-04-17 23:10:00+05:30,60358.18,2021-04-18 00:00:00+05:30,60416.99,58.80999999999767,2
4778,2021-04-18 03:20:00+05:30,60586.97,2021-04-18 03:40:00+05:30,60762.78,175.80999999999767,2
4779,2021-04-18 04:05:00+05:30,60431.49,2021-04-18 04:20:00+05:30,60742.5,311.01000000000204,2
4780,2021-04-18 04:45:00+05:30,60406.34,2021-04-18 06:45:00+05:30,59115.06,-1291.2799999999988,0
4781,2021-04-18 07:45:00+05:30,58671.2,2021-04-18 08:50:00+05:30,56177.27,-2493.9300000000003,0
4782,2021-04-18 08:55:00+05:30,56401.58,2021-04-18 09:00:00+05:30,52674.66,-3726.9199999999983,0
4783,2021-04-18 09:05:00+05:30,53274.16,2021-04-18 10:00:00+05:30,55942.34,2668.179999999993,2
4784,2021-04-18 14:15:00+05:30,55598.28,2021-04-18 14:50:00+05:30,54412.0,-1186.2799999999988,0
4785,2021-04-18 17:00:00+05:30,54313.93,2021-04-18 17:55:00+05:30,54291.41,-22.5199999999968,1
4786,2021-04-18 21:05:00+05:30,54806.16,2021-04-18 21:25:00+05:30,55452.45,646.2899999999936,2
4787,2021-04-18 23:15:00+05:30,54866.74,2021-04-19 00:00:00+05:30,55318.71,451.97000000000116,2
4788,2021-04-19 03:10:00+05:30,55770.97,2021-04-19 03:25:00+05:30,56300.01,529.0400000000009,2
4789,2021-04-19 05:30:00+05:30,55905.31,2021-04-19 06:05:00+05:30,56629.17,723.8600000000006,2
4790,2021-04-19 10:35:00+05:30,56668.84,2021-04-19 11:40:00+05:30,56754.53,85.69000000000233,2
4791,2021-04-19 13:55:00+05:30,56848.26,2021-04-19 15:00:00+05:30,56994.33,146.0699999999997,2
4792,2021-04-19 15:30:00+05:30,56453.0,2021-04-19 16:30:00+05:30,56662.14,209.13999999999942,2
4793,2021-04-19 18:10:00+05:30,56685.2,2021-04-19 19:10:00+05:30,56685.63,0.43000000000029104,2
4794,2021-04-19 19:55:00+05:30,55716.61,2021-04-19 21:15:00+05:30,54451.68,-1264.9300000000003,0
4795,2021-04-20 02:55:00+05:30,55715.02,2021-04-20 03:05:00+05:30,56094.99,379.97000000000116,2
4796,2021-04-20 04:55:00+05:30,55580.0,2021-04-20 06:05:00+05:30,54423.12,-1156.8799999999974,0
4797,2021-04-20 11:40:00+05:30,54692.05,2021-04-20 13:05:00+05:30,53450.01,-1242.0400000000009,0
4798,2021-04-20 20:05:00+05:30,55627.94,2021-04-20 21:40:00+05:30,55522.48,-105.45999999999913,1
4799,2021-04-21 04:15:00+05:30,56226.54,2021-04-21 05:25:00+05:30,56425.0,198.45999999999913,2
4800,2021-04-21 06:10:00+05:30,56151.8,2021-04-21 07:20:00+05:30,56011.65,-140.15000000000146,1
4801,2021-04-21 08:50:00+05:30,55752.46,2021-04-21 10:20:00+05:30,55548.32,-204.13999999999942,1
4802,2021-04-21 13:30:00+05:30,55052.83,2021-04-21 14:05:00+05:30,55394.93,342.09999999999854,2
4803,2021-04-21 15:55:00+05:30,55170.71,2021-04-21 17:40:00+05:30,54829.62,-341.0899999999965,1
4804,2021-04-21 19:45:00+05:30,55306.46,2021-04-21 19:55:00+05:30,55552.4,245.94000000000233,2
4805,2021-04-21 22:00:00+05:30,55834.29,2021-04-22 00:45:00+05:30,55603.15,-231.13999999999942,1
4806,2021-04-22 01:35:00+05:30,55155.85,2021-04-22 03:00:00+05:30,55194.13,38.279999999998836,2
4807,2021-04-22 03:55:00+05:30,54400.91,2021-04-22 05:10:00+05:30,54261.09,-139.82000000000698,1
4808,2021-04-22 05:35:00+05:30,53376.55,2021-04-22 05:55:00+05:30,53950.14,573.5899999999965,2
4809,2021-04-22 07:30:00+05:30,53480.41,2021-04-22 08:20:00+05:30,53808.88,328.4699999999939,2
4810,2021-04-22 12:45:00+05:30,54149.99,2021-04-22 14:50:00+05:30,53800.01,-349.9799999999959,1
4811,2021-04-22 19:10:00+05:30,54680.78,2021-04-22 20:20:00+05:30,54780.53,99.75,2
4812,2021-04-22 22:45:00+05:30,54179.82,2021-04-22 23:45:00+05:30,52884.09,-1295.7300000000032,0
4813,2021-04-23 00:40:00+05:30,52667.76,2021-04-23 01:00:00+05:30,53300.01,632.25,2
4814,2021-04-23 01:30:00+05:30,52501.24,2021-04-23 02:30:00+05:30,51243.41,-1257.8299999999945,0
4815,2021-04-23 02:35:00+05:30,50916.68,2021-04-23 03:30:00+05:30,51943.7,1027.0199999999968,2
4816,2021-04-23 06:20:00+05:30,51416.93,2021-04-23 07:15:00+05:30,50195.03,-1221.9000000000015,0
4817,2021-04-23 07:45:00+05:30,49909.8,2021-04-23 09:05:00+05:30,50134.72,224.91999999999825,2
4818,2021-04-23 10:10:00+05:30,49470.83,2021-04-23 11:05:00+05:30,49678.41,207.58000000000175,2
4819,2021-04-23 13:00:00+05:30,48152.56,2021-04-23 14:00:00+05:30,48635.36,482.8000000000029,2
4820,2021-04-23 18:15:00+05:30,49449.5,2021-04-23 19:35:00+05:30,49417.54,-31.959999999999127,1
4821,2021-04-24 05:55:00+05:30,50068.74,2021-04-24 07:55:00+05:30,49840.63,-228.11000000000058,1
4822,2021-04-24 12:30:00+05:30,49904.88,2021-04-24 13:45:00+05:30,50146.32,241.44000000000233,2
4823,2021-04-24 14:30:00+05:30,49605.15,2021-04-24 16:50:00+05:30,49332.25,-272.90000000000146,1
4824,2021-04-24 19:30:00+05:30,49329.34,2021-04-24 20:00:00+05:30,49513.05,183.7100000000064,2
4825,2021-04-24 20:35:00+05:30,49014.28,2021-04-24 20:50:00+05:30,49352.41,338.13000000000466,2
4826,2021-04-25 03:35:00+05:30,50603.24,2021-04-25 06:50:00+05:30,50088.98,-514.2599999999948,1
4827,2021-04-25 08:45:00+05:30,49979.08,2021-04-25 14:15:00+05:30,50160.88,181.79999999999563,2
4828,2021-04-25 14:55:00+05:30,49386.36,2021-04-25 15:35:00+05:30,49776.05,389.6900000000023,2
4829,2021-04-25 22:50:00+05:30,49900.01,2021-04-26 02:15:00+05:30,48592.51,-1307.5,0
4830,2021-04-26 02:20:00+05:30,48087.38,2021-04-26 03:50:00+05:30,47978.66,-108.71999999999389,1
4831,2021-04-26 14:40:00+05:30,52408.73,2021-04-26 15:10:00+05:30,52623.12,214.38999999999942,2
4832,2021-04-26 18:40:00+05:30,53239.99,2021-04-26 18:55:00+05:30,53674.49,434.5,2
4833,2021-04-26 20:40:00+05:30,53334.32,2021-04-26 21:05:00+05:30,53550.0,215.6800000000003,2
4834,2021-04-26 21:40:00+05:30,53285.12,2021-04-26 22:30:00+05:30,53636.38,351.25999999999476,2
4835,2021-04-27 00:55:00+05:30,53776.18,2021-04-27 01:25:00+05:30,54036.19,260.01000000000204,2
4836,2021-04-27 01:45:00+05:30,53532.91,2021-04-27 03:10:00+05:30,53478.0,-54.91000000000349,1
4837,2021-04-27 08:50:00+05:30,53363.29,2021-04-27 10:25:00+05:30,53456.85,93.55999999999767,2
4838,2021-04-27 13:20:00+05:30,54410.79,2021-04-27 13:35:00+05:30,54766.46,355.66999999999825,2
4839,2021-04-27 19:05:00+05:30,54519.82,2021-04-27 19:55:00+05:30,55019.77,499.9499999999971,2
4840,2021-04-27 22:15:00+05:30,54672.27,2021-04-27 22:50:00+05:30,54825.92,153.65000000000146,2
4841,2021-04-28 08:15:00+05:30,55316.46,2021-04-28 10:40:00+05:30,54901.93,-414.52999999999884,1
4842,2021-04-28 11:00:00+05:30,54581.03,2021-04-28 12:40:00+05:30,54382.37,-198.65999999999622,1
4843,2021-04-28 14:20:00+05:30,54150.0,2021-04-28 15:10:00+05:30,54258.02,108.0199999999968,2
4844,2021-04-28 18:45:00+05:30,54625.0,2021-04-28 21:30:00+05:30,54505.01,-119.98999999999796,1
4845,2021-04-29 06:35:00+05:30,54500.01,2021-04-29 07:30:00+05:30,54704.64,204.62999999999738,2
4846,2021-04-29 07:50:00+05:30,54344.08,2021-04-29 08:25:00+05:30,54575.94,231.86000000000058,2
4847,2021-04-29 09:05:00+05:30,54164.71,2021-04-29 11:20:00+05:30,53939.31,-225.40000000000146,1
4848,2021-04-29 13:30:00+05:30,54227.75,2021-04-29 14:40:00+05:30,54176.09,-51.66000000000349,1
4849,2021-04-29 16:30:00+05:30,54288.81,2021-04-29 17:15:00+05:30,54418.26,129.45000000000437,2
4850,2021-04-29 18:35:00+05:30,54152.68,2021-04-29 20:50:00+05:30,53779.03,-373.65000000000146,1
4851,2021-04-29 21:55:00+05:30,53494.38,2021-04-30 00:15:00+05:30,52850.85,-643.5299999999988,1
4852,2021-04-30 01:30:00+05:30,52567.54,2021-04-30 01:50:00+05:30,53052.33,484.7900000000009,2
4853,2021-04-30 05:45:00+05:30,53126.12,2021-04-30 05:55:00+05:30,53622.44,496.3199999999997,2
4854,2021-04-30 13:35:00+05:30,54233.43,2021-04-30 13:55:00+05:30,54344.77,111.33999999999651,2
4855,2021-04-30 16:25:00+05:30,54164.67,2021-04-30 16:50:00+05:30,54364.18,199.51000000000204,2
4856,2021-04-30 22:45:00+05:30,56548.72,2021-04-30 23:50:00+05:30,56642.08,93.36000000000058,2
4857,2021-05-01 01:35:00+05:30,56575.04,2021-05-01 01:45:00+05:30,56945.02,369.9799999999959,2
4858,2021-05-01 10:00:00+05:30,57875.99,2021-05-01 10:45:00+05:30,58093.38,217.38999999999942,2
4859,2021-05-01 12:35:00+05:30,57766.37,2021-05-01 13:35:00+05:30,57900.01,133.63999999999942,2
4860,2021-05-01 14:05:00+05:30,57559.45,2021-05-01 15:00:00+05:30,57831.16,271.7100000000064,2
4861,2021-05-01 19:05:00+05:30,57600.99,2021-05-01 21:15:00+05:30,57411.62,-189.36999999999534,1
4862,2021-05-02 02:45:00+05:30,57540.4,2021-05-02 04:00:00+05:30,57569.99,29.589999999996508,2
4863,2021-05-02 08:55:00+05:30,57318.23,2021-05-02 10:20:00+05:30,56835.63,-482.6000000000058,1
4864,2021-05-02 12:10:00+05:30,56692.62,2021-05-02 12:35:00+05:30,56945.82,253.1999999999971,2
4865,2021-05-02 12:45:00+05:30,56681.43,2021-05-02 13:30:00+05:30,56738.44,57.01000000000204,2
4866,2021-05-02 19:15:00+05:30,56500.0,2021-05-02 19:30:00+05:30,56917.75,417.75,2
4867,2021-05-02 21:00:00+05:30,56569.11,2021-05-02 21:45:00+05:30,56712.14,143.02999999999884,2
4868,2021-05-03 00:45:00+05:30,56637.83,2021-05-03 01:15:00+05:30,56855.19,217.36000000000058,2
4869,2021-05-03 09:20:00+05:30,57895.13,2021-05-03 10:35:00+05:30,57990.51,95.38000000000466,2
4870,2021-05-03 14:35:00+05:30,58397.32,2021-05-03 15:55:00+05:30,58532.36,135.04000000000087,2
4871,2021-05-03 16:10:00+05:30,58347.06,2021-05-03 16:30:00+05:30,58586.0,238.94000000000233,2
4872,2021-05-03 19:05:00+05:30,58121.84,2021-05-03 20:10:00+05:30,58144.8,22.960000000006403,2
4873,2021-05-03 21:10:00+05:30,57567.01,2021-05-03 22:05:00+05:30,57834.08,267.0699999999997,2
4874,2021-05-04 00:40:00+05:30,57488.63,2021-05-04 03:20:00+05:30,57053.73,-434.8999999999942,1
4875,2021-05-04 05:35:00+05:30,56638.07,2021-05-04 06:25:00+05:30,55291.71,-1346.3600000000006,0
4876,2021-05-04 06:30:00+05:30,55435.77,2021-05-04 07:30:00+05:30,55855.73,419.9600000000064,2
4877,2021-05-04 09:15:00+05:30,55461.04,2021-05-04 09:40:00+05:30,55687.4,226.36000000000058,2
4878,2021-05-04 13:40:00+05:30,55615.71,2021-05-04 14:30:00+05:30,55902.21,286.5,2
4879,2021-05-04 16:45:00+05:30,56021.46,2021-05-04 18:10:00+05:30,56166.19,144.7300000000032,2
4880,2021-05-04 19:15:00+05:30,55490.78,2021-05-04 20:35:00+05:30,54339.98,-1150.7999999999956,0
4881,2021-05-04 20:40:00+05:30,54134.68,2021-05-04 22:30:00+05:30,54135.78,1.0999999999985448,2
4882,2021-05-05 01:50:00+05:30,54150.83,2021-05-05 02:15:00+05:30,54533.78,382.9499999999971,2
4883,2021-05-05 03:40:00+05:30,54037.78,2021-05-05 04:40:00+05:30,54168.57,130.79000000000087,2
4884,2021-05-05 05:15:00+05:30,53334.76,2021-05-05 05:45:00+05:30,53837.6,502.8399999999965,2
4885,2021-05-05 09:20:00+05:30,54796.82,2021-05-05 10:00:00+05:30,55278.22,481.40000000000146,2
4886,2021-05-05 10:30:00+05:30,54318.68,2021-05-05 11:05:00+05:30,54806.59,487.9099999999962,2
4887,2021-05-05 11:45:00+05:30,54220.01,2021-05-05 12:40:00+05:30,54479.32,259.3099999999977,2
4888,2021-05-05 15:50:00+05:30,55080.75,2021-05-05 16:00:00+05:30,55395.42,314.66999999999825,2
4889,2021-05-06 00:10:00+05:30,57081.99,2021-05-06 00:40:00+05:30,57392.35,310.3600000000006,2
4890,2021-05-06 01:35:00+05:30,56960.07,2021-05-06 01:40:00+05:30,57238.47,278.40000000000146,2
4891,2021-05-06 01:45:00+05:30,56701.59,2021-05-06 03:15:00+05:30,56878.48,176.8900000000067,2
4892,2021-05-06 06:10:00+05:30,56592.9,2021-05-06 07:00:00+05:30,57081.94,489.0400000000009,2
4893,2021-05-06 17:45:00+05:30,57662.48,2021-05-06 20:15:00+05:30,57329.71,-332.7700000000041,1
4894,2021-05-06 21:20:00+05:30,56800.37,2021-05-06 21:30:00+05:30,57185.22,384.84999999999854,2
4895,2021-05-07 00:00:00+05:30,55834.3,2021-05-07 01:15:00+05:30,56123.35,289.04999999999563,2
4896,2021-05-07 06:40:00+05:30,56037.84,2021-05-07 07:40:00+05:30,56294.59,256.75,2
4897,2021-05-07 07:55:00+05:30,55876.58,2021-05-07 09:15:00+05:30,55897.49,20.909999999996217,2
4898,2021-05-07 09:30:00+05:30,55530.34,2021-05-07 10:10:00+05:30,55693.25,162.9100000000035,2
4899,2021-05-07 13:15:00+05:30,55809.89,2021-05-07 14:15:00+05:30,55905.14,95.25,2
4900,2021-05-07 19:35:00+05:30,56783.42,2021-05-07 20:05:00+05:30,57183.14,399.72000000000116,2
4901,2021-05-08 00:45:00+05:30,57650.26,2021-05-08 01:30:00+05:30,57787.23,136.97000000000116,2
4902,2021-05-08 02:45:00+05:30,57168.53,2021-05-08 03:35:00+05:30,57490.86,322.33000000000175,2
4903,2021-05-08 03:50:00+05:30,57112.04,2021-05-08 04:35:00+05:30,57236.61,124.56999999999971,2
4904,2021-05-08 11:45:00+05:30,57639.45,2021-05-08 12:25:00+05:30,57804.1,164.65000000000146,2
4905,2021-05-08 16:10:00+05:30,58413.36,2021-05-08 17:10:00+05:30,58614.69,201.33000000000175,2
4906,2021-05-08 17:40:00+05:30,58337.11,2021-05-08 18:00:00+05:30,58722.62,385.51000000000204,2
4907,2021-05-08 21:05:00+05:30,58340.63,2021-05-08 22:15:00+05:30,58289.01,-51.61999999999534,1
4908,2021-05-09 01:35:00+05:30,58868.0,2021-05-09 01:50:00+05:30,59365.39,497.3899999999994,2
4909,2021-05-09 04:00:00+05:30,58655.78,2021-05-09 05:20:00+05:30,58709.08,53.30000000000291,2
4910,2021-05-09 06:55:00+05:30,58394.11,2021-05-09 07:10:00+05:30,59072.0,677.8899999999994,2
4911,2021-05-09 09:40:00+05:30,58127.79,2021-05-09 10:45:00+05:30,58396.1,268.3099999999977,2
4912,2021-05-09 12:30:00+05:30,58248.44,2021-05-09 13:55:00+05:30,58104.39,-144.0500000000029,1
4913,2021-05-09 15:05:00+05:30,57702.86,2021-05-09 16:15:00+05:30,57963.77,260.9099999999962,2
4914,2021-05-09 17:30:00+05:30,57705.49,2021-05-09 18:25:00+05:30,56433.53,-1271.9599999999991,0
4915,2021-05-10 00:00:00+05:30,57283.49,2021-05-10 00:20:00+05:30,57498.07,214.58000000000175,2
4916,2021-05-10 00:50:00+05:30,57211.74,2021-05-10 01:30:00+05:30,57540.98,329.24000000000524,2
4917,2021-05-10 10:50:00+05:30,58879.0,2021-05-10 11:35:00+05:30,59138.99,259.98999999999796,2
4918,2021-05-10 13:20:00+05:30,58529.39,2021-05-10 14:35:00+05:30,58524.87,-4.519999999996799,1
4919,2021-05-10 15:05:00+05:30,57938.9,2021-05-10 15:55:00+05:30,58167.82,228.91999999999825,2
4920,2021-05-10 16:20:00+05:30,57674.08,2021-05-10 17:00:00+05:30,57843.49,169.40999999999622,2
4921,2021-05-10 19:50:00+05:30,57349.99,2021-05-10 20:55:00+05:30,57366.89,16.900000000001455,2
4922,2021-05-11 01:05:00+05:30,56342.47,2021-05-11 01:30:00+05:30,54117.8,-2224.6699999999983,0
4923,2021-05-11 01:35:00+05:30,54632.1,2021-05-11 02:30:00+05:30,55588.84,956.739999999998,2
4924,2021-05-11 06:40:00+05:30,55199.43,2021-05-11 07:45:00+05:30,55776.0,576.5699999999997,2
4925,2021-05-11 08:20:00+05:30,54769.0,2021-05-11 09:10:00+05:30,55142.12,373.1200000000026,2
4926,2021-05-11 11:00:00+05:30,54875.0,2021-05-11 11:45:00+05:30,55146.45,271.4499999999971,2
4927,2021-05-11 13:50:00+05:30,55405.84,2021-05-11 14:40:00+05:30,55520.0,114.16000000000349,2
4928,2021-05-11 17:10:00+05:30,55551.17,2021-05-11 18:25:00+05:30,55374.08,-177.0899999999965,1
4929,2021-05-12 03:15:00+05:30,56338.44,2021-05-12 05:05:00+05:30,56478.52,140.07999999999447,2
4930,2021-05-12 11:35:00+05:30,57140.85,2021-05-12 12:45:00+05:30,57192.19,51.34000000000378,2
4931,2021-05-12 13:35:00+05:30,56898.67,2021-05-12 15:00:00+05:30,56885.8,-12.869999999995343,1
4932,2021-05-12 15:30:00+05:30,56474.98,2021-05-12 17:05:00+05:30,56300.0,-174.9800000000032,1
4933,2021-05-12 18:45:00+05:30,56031.35,2021-05-12 19:10:00+05:30,56357.5,326.15000000000146,2
4934,2021-05-12 20:35:00+05:30,55738.14,2021-05-12 22:10:00+05:30,54601.01,-1137.1299999999974,0
4935,2021-05-12 23:40:00+05:30,54550.03,2021-05-13 01:10:00+05:30,54450.0,-100.02999999999884,1
4936,2021-05-13 03:35:00+05:30,53021.94,2021-05-13 04:05:00+05:30,51689.93,-1332.010000000002,0
4937,2021-05-13 05:05:00+05:30,50891.88,2021-05-13 05:25:00+05:30,49631.32,-1260.5599999999977,0
4938,2021-05-13 05:30:00+05:30,47148.56,2021-05-13 06:35:00+05:30,50481.98,3333.4200000000055,2
4939,2021-05-13 13:40:00+05:30,50357.0,2021-05-13 15:15:00+05:30,49243.32,-1113.6800000000003,0
4940,2021-05-13 15:20:00+05:30,49019.82,2021-05-13 15:35:00+05:30,49945.22,925.4000000000015,2
4941,2021-05-13 16:30:00+05:30,48647.44,2021-05-13 16:45:00+05:30,49364.52,717.0799999999945,2
4942,2021-05-13 20:30:00+05:30,49937.44,2021-05-13 21:35:00+05:30,50053.14,115.69999999999709,2
4943,2021-05-13 22:10:00+05:30,49546.34,2021-05-13 22:30:00+05:30,48416.67,-1129.6699999999983,0
4944,2021-05-13 22:35:00+05:30,48052.8,2021-05-13 23:00:00+05:30,47057.76,-995.0400000000009,0
4945,2021-05-14 04:25:00+05:30,48857.72,2021-05-14 05:05:00+05:30,49376.61,518.8899999999994,2
4946,2021-05-14 07:40:00+05:30,49624.0,2021-05-14 09:35:00+05:30,49430.53,-193.47000000000116,1
4947,2021-05-14 10:05:00+05:30,48990.46,2021-05-14 10:35:00+05:30,49250.92,260.4599999999991,2
4948,2021-05-14 22:05:00+05:30,50789.89,2021-05-15 01:55:00+05:30,49736.55,-1053.3399999999965,0
4949,2021-05-15 02:00:00+05:30,49435.66,2021-05-15 02:50:00+05:30,49749.67,314.00999999999476,2
4950,2021-05-15 05:50:00+05:30,49449.0,2021-05-15 06:40:00+05:30,50042.67,593.6699999999983,2
4951,2021-05-15 08:20:00+05:30,50124.98,2021-05-15 11:15:00+05:30,49632.13,-492.8500000000058,1
4952,2021-05-15 11:45:00+05:30,49115.76,2021-05-15 11:55:00+05:30,49458.73,342.97000000000116,2
4953,2021-05-15 12:15:00+05:30,48878.28,2021-05-15 14:00:00+05:30,48717.52,-160.76000000000204,1
4954,2021-05-15 15:35:00+05:30,48132.79,2021-05-15 16:20:00+05:30,48419.95,287.1599999999962,2
4955,2021-05-15 21:30:00+05:30,48567.03,2021-05-15 22:40:00+05:30,47516.39,-1050.6399999999994,0
4956,2021-05-16 00:40:00+05:30,47533.93,2021-05-16 01:15:00+05:30,47692.22,158.29000000000087,2
4957,2021-05-16 04:05:00+05:30,47938.76,2021-05-16 05:10:00+05:30,46772.81,-1165.9500000000044,0
4958,2021-05-16 08:55:00+05:30,47772.99,2021-05-16 09:25:00+05:30,48383.46,610.4700000000012,2
4959,2021-05-16 17:20:00+05:30,48969.05,2021-05-16 19:10:00+05:30,48825.03,-144.02000000000407,1
4960,2021-05-16 19:55:00+05:30,48384.2,2021-05-16 22:05:00+05:30,47136.93,-1247.2699999999968,0
4961,2021-05-16 22:10:00+05:30,47128.37,2021-05-16 23:35:00+05:30,47100.01,-28.360000000000582,1
4962,2021-05-16 23:50:00+05:30,46352.79,2021-05-17 00:25:00+05:30,45380.56,-972.2300000000032,0
4963,2021-05-17 00:30:00+05:30,45548.99,2021-05-17 01:30:00+05:30,45795.16,246.17000000000553,2
4964,2021-05-17 01:55:00+05:30,44753.58,2021-05-17 03:05:00+05:30,45078.5,324.91999999999825,2
4965,2021-05-17 06:25:00+05:30,45551.72,2021-05-17 07:45:00+05:30,45229.99,-321.7300000000032,1
4966,2021-05-17 08:00:00+05:30,44433.33,2021-05-17 08:55:00+05:30,43250.0,-1183.3300000000017,0
4967,2021-05-17 09:25:00+05:30,42915.46,2021-05-17 09:50:00+05:30,43700.0,784.5400000000009,2
4968,2021-05-17 11:10:00+05:30,42646.57,2021-05-17 11:25:00+05:30,44150.24,1503.6699999999983,2
4969,2021-05-17 16:20:00+05:30,44590.48,2021-05-17 16:45:00+05:30,45207.95,617.4699999999939,2
4970,2021-05-17 19:40:00+05:30,44226.66,2021-05-17 21:35:00+05:30,43279.32,-947.3400000000038,0
4971,2021-05-17 21:40:00+05:30,42882.93,2021-05-17 23:15:00+05:30,42962.58,79.65000000000146,2
4972,2021-05-18 03:15:00+05:30,43561.61,2021-05-18 05:00:00+05:30,43703.46,141.84999999999854,2
4973,2021-05-18 12:20:00+05:30,44866.3,2021-05-18 13:25:00+05:30,45172.7,306.3999999999942,2
4974,2021-05-18 17:30:00+05:30,44986.88,2021-05-18 18:15:00+05:30,44000.0,-986.8799999999974,0
4975,2021-05-18 18:20:00+05:30,43783.65,2021-05-18 20:00:00+05:30,42811.28,-972.3700000000026,0
4976,2021-05-18 20:05:00+05:30,42668.33,2021-05-18 20:35:00+05:30,43574.16,905.8300000000017,2
4977,2021-05-18 23:30:00+05:30,42872.21,2021-05-19 00:45:00+05:30,42954.96,82.75,2
4978,2021-05-19 03:10:00+05:30,42842.01,2021-05-19 03:55:00+05:30,43110.79,268.77999999999884,2
4979,2021-05-19 04:30:00+05:30,42509.56,2021-05-19 05:15:00+05:30,43094.41,584.8500000000058,2
4980,2021-05-19 06:40:00+05:30,42168.16,2021-05-19 07:10:00+05:30,41180.01,-988.1500000000015,0
4981,2021-05-19 07:15:00+05:30,40678.92,2021-05-19 08:50:00+05:30,40869.34,190.41999999999825,2
4982,2021-05-19 09:45:00+05:30,40100.0,2021-05-19 10:15:00+05:30,39156.91,-943.0899999999965,0
4983,2021-05-19 10:20:00+05:30,38640.12,2021-05-19 11:30:00+05:30,39631.48,991.3600000000006,2
4984,2021-05-19 15:40:00+05:30,39691.02,2021-05-19 16:50:00+05:30,38716.18,-974.8399999999965,0
4985,2021-05-19 16:55:00+05:30,38128.79,2021-05-19 17:30:00+05:30,39036.75,907.9599999999991,2
4986,2021-05-19 18:10:00+05:30,36433.0,2021-05-19 18:15:00+05:30,35512.32,-920.6800000000003,0
4987,2021-05-19 18:20:00+05:30,32904.67,2021-05-19 18:35:00+05:30,30101.0,-2803.6699999999983,0
4988,2021-05-19 23:35:00+05:30,38280.81,2021-05-20 00:40:00+05:30,38681.58,400.7700000000041,2
4989,2021-05-20 04:40:00+05:30,38001.82,2021-05-20 05:20:00+05:30,36809.87,-1191.949999999997,0
4990,2021-05-20 05:25:00+05:30,36690.09,2021-05-20 06:10:00+05:30,35521.67,-1168.4199999999983,0
4991,2021-05-20 06:15:00+05:30,35520.49,2021-05-20 06:50:00+05:30,36763.16,1242.6700000000055,2
4992,2021-05-20 14:50:00+05:30,39024.48,2021-05-20 15:10:00+05:30,39586.2,561.7199999999939,2
4993,2021-05-20 19:45:00+05:30,41225.68,2021-05-20 20:10:00+05:30,41828.55,602.8700000000026,2
4994,2021-05-20 21:30:00+05:30,40250.63,2021-05-20 21:40:00+05:30,39433.19,-817.439999999995,0
4995,2021-05-20 21:45:00+05:30,39389.11,2021-05-20 22:10:00+05:30,38570.94,-818.1699999999983,0
4996,2021-05-21 04:00:00+05:30,39762.0,2021-05-21 04:20:00+05:30,41330.35,1568.3499999999985,2
4997,2021-05-21 07:50:00+05:30,41115.18,2021-05-21 09:50:00+05:30,40285.99,-829.1900000000023,0
4998,2021-05-21 09:55:00+05:30,40057.61,2021-05-21 11:05:00+05:30,40199.0,141.38999999999942,2
4999,2021-05-21 11:30:00+05:30,39472.54,2021-05-21 12:00:00+05:30,39844.48,371.9400000000023,2
5000,2021-05-21 16:30:00+05:30,40299.99,2021-05-21 17:15:00+05:30,40749.29,449.3000000000029,2
5001,2021-05-21 19:45:00+05:30,38961.61,2021-05-21 20:00:00+05:30,38094.22,-867.3899999999994,0
5002,2021-05-21 20:05:00+05:30,36683.49,2021-05-21 22:00:00+05:30,37714.32,1030.8300000000017,2
5003,2021-05-21 23:50:00+05:30,36454.27,2021-05-22 00:05:00+05:30,36988.37,534.1000000000058,2
5004,2021-05-22 00:55:00+05:30,36038.38,2021-05-22 02:20:00+05:30,35254.99,-783.3899999999994,0
5005,2021-05-22 02:25:00+05:30,35195.24,2021-05-22 02:40:00+05:30,34112.99,-1082.25,0
5006,2021-05-22 02:45:00+05:30,33500.01,2021-05-22 02:55:00+05:30,35766.56,2266.5499999999956,2
5007,2021-05-22 08:45:00+05:30,36935.04,2021-05-22 09:40:00+05:30,37134.14,199.09999999999854,2
5008,2021-05-22 10:15:00+05:30,36007.12,2021-05-22 11:15:00+05:30,36502.06,494.93999999999505,2
5009,2021-05-22 20:00:00+05:30,37840.11,2021-05-22 21:05:00+05:30,38548.07,707.9599999999991,2
5010,2021-05-23 00:10:00+05:30,37386.36,2021-05-23 00:35:00+05:30,37834.25,447.8899999999994,2
5011,2021-05-23 01:20:00+05:30,37418.39,2021-05-23 01:45:00+05:30,37877.46,459.0699999999997,2
5012,2021-05-23 03:45:00+05:30,37472.52,2021-05-23 04:35:00+05:30,37815.61,343.0900000000038,2
5013,2021-05-23 05:30:00+05:30,36824.59,2021-05-23 05:55:00+05:30,37550.7,726.1100000000006,2
5014,2021-05-23 07:40:00+05:30,37847.72,2021-05-23 09:10:00+05:30,37584.21,-263.51000000000204,1
5015,2021-05-23 09:30:00+05:30,37189.95,2021-05-23 10:10:00+05:30,37366.83,176.88000000000466,2
5016,2021-05-23 10:30:00+05:30,36865.71,2021-05-23 11:20:00+05:30,37075.0,209.29000000000087,2
5017,2021-05-23 12:05:00+05:30,36439.35,2021-05-23 12:35:00+05:30,36789.67,350.3199999999997,2
5018,2021-05-23 12:50:00+05:30,36193.05,2021-05-23 13:40:00+05:30,35076.86,-1116.1900000000023,0
5019,2021-05-23 14:15:00+05:30,34493.57,2021-05-23 14:55:00+05:30,35009.52,515.9499999999971,2
5020,2021-05-23 18:05:00+05:30,34423.66,2021-05-23 18:10:00+05:30,33450.98,-972.6800000000003,0
5021,2021-05-23 18:20:00+05:30,33333.0,2021-05-23 19:35:00+05:30,33686.1,353.09999999999854,2
5022,2021-05-23 21:35:00+05:30,32376.39,2021-05-23 22:00:00+05:30,31548.04,-828.3499999999985,0
5023,2021-05-24 10:10:00+05:30,34424.97,2021-05-24 10:30:00+05:30,35286.92,861.9499999999971,2
5024,2021-05-24 16:00:00+05:30,35935.41,2021-05-24 16:20:00+05:30,36464.36,528.9499999999971,2
5025,2021-05-24 21:45:00+05:30,36863.9,2021-05-24 22:10:00+05:30,37532.33,668.4300000000003,2
5026,2021-05-25 03:10:00+05:30,38367.81,2021-05-25 04:35:00+05:30,38552.75,184.94000000000233,2
5027,2021-05-25 07:10:00+05:30,38668.64,2021-05-25 08:30:00+05:30,37887.07,-781.5699999999997,0
5028,2021-05-25 09:50:00+05:30,37783.21,2021-05-25 10:05:00+05:30,38248.4,465.1900000000023,2
5029,2021-05-25 13:45:00+05:30,38443.25,2021-05-25 15:30:00+05:30,37624.15,-819.0999999999985,0
5030,2021-05-25 15:35:00+05:30,37398.92,2021-05-25 17:10:00+05:30,37226.67,-172.25,1
5031,2021-05-25 17:25:00+05:30,36537.16,2021-05-25 17:40:00+05:30,36999.75,462.5899999999965,2
5032,2021-05-25 20:30:00+05:30,37297.68,2021-05-25 20:45:00+05:30,37824.17,526.489999999998,2
5033,2021-05-25 22:50:00+05:30,37601.43,2021-05-25 23:10:00+05:30,37856.63,255.1999999999971,2
5034,2021-05-26 01:15:00+05:30,37423.33,2021-05-26 01:45:00+05:30,37726.54,303.2099999999991,2
5035,2021-05-26 05:55:00+05:30,37901.16,2021-05-26 06:35:00+05:30,38227.52,326.3599999999933,2
5036,2021-05-26 13:35:00+05:30,39918.56,2021-05-26 14:05:00+05:30,40334.92,416.3600000000006,2
5037,2021-05-26 15:35:00+05:30,39874.78,2021-05-26 17:05:00+05:30,39739.35,-135.4300000000003,1
5038,2021-05-26 18:45:00+05:30,39403.11,2021-05-26 20:10:00+05:30,39211.75,-191.36000000000058,1
5039,2021-05-26 20:40:00+05:30,38732.1,2021-05-26 21:30:00+05:30,39141.74,409.6399999999994,2
5040,2021-05-26 22:30:00+05:30,38241.06,2021-05-26 23:25:00+05:30,38965.66,724.6000000000058,2
5041,2021-05-27 00:20:00+05:30,38369.34,2021-05-27 01:25:00+05:30,38485.1,115.76000000000204,2
5042,2021-05-27 06:00:00+05:30,38527.46,2021-05-27 07:20:00+05:30,37682.79,-844.6699999999983,0
5043,2021-05-27 07:25:00+05:30,37625.31,2021-05-27 09:25:00+05:30,37621.56,-3.75,1
5044,2021-05-27 13:30:00+05:30,37913.02,2021-05-27 13:40:00+05:30,38479.77,566.75,2
5045,2021-05-27 20:45:00+05:30,39751.23,2021-05-27 22:05:00+05:30,38841.01,-910.2200000000012,0
5046,2021-05-27 22:20:00+05:30,38740.57,2021-05-27 23:05:00+05:30,39053.91,313.3400000000038,2
5047,2021-05-28 00:30:00+05:30,38885.24,2021-05-28 00:40:00+05:30,39068.73,183.49000000000524,2
5048,2021-05-28 00:55:00+05:30,38537.55,2021-05-28 02:45:00+05:30,38600.0,62.44999999999709,2
5049,2021-05-28 04:20:00+05:30,38440.87,2021-05-28 05:45:00+05:30,38800.06,359.18999999999505,2
5050,2021-05-28 06:25:00+05:30,37998.94,2021-05-28 07:30:00+05:30,38247.99,249.04999999999563,2
5051,2021-05-28 08:45:00+05:30,38005.83,2021-05-28 09:25:00+05:30,38237.18,231.34999999999854,2
5052,2021-05-28 09:45:00+05:30,37709.04,2021-05-28 11:15:00+05:30,36830.46,-878.5800000000017,0
5053,2021-05-28 11:20:00+05:30,36860.01,2021-05-28 12:15:00+05:30,37013.81,153.79999999999563,2
5054,2021-05-28 14:25:00+05:30,35968.03,2021-05-28 15:45:00+05:30,36117.12,149.09000000000378,2
5055,2021-05-28 16:50:00+05:30,35724.53,2021-05-28 17:40:00+05:30,36513.51,788.9800000000032,2
5056,2021-05-28 20:25:00+05:30,36588.51,2021-05-28 20:55:00+05:30,36773.09,184.57999999999447,2
5057,2021-05-28 21:35:00+05:30,36443.18,2021-05-28 23:15:00+05:30,36195.65,-247.52999999999884,1
5058,2021-05-28 23:30:00+05:30,35713.62,2021-05-29 00:00:00+05:30,36201.0,487.3799999999974,2
5059,2021-05-29 02:00:00+05:30,35494.46,2021-05-29 03:35:00+05:30,35334.39,-160.0699999999997,1
5060,2021-05-29 10:20:00+05:30,35941.95,2021-05-29 10:40:00+05:30,36282.47,340.5200000000041,2
5061,2021-05-29 12:20:00+05:30,36619.23,2021-05-29 13:55:00+05:30,35808.48,-810.75,0
5062,2021-05-29 14:30:00+05:30,35447.09,2021-05-29 16:05:00+05:30,35340.0,-107.08999999999651,1
5063,2021-05-29 16:45:00+05:30,34749.73,2021-05-29 16:55:00+05:30,35325.34,575.6099999999933,2
5064,2021-05-29 18:55:00+05:30,34271.6,2021-05-29 19:25:00+05:30,34891.89,620.2900000000009,2
5065,2021-05-29 20:40:00+05:30,34081.75,2021-05-29 21:30:00+05:30,34532.74,450.98999999999796,2
5066,2021-05-29 23:15:00+05:30,33950.12,2021-05-30 00:05:00+05:30,34103.64,153.5199999999968,2
5067,2021-05-30 05:45:00+05:30,33936.21,2021-05-30 07:15:00+05:30,33823.35,-112.86000000000058,1
5068,2021-05-30 18:15:00+05:30,35363.31,2021-05-30 19:25:00+05:30,35676.86,313.5500000000029,2
5069,2021-05-30 19:50:00+05:30,35244.43,2021-05-30 20:35:00+05:30,35575.44,331.01000000000204,2
5070,2021-05-31 01:30:00+05:30,35964.0,2021-05-31 01:40:00+05:30,36152.44,188.44000000000233,2
5071,2021-05-31 04:00:00+05:30,35756.79,2021-05-31 05:30:00+05:30,35855.1,98.30999999999767,2
5072,2021-05-31 05:50:00+05:30,35380.47,2021-05-31 07:40:00+05:30,34657.18,-723.2900000000009,0
5073,2021-05-31 08:30:00+05:30,34469.99,2021-05-31 08:55:00+05:30,34718.26,248.27000000000407,2
5074,2021-05-31 18:10:00+05:30,36645.36,2021-05-31 18:45:00+05:30,36941.8,296.4400000000023,2
5075,2021-05-31 19:35:00+05:30,36435.59,2021-05-31 20:20:00+05:30,36660.94,225.35000000000582,2
5076,2021-06-01 01:00:00+05:30,36554.12,2021-06-01 01:20:00+05:30,36754.59,200.4699999999939,2
5077,2021-06-01 07:00:00+05:30,37262.2,2021-06-01 08:45:00+05:30,37115.15,-147.04999999999563,1
5078,2021-06-01 09:00:00+05:30,36575.49,2021-06-01 09:55:00+05:30,36845.67,270.1800000000003,2
5079,2021-06-01 13:40:00+05:30,36266.44,2021-06-01 15:10:00+05:30,36226.2,-40.24000000000524,1
5080,2021-06-01 17:40:00+05:30,36216.93,2021-06-01 18:55:00+05:30,36543.57,326.6399999999994,2
5081,2021-06-01 20:35:00+05:30,36208.27,2021-06-01 21:55:00+05:30,36313.0,104.7300000000032,2
5082,2021-06-01 22:15:00+05:30,36015.81,2021-06-01 23:05:00+05:30,36178.7,162.88999999999942,2
5083,2021-06-02 01:10:00+05:30,35828.87,2021-06-02 01:45:00+05:30,36112.45,283.57999999999447,2
5084,2021-06-02 06:25:00+05:30,36179.39,2021-06-02 07:25:00+05:30,36292.17,112.77999999999884,2
5085,2021-06-02 15:40:00+05:30,37136.38,2021-06-02 16:50:00+05:30,37168.22,31.840000000003783,2
5086,2021-06-02 18:35:00+05:30,37112.29,2021-06-02 18:50:00+05:30,37333.22,220.9300000000003,2
5087,2021-06-02 22:15:00+05:30,37802.3,2021-06-02 23:20:00+05:30,37985.89,183.5899999999965,2
5088,2021-06-03 00:55:00+05:30,37844.98,2021-06-03 02:30:00+05:30,37804.59,-40.390000000006694,1
5089,2021-06-03 03:55:00+05:30,37560.14,2021-06-03 04:50:00+05:30,37663.95,103.80999999999767,2
5090,2021-06-03 12:50:00+05:30,38559.78,2021-06-03 13:35:00+05:30,38773.36,213.58000000000175,2
5091,2021-06-03 16:50:00+05:30,38890.19,2021-06-03 18:05:00+05:30,38922.53,32.33999999999651,2
5092,2021-06-03 19:10:00+05:30,38400.0,2021-06-03 20:20:00+05:30,38607.32,207.3199999999997,2
5093,2021-06-03 23:45:00+05:30,38741.48,2021-06-04 01:25:00+05:30,38596.64,-144.84000000000378,1
5094,2021-06-04 06:40:00+05:30,38232.65,2021-06-04 07:40:00+05:30,37450.01,-782.6399999999994,0
5095,2021-06-04 10:35:00+05:30,37389.95,2021-06-04 12:15:00+05:30,36586.93,-803.0199999999968,0
5096,2021-06-04 12:30:00+05:30,36452.48,2021-06-04 13:15:00+05:30,36814.24,361.75999999999476,2
5097,2021-06-04 17:10:00+05:30,36395.06,2021-06-04 18:05:00+05:30,36457.05,61.99000000000524,2
5098,2021-06-04 19:40:00+05:30,36289.73,2021-06-04 20:15:00+05:30,36646.3,356.5699999999997,2
5099,2021-06-05 01:10:00+05:30,36905.04,2021-06-05 01:55:00+05:30,37065.35,160.30999999999767,2
5100,2021-06-05 04:35:00+05:30,36854.55,2021-06-05 05:10:00+05:30,37045.16,190.61000000000058,2
5101,2021-06-05 08:00:00+05:30,37420.46,2021-06-05 08:25:00+05:30,37639.91,219.45000000000437,2
5102,2021-06-05 13:30:00+05:30,37495.04,2021-06-05 14:10:00+05:30,37827.66,332.6200000000026,2
5103,2021-06-05 15:10:00+05:30,37351.47,2021-06-05 15:20:00+05:30,36202.24,-1149.2300000000032,0
5104,2021-06-05 15:25:00+05:30,36325.8,2021-06-05 17:30:00+05:30,35579.83,-745.9700000000012,0
5105,2021-06-05 17:35:00+05:30,35591.33,2021-06-05 18:05:00+05:30,36087.67,496.3399999999965,2
5106,2021-06-05 19:25:00+05:30,35726.95,2021-06-05 19:50:00+05:30,35903.8,176.85000000000582,2
5107,2021-06-05 22:40:00+05:30,35931.48,2021-06-05 22:50:00+05:30,36141.57,210.0899999999965,2
5108,2021-06-05 23:30:00+05:30,35900.01,2021-06-05 23:35:00+05:30,36153.71,253.6999999999971,2
5109,2021-06-06 01:15:00+05:30,35957.49,2021-06-06 02:20:00+05:30,35981.25,23.760000000002037,2
5110,2021-06-06 02:50:00+05:30,35477.76,2021-06-06 04:00:00+05:30,35277.82,-199.94000000000233,1
5111,2021-06-06 08:45:00+05:30,35825.09,2021-06-06 09:30:00+05:30,36082.61,257.5200000000041,2
5112,2021-06-06 11:50:00+05:30,35860.52,2021-06-06 13:00:00+05:30,35967.77,107.25,2
5113,2021-06-06 15:45:00+05:30,35993.36,2021-06-06 17:10:00+05:30,35987.14,-6.220000000001164,1
5114,2021-06-06 18:45:00+05:30,35742.48,2021-06-06 20:10:00+05:30,35782.41,39.93000000000029,2
5115,2021-06-06 22:50:00+05:30,36032.12,2021-06-07 01:50:00+05:30,35849.75,-182.37000000000262,1
5116,2021-06-07 03:40:00+05:30,35800.0,2021-06-07 04:40:00+05:30,35674.52,-125.4800000000032,1
5117,2021-06-07 08:55:00+05:30,36548.64,2021-06-07 11:15:00+05:30,36346.32,-202.3199999999997,1
5118,2021-06-07 11:55:00+05:30,36142.99,2021-06-07 13:00:00+05:30,36134.39,-8.599999999998545,1
5119,2021-06-07 17:15:00+05:30,36350.01,2021-06-07 18:00:00+05:30,36705.65,355.6399999999994,2
5120,2021-06-07 19:30:00+05:30,36077.34,2021-06-07 20:50:00+05:30,36126.02,48.68000000000029,2
5121,2021-06-07 21:20:00+05:30,35953.15,2021-06-07 21:35:00+05:30,36071.57,118.41999999999825,2
5122,2021-06-07 21:45:00+05:30,35912.69,2021-06-07 22:55:00+05:30,35860.0,-52.69000000000233,1
5123,2021-06-07 23:40:00+05:30,35569.0,2021-06-08 01:00:00+05:30,35591.35,22.349999999998545,2
5124,2021-06-08 02:15:00+05:30,34660.1,2021-06-08 03:10:00+05:30,33961.54,-698.5599999999977,0
5125,2021-06-08 04:50:00+05:30,33811.75,2021-06-08 05:40:00+05:30,33932.61,120.86000000000058,2
5126,2021-06-08 08:00:00+05:30,33482.19,2021-06-08 08:15:00+05:30,32559.97,-922.2200000000012,0
5127,2021-06-08 08:20:00+05:30,32560.49,2021-06-08 09:30:00+05:30,32945.04,384.5499999999993,2
5128,2021-06-08 11:00:00+05:30,32565.23,2021-06-08 11:15:00+05:30,32822.88,257.6499999999978,2
5129,2021-06-08 12:30:00+05:30,32480.0,2021-06-08 12:40:00+05:30,32900.0,420.0,2
5130,2021-06-08 14:30:00+05:30,32834.35,2021-06-08 15:35:00+05:30,33161.22,326.8700000000026,2
5131,2021-06-08 18:55:00+05:30,32649.17,2021-06-08 19:35:00+05:30,31870.97,-778.1999999999971,0
5132,2021-06-08 19:40:00+05:30,31872.66,2021-06-08 20:50:00+05:30,31090.06,-782.5999999999985,0
5133,2021-06-09 05:00:00+05:30,33334.58,2021-06-09 07:20:00+05:30,32634.47,-700.1100000000006,0
5134,2021-06-09 07:25:00+05:30,32510.73,2021-06-09 08:15:00+05:30,33037.7,526.9699999999975,2
5135,2021-06-09 09:45:00+05:30,32615.89,2021-06-09 10:20:00+05:30,32845.97,230.08000000000175,2
5136,2021-06-09 20:20:00+05:30,34681.15,2021-06-09 20:30:00+05:30,35897.63,1216.479999999996,2
5137,2021-06-10 00:00:00+05:30,36116.99,2021-06-10 01:10:00+05:30,36198.24,81.25,2
5138,2021-06-10 07:20:00+05:30,36875.23,2021-06-10 08:15:00+05:30,37045.02,169.7899999999936,2
5139,2021-06-10 10:05:00+05:30,36704.22,2021-06-10 11:25:00+05:30,36827.57,123.34999999999854,2
5140,2021-06-10 14:05:00+05:30,36500.0,2021-06-10 15:00:00+05:30,36978.56,478.5599999999977,2
5141,2021-06-10 17:45:00+05:30,37566.89,2021-06-10 18:15:00+05:30,37895.15,328.26000000000204,2
5142,2021-06-10 19:35:00+05:30,37110.0,2021-06-10 22:10:00+05:30,36927.89,-182.11000000000058,1
5143,2021-06-10 22:40:00+05:30,36567.88,2021-06-10 23:35:00+05:30,36646.7,78.81999999999971,2
5144,2021-06-11 01:30:00+05:30,36352.18,2021-06-11 02:20:00+05:30,36349.74,-2.4400000000023283,1
5145,2021-06-11 05:30:00+05:30,36453.64,2021-06-11 05:35:00+05:30,36884.17,430.52999999999884,2
5146,2021-06-11 06:05:00+05:30,36467.24,2021-06-11 08:00:00+05:30,36234.64,-232.59999999999854,1
5147,2021-06-11 17:35:00+05:30,37103.08,2021-06-11 18:15:00+05:30,37335.82,232.73999999999796,2
5148,2021-06-11 20:30:00+05:30,36958.04,2021-06-11 22:40:00+05:30,36791.91,-166.12999999999738,1
5149,2021-06-12 02:25:00+05:30,37137.73,2021-06-12 02:35:00+05:30,37315.41,177.6800000000003,2
5150,2021-06-12 02:45:00+05:30,37144.33,2021-06-12 03:50:00+05:30,37302.26,157.9300000000003,2
5151,2021-06-12 06:45:00+05:30,36935.54,2021-06-12 07:40:00+05:30,36093.86,-841.6800000000003,0
5152,2021-06-12 09:15:00+05:30,35360.02,2021-06-12 10:45:00+05:30,35369.17,9.150000000001455,2
5153,2021-06-12 11:15:00+05:30,35049.71,2021-06-12 11:40:00+05:30,35316.79,267.08000000000175,2
5154,2021-06-12 15:40:00+05:30,34793.49,2021-06-12 16:00:00+05:30,35395.11,601.6200000000026,2
5155,2021-06-12 19:45:00+05:30,35559.72,2021-06-12 20:30:00+05:30,35776.64,216.91999999999825,2
5156,2021-06-13 03:50:00+05:30,35649.08,2021-06-13 04:40:00+05:30,35835.51,186.4300000000003,2
5157,2021-06-13 05:15:00+05:30,35528.28,2021-06-13 06:15:00+05:30,35653.26,124.9800000000032,2
5158,2021-06-13 07:50:00+05:30,35570.79,2021-06-13 10:15:00+05:30,35032.0,-538.7900000000009,1
5159,2021-06-13 19:50:00+05:30,35710.0,2021-06-13 20:30:00+05:30,35887.21,177.20999999999913,2
5160,2021-06-14 13:40:00+05:30,39148.1,2021-06-14 14:45:00+05:30,39270.76,122.66000000000349,2
5161,2021-06-14 21:50:00+05:30,40338.96,2021-06-14 23:05:00+05:30,40289.23,-49.729999999995925,1
5162,2021-06-15 00:00:00+05:30,39896.43,2021-06-15 01:30:00+05:30,39776.2,-120.2300000000032,1
5163,2021-06-15 10:45:00+05:30,40252.55,2021-06-15 11:00:00+05:30,40430.0,177.4499999999971,2
5164,2021-06-15 12:30:00+05:30,40153.49,2021-06-15 13:25:00+05:30,40365.74,212.25,2
5165,2021-06-15 14:05:00+05:30,40056.44,2021-06-15 14:55:00+05:30,40105.94,49.5,2
5166,2021-06-15 17:00:00+05:30,39870.13,2021-06-15 17:30:00+05:30,40075.01,204.88000000000466,2
5167,2021-06-15 20:00:00+05:30,39904.25,2021-06-15 21:15:00+05:30,39984.72,80.47000000000116,2
5168,2021-06-16 08:35:00+05:30,39862.76,2021-06-16 09:10:00+05:30,40010.26,147.5,2
5169,2021-06-16 13:25:00+05:30,40126.87,2021-06-16 15:10:00+05:30,40142.72,15.849999999998545,2
5170,2021-06-16 15:25:00+05:30,39952.7,2021-06-16 17:05:00+05:30,39133.01,-819.689999999995,0
5171,2021-06-16 20:20:00+05:30,38799.34,2021-06-16 21:30:00+05:30,39091.87,292.5300000000061,2
5172,2021-06-17 04:45:00+05:30,38320.0,2021-06-17 05:35:00+05:30,38488.33,168.33000000000175,2
5173,2021-06-17 10:30:00+05:30,38738.29,2021-06-17 11:40:00+05:30,38830.0,91.70999999999913,2
5174,2021-06-17 16:50:00+05:30,39150.0,2021-06-17 19:00:00+05:30,38858.17,-291.83000000000175,1
5175,2021-06-17 19:30:00+05:30,38503.25,2021-06-17 19:55:00+05:30,38816.41,313.1600000000035,2
5176,2021-06-17 21:45:00+05:30,38619.45,2021-06-17 22:55:00+05:30,37825.28,-794.1699999999983,0
5177,2021-06-18 01:30:00+05:30,37539.3,2021-06-18 01:40:00+05:30,37845.9,306.59999999999854,2
5178,2021-06-18 02:45:00+05:30,37530.0,2021-06-18 02:55:00+05:30,37701.14,171.13999999999942,2
5179,2021-06-18 06:25:00+05:30,37675.5,2021-06-18 08:05:00+05:30,37656.53,-18.970000000001164,1
5180,2021-06-18 11:15:00+05:30,37778.06,2021-06-18 12:40:00+05:30,37676.04,-102.0199999999968,1
5181,2021-06-18 15:05:00+05:30,37606.11,2021-06-18 16:00:00+05:30,37693.62,87.51000000000204,2
5182,2021-06-18 17:40:00+05:30,37551.94,2021-06-18 19:40:00+05:30,36695.7,-856.2400000000052,0
5183,2021-06-18 19:45:00+05:30,36724.19,2021-06-18 21:55:00+05:30,36575.48,-148.70999999999913,1
5184,2021-06-18 23:40:00+05:30,36124.43,2021-06-19 00:20:00+05:30,35250.63,-873.8000000000029,0
5185,2021-06-19 08:00:00+05:30,35667.63,2021-06-19 09:55:00+05:30,35256.37,-411.25999999999476,1
5186,2021-06-19 15:20:00+05:30,35590.39,2021-06-19 15:55:00+05:30,35732.67,142.27999999999884,2
5187,2021-06-19 18:30:00+05:30,35570.74,2021-06-19 19:30:00+05:30,35871.8,301.06000000000495,2
5188,2021-06-19 22:35:00+05:30,35730.11,2021-06-20 00:45:00+05:30,35613.77,-116.34000000000378,1
5189,2021-06-20 03:35:00+05:30,35721.01,2021-06-20 04:45:00+05:30,35787.15,66.13999999999942,2
5190,2021-06-20 05:35:00+05:30,35344.11,2021-06-20 06:30:00+05:30,35582.59,238.47999999999593,2
5191,2021-06-20 11:35:00+05:30,35619.44,2021-06-20 13:15:00+05:30,35581.39,-38.05000000000291,1
5192,2021-06-20 14:35:00+05:30,35148.8,2021-06-20 15:35:00+05:30,34444.17,-704.6300000000047,0
5193,2021-06-20 15:40:00+05:30,34392.41,2021-06-20 17:35:00+05:30,33599.99,-792.4200000000055,0
5194,2021-06-20 17:40:00+05:30,33596.91,2021-06-20 18:15:00+05:30,33775.28,178.36999999999534,2
5195,2021-06-21 03:40:00+05:30,35469.16,2021-06-21 04:05:00+05:30,35701.73,232.5699999999997,2
5196,2021-06-21 05:35:00+05:30,35404.74,2021-06-21 06:20:00+05:30,35504.31,99.56999999999971,2
5197,2021-06-21 08:05:00+05:30,35104.73,2021-06-21 09:35:00+05:30,34305.89,-798.8400000000038,0
5198,2021-06-21 09:40:00+05:30,34210.34,2021-06-21 11:05:00+05:30,34180.96,-29.37999999999738,1
5199,2021-06-21 11:55:00+05:30,33293.41,2021-06-21 12:10:00+05:30,32461.67,-831.7400000000052,0
5200,2021-06-21 12:15:00+05:30,32600.0,2021-06-21 13:25:00+05:30,33025.5,425.5,2
5201,2021-06-21 14:50:00+05:30,32156.85,2021-06-21 15:00:00+05:30,33136.13,979.2799999999988,2
5202,2021-06-21 16:55:00+05:30,31738.69,2021-06-21 17:15:00+05:30,32699.7,961.010000000002,2
5203,2021-06-21 22:00:00+05:30,32289.29,2021-06-21 23:10:00+05:30,32441.82,152.52999999999884,2
5204,2021-06-22 02:40:00+05:30,32099.64,2021-06-22 03:45:00+05:30,32120.81,21.17000000000189,2
5205,2021-06-22 04:25:00+05:30,31276.53,2021-06-22 04:50:00+05:30,31830.96,554.4300000000003,2
5206,2021-06-22 10:55:00+05:30,32689.09,2021-06-22 11:45:00+05:30,32707.76,18.669999999998254,2
5207,2021-06-22 13:30:00+05:30,32381.75,2021-06-22 14:15:00+05:30,31675.05,-706.7000000000007,0
5208,2021-06-22 17:30:00+05:30,30500.0,2021-06-22 17:55:00+05:30,29832.2,-667.7999999999993,0
5209,2021-06-22 19:15:00+05:30,29138.2,2021-06-22 19:50:00+05:30,29769.21,631.0099999999984,2
5210,2021-06-23 03:10:00+05:30,32233.0,2021-06-23 03:40:00+05:30,32644.06,411.0600000000013,2
5211,2021-06-23 05:00:00+05:30,32183.2,2021-06-23 05:15:00+05:30,32431.52,248.3199999999997,2
5212,2021-06-23 05:35:00+05:30,32018.1,2021-06-23 05:55:00+05:30,32367.84,349.7400000000016,2
5213,2021-06-23 08:30:00+05:30,33692.71,2021-06-23 08:55:00+05:30,33964.32,271.6100000000006,2
5214,2021-06-23 14:25:00+05:30,33735.9,2021-06-23 14:45:00+05:30,34019.46,283.5599999999977,2
5215,2021-06-23 20:40:00+05:30,33546.26,2021-06-23 21:45:00+05:30,33857.11,310.84999999999854,2
5216,2021-06-23 23:30:00+05:30,33352.75,2021-06-24 00:35:00+05:30,33401.88,49.12999999999738,2
5217,2021-06-24 01:25:00+05:30,32879.97,2021-06-24 01:45:00+05:30,33237.16,357.1900000000023,2
5218,2021-06-24 06:20:00+05:30,33260.51,2021-06-24 07:55:00+05:30,32460.03,-800.4800000000032,0
5219,2021-06-25 02:00:00+05:30,34710.0,2021-06-25 02:10:00+05:30,34924.12,214.12000000000262,2
5220,2021-06-25 03:45:00+05:30,34521.11,2021-06-25 04:25:00+05:30,34754.35,233.23999999999796,2
5221,2021-06-25 06:30:00+05:30,34329.98,2021-06-25 07:25:00+05:30,34835.7,505.7199999999939,2
5222,2021-06-25 10:05:00+05:30,34701.75,2021-06-25 12:15:00+05:30,34500.14,-201.61000000000058,1
5223,2021-06-25 12:45:00+05:30,34088.67,2021-06-25 13:25:00+05:30,34283.82,195.15000000000146,2
5224,2021-06-25 15:25:00+05:30,33749.44,2021-06-25 16:35:00+05:30,33827.79,78.34999999999854,2
5225,2021-06-25 16:45:00+05:30,33488.27,2021-06-25 17:45:00+05:30,33548.82,60.55000000000291,2
5226,2021-06-25 18:05:00+05:30,33082.74,2021-06-25 19:15:00+05:30,33119.99,37.25,2
5227,2021-06-25 20:35:00+05:30,32404.63,2021-06-25 21:10:00+05:30,32916.54,511.90999999999985,2
5228,2021-06-25 21:50:00+05:30,32240.24,2021-06-25 23:10:00+05:30,31526.01,-714.2300000000032,0
5229,2021-06-26 02:35:00+05:30,31937.81,2021-06-26 03:50:00+05:30,31937.49,-0.31999999999970896,1
5230,2021-06-26 04:15:00+05:30,31390.4,2021-06-26 05:05:00+05:30,31853.89,463.48999999999796,2
5231,2021-06-26 12:10:00+05:30,31801.72,2021-06-26 13:00:00+05:30,31138.63,-663.0900000000001,0
5232,2021-06-26 18:25:00+05:30,31283.9,2021-06-26 18:45:00+05:30,31694.68,410.77999999999884,2
5233,2021-06-26 19:05:00+05:30,31202.61,2021-06-26 20:15:00+05:30,31179.55,-23.06000000000131,1
5234,2021-06-27 01:30:00+05:30,31406.12,2021-06-27 03:05:00+05:30,31250.81,-155.30999999999767,1
5235,2021-06-27 14:20:00+05:30,33067.68,2021-06-27 16:05:00+05:30,32383.82,-683.8600000000006,0
5236,2021-06-27 19:15:00+05:30,32981.84,2021-06-27 20:00:00+05:30,33148.19,166.35000000000582,2
5237,2021-06-27 22:10:00+05:30,32885.62,2021-06-27 23:10:00+05:30,33066.57,180.9499999999971,2
5238,2021-06-27 23:30:00+05:30,32858.2,2021-06-28 01:05:00+05:30,32757.39,-100.80999999999767,1
5239,2021-06-28 02:25:00+05:30,32627.03,2021-06-28 03:15:00+05:30,32746.52,119.4900000000016,2
5240,2021-06-28 09:55:00+05:30,34330.0,2021-06-28 10:35:00+05:30,34444.52,114.5199999999968,2
5241,2021-06-28 15:00:00+05:30,34601.42,2021-06-28 17:00:00+05:30,34194.02,-407.40000000000146,1
5242,2021-06-28 23:05:00+05:30,34231.4,2021-06-29 00:30:00+05:30,34279.47,48.06999999999971,2
5243,2021-06-29 03:30:00+05:30,34460.0,2021-06-29 05:00:00+05:30,34374.7,-85.30000000000291,1
5244,2021-06-29 07:55:00+05:30,34364.73,2021-06-29 09:00:00+05:30,34574.92,210.18999999999505,2
5245,2021-06-29 21:10:00+05:30,35991.63,2021-06-29 21:25:00+05:30,36248.99,257.3600000000006,2
5246,2021-06-30 02:20:00+05:30,36212.1,2021-06-30 03:15:00+05:30,36280.0,67.90000000000146,2
5247,2021-06-30 03:40:00+05:30,36008.22,2021-06-30 04:15:00+05:30,36144.46,136.23999999999796,2
5248,2021-06-30 05:35:00+05:30,35759.9,2021-06-30 05:50:00+05:30,35953.98,194.08000000000175,2
5249,2021-06-30 08:35:00+05:30,35637.89,2021-06-30 10:10:00+05:30,34834.69,-803.1999999999971,0
5250,2021-06-30 10:15:00+05:30,34700.04,2021-06-30 11:30:00+05:30,34953.38,253.3399999999965,2
5251,2021-06-30 14:15:00+05:30,34821.32,2021-06-30 15:45:00+05:30,34719.7,-101.62000000000262,1
5252,2021-06-30 18:05:00+05:30,34596.44,2021-06-30 19:20:00+05:30,34663.33,66.88999999999942,2
5253,2021-06-30 20:30:00+05:30,34268.82,2021-06-30 21:45:00+05:30,34325.04,56.220000000001164,2
5254,2021-07-01 02:20:00+05:30,34554.98,2021-07-01 02:50:00+05:30,34925.58,370.59999999999854,2
5255,2021-07-01 07:40:00+05:30,34596.4,2021-07-01 09:45:00+05:30,34272.21,-324.1900000000023,1
5256,2021-07-01 12:15:00+05:30,33567.12,2021-07-01 14:25:00+05:30,33475.72,-91.40000000000146,1
5257,2021-07-01 14:50:00+05:30,33293.45,2021-07-01 15:00:00+05:30,33439.0,145.5500000000029,2
5258,2021-07-01 15:10:00+05:30,33281.01,2021-07-01 16:10:00+05:30,33324.6,43.58999999999651,2
5259,2021-07-01 19:25:00+05:30,33401.45,2021-07-01 20:30:00+05:30,33638.58,237.13000000000466,2
5260,2021-07-02 00:35:00+05:30,33271.8,2021-07-02 01:30:00+05:30,33263.81,-7.990000000005239,1
5261,2021-07-02 04:30:00+05:30,33395.44,2021-07-02 05:00:00+05:30,33493.56,98.11999999999534,2
5262,2021-07-02 07:00:00+05:30,33392.01,2021-07-02 09:45:00+05:30,33100.01,-292.0,1
5263,2021-07-02 11:05:00+05:30,32886.74,2021-07-02 12:15:00+05:30,32932.95,46.20999999999913,2
5264,2021-07-02 14:45:00+05:30,33002.0,2021-07-02 16:15:00+05:30,32992.04,-9.959999999999127,1
5265,2021-07-02 23:15:00+05:30,33417.29,2021-07-03 01:25:00+05:30,33327.71,-89.58000000000175,1
5266,2021-07-03 06:00:00+05:30,33587.36,2021-07-03 07:00:00+05:30,33664.25,76.88999999999942,2
5267,2021-07-03 08:30:00+05:30,33421.48,2021-07-03 09:25:00+05:30,33524.47,102.98999999999796,2
5268,2021-07-03 16:45:00+05:30,34497.69,2021-07-03 17:25:00+05:30,34608.04,110.34999999999854,2
5269,2021-07-03 21:00:00+05:30,34570.0,2021-07-03 22:35:00+05:30,34577.11,7.110000000000582,2
5270,2021-07-04 03:25:00+05:30,34544.88,2021-07-04 05:00:00+05:30,34540.43,-4.44999999999709,1
5271,2021-07-04 06:35:00+05:30,34428.6,2021-07-04 07:40:00+05:30,34539.23,110.63000000000466,2
5272,2021-07-04 17:45:00+05:30,35439.99,2021-07-04 19:30:00+05:30,35391.96,-48.029999999998836,1
5273,2021-07-05 04:15:00+05:30,35384.63,2021-07-05 06:50:00+05:30,34671.68,-712.9499999999971,0
5274,2021-07-05 07:00:00+05:30,34608.02,2021-07-05 08:45:00+05:30,34535.61,-72.40999999999622,1
5275,2021-07-05 09:30:00+05:30,34265.27,2021-07-05 10:00:00+05:30,34361.15,95.88000000000466,2
5276,2021-07-05 12:40:00+05:30,34132.89,2021-07-05 13:25:00+05:30,34256.17,123.27999999999884,2
5277,2021-07-05 16:45:00+05:30,34204.88,2021-07-05 17:25:00+05:30,33379.96,-824.9199999999983,0
5278,2021-07-05 21:00:00+05:30,33482.56,2021-07-05 21:15:00+05:30,33680.73,198.17000000000553,2
5279,2021-07-05 23:00:00+05:30,33508.61,2021-07-05 23:25:00+05:30,33697.06,188.4499999999971,2
5280,2021-07-06 01:50:00+05:30,33872.59,2021-07-06 02:40:00+05:30,34092.51,219.92000000000553,2
5281,2021-07-06 04:20:00+05:30,33975.3,2021-07-06 04:35:00+05:30,34088.33,113.02999999999884,2
5282,2021-07-06 05:10:00+05:30,33843.7,2021-07-06 05:40:00+05:30,34010.16,166.4600000000064,2
5283,2021-07-06 07:25:00+05:30,33768.95,2021-07-06 08:05:00+05:30,33886.71,117.76000000000204,2
5284,2021-07-06 14:40:00+05:30,34505.83,2021-07-06 17:10:00+05:30,33975.76,-530.0699999999997,1
5285,2021-07-06 20:30:00+05:30,33915.49,2021-07-06 20:55:00+05:30,34087.89,172.40000000000146,2
5286,2021-07-06 22:10:00+05:30,33807.07,2021-07-06 22:25:00+05:30,34063.63,256.5599999999977,2
5287,2021-07-06 22:40:00+05:30,33624.92,2021-07-06 23:10:00+05:30,33879.9,254.9800000000032,2
5288,2021-07-07 03:15:00+05:30,33847.87,2021-07-07 03:30:00+05:30,33922.81,74.93999999999505,2
5289,2021-07-07 14:40:00+05:30,34679.01,2021-07-07 15:00:00+05:30,34769.99,90.97999999999593,2
5290,2021-07-07 15:20:00+05:30,34654.62,2021-07-07 16:35:00+05:30,34751.36,96.73999999999796,2
5291,2021-07-07 18:35:00+05:30,34740.41,2021-07-07 19:25:00+05:30,34813.22,72.80999999999767,2
5292,2021-07-07 20:05:00+05:30,34650.0,2021-07-07 21:50:00+05:30,34595.14,-54.86000000000058,1
5293,2021-07-08 00:50:00+05:30,34587.24,2021-07-08 01:15:00+05:30,34690.29,103.05000000000291,2
5294,2021-07-08 02:00:00+05:30,34511.29,2021-07-08 05:30:00+05:30,33816.53,-694.760000000002,0
5295,2021-07-08 05:50:00+05:30,33481.09,2021-07-08 07:20:00+05:30,33364.78,-116.30999999999767,1
5296,2021-07-08 08:35:00+05:30,33165.05,2021-07-08 09:00:00+05:30,33365.86,200.80999999999767,2
5297,2021-07-08 11:25:00+05:30,32884.56,2021-07-08 11:35:00+05:30,33291.63,407.0699999999997,2
5298,2021-07-08 13:05:00+05:30,32874.32,2021-07-08 14:25:00+05:30,32570.53,-303.7900000000009,1
5299,2021-07-08 16:25:00+05:30,32486.42,2021-07-08 17:00:00+05:30,32551.82,65.40000000000146,2
5300,2021-07-08 22:10:00+05:30,32669.6,2021-07-08 22:15:00+05:30,32852.0,182.40000000000146,2
5301,2021-07-09 03:20:00+05:30,32738.88,2021-07-09 04:40:00+05:30,32710.3,-28.580000000001746,1
5302,2021-07-09 06:10:00+05:30,32445.86,2021-07-09 07:00:00+05:30,32592.26,146.39999999999782,2
5303,2021-07-09 11:30:00+05:30,32890.84,2021-07-09 12:55:00+05:30,32896.78,5.940000000002328,2
5304,2021-07-09 13:35:00+05:30,32710.86,2021-07-09 14:00:00+05:30,32837.89,127.02999999999884,2
5305,2021-07-09 16:30:00+05:30,32762.89,2021-07-09 17:55:00+05:30,32768.99,6.099999999998545,2
5306,2021-07-09 21:50:00+05:30,33452.69,2021-07-09 22:00:00+05:30,33560.98,108.29000000000087,2
5307,2021-07-09 23:10:00+05:30,33443.43,2021-07-10 00:45:00+05:30,33480.03,36.599999999998545,2
5308,2021-07-10 05:25:00+05:30,33815.81,2021-07-10 05:40:00+05:30,33988.87,173.06000000000495,2
5309,2021-07-10 10:15:00+05:30,33660.63,2021-07-10 11:15:00+05:30,33723.47,62.84000000000378,2
5310,2021-07-10 15:25:00+05:30,33732.57,2021-07-10 16:55:00+05:30,33760.2,27.62999999999738,2
5311,2021-07-10 19:00:00+05:30,33715.01,2021-07-10 20:05:00+05:30,33765.77,50.75999999999476,2
5312,2021-07-10 22:40:00+05:30,33686.52,2021-07-11 00:25:00+05:30,33466.71,-219.80999999999767,1
5313,2021-07-11 01:00:00+05:30,33341.26,2021-07-11 02:45:00+05:30,33392.66,51.400000000001455,2
5314,2021-07-11 07:50:00+05:30,33540.08,2021-07-11 08:15:00+05:30,33633.03,92.94999999999709,2
5315,2021-07-11 08:25:00+05:30,33519.17,2021-07-11 10:15:00+05:30,33451.84,-67.33000000000175,1
5316,2021-07-11 12:20:00+05:30,33437.01,2021-07-11 13:05:00+05:30,33501.93,64.91999999999825,2
5317,2021-07-11 21:45:00+05:30,33818.53,2021-07-11 21:55:00+05:30,33954.15,135.62000000000262,2
5318,2021-07-12 01:20:00+05:30,33858.82,2021-07-12 01:35:00+05:30,33964.99,106.16999999999825,2
5319,2021-07-12 02:25:00+05:30,33843.26,2021-07-12 02:45:00+05:30,34060.0,216.73999999999796,2
5320,2021-07-12 04:35:00+05:30,34313.96,2021-07-12 05:30:00+05:30,34336.3,22.340000000003783,2
5321,2021-07-12 05:40:00+05:30,34141.84,2021-07-12 07:10:00+05:30,34184.97,43.13000000000466,2
5322,2021-07-12 14:50:00+05:30,34134.95,2021-07-12 18:50:00+05:30,33399.03,-735.9199999999983,0
5323,2021-07-12 18:55:00+05:30,33411.56,2021-07-12 19:20:00+05:30,33525.57,114.01000000000204,2
5324,2021-07-12 21:25:00+05:30,33337.49,2021-07-12 23:30:00+05:30,33181.51,-155.97999999999593,1
5325,2021-07-13 00:25:00+05:30,33010.24,2021-07-13 00:30:00+05:30,33209.14,198.90000000000146,2
5326,2021-07-13 01:00:00+05:30,32804.23,2021-07-13 02:10:00+05:30,32953.84,149.6099999999933,2
5327,2021-07-13 05:30:00+05:30,32925.65,2021-07-13 06:00:00+05:30,33206.2,280.54999999999563,2
5328,2021-07-13 09:25:00+05:30,33071.14,2021-07-13 10:15:00+05:30,33134.13,62.98999999999796,2
5329,2021-07-13 10:35:00+05:30,32983.08,2021-07-13 11:45:00+05:30,32933.48,-49.599999999998545,1
5330,2021-07-13 16:20:00+05:30,33070.49,2021-07-13 17:10:00+05:30,33158.37,87.88000000000466,2
5331,2021-07-13 18:00:00+05:30,32721.0,2021-07-13 19:25:00+05:30,32571.77,-149.22999999999956,1
5332,2021-07-13 23:40:00+05:30,32641.23,2021-07-14 01:45:00+05:30,32435.01,-206.22000000000116,1
5333,2021-07-14 06:40:00+05:30,32263.42,2021-07-14 07:30:00+05:30,32459.0,195.58000000000175,2
5334,2021-07-14 08:50:00+05:30,31866.8,2021-07-14 10:20:00+05:30,31910.22,43.42000000000189,2
5335,2021-07-14 11:05:00+05:30,31802.6,2021-07-14 12:05:00+05:30,31887.41,84.81000000000131,2
5336,2021-07-14 14:10:00+05:30,31843.08,2021-07-14 14:30:00+05:30,32140.46,297.3799999999974,2
5337,2021-07-14 17:45:00+05:30,32367.04,2021-07-14 18:35:00+05:30,32453.57,86.52999999999884,2
5338,2021-07-15 00:35:00+05:30,32638.3,2021-07-15 01:40:00+05:30,32795.89,157.59000000000015,2
5339,2021-07-15 09:25:00+05:30,32641.65,2021-07-15 10:25:00+05:30,32665.53,23.87999999999738,2
5340,2021-07-15 11:55:00+05:30,32480.01,2021-07-15 12:45:00+05:30,32568.11,88.10000000000218,2
5341,2021-07-15 13:20:00+05:30,32370.47,2021-07-15 13:30:00+05:30,32515.72,145.25,2
5342,2021-07-15 14:00:00+05:30,32341.81,2021-07-15 14:35:00+05:30,32471.63,129.8199999999997,2
5343,2021-07-15 15:50:00+05:30,32185.16,2021-07-15 17:30:00+05:30,32072.53,-112.63000000000102,1
5344,2021-07-15 17:40:00+05:30,31743.17,2021-07-15 19:00:00+05:30,31841.38,98.21000000000276,2
5345,2021-07-15 21:10:00+05:30,31680.13,2021-07-15 23:45:00+05:30,31399.28,-280.8500000000022,1
5346,2021-07-16 05:05:00+05:30,31627.38,2021-07-16 05:25:00+05:30,31880.0,252.61999999999898,2
5347,2021-07-16 10:45:00+05:30,31734.3,2021-07-16 12:40:00+05:30,31720.97,-13.329999999998108,1
5348,2021-07-16 14:10:00+05:30,31488.36,2021-07-16 16:10:00+05:30,31372.71,-115.65000000000146,1
5349,2021-07-16 17:10:00+05:30,31071.78,2021-07-16 17:35:00+05:30,31272.8,201.02000000000044,2
5350,2021-07-17 01:10:00+05:30,31868.05,2021-07-17 03:40:00+05:30,31836.56,-31.489999999997963,1
5351,2021-07-17 04:00:00+05:30,31693.95,2021-07-17 06:20:00+05:30,31536.37,-157.58000000000175,1
5352,2021-07-17 09:35:00+05:30,31212.59,2021-07-17 10:05:00+05:30,31359.16,146.5699999999997,2
5353,2021-07-17 13:35:00+05:30,31376.01,2021-07-17 14:05:00+05:30,31634.9,258.89000000000306,2
5354,2021-07-17 15:35:00+05:30,31443.08,2021-07-17 17:00:00+05:30,31370.02,-73.06000000000131,1
5355,2021-07-17 22:45:00+05:30,31565.4,2021-07-17 23:15:00+05:30,31682.23,116.82999999999811,2
5356,2021-07-18 02:30:00+05:30,31689.45,2021-07-18 02:50:00+05:30,31793.28,103.82999999999811,2
5357,2021-07-18 03:30:00+05:30,31675.13,2021-07-18 05:45:00+05:30,31622.49,-52.63999999999942,1
5358,2021-07-18 08:50:00+05:30,32125.54,2021-07-18 09:25:00+05:30,32166.0,40.45999999999913,2
5359,2021-07-18 09:45:00+05:30,32069.99,2021-07-18 11:10:00+05:30,32098.39,28.399999999997817,2
5360,2021-07-18 11:30:00+05:30,32046.12,2021-07-18 14:55:00+05:30,31756.88,-289.23999999999796,1
5361,2021-07-18 15:30:00+05:30,31649.98,2021-07-18 15:55:00+05:30,31726.51,76.52999999999884,2
5362,2021-07-18 19:10:00+05:30,31630.0,2021-07-18 19:30:00+05:30,31718.95,88.95000000000073,2
5363,2021-07-18 20:05:00+05:30,31497.59,2021-07-18 21:40:00+05:30,31439.96,-57.63000000000102,1
5364,2021-07-19 02:35:00+05:30,31589.8,2021-07-19 02:45:00+05:30,31674.58,84.78000000000247,2
5365,2021-07-19 12:55:00+05:30,31695.65,2021-07-19 16:40:00+05:30,31440.25,-255.40000000000146,1
5366,2021-07-19 18:00:00+05:30,30849.25,2021-07-19 20:00:00+05:30,30705.22,-144.02999999999884,1
5367,2021-07-20 00:15:00+05:30,30678.44,2021-07-20 01:00:00+05:30,30713.08,34.640000000003056,2
5368,2021-07-20 05:30:00+05:30,30777.71,2021-07-20 05:40:00+05:30,30902.0,124.29000000000087,2
5369,2021-07-20 06:35:00+05:30,30716.72,2021-07-20 08:45:00+05:30,29672.35,-1044.3700000000026,0
5370,2021-07-20 08:50:00+05:30,29717.48,2021-07-20 10:05:00+05:30,29790.0,72.52000000000044,2
5371,2021-07-20 14:05:00+05:30,29695.62,2021-07-20 15:50:00+05:30,29616.86,-78.7599999999984,1
5372,2021-07-20 18:50:00+05:30,29559.33,2021-07-20 19:35:00+05:30,29697.26,137.92999999999665,2
5373,2021-07-20 22:25:00+05:30,29658.97,2021-07-20 23:35:00+05:30,29706.1,47.12999999999738,2
5374,2021-07-21 02:40:00+05:30,29735.75,2021-07-21 04:45:00+05:30,29681.5,-54.25,1
5375,2021-07-22 05:30:00+05:30,31924.78,2021-07-22 05:35:00+05:30,32161.83,237.0500000000029,2
5376,2021-07-22 08:00:00+05:30,31846.65,2021-07-22 08:40:00+05:30,32091.17,244.5199999999968,2
5377,2021-07-22 11:15:00+05:30,31863.39,2021-07-22 11:35:00+05:30,32029.25,165.86000000000058,2
5378,2021-07-22 15:00:00+05:30,31893.22,2021-07-22 16:10:00+05:30,31927.69,34.469999999997526,2
5379,2021-07-22 23:30:00+05:30,32274.01,2021-07-22 23:40:00+05:30,32387.98,113.97000000000116,2
5380,2021-07-23 03:20:00+05:30,32150.0,2021-07-23 04:20:00+05:30,32241.19,91.18999999999869,2
5381,2021-07-23 11:30:00+05:30,32576.36,2021-07-23 14:00:00+05:30,32483.59,-92.77000000000044,1
5382,2021-07-23 14:25:00+05:30,32318.75,2021-07-23 14:50:00+05:30,32467.64,148.88999999999942,2
5383,2021-07-23 15:30:00+05:30,32290.62,2021-07-23 16:10:00+05:30,32358.52,67.90000000000146,2
5384,2021-07-23 20:40:00+05:30,32377.59,2021-07-23 23:05:00+05:30,32165.4,-212.1899999999987,1
5385,2021-07-24 13:35:00+05:30,33689.04,2021-07-24 15:00:00+05:30,33743.99,54.94999999999709,2
5386,2021-07-24 16:55:00+05:30,33714.28,2021-07-24 17:25:00+05:30,33867.0,152.72000000000116,2
5387,2021-07-25 00:50:00+05:30,34058.0,2021-07-25 02:25:00+05:30,33919.84,-138.1600000000035,1
5388,2021-07-25 14:15:00+05:30,34511.85,2021-07-25 15:35:00+05:30,34560.95,49.099999999998545,2
5389,2021-07-25 16:15:00+05:30,34290.75,2021-07-25 16:40:00+05:30,34460.0,169.25,2
5390,2021-07-25 18:45:00+05:30,34186.11,2021-07-25 20:25:00+05:30,34105.01,-81.09999999999854,1
5391,2021-07-26 00:35:00+05:30,34226.24,2021-07-26 00:50:00+05:30,34420.31,194.0699999999997,2
5392,2021-07-26 13:05:00+05:30,38130.24,2021-07-26 14:25:00+05:30,38194.41,64.17000000000553,2
5393,2021-07-26 18:30:00+05:30,38212.15,2021-07-26 19:30:00+05:30,38459.84,247.68999999999505,2
5394,2021-07-27 01:30:00+05:30,38738.18,2021-07-27 01:55:00+05:30,37893.95,-844.2300000000032,0
5395,2021-07-27 03:05:00+05:30,36900.0,2021-07-27 04:20:00+05:30,37456.8,556.8000000000029,2
5396,2021-07-27 05:40:00+05:30,37007.59,2021-07-27 06:25:00+05:30,37443.0,435.4100000000035,2
5397,2021-07-27 06:45:00+05:30,36926.87,2021-07-27 07:45:00+05:30,37091.4,164.52999999999884,2
5398,2021-07-27 08:10:00+05:30,36672.22,2021-07-27 09:15:00+05:30,36899.99,227.7699999999968,2
5399,2021-07-27 12:20:00+05:30,36950.0,2021-07-27 12:45:00+05:30,37194.32,244.3199999999997,2
5400,2021-07-27 19:30:00+05:30,38007.15,2021-07-27 20:00:00+05:30,38310.18,303.02999999999884,2
5401,2021-07-27 21:45:00+05:30,37857.33,2021-07-27 23:10:00+05:30,37848.94,-8.389999999999418,1
5402,2021-07-27 23:35:00+05:30,37461.3,2021-07-27 23:55:00+05:30,37733.39,272.0899999999965,2
5403,2021-07-28 12:10:00+05:30,39316.98,2021-07-28 12:50:00+05:30,39793.04,476.0599999999977,2
5404,2021-07-28 14:10:00+05:30,39391.88,2021-07-28 14:35:00+05:30,39685.47,293.5900000000038,2
5405,2021-07-28 18:10:00+05:30,39983.07,2021-07-28 19:40:00+05:30,39778.93,-204.13999999999942,1
5406,2021-07-28 20:20:00+05:30,39428.56,2021-07-28 20:50:00+05:30,39659.76,231.20000000000437,2
5407,2021-07-28 23:00:00+05:30,39442.36,2021-07-29 00:00:00+05:30,39802.99,360.6299999999974,2
5408,2021-07-29 01:55:00+05:30,39976.05,2021-07-29 03:05:00+05:30,40074.16,98.11000000000058,2
5409,2021-07-29 04:15:00+05:30,39622.65,2021-07-29 04:45:00+05:30,40128.49,505.8399999999965,2
5410,2021-07-29 06:25:00+05:30,39408.26,2021-07-29 07:15:00+05:30,39685.11,276.84999999999854,2
5411,2021-07-29 08:55:00+05:30,39565.37,2021-07-29 09:40:00+05:30,39758.58,193.20999999999913,2
5412,2021-07-29 13:25:00+05:30,39934.62,2021-07-29 14:10:00+05:30,40026.28,91.65999999999622,2
5413,2021-07-29 17:05:00+05:30,39909.99,2021-07-29 18:35:00+05:30,39753.64,-156.34999999999854,1
5414,2021-07-29 22:15:00+05:30,39725.0,2021-07-29 23:20:00+05:30,39816.96,91.95999999999913,2
5415,2021-07-29 23:25:00+05:30,39605.83,2021-07-30 00:40:00+05:30,39613.65,7.819999999999709,2
5416,2021-07-30 09:35:00+05:30,39891.34,2021-07-30 11:50:00+05:30,39753.15,-138.18999999999505,1
5417,2021-07-30 13:20:00+05:30,39700.03,2021-07-30 14:20:00+05:30,38698.64,-1001.3899999999994,0
5418,2021-07-30 14:25:00+05:30,38723.01,2021-07-30 15:55:00+05:30,38735.78,12.769999999996799,2
5419,2021-07-30 22:25:00+05:30,38909.2,2021-07-30 22:45:00+05:30,39033.0,123.80000000000291,2
5420,2021-07-31 09:00:00+05:30,41761.28,2021-07-31 10:20:00+05:30,41790.49,29.209999999999127,2
5421,2021-07-31 10:55:00+05:30,41426.42,2021-07-31 11:25:00+05:30,41684.02,257.59999999999854,2
5422,2021-07-31 16:45:00+05:30,41415.12,2021-07-31 18:25:00+05:30,41654.98,239.86000000000058,2
5423,2021-07-31 18:50:00+05:30,41470.0,2021-07-31 19:45:00+05:30,41524.27,54.2699999999968,2
5424,2021-08-01 01:40:00+05:30,41177.39,2021-08-01 01:55:00+05:30,41384.99,207.59999999999854,2
5425,2021-08-01 05:20:00+05:30,41657.85,2021-08-01 06:10:00+05:30,41686.38,28.529999999998836,2
5426,2021-08-01 10:40:00+05:30,41734.28,2021-08-01 12:35:00+05:30,41784.7,50.419999999998254,2
5427,2021-08-01 12:45:00+05:30,41604.54,2021-08-01 12:55:00+05:30,41754.59,150.04999999999563,2
5428,2021-08-01 16:20:00+05:30,41549.98,2021-08-01 17:20:00+05:30,41580.49,30.50999999999476,2
5429,2021-08-01 18:45:00+05:30,41454.4,2021-08-01 20:45:00+05:30,41425.0,-29.400000000001455,1
5430,2021-08-01 21:30:00+05:30,41225.82,2021-08-01 22:15:00+05:30,41219.6,-6.220000000001164,1
5431,2021-08-02 00:40:00+05:30,40843.74,2021-08-02 00:50:00+05:30,41238.25,394.51000000000204,2
5432,2021-08-02 02:45:00+05:30,40938.66,2021-08-02 04:55:00+05:30,39741.85,-1196.810000000005,0
5433,2021-08-02 06:15:00+05:30,39539.79,2021-08-02 07:30:00+05:30,39676.21,136.41999999999825,2
5434,2021-08-02 13:55:00+05:30,39658.75,2021-08-02 15:20:00+05:30,39670.02,11.269999999996799,2
5435,2021-08-02 17:40:00+05:30,39108.47,2021-08-02 18:55:00+05:30,39320.01,211.54000000000087,2
5436,2021-08-02 23:40:00+05:30,39563.0,2021-08-03 00:00:00+05:30,39740.01,177.01000000000204,2
5437,2021-08-03 00:45:00+05:30,39437.51,2021-08-03 03:00:00+05:30,38988.47,-449.0400000000009,1
5438,2021-08-03 05:15:00+05:30,39194.11,2021-08-03 05:55:00+05:30,39255.49,61.37999999999738,2
5439,2021-08-03 08:50:00+05:30,38800.0,2021-08-03 09:50:00+05:30,38790.44,-9.559999999997672,1
5440,2021-08-03 10:25:00+05:30,38328.01,2021-08-03 11:35:00+05:30,38358.83,30.81999999999971,2
5441,2021-08-03 14:40:00+05:30,38368.66,2021-08-03 14:55:00+05:30,38575.0,206.3399999999965,2
5442,2021-08-03 17:05:00+05:30,38403.23,2021-08-03 18:15:00+05:30,38416.65,13.419999999998254,2
5443,2021-08-03 20:20:00+05:30,38226.5,2021-08-03 22:00:00+05:30,38200.03,-26.470000000001164,1
5444,2021-08-03 23:35:00+05:30,37859.56,2021-08-04 00:20:00+05:30,38132.72,273.1600000000035,2
5445,2021-08-04 05:40:00+05:30,37984.41,2021-08-04 06:15:00+05:30,38350.02,365.6099999999933,2
5446,2021-08-04 07:45:00+05:30,38128.36,2021-08-04 10:15:00+05:30,38065.48,-62.87999999999738,1
5447,2021-08-04 11:35:00+05:30,37827.39,2021-08-04 12:05:00+05:30,38124.27,296.8799999999974,2
5448,2021-08-04 14:15:00+05:30,37607.44,2021-08-04 14:40:00+05:30,37794.47,187.02999999999884,2
5449,2021-08-05 04:15:00+05:30,39616.36,2021-08-05 04:50:00+05:30,39837.99,221.62999999999738,2
5450,2021-08-05 06:25:00+05:30,39554.63,2021-08-05 07:25:00+05:30,39491.58,-63.049999999995634,1
5451,2021-08-05 11:45:00+05:30,39142.65,2021-08-05 13:40:00+05:30,38956.53,-186.12000000000262,1
5452,2021-08-05 14:15:00+05:30,38695.37,2021-08-05 16:35:00+05:30,38119.99,-575.3800000000047,1
5453,2021-08-05 17:55:00+05:30,37800.01,2021-08-05 18:25:00+05:30,38037.84,237.82999999999447,2
5454,2021-08-06 05:35:00+05:30,40682.08,2021-08-06 07:15:00+05:30,40566.99,-115.09000000000378,1
5455,2021-08-06 09:40:00+05:30,40100.0,2021-08-06 10:30:00+05:30,40264.81,164.80999999999767,2
5456,2021-08-06 13:30:00+05:30,40578.21,2021-08-06 13:40:00+05:30,40866.83,288.6200000000026,2
5457,2021-08-06 15:15:00+05:30,40622.31,2021-08-06 16:05:00+05:30,40696.13,73.81999999999971,2
5458,2021-08-06 17:30:00+05:30,40408.7,2021-08-06 17:40:00+05:30,40769.35,360.65000000000146,2
5459,2021-08-06 19:50:00+05:30,40676.26,2021-08-06 20:30:00+05:30,40846.93,170.66999999999825,2
5460,2021-08-07 01:55:00+05:30,42641.6,2021-08-07 03:45:00+05:30,42791.33,149.7300000000032,2
5461,2021-08-07 08:45:00+05:30,43013.25,2021-08-07 08:55:00+05:30,43288.28,275.02999999999884,2
5462,2021-08-07 12:00:00+05:30,43121.63,2021-08-07 13:05:00+05:30,43242.89,121.26000000000204,2
5463,2021-08-07 16:30:00+05:30,43473.65,2021-08-07 16:50:00+05:30,43684.19,210.54000000000087,2
5464,2021-08-07 21:20:00+05:30,43306.51,2021-08-07 22:05:00+05:30,43522.7,216.18999999999505,2
5465,2021-08-08 03:25:00+05:30,43510.01,2021-08-08 04:00:00+05:30,44065.01,555.0,2
5466,2021-08-08 07:00:00+05:30,43993.32,2021-08-08 08:00:00+05:30,44132.51,139.19000000000233,2
5467,2021-08-08 13:25:00+05:30,44804.51,2021-08-08 14:55:00+05:30,44780.38,-24.130000000004657,1
5468,2021-08-08 15:45:00+05:30,44441.45,2021-08-08 16:50:00+05:30,44486.43,44.9800000000032,2
5469,2021-08-08 19:30:00+05:30,44570.0,2021-08-08 21:40:00+05:30,44271.95,-298.0500000000029,1
5470,2021-08-08 22:15:00+05:30,43810.0,2021-08-08 23:20:00+05:30,43845.98,35.9800000000032,2
5471,2021-08-09 00:30:00+05:30,43512.12,2021-08-09 00:55:00+05:30,43778.24,266.11999999999534,2
5472,2021-08-09 04:50:00+05:30,44021.63,2021-08-09 06:30:00+05:30,43122.01,-899.6199999999953,0
5473,2021-08-09 11:55:00+05:30,43288.83,2021-08-09 12:05:00+05:30,43528.99,240.15999999999622,2
5474,2021-08-09 19:20:00+05:30,45316.16,2021-08-09 19:35:00+05:30,46080.15,763.989999999998,2
5475,2021-08-10 01:20:00+05:30,45837.07,2021-08-10 01:35:00+05:30,46227.03,389.9599999999991,2
5476,2021-08-10 02:00:00+05:30,45654.4,2021-08-10 03:05:00+05:30,45790.44,136.04000000000087,2
5477,2021-08-10 06:05:00+05:30,45846.01,2021-08-10 07:00:00+05:30,45979.97,133.95999999999913,2
5478,2021-08-10 08:50:00+05:30,45809.07,2021-08-10 10:45:00+05:30,45749.52,-59.55000000000291,1
5479,2021-08-10 11:30:00+05:30,45465.62,2021-08-10 12:10:00+05:30,45609.43,143.80999999999767,2
5480,2021-08-10 15:50:00+05:30,45765.59,2021-08-10 17:40:00+05:30,45498.86,-266.7299999999959,1
5481,2021-08-10 19:15:00+05:30,45452.38,2021-08-10 22:40:00+05:30,44999.1,-453.27999999999884,1
5482,2021-08-11 03:55:00+05:30,45550.33,2021-08-11 05:10:00+05:30,45539.52,-10.810000000004948,1
5483,2021-08-11 08:00:00+05:30,45539.56,2021-08-11 09:15:00+05:30,45577.38,37.81999999999971,2
5484,2021-08-11 15:55:00+05:30,46013.56,2021-08-11 16:35:00+05:30,46168.5,154.94000000000233,2
5485,2021-08-11 17:15:00+05:30,45907.42,2021-08-11 18:00:00+05:30,46037.87,130.45000000000437,2
5486,2021-08-12 02:30:00+05:30,46101.58,2021-08-12 03:15:00+05:30,46337.4,235.8199999999997,2
5487,2021-08-12 03:55:00+05:30,45735.56,2021-08-12 05:35:00+05:30,45720.0,-15.559999999997672,1
5488,2021-08-12 09:20:00+05:30,45939.33,2021-08-12 11:00:00+05:30,44970.01,-969.3199999999997,0
5489,2021-08-12 14:35:00+05:30,45035.23,2021-08-12 14:50:00+05:30,45355.97,320.73999999999796,2
5490,2021-08-12 16:45:00+05:30,45143.14,2021-08-12 18:50:00+05:30,44714.16,-428.9799999999959,1
5491,2021-08-12 19:30:00+05:30,44356.52,2021-08-12 21:00:00+05:30,44308.06,-48.45999999999913,1
5492,2021-08-12 21:45:00+05:30,44048.12,2021-08-12 22:35:00+05:30,44128.18,80.05999999999767,2
5493,2021-08-13 02:20:00+05:30,44185.06,2021-08-13 02:25:00+05:30,44474.97,289.9100000000035,2
5494,2021-08-13 02:30:00+05:30,44232.14,2021-08-13 04:35:00+05:30,44135.25,-96.88999999999942,1
5495,2021-08-13 17:10:00+05:30,46148.35,2021-08-13 17:50:00+05:30,46344.26,195.9100000000035,2
5496,2021-08-13 20:00:00+05:30,46286.11,2021-08-13 20:15:00+05:30,46510.0,223.88999999999942,2
5497,2021-08-13 20:45:00+05:30,46196.89,2021-08-13 21:25:00+05:30,46357.15,160.26000000000204,2
5498,2021-08-14 00:55:00+05:30,46315.5,2021-08-14 01:25:00+05:30,46459.86,144.36000000000058,2
5499,2021-08-14 08:10:00+05:30,47438.5,2021-08-14 08:35:00+05:30,47582.48,143.9800000000032,2
5500,2021-08-14 15:25:00+05:30,46993.74,2021-08-14 17:20:00+05:30,46470.98,-522.7599999999948,1
5501,2021-08-14 18:35:00+05:30,46161.28,2021-08-14 18:45:00+05:30,46369.82,208.54000000000087,2
5502,2021-08-14 22:50:00+05:30,46627.86,2021-08-14 23:05:00+05:30,46809.69,181.83000000000175,2
5503,2021-08-15 01:45:00+05:30,46391.13,2021-08-15 02:40:00+05:30,46737.03,345.90000000000146,2
5504,2021-08-15 09:15:00+05:30,46975.98,2021-08-15 10:40:00+05:30,46811.96,-164.02000000000407,1
5505,2021-08-15 11:45:00+05:30,46353.6,2021-08-15 14:35:00+05:30,45899.99,-453.6100000000006,1
5506,2021-08-15 16:40:00+05:30,45684.98,2021-08-15 17:00:00+05:30,46039.99,355.00999999999476,2
5507,2021-08-15 19:10:00+05:30,45607.46,2021-08-15 19:20:00+05:30,46027.67,420.2099999999991,2
5508,2021-08-15 22:30:00+05:30,45701.3,2021-08-15 23:00:00+05:30,45981.01,279.7099999999991,2
5509,2021-08-16 05:05:00+05:30,46901.25,2021-08-16 05:35:00+05:30,47109.43,208.1800000000003,2
5510,2021-08-16 09:20:00+05:30,47357.98,2021-08-16 10:35:00+05:30,47535.37,177.38999999999942,2
5511,2021-08-16 11:45:00+05:30,47237.05,2021-08-16 12:55:00+05:30,47456.83,219.77999999999884,2
5512,2021-08-16 13:35:00+05:30,47124.84,2021-08-16 15:20:00+05:30,47151.8,26.960000000006403,2
5513,2021-08-16 18:50:00+05:30,47107.7,2021-08-16 20:25:00+05:30,46101.6,-1006.0999999999985,0
5514,2021-08-17 01:30:00+05:30,45808.01,2021-08-17 02:25:00+05:30,46057.67,249.65999999999622,2
5515,2021-08-17 04:35:00+05:30,45993.17,2021-08-17 05:05:00+05:30,46163.43,170.26000000000204,2
5516,2021-08-17 05:50:00+05:30,45463.94,2021-08-17 06:30:00+05:30,45867.89,403.9499999999971,2
5517,2021-08-17 09:50:00+05:30,46252.87,2021-08-17 10:20:00+05:30,46454.99,202.11999999999534,2
5518,2021-08-17 10:40:00+05:30,46182.66,2021-08-17 10:50:00+05:30,46391.58,208.91999999999825,2
5519,2021-08-17 11:25:00+05:30,46041.81,2021-08-17 13:10:00+05:30,45925.0,-116.80999999999767,1
5520,2021-08-17 18:25:00+05:30,46655.24,2021-08-17 21:10:00+05:30,45697.67,-957.5699999999997,0
5521,2021-08-17 21:30:00+05:30,45637.37,2021-08-17 21:40:00+05:30,45878.2,240.82999999999447,2
5522,2021-08-18 00:45:00+05:30,45379.61,2021-08-18 03:05:00+05:30,44930.82,-448.7900000000009,1
5523,2021-08-18 03:35:00+05:30,44680.0,2021-08-18 04:00:00+05:30,44928.0,248.0,2
5524,2021-08-18 05:20:00+05:30,44563.27,2021-08-18 05:30:00+05:30,44878.49,315.22000000000116,2
5525,2021-08-18 06:40:00+05:30,44350.49,2021-08-18 06:45:00+05:30,44716.23,365.74000000000524,2
5526,2021-08-18 12:45:00+05:30,45113.01,2021-08-18 13:45:00+05:30,45175.29,62.279999999998836,2
5527,2021-08-18 16:55:00+05:30,45032.25,2021-08-18 18:15:00+05:30,44956.2,-76.05000000000291,1
5528,2021-08-18 23:40:00+05:30,45601.99,2021-08-19 02:15:00+05:30,44590.0,-1011.989999999998,0
5529,2021-08-19 02:25:00+05:30,44525.26,2021-08-19 03:30:00+05:30,44674.99,149.72999999999593,2
5530,2021-08-19 05:40:00+05:30,44635.84,2021-08-19 06:15:00+05:30,44925.01,289.17000000000553,2
5531,2021-08-19 07:50:00+05:30,44674.02,2021-08-19 09:55:00+05:30,44297.86,-376.1599999999962,1
5532,2021-08-19 15:45:00+05:30,44562.21,2021-08-19 17:50:00+05:30,44360.09,-202.12000000000262,1
5533,2021-08-19 22:35:00+05:30,45428.0,2021-08-19 23:00:00+05:30,45725.6,297.59999999999854,2
5534,2021-08-20 01:40:00+05:30,46441.57,2021-08-20 02:10:00+05:30,46648.75,207.1800000000003,2
5535,2021-08-20 03:45:00+05:30,46356.42,2021-08-20 04:20:00+05:30,46581.93,225.51000000000204,2
5536,2021-08-20 08:45:00+05:30,47000.0,2021-08-20 09:15:00+05:30,47129.14,129.13999999999942,2
5537,2021-08-20 10:40:00+05:30,46911.31,2021-08-20 11:00:00+05:30,47133.69,222.38000000000466,2
5538,2021-08-20 13:00:00+05:30,46952.37,2021-08-20 14:25:00+05:30,46916.8,-35.56999999999971,1
5539,2021-08-20 16:35:00+05:30,47100.01,2021-08-20 17:50:00+05:30,47070.06,-29.950000000004366,1
5540,2021-08-20 23:55:00+05:30,48511.0,2021-08-21 00:50:00+05:30,48637.07,126.06999999999971,2
5541,2021-08-21 05:50:00+05:30,48952.54,2021-08-21 07:20:00+05:30,48998.75,46.20999999999913,2
5542,2021-08-21 08:35:00+05:30,48730.52,2021-08-21 10:35:00+05:30,48774.15,43.63000000000466,2
5543,2021-08-21 12:20:00+05:30,48623.66,2021-08-21 12:45:00+05:30,48876.1,252.43999999999505,2
5544,2021-08-21 16:35:00+05:30,48487.51,2021-08-21 17:45:00+05:30,48662.0,174.48999999999796,2
5545,2021-08-21 23:35:00+05:30,49366.26,2021-08-22 00:15:00+05:30,49539.03,172.7699999999968,2
5546,2021-08-22 00:45:00+05:30,49120.41,2021-08-22 02:10:00+05:30,49046.74,-73.67000000000553,1
5547,2021-08-22 05:00:00+05:30,48982.36,2021-08-22 06:25:00+05:30,48963.69,-18.669999999998254,1
5548,2021-08-22 08:05:00+05:30,48770.23,2021-08-22 09:30:00+05:30,48860.58,90.34999999999854,2
5549,2021-08-22 13:45:00+05:30,48938.0,2021-08-22 14:50:00+05:30,49147.0,209.0,2
5550,2021-08-22 18:30:00+05:30,48818.39,2021-08-22 18:55:00+05:30,48949.99,131.59999999999854,2
5551,2021-08-22 20:00:00+05:30,48680.0,2021-08-22 21:25:00+05:30,48526.61,-153.38999999999942,1
5552,2021-08-22 23:35:00+05:30,48328.99,2021-08-23 00:30:00+05:30,48489.28,160.29000000000087,2
5553,2021-08-23 06:00:00+05:30,49097.08,2021-08-23 06:15:00+05:30,49351.45,254.36999999999534,2
5554,2021-08-23 11:45:00+05:30,50103.35,2021-08-23 13:05:00+05:30,50130.7,27.349999999998545,2
5555,2021-08-23 15:35:00+05:30,50084.48,2021-08-23 15:45:00+05:30,50317.0,232.5199999999968,2
5556,2021-08-23 18:35:00+05:30,50173.16,2021-08-23 19:40:00+05:30,50218.72,45.55999999999767,2
5557,2021-08-23 20:00:00+05:30,49834.61,2021-08-23 22:25:00+05:30,49698.06,-136.5500000000029,1
5558,2021-08-24 00:30:00+05:30,49354.56,2021-08-24 01:50:00+05:30,49305.56,-49.0,1
5559,2021-08-24 05:15:00+05:30,49474.43,2021-08-24 05:35:00+05:30,49597.98,123.55000000000291,2
5560,2021-08-24 06:00:00+05:30,49284.21,2021-08-24 07:30:00+05:30,49159.3,-124.90999999999622,1
5561,2021-08-24 13:45:00+05:30,49630.0,2021-08-24 14:05:00+05:30,49756.7,126.69999999999709,2
5562,2021-08-24 14:45:00+05:30,49551.4,2021-08-24 15:05:00+05:30,49685.85,134.4499999999971,2
5563,2021-08-24 16:00:00+05:30,49380.03,2021-08-24 17:15:00+05:30,49401.0,20.970000000001164,2
5564,2021-08-24 18:50:00+05:30,48934.76,2021-08-24 20:10:00+05:30,48706.92,-227.84000000000378,1
5565,2021-08-24 20:45:00+05:30,48435.51,2021-08-24 22:45:00+05:30,48287.25,-148.26000000000204,1
5566,2021-08-25 03:15:00+05:30,48041.01,2021-08-25 03:30:00+05:30,48259.91,218.90000000000146,2
5567,2021-08-25 05:05:00+05:30,48008.43,2021-08-25 06:00:00+05:30,47984.96,-23.470000000001164,1
5568,2021-08-25 09:20:00+05:30,47990.27,2021-08-25 09:35:00+05:30,48216.12,225.85000000000582,2
5569,2021-08-25 13:00:00+05:30,48225.71,2021-08-25 15:05:00+05:30,47241.45,-984.260000000002,0
5570,2021-08-25 19:30:00+05:30,47440.03,2021-08-25 19:45:00+05:30,47761.92,321.8899999999994,2
5571,2021-08-25 22:45:00+05:30,48507.71,2021-08-25 23:00:00+05:30,48909.43,401.72000000000116,2
5572,2021-08-26 01:20:00+05:30,48628.8,2021-08-26 01:40:00+05:30,48883.83,255.02999999999884,2
5573,2021-08-26 08:35:00+05:30,48373.16,2021-08-26 10:30:00+05:30,48042.73,-330.4300000000003,1
5574,2021-08-26 10:50:00+05:30,47611.58,2021-08-26 12:45:00+05:30,46607.02,-1004.560000000005,0
5575,2021-08-26 17:30:00+05:30,46609.76,2021-08-26 17:45:00+05:30,47202.67,592.9099999999962,2
5576,2021-08-26 20:25:00+05:30,46838.94,2021-08-26 22:00:00+05:30,46822.97,-15.970000000001164,1
5577,2021-08-26 23:35:00+05:30,46791.97,2021-08-27 00:05:00+05:30,46946.59,154.61999999999534,2
5578,2021-08-27 04:30:00+05:30,47049.0,2021-08-27 05:00:00+05:30,47310.03,261.02999999999884,2
5579,2021-08-27 05:25:00+05:30,46843.87,2021-08-27 06:20:00+05:30,47036.48,192.61000000000058,2
5580,2021-08-27 08:45:00+05:30,46950.01,2021-08-27 10:10:00+05:30,46819.43,-130.58000000000175,1
5581,2021-08-27 12:45:00+05:30,46909.46,2021-08-27 12:50:00+05:30,47233.44,323.9800000000032,2
5582,2021-08-27 14:35:00+05:30,47135.24,2021-08-27 15:15:00+05:30,47281.6,146.36000000000058,2
5583,2021-08-27 18:35:00+05:30,47121.94,2021-08-27 19:20:00+05:30,47296.99,175.04999999999563,2
5584,2021-08-27 21:50:00+05:30,48027.73,2021-08-27 22:10:00+05:30,48239.22,211.48999999999796,2
5585,2021-08-28 01:30:00+05:30,48156.99,2021-08-28 01:35:00+05:30,48347.8,190.81000000000495,2
5586,2021-08-28 03:40:00+05:30,48698.57,2021-08-28 04:05:00+05:30,48973.6,275.02999999999884,2
5587,2021-08-28 07:35:00+05:30,48987.98,2021-08-28 09:00:00+05:30,49015.13,27.14999999999418,2
5588,2021-08-28 11:30:00+05:30,48726.66,2021-08-28 11:50:00+05:30,48953.85,227.18999999999505,2
5589,2021-08-28 16:20:00+05:30,48854.06,2021-08-28 17:45:00+05:30,48828.29,-25.7699999999968,1
5590,2021-08-28 20:05:00+05:30,48500.0,2021-08-28 20:40:00+05:30,48642.07,142.0699999999997,2
5591,2021-08-29 00:05:00+05:30,48854.2,2021-08-29 01:50:00+05:30,48657.06,-197.13999999999942,1
5592,2021-08-29 04:20:00+05:30,48691.4,2021-08-29 05:05:00+05:30,48797.96,106.55999999999767,2
5593,2021-08-29 08:05:00+05:30,49042.08,2021-08-29 09:30:00+05:30,48025.85,-1016.2300000000032,0
5594,2021-08-29 14:15:00+05:30,48288.44,2021-08-29 14:25:00+05:30,48492.99,204.54999999999563,2
5595,2021-08-29 14:30:00+05:30,48295.19,2021-08-29 14:45:00+05:30,48503.14,207.9499999999971,2
5596,2021-08-29 17:00:00+05:30,48369.26,2021-08-29 17:50:00+05:30,48400.01,30.75,2
5597,2021-08-29 20:25:00+05:30,48228.27,2021-08-29 20:55:00+05:30,48342.81,114.54000000000087,2
5598,2021-08-30 03:10:00+05:30,48716.01,2021-08-30 03:25:00+05:30,48891.95,175.93999999999505,2
5599,2021-08-30 05:30:00+05:30,48705.27,2021-08-30 06:55:00+05:30,48613.27,-92.0,1
5600,2021-08-30 08:20:00+05:30,48403.09,2021-08-30 10:40:00+05:30,47965.04,-438.04999999999563,1
5601,2021-08-30 12:00:00+05:30,47791.26,2021-08-30 12:05:00+05:30,48075.3,284.0400000000009,2
5602,2021-08-30 16:55:00+05:30,47771.65,2021-08-30 17:10:00+05:30,47937.25,165.59999999999854,2
5603,2021-08-30 17:50:00+05:30,47563.06,2021-08-30 19:00:00+05:30,47670.43,107.37000000000262,2
5604,2021-08-31 02:35:00+05:30,48351.09,2021-08-31 04:35:00+05:30,47368.88,-982.2099999999991,0
5605,2021-08-31 12:30:00+05:30,46884.06,2021-08-31 12:40:00+05:30,47185.71,301.65000000000146,2
5606,2021-08-31 14:40:00+05:30,47505.57,2021-08-31 16:10:00+05:30,47486.87,-18.69999999999709,1
5607,2021-08-31 19:45:00+05:30,47559.23,2021-08-31 21:20:00+05:30,47425.89,-133.34000000000378,1
5608,2021-08-31 23:00:00+05:30,47181.35,2021-09-01 00:00:00+05:30,47238.82,57.470000000001164,2
5609,2021-09-01 01:50:00+05:30,47147.49,2021-09-01 03:10:00+05:30,47161.34,13.849999999998545,2
5610,2021-09-01 05:50:00+05:30,46930.39,2021-09-01 07:20:00+05:30,46847.14,-83.25,1
5611,2021-09-01 13:15:00+05:30,47130.33,2021-09-01 13:35:00+05:30,47303.03,172.6999999999971,2
5612,2021-09-01 18:45:00+05:30,47462.9,2021-09-01 19:50:00+05:30,47556.13,93.22999999999593,2
5613,2021-09-01 20:25:00+05:30,47275.81,2021-09-01 21:15:00+05:30,47455.24,179.4300000000003,2
5614,2021-09-02 00:30:00+05:30,48578.64,2021-09-02 02:20:00+05:30,48296.19,-282.4499999999971,1
5615,2021-09-02 09:40:00+05:30,49474.11,2021-09-02 10:40:00+05:30,49606.99,132.87999999999738,2
5616,2021-09-02 20:00:00+05:30,49844.71,2021-09-02 21:40:00+05:30,49670.0,-174.70999999999913,1
5617,2021-09-02 22:30:00+05:30,49500.0,2021-09-03 00:40:00+05:30,49430.49,-69.51000000000204,1
5618,2021-09-03 04:40:00+05:30,49539.24,2021-09-03 06:50:00+05:30,48452.54,-1086.699999999997,0
5619,2021-09-03 11:10:00+05:30,49386.11,2021-09-03 11:35:00+05:30,49569.65,183.54000000000087,2
5620,2021-09-03 12:20:00+05:30,49358.21,2021-09-03 13:05:00+05:30,49505.36,147.15000000000146,2
5621,2021-09-03 16:30:00+05:30,49650.11,2021-09-03 17:05:00+05:30,49980.76,330.65000000000146,2
5622,2021-09-03 20:05:00+05:30,50510.01,2021-09-03 20:30:00+05:30,50742.52,232.50999999999476,2
5623,2021-09-03 23:25:00+05:30,50396.59,2021-09-04 00:20:00+05:30,50538.15,141.56000000000495,2
5624,2021-09-04 01:50:00+05:30,50170.2,2021-09-04 03:25:00+05:30,50239.89,69.69000000000233,2
5625,2021-09-04 03:40:00+05:30,49738.59,2021-09-04 05:10:00+05:30,49791.38,52.79000000000087,2
5626,2021-09-04 06:50:00+05:30,49680.42,2021-09-04 07:45:00+05:30,49815.4,134.9800000000032,2
5627,2021-09-04 10:40:00+05:30,50166.2,2021-09-04 11:05:00+05:30,50361.57,195.37000000000262,2
5628,2021-09-04 13:30:00+05:30,50026.57,2021-09-04 14:05:00+05:30,50218.78,192.20999999999913,2
5629,2021-09-04 16:15:00+05:30,50012.03,2021-09-04 17:30:00+05:30,49984.1,-27.93000000000029,1
5630,2021-09-04 19:30:00+05:30,49959.43,2021-09-04 21:40:00+05:30,49947.23,-12.19999999999709,1
5631,2021-09-04 22:35:00+05:30,49673.56,2021-09-04 23:20:00+05:30,49799.9,126.34000000000378,2
5632,2021-09-05 04:05:00+05:30,49915.81,2021-09-05 05:15:00+05:30,50030.0,114.19000000000233,2
5633,2021-09-05 08:40:00+05:30,49899.53,2021-09-05 10:00:00+05:30,49847.68,-51.849999999998545,1
5634,2021-09-05 11:05:00+05:30,49621.7,2021-09-05 12:00:00+05:30,49758.0,136.3000000000029,2
5635,2021-09-05 16:15:00+05:30,49993.4,2021-09-05 16:40:00+05:30,50117.5,124.09999999999854,2
5636,2021-09-06 08:20:00+05:30,51647.61,2021-09-06 09:35:00+05:30,51675.75,28.139999999999418,2
5637,2021-09-06 13:40:00+05:30,51685.63,2021-09-06 14:35:00+05:30,51761.36,75.7300000000032,2
5638,2021-09-06 16:50:00+05:30,51660.01,2021-09-06 18:30:00+05:30,51423.92,-236.09000000000378,1
5639,2021-09-06 21:35:00+05:30,51480.71,2021-09-06 22:00:00+05:30,51633.29,152.58000000000175,2
5640,2021-09-07 10:30:00+05:30,52442.32,2021-09-07 11:10:00+05:30,52607.29,164.97000000000116,2
5641,2021-09-07 12:20:00+05:30,52450.98,2021-09-07 13:20:00+05:30,52443.8,-7.180000000000291,1
5642,2021-09-07 13:50:00+05:30,52006.75,2021-09-07 15:10:00+05:30,50724.01,-1282.739999999998,0
5643,2021-09-07 17:50:00+05:30,50831.71,2021-09-07 18:15:00+05:30,51048.97,217.26000000000204,2
5644,2021-09-07 19:25:00+05:30,50590.54,2021-09-07 20:15:00+05:30,48675.33,-1915.2099999999991,0
5645,2021-09-07 20:20:00+05:30,49048.78,2021-09-07 20:25:00+05:30,47374.1,-1674.6800000000003,0
5646,2021-09-07 20:30:00+05:30,47818.22,2021-09-07 20:35:00+05:30,43088.74,-4729.480000000003,0
5647,2021-09-07 23:45:00+05:30,46116.66,2021-09-08 00:05:00+05:30,47132.25,1015.5899999999965,2
5648,2021-09-08 02:05:00+05:30,46485.28,2021-09-08 02:30:00+05:30,46896.12,410.8400000000038,2
5649,2021-09-08 02:55:00+05:30,46179.42,2021-09-08 03:35:00+05:30,46658.59,479.16999999999825,2
5650,2021-09-08 05:35:00+05:30,46504.38,2021-09-08 05:50:00+05:30,46761.66,257.2800000000061,2
5651,2021-09-08 08:40:00+05:30,46845.19,2021-09-08 09:45:00+05:30,46744.35,-100.84000000000378,1
5652,2021-09-08 11:25:00+05:30,46074.84,2021-09-08 12:15:00+05:30,45141.47,-933.3699999999953,0
5653,2021-09-08 13:40:00+05:30,44963.58,2021-09-08 14:00:00+05:30,45550.53,586.9499999999971,2
5654,2021-09-08 18:15:00+05:30,46248.9,2021-09-08 18:55:00+05:30,46537.56,288.6599999999962,2
5655,2021-09-08 20:10:00+05:30,45809.14,2021-09-08 20:40:00+05:30,46177.58,368.4400000000023,2
5656,2021-09-09 01:30:00+05:30,46080.94,2021-09-09 02:30:00+05:30,46193.13,112.18999999999505,2
5657,2021-09-09 05:15:00+05:30,46092.72,2021-09-09 06:05:00+05:30,46290.01,197.29000000000087,2
5658,2021-09-09 08:00:00+05:30,45742.89,2021-09-09 09:00:00+05:30,45989.83,246.94000000000233,2
5659,2021-09-09 11:55:00+05:30,46037.94,2021-09-09 12:45:00+05:30,46199.91,161.97000000000116,2
5660,2021-09-09 15:25:00+05:30,46160.88,2021-09-09 16:30:00+05:30,46223.73,62.85000000000582,2
5661,2021-09-09 17:55:00+05:30,46033.4,2021-09-09 18:20:00+05:30,46318.06,284.6599999999962,2
5662,2021-09-09 20:35:00+05:30,46756.34,2021-09-09 20:40:00+05:30,46997.13,240.79000000000087,2
5663,2021-09-09 23:25:00+05:30,46766.32,2021-09-10 01:00:00+05:30,46652.87,-113.44999999999709,1
5664,2021-09-10 01:45:00+05:30,46356.32,2021-09-10 02:55:00+05:30,46407.17,50.849999999998545,2
5665,2021-09-10 08:35:00+05:30,46627.74,2021-09-10 09:25:00+05:30,46719.71,91.97000000000116,2
5666,2021-09-10 10:30:00+05:30,46437.65,2021-09-10 11:10:00+05:30,46640.47,202.8199999999997,2
5667,2021-09-10 12:45:00+05:30,46165.07,2021-09-10 13:45:00+05:30,46288.56,123.48999999999796,2
5668,2021-09-10 14:00:00+05:30,45830.68,2021-09-10 14:55:00+05:30,46140.0,309.3199999999997,2
5669,2021-09-10 16:45:00+05:30,46007.89,2021-09-10 17:05:00+05:30,46198.21,190.3199999999997,2
5670,2021-09-10 19:50:00+05:30,45561.7,2021-09-10 21:10:00+05:30,45380.0,-181.6999999999971,1
5671,2021-09-11 00:50:00+05:30,45544.33,2021-09-11 01:15:00+05:30,45661.61,117.27999999999884,2
5672,2021-09-11 02:05:00+05:30,45290.0,2021-09-11 03:20:00+05:30,44371.25,-918.75,0
5673,2021-09-11 08:15:00+05:30,45169.06,2021-09-11 09:25:00+05:30,45191.88,22.81999999999971,2
5674,2021-09-11 12:45:00+05:30,45030.43,2021-09-11 14:05:00+05:30,44992.4,-38.029999999998836,1
5675,2021-09-11 17:40:00+05:30,45485.91,2021-09-11 17:50:00+05:30,45719.36,233.4499999999971,2
5676,2021-09-11 19:00:00+05:30,45414.33,2021-09-11 19:25:00+05:30,45620.44,206.11000000000058,2
5677,2021-09-11 21:30:00+05:30,45466.11,2021-09-11 21:55:00+05:30,45644.99,178.87999999999738,2
5678,2021-09-12 00:55:00+05:30,45456.25,2021-09-12 02:30:00+05:30,45431.87,-24.37999999999738,1
5679,2021-09-12 03:35:00+05:30,45227.92,2021-09-12 04:55:00+05:30,45217.23,-10.689999999995052,1
5680,2021-09-12 06:00:00+05:30,44910.59,2021-09-12 07:25:00+05:30,44949.97,39.38000000000466,2
5681,2021-09-12 12:10:00+05:30,45214.99,2021-09-12 13:05:00+05:30,45226.85,11.860000000000582,2
5682,2021-09-12 15:30:00+05:30,45746.11,2021-09-12 16:25:00+05:30,45944.77,198.65999999999622,2
5683,2021-09-12 19:05:00+05:30,45778.29,2021-09-12 20:05:00+05:30,45953.78,175.48999999999796,2
5684,2021-09-12 21:05:00+05:30,45787.77,2021-09-12 21:30:00+05:30,45959.47,171.70000000000437,2
5685,2021-09-12 23:45:00+05:30,45818.79,2021-09-13 00:20:00+05:30,45886.7,67.90999999999622,2
5686,2021-09-13 02:00:00+05:30,45357.6,2021-09-13 03:25:00+05:30,45287.41,-70.18999999999505,1
5687,2021-09-13 06:10:00+05:30,45960.77,2021-09-13 08:15:00+05:30,45006.47,-954.2999999999956,0
5688,2021-09-13 08:20:00+05:30,44938.42,2021-09-13 10:50:00+05:30,44696.77,-241.65000000000146,1
5689,2021-09-13 12:45:00+05:30,44414.51,2021-09-13 14:00:00+05:30,44519.89,105.37999999999738,2
5690,2021-09-13 16:40:00+05:30,44232.42,2021-09-13 16:45:00+05:30,44719.74,487.3199999999997,2
5691,2021-09-14 04:50:00+05:30,44863.31,2021-09-14 05:10:00+05:30,45011.92,148.61000000000058,2
5692,2021-09-14 05:55:00+05:30,44817.72,2021-09-14 06:05:00+05:30,45058.82,241.09999999999854,2
5693,2021-09-14 07:50:00+05:30,44990.38,2021-09-14 08:30:00+05:30,45128.91,138.5300000000061,2
5694,2021-09-14 10:25:00+05:30,45083.6,2021-09-14 10:55:00+05:30,45195.09,111.48999999999796,2
5695,2021-09-14 17:50:00+05:30,45780.68,2021-09-14 18:00:00+05:30,46243.02,462.3399999999965,2
5696,2021-09-14 22:40:00+05:30,46519.03,2021-09-14 23:10:00+05:30,46729.99,210.95999999999913,2
5697,2021-09-15 00:00:00+05:30,46352.74,2021-09-15 00:55:00+05:30,46533.18,180.44000000000233,2
5698,2021-09-15 07:20:00+05:30,47019.97,2021-09-15 08:00:00+05:30,47145.0,125.02999999999884,2
5699,2021-09-15 10:25:00+05:30,46867.71,2021-09-15 10:55:00+05:30,47049.99,182.27999999999884,2
5700,2021-09-15 11:30:00+05:30,46824.37,2021-09-15 12:00:00+05:30,46928.6,104.22999999999593,2
5701,2021-09-15 23:25:00+05:30,47980.67,2021-09-16 00:30:00+05:30,48053.53,72.86000000000058,2
5702,2021-09-16 02:20:00+05:30,47930.15,2021-09-16 02:50:00+05:30,48071.98,141.83000000000175,2
5703,2021-09-16 08:00:00+05:30,47827.99,2021-09-16 09:35:00+05:30,47981.77,153.77999999999884,2
5704,2021-09-16 13:30:00+05:30,48246.11,2021-09-16 14:55:00+05:30,48226.98,-19.12999999999738,1
5705,2021-09-16 15:20:00+05:30,47924.2,2021-09-16 16:45:00+05:30,47912.7,-11.5,1
5706,2021-09-16 19:10:00+05:30,47688.72,2021-09-16 20:35:00+05:30,47589.17,-99.55000000000291,1
5707,2021-09-16 22:55:00+05:30,47866.1,2021-09-17 00:25:00+05:30,47655.99,-210.11000000000058,1
5708,2021-09-17 01:25:00+05:30,47430.01,2021-09-17 02:50:00+05:30,47487.13,57.11999999999534,2
5709,2021-09-17 06:15:00+05:30,47636.53,2021-09-17 06:45:00+05:30,47737.56,101.02999999999884,2
5710,2021-09-17 11:35:00+05:30,47890.64,2021-09-17 12:20:00+05:30,47972.0,81.36000000000058,2
5711,2021-09-17 13:25:00+05:30,47719.73,2021-09-17 13:50:00+05:30,47935.22,215.48999999999796,2
5712,2021-09-17 15:10:00+05:30,47750.98,2021-09-17 16:50:00+05:30,47609.87,-141.11000000000058,1
5713,2021-09-17 18:55:00+05:30,47200.65,2021-09-17 19:15:00+05:30,47385.53,184.87999999999738,2
5714,2021-09-17 23:15:00+05:30,47364.38,2021-09-18 00:45:00+05:30,47173.4,-190.97999999999593,1
5715,2021-09-18 02:25:00+05:30,46970.96,2021-09-18 03:00:00+05:30,47190.01,219.0500000000029,2
5716,2021-09-18 15:05:00+05:30,48508.96,2021-09-18 15:45:00+05:30,48652.53,143.5699999999997,2
5717,2021-09-18 17:20:00+05:30,48437.46,2021-09-18 17:40:00+05:30,48587.7,150.23999999999796,2
5718,2021-09-18 21:20:00+05:30,48285.51,2021-09-18 21:30:00+05:30,48479.99,194.47999999999593,2
5719,2021-09-18 22:00:00+05:30,48241.67,2021-09-18 23:05:00+05:30,48263.56,21.889999999999418,2
5720,2021-09-19 00:40:00+05:30,48176.57,2021-09-19 01:25:00+05:30,48266.0,89.43000000000029,2
5721,2021-09-19 01:30:00+05:30,48028.12,2021-09-19 02:35:00+05:30,48036.26,8.139999999999418,2
5722,2021-09-19 06:10:00+05:30,47940.36,2021-09-19 07:20:00+05:30,47904.04,-36.31999999999971,1
5723,2021-09-19 16:30:00+05:30,47979.24,2021-09-19 18:35:00+05:30,47389.09,-590.1500000000015,1
5724,2021-09-19 22:10:00+05:30,47519.53,2021-09-19 22:35:00+05:30,47644.75,125.22000000000116,2
5725,2021-09-19 23:00:00+05:30,47403.01,2021-09-19 23:55:00+05:30,47554.18,151.16999999999825,2
5726,2021-09-20 01:25:00+05:30,47376.72,2021-09-20 02:10:00+05:30,47524.29,147.5699999999997,2
5727,2021-09-20 03:45:00+05:30,47248.0,2021-09-20 05:00:00+05:30,47316.38,68.37999999999738,2
5728,2021-09-20 05:50:00+05:30,46955.21,2021-09-20 06:50:00+05:30,47129.32,174.11000000000058,2
5729,2021-09-20 07:55:00+05:30,46910.0,2021-09-20 08:25:00+05:30,45938.37,-971.6299999999974,0
5730,2021-09-20 12:00:00+05:30,45550.3,2021-09-20 12:30:00+05:30,45671.35,121.04999999999563,2
5731,2021-09-20 12:55:00+05:30,45393.6,2021-09-20 14:05:00+05:30,45099.98,-293.61999999999534,1
5732,2021-09-20 15:25:00+05:30,44844.02,2021-09-20 15:45:00+05:30,45243.82,399.8000000000029,2
5733,2021-09-20 16:05:00+05:30,44568.24,2021-09-20 17:10:00+05:30,43494.99,-1073.25,0
5734,2021-09-20 17:15:00+05:30,43438.08,2021-09-20 18:25:00+05:30,43532.0,93.91999999999825,2
5735,2021-09-20 20:30:00+05:30,43584.36,2021-09-20 20:40:00+05:30,43987.21,402.84999999999854,2
5736,2021-09-20 23:50:00+05:30,43617.99,2021-09-21 01:00:00+05:30,43534.71,-83.27999999999884,1
5737,2021-09-21 04:15:00+05:30,43505.17,2021-09-21 05:35:00+05:30,42528.22,-976.9499999999971,0
5738,2021-09-21 05:40:00+05:30,42083.83,2021-09-21 05:50:00+05:30,40564.88,-1518.9500000000044,0
5739,2021-09-21 05:55:00+05:30,41082.36,2021-09-21 06:50:00+05:30,41976.83,894.4700000000012,2
5740,2021-09-21 09:55:00+05:30,42362.96,2021-09-21 11:05:00+05:30,42463.04,100.08000000000175,2
5741,2021-09-21 18:00:00+05:30,43199.04,2021-09-21 18:15:00+05:30,43352.88,153.8399999999965,2
5742,2021-09-21 18:25:00+05:30,43116.0,2021-09-21 19:05:00+05:30,43200.01,84.01000000000204,2
5743,2021-09-21 19:35:00+05:30,42557.51,2021-09-21 21:00:00+05:30,43025.54,468.02999999999884,2
5744,2021-09-21 22:50:00+05:30,41866.6,2021-09-21 23:40:00+05:30,42338.01,471.4100000000035,2
5745,2021-09-22 01:55:00+05:30,41607.49,2021-09-22 02:30:00+05:30,40693.18,-914.3099999999977,0
5746,2021-09-22 02:45:00+05:30,39681.0,2021-09-22 03:00:00+05:30,41383.01,1702.010000000002,2
5747,2021-09-22 04:25:00+05:30,40508.13,2021-09-22 05:25:00+05:30,40734.38,226.25,2
5748,2021-09-22 10:00:00+05:30,41888.27,2021-09-22 10:35:00+05:30,42094.13,205.86000000000058,2
5749,2021-09-22 16:05:00+05:30,42100.38,2021-09-22 17:50:00+05:30,42079.75,-20.62999999999738,1
5750,2021-09-22 22:50:00+05:30,42951.22,2021-09-22 23:05:00+05:30,43272.5,321.27999999999884,2
5751,2021-09-23 03:15:00+05:30,43132.9,2021-09-23 03:35:00+05:30,43532.1,399.1999999999971,2
5752,2021-09-23 05:50:00+05:30,43377.07,2021-09-23 07:00:00+05:30,43412.21,35.13999999999942,2
5753,2021-09-23 10:50:00+05:30,43845.06,2021-09-23 12:15:00+05:30,43934.16,89.10000000000582,2
5754,2021-09-23 14:15:00+05:30,43849.99,2021-09-23 14:40:00+05:30,44100.11,250.12000000000262,2
5755,2021-09-23 15:40:00+05:30,43730.39,2021-09-23 17:25:00+05:30,43648.15,-82.23999999999796,1
5756,2021-09-23 20:50:00+05:30,43909.4,2021-09-23 22:30:00+05:30,44035.18,125.77999999999884,2
5757,2021-09-24 01:45:00+05:30,44488.77,2021-09-24 02:25:00+05:30,44680.01,191.24000000000524,2
5758,2021-09-24 06:20:00+05:30,44643.41,2021-09-24 08:35:00+05:30,44505.67,-137.74000000000524,1
5759,2021-09-24 09:20:00+05:30,44301.37,2021-09-24 11:15:00+05:30,44194.85,-106.52000000000407,1
5760,2021-09-24 14:25:00+05:30,44517.29,2021-09-24 14:35:00+05:30,43625.6,-891.6900000000023,0
5761,2021-09-24 14:40:00+05:30,43496.89,2021-09-24 15:25:00+05:30,42350.81,-1146.0800000000017,0
5762,2021-09-24 16:35:00+05:30,41668.15,2021-09-24 17:50:00+05:30,41543.01,-125.13999999999942,1
5763,2021-09-24 21:05:00+05:30,41787.19,2021-09-24 21:50:00+05:30,42196.98,409.7900000000009,2
5764,2021-09-25 05:00:00+05:30,42655.39,2021-09-25 05:50:00+05:30,42886.52,231.12999999999738,2
5765,2021-09-25 06:40:00+05:30,42432.71,2021-09-25 07:30:00+05:30,42521.19,88.4800000000032,2
5766,2021-09-25 10:40:00+05:30,42428.34,2021-09-25 11:45:00+05:30,42654.32,225.9800000000032,2
5767,2021-09-25 12:55:00+05:30,42356.4,2021-09-25 14:20:00+05:30,42352.53,-3.8700000000026193,1
5768,2021-09-25 16:30:00+05:30,42471.82,2021-09-25 17:35:00+05:30,42539.28,67.45999999999913,2
5769,2021-09-25 19:45:00+05:30,42258.41,2021-09-25 20:45:00+05:30,42429.56,171.14999999999418,2
5770,2021-09-25 23:50:00+05:30,42476.21,2021-09-26 00:05:00+05:30,42687.94,211.7300000000032,2
5771,2021-09-26 02:45:00+05:30,42410.02,2021-09-26 03:15:00+05:30,42601.95,191.9300000000003,2
5772,2021-09-26 05:40:00+05:30,42560.33,2021-09-26 08:45:00+05:30,42149.48,-410.84999999999854,1
5773,2021-09-26 12:50:00+05:30,41782.42,2021-09-26 14:15:00+05:30,41508.08,-274.3399999999965,1
5774,2021-09-26 22:05:00+05:30,43172.59,2021-09-26 23:45:00+05:30,43243.76,71.17000000000553,2
5775,2021-09-27 04:25:00+05:30,42894.49,2021-09-27 05:30:00+05:30,43191.46,296.97000000000116,2
5776,2021-09-27 09:15:00+05:30,43888.32,2021-09-27 10:25:00+05:30,44013.08,124.76000000000204,2
5777,2021-09-27 12:25:00+05:30,43728.35,2021-09-27 13:50:00+05:30,43846.21,117.86000000000058,2
5778,2021-09-27 15:05:00+05:30,43512.53,2021-09-27 15:40:00+05:30,43786.84,274.3099999999977,2
5779,2021-09-27 17:30:00+05:30,43524.26,2021-09-27 18:15:00+05:30,43670.0,145.73999999999796,2
5780,2021-09-27 22:15:00+05:30,42913.57,2021-09-27 23:30:00+05:30,43102.31,188.73999999999796,2
5781,2021-09-28 01:30:00+05:30,42788.0,2021-09-28 02:50:00+05:30,42843.8,55.80000000000291,2
5782,2021-09-28 04:50:00+05:30,42914.0,2021-09-28 06:45:00+05:30,42292.55,-621.4499999999971,1
5783,2021-09-28 10:40:00+05:30,42389.89,2021-09-28 13:35:00+05:30,41535.9,-853.989999999998,0
5784,2021-09-28 18:10:00+05:30,41850.01,2021-09-28 18:35:00+05:30,42410.89,560.8799999999974,2
5785,2021-09-28 19:40:00+05:30,41537.61,2021-09-28 21:00:00+05:30,41618.31,80.69999999999709,2
5786,2021-09-28 22:15:00+05:30,41176.91,2021-09-28 23:20:00+05:30,41375.39,198.47999999999593,2
5787,2021-09-29 01:20:00+05:30,41414.54,2021-09-29 01:25:00+05:30,41601.99,187.4499999999971,2
5788,2021-09-29 03:30:00+05:30,41705.92,2021-09-29 05:40:00+05:30,40838.85,-867.0699999999997,0
5789,2021-09-29 17:55:00+05:30,42196.19,2021-09-29 19:25:00+05:30,42144.48,-51.70999999999913,1
5790,2021-09-29 21:00:00+05:30,41924.38,2021-09-30 00:35:00+05:30,41377.61,-546.7699999999968,1
5791,2021-09-30 01:40:00+05:30,41048.87,2021-09-30 02:30:00+05:30,41247.96,199.0899999999965,2
5792,2021-09-30 12:25:00+05:30,43371.92,2021-09-30 14:40:00+05:30,43245.47,-126.44999999999709,1
5793,2021-09-30 16:00:00+05:30,42969.99,2021-09-30 16:50:00+05:30,43091.72,121.7300000000032,2
5794,2021-09-30 19:35:00+05:30,42949.9,2021-09-30 20:35:00+05:30,43277.75,327.84999999999854,2
5795,2021-10-01 02:00:00+05:30,43421.06,2021-10-01 03:05:00+05:30,43600.01,178.95000000000437,2
5796,2021-10-01 06:30:00+05:30,43503.8,2021-10-01 07:10:00+05:30,43773.92,270.11999999999534,2
5797,2021-10-01 08:05:00+05:30,43400.0,2021-10-01 09:05:00+05:30,43600.48,200.4800000000032,2
5798,2021-10-01 20:10:00+05:30,46783.89,2021-10-01 20:25:00+05:30,47130.0,346.1100000000006,2
5799,2021-10-02 04:00:00+05:30,47969.9,2021-10-02 05:15:00+05:30,48097.3,127.40000000000146,2
5800,2021-10-02 05:40:00+05:30,47715.6,2021-10-02 06:40:00+05:30,47987.25,271.65000000000146,2
5801,2021-10-02 08:50:00+05:30,47569.04,2021-10-02 09:35:00+05:30,47662.3,93.26000000000204,2
5802,2021-10-02 13:45:00+05:30,47635.95,2021-10-02 14:25:00+05:30,47723.91,87.9600000000064,2
5803,2021-10-02 16:00:00+05:30,47588.55,2021-10-02 17:00:00+05:30,47650.75,62.19999999999709,2
5804,2021-10-02 21:35:00+05:30,47743.38,2021-10-02 22:00:00+05:30,47940.5,197.12000000000262,2
5805,2021-10-02 23:45:00+05:30,47779.99,2021-10-03 00:20:00+05:30,47887.29,107.30000000000291,2
5806,2021-10-03 04:50:00+05:30,48001.0,2021-10-03 07:10:00+05:30,47477.96,-523.0400000000009,1
5807,2021-10-03 12:35:00+05:30,47874.33,2021-10-03 13:40:00+05:30,47980.57,106.23999999999796,2
5808,2021-10-03 14:30:00+05:30,47754.88,2021-10-03 15:25:00+05:30,47830.09,75.20999999999913,2
5809,2021-10-03 20:55:00+05:30,47893.59,2021-10-03 21:45:00+05:30,47927.99,34.400000000001455,2
5810,2021-10-04 01:40:00+05:30,48716.0,2021-10-04 03:10:00+05:30,47724.54,-991.4599999999991,0
5811,2021-10-04 06:10:00+05:30,47896.49,2021-10-04 06:50:00+05:30,48167.02,270.52999999999884,2
5812,2021-10-04 08:30:00+05:30,47524.11,2021-10-04 08:50:00+05:30,47732.25,208.13999999999942,2
5813,2021-10-04 09:30:00+05:30,47391.81,2021-10-04 09:45:00+05:30,47595.86,204.0500000000029,2
5814,2021-10-04 11:35:00+05:30,47654.45,2021-10-04 12:05:00+05:30,47763.33,108.88000000000466,2
5815,2021-10-04 14:05:00+05:30,47585.98,2021-10-04 14:50:00+05:30,47700.01,114.02999999999884,2
5816,2021-10-04 20:20:00+05:30,47420.44,2021-10-04 21:25:00+05:30,47758.23,337.7900000000009,2
5817,2021-10-05 00:55:00+05:30,48931.0,2021-10-05 01:10:00+05:30,49235.61,304.6100000000006,2
5818,2021-10-05 03:05:00+05:30,48572.16,2021-10-05 03:50:00+05:30,48922.95,350.7899999999936,2
5819,2021-10-05 10:20:00+05:30,49100.01,2021-10-05 10:30:00+05:30,49270.0,169.98999999999796,2
5820,2021-10-05 20:05:00+05:30,49697.28,2021-10-05 20:40:00+05:30,50006.0,308.72000000000116,2
5821,2021-10-06 05:35:00+05:30,51236.19,2021-10-06 07:15:00+05:30,51278.84,42.64999999999418,2
5822,2021-10-06 10:00:00+05:30,51329.81,2021-10-06 10:40:00+05:30,51427.42,97.61000000000058,2
5823,2021-10-06 12:55:00+05:30,51310.55,2021-10-06 13:20:00+05:30,51535.23,224.6800000000003,2
5824,2021-10-06 13:35:00+05:30,51157.26,2021-10-06 15:25:00+05:30,50700.0,-457.26000000000204,1
5825,2021-10-07 05:55:00+05:30,54895.0,2021-10-07 07:15:00+05:30,54712.29,-182.70999999999913,1
5826,2021-10-07 09:05:00+05:30,54766.07,2021-10-07 09:40:00+05:30,54991.52,225.4499999999971,2
5827,2021-10-07 10:45:00+05:30,54621.37,2021-10-07 11:40:00+05:30,54833.21,211.8399999999965,2
5828,2021-10-07 12:10:00+05:30,54533.82,2021-10-07 13:00:00+05:30,54718.22,184.40000000000146,2
5829,2021-10-07 14:30:00+05:30,54300.01,2021-10-07 15:20:00+05:30,54343.99,43.979999999995925,2
5830,2021-10-07 17:55:00+05:30,53778.99,2021-10-07 18:10:00+05:30,54187.12,408.13000000000466,2
5831,2021-10-08 00:10:00+05:30,53829.54,2021-10-08 00:45:00+05:30,54135.32,305.77999999999884,2
5832,2021-10-08 03:40:00+05:30,54034.99,2021-10-08 05:35:00+05:30,53856.11,-178.87999999999738,1
5833,2021-10-08 07:55:00+05:30,53884.86,2021-10-08 09:35:00+05:30,53912.61,27.75,2
5834,2021-10-08 17:20:00+05:30,55193.57,2021-10-08 20:05:00+05:30,54569.81,-623.760000000002,1
5835,2021-10-08 21:10:00+05:30,54066.12,2021-10-08 22:00:00+05:30,54373.49,307.36999999999534,2
5836,2021-10-09 02:00:00+05:30,54411.15,2021-10-09 03:30:00+05:30,54220.9,-190.25,1
5837,2021-10-09 04:50:00+05:30,53854.49,2021-10-09 05:35:00+05:30,54013.44,158.95000000000437,2
5838,2021-10-09 10:45:00+05:30,54428.68,2021-10-09 11:25:00+05:30,54597.78,169.09999999999854,2
5839,2021-10-09 14:00:00+05:30,54688.93,2021-10-09 15:10:00+05:30,54704.67,15.739999999997963,2
5840,2021-10-09 21:10:00+05:30,54972.59,2021-10-09 21:35:00+05:30,55095.78,123.19000000000233,2
5841,2021-10-09 21:45:00+05:30,54886.49,2021-10-09 23:05:00+05:30,54907.96,21.470000000001164,2
5842,2021-10-10 01:25:00+05:30,54656.81,2021-10-10 02:25:00+05:30,54663.83,7.0200000000040745,2
5843,2021-10-10 06:30:00+05:30,54694.02,2021-10-10 08:05:00+05:30,54646.25,-47.7699999999968,1
5844,2021-10-10 14:35:00+05:30,55404.49,2021-10-10 15:55:00+05:30,55116.55,-287.93999999999505,1
5845,2021-10-10 20:30:00+05:30,55003.47,2021-10-10 21:00:00+05:30,55225.0,221.52999999999884,2
5846,2021-10-10 22:45:00+05:30,55043.83,2021-10-10 23:15:00+05:30,55297.55,253.72000000000116,2
5847,2021-10-11 02:30:00+05:30,54814.47,2021-10-11 04:15:00+05:30,54824.52,10.049999999995634,2
5848,2021-10-11 05:15:00+05:30,54535.14,2021-10-11 05:35:00+05:30,54848.23,313.0900000000038,2
5849,2021-10-11 11:05:00+05:30,56191.0,2021-10-11 11:20:00+05:30,56528.99,337.98999999999796,2
5850,2021-10-11 13:45:00+05:30,56485.63,2021-10-11 14:35:00+05:30,56648.84,163.20999999999913,2
5851,2021-10-11 16:25:00+05:30,56177.65,2021-10-11 17:00:00+05:30,56417.58,239.9300000000003,2
5852,2021-10-12 01:30:00+05:30,57145.54,2021-10-12 02:10:00+05:30,57426.57,281.02999999999884,2
5853,2021-10-12 05:40:00+05:30,56880.61,2021-10-12 06:55:00+05:30,57030.87,150.26000000000204,2
5854,2021-10-12 08:15:00+05:30,56799.99,2021-10-12 09:30:00+05:30,56750.0,-49.98999999999796,1
5855,2021-10-12 11:00:00+05:30,56634.39,2021-10-12 11:15:00+05:30,57227.65,593.260000000002,2
5856,2021-10-12 14:50:00+05:30,57170.19,2021-10-12 16:00:00+05:30,57176.38,6.189999999995052,2
5857,2021-10-12 17:55:00+05:30,56866.63,2021-10-12 18:35:00+05:30,57240.0,373.3700000000026,2
5858,2021-10-12 20:10:00+05:30,56692.05,2021-10-12 23:20:00+05:30,56006.01,-686.0400000000009,1
5859,2021-10-13 01:20:00+05:30,55399.49,2021-10-13 02:05:00+05:30,55482.77,83.27999999999884,2
5860,2021-10-13 05:20:00+05:30,56047.92,2021-10-13 05:55:00+05:30,56226.64,178.72000000000116,2
5861,2021-10-13 10:00:00+05:30,56146.04,2021-10-13 11:25:00+05:30,55011.85,-1134.1900000000023,0
5862,2021-10-13 12:50:00+05:30,54933.91,2021-10-13 13:45:00+05:30,55121.15,187.23999999999796,2
5863,2021-10-13 16:20:00+05:30,54452.11,2021-10-13 17:00:00+05:30,54829.67,377.5599999999977,2
5864,2021-10-13 19:20:00+05:30,54842.94,2021-10-13 19:55:00+05:30,55065.17,222.22999999999593,2
5865,2021-10-14 04:50:00+05:30,57257.15,2021-10-14 05:30:00+05:30,57442.13,184.97999999999593,2
5866,2021-10-14 06:00:00+05:30,57204.61,2021-10-14 06:15:00+05:30,57575.42,370.8099999999977,2
5867,2021-10-14 09:35:00+05:30,57993.16,2021-10-14 09:50:00+05:30,58161.41,168.25,2
5868,2021-10-14 10:00:00+05:30,57876.54,2021-10-14 11:00:00+05:30,57999.97,123.43000000000029,2
5869,2021-10-14 12:15:00+05:30,57705.34,2021-10-14 13:50:00+05:30,57625.01,-80.32999999999447,1
5870,2021-10-14 14:50:00+05:30,57274.55,2021-10-14 15:40:00+05:30,57496.79,222.23999999999796,2
5871,2021-10-14 20:10:00+05:30,57299.52,2021-10-14 20:20:00+05:30,57497.99,198.47000000000116,2
5872,2021-10-14 20:30:00+05:30,57227.97,2021-10-14 20:40:00+05:30,57460.97,233.0,2
5873,2021-10-14 23:55:00+05:30,56949.28,2021-10-15 00:00:00+05:30,57243.54,294.26000000000204,2
5874,2021-10-15 04:50:00+05:30,57293.13,2021-10-15 07:00:00+05:30,57198.11,-95.0199999999968,1
5875,2021-10-15 11:45:00+05:30,59384.8,2021-10-15 12:20:00+05:30,59648.06,263.25999999999476,2
5876,2021-10-15 12:50:00+05:30,59298.28,2021-10-15 14:55:00+05:30,59108.75,-189.52999999999884,1
5877,2021-10-15 20:55:00+05:30,59718.85,2021-10-15 21:10:00+05:30,60012.43,293.58000000000175,2
5878,2021-10-16 03:25:00+05:30,61209.41,2021-10-16 04:55:00+05:30,61352.98,143.5699999999997,2
5879,2021-10-16 07:40:00+05:30,61189.99,2021-10-16 07:55:00+05:30,61450.0,260.01000000000204,2
5880,2021-10-16 12:20:00+05:30,61873.06,2021-10-16 13:40:00+05:30,62040.02,166.95999999999913,2
5881,2021-10-16 14:20:00+05:30,61499.99,2021-10-16 15:40:00+05:30,61625.18,125.19000000000233,2
5882,2021-10-16 18:05:00+05:30,61003.62,2021-10-16 19:10:00+05:30,61081.01,77.38999999999942,2
5883,2021-10-16 22:35:00+05:30,60348.73,2021-10-16 23:20:00+05:30,60620.0,271.2699999999968,2
5884,2021-10-17 01:35:00+05:30,60620.92,2021-10-17 02:10:00+05:30,60928.54,307.6200000000026,2
5885,2021-10-17 03:40:00+05:30,60592.58,2021-10-17 04:15:00+05:30,60927.54,334.9599999999991,2
5886,2021-10-17 05:55:00+05:30,60623.09,2021-10-17 06:15:00+05:30,61030.98,407.8900000000067,2
5887,2021-10-17 10:20:00+05:30,60944.73,2021-10-17 11:50:00+05:30,60815.5,-129.2300000000032,1
5888,2021-10-17 13:20:00+05:30,60453.97,2021-10-17 13:45:00+05:30,60692.63,238.65999999999622,2
5889,2021-10-17 17:30:00+05:30,60899.99,2021-10-17 18:40:00+05:30,61087.22,187.2300000000032,2
5890,2021-10-17 21:05:00+05:30,60659.94,2021-10-17 21:30:00+05:30,60819.4,159.45999999999913,2
5891,2021-10-18 00:35:00+05:30,60812.21,2021-10-18 01:50:00+05:30,59547.98,-1264.229999999996,0
5892,2021-10-18 07:45:00+05:30,62002.35,2021-10-18 08:45:00+05:30,62211.06,208.70999999999913,2
5893,2021-10-18 09:10:00+05:30,61932.99,2021-10-18 09:25:00+05:30,62123.87,190.88000000000466,2
5894,2021-10-18 12:00:00+05:30,62150.1,2021-10-18 12:10:00+05:30,62373.57,223.47000000000116,2
5895,2021-10-18 13:20:00+05:30,61905.43,2021-10-18 13:55:00+05:30,62362.94,457.51000000000204,2
5896,2021-10-18 15:20:00+05:30,61281.13,2021-10-18 16:20:00+05:30,61452.59,171.45999999999913,2
5897,2021-10-18 18:30:00+05:30,60249.99,2021-10-18 18:50:00+05:30,60793.16,543.1700000000055,2
5898,2021-10-19 00:30:00+05:30,61549.3,2021-10-19 01:40:00+05:30,61531.22,-18.080000000001746,1
5899,2021-10-19 02:15:00+05:30,61166.95,2021-10-19 02:25:00+05:30,61344.06,177.11000000000058,2
5900,2021-10-19 02:35:00+05:30,61135.24,2021-10-19 02:40:00+05:30,61352.64,217.40000000000146,2
5901,2021-10-19 10:20:00+05:30,62402.32,2021-10-19 13:15:00+05:30,62235.56,-166.76000000000204,1
5902,2021-10-19 14:05:00+05:30,61859.99,2021-10-19 14:15:00+05:30,62189.66,329.67000000000553,2
5903,2021-10-19 19:55:00+05:30,61731.71,2021-10-19 20:25:00+05:30,62531.22,799.510000000002,2
5904,2021-10-20 02:45:00+05:30,63766.99,2021-10-20 03:10:00+05:30,64175.26,408.2700000000041,2
5905,2021-10-20 07:05:00+05:30,63967.09,2021-10-20 08:40:00+05:30,63968.57,1.4800000000032014,2
5906,2021-10-20 11:05:00+05:30,63596.32,2021-10-20 11:35:00+05:30,63955.96,359.6399999999994,2
5907,2021-10-20 15:55:00+05:30,63839.18,2021-10-20 16:00:00+05:30,63998.85,159.66999999999825,2
5908,2021-10-20 22:30:00+05:30,66280.45,2021-10-20 23:10:00+05:30,66461.0,180.5500000000029,2
5909,2021-10-21 01:05:00+05:30,66355.27,2021-10-21 02:40:00+05:30,66045.26,-310.0100000000093,1
5910,2021-10-21 05:35:00+05:30,65802.89,2021-10-21 07:30:00+05:30,64472.18,-1330.7099999999991,0
5911,2021-10-21 11:40:00+05:30,64725.93,2021-10-21 12:45:00+05:30,64814.45,88.5199999999968,2
5912,2021-10-21 16:25:00+05:30,65590.99,2021-10-21 16:55:00+05:30,65947.9,356.90999999998894,2
5913,2021-10-21 17:00:00+05:30,64200.0,2021-10-21 18:25:00+05:30,65060.14,860.1399999999994,2
5914,2021-10-21 19:30:00+05:30,64527.1,2021-10-21 20:55:00+05:30,62380.15,-2146.949999999997,0
5915,2021-10-21 23:15:00+05:30,62632.77,2021-10-21 23:35:00+05:30,63051.67,418.90000000000146,2
5916,2021-10-22 10:10:00+05:30,62907.0,2021-10-22 11:25:00+05:30,63013.04,106.04000000000087,2
5917,2021-10-22 11:55:00+05:30,62701.34,2021-10-22 12:50:00+05:30,62819.99,118.65000000000146,2
5918,2021-10-22 15:00:00+05:30,63264.36,2021-10-22 16:35:00+05:30,63278.65,14.290000000000873,2
5919,2021-10-22 19:15:00+05:30,62984.18,2021-10-22 19:50:00+05:30,61707.72,-1276.4599999999991,0
5920,2021-10-22 20:55:00+05:30,60763.99,2021-10-22 21:50:00+05:30,61167.0,403.01000000000204,2
5921,2021-10-23 00:35:00+05:30,60346.62,2021-10-23 00:50:00+05:30,60628.51,281.8899999999994,2
5922,2021-10-23 03:00:00+05:30,60645.6,2021-10-23 04:00:00+05:30,60666.3,20.700000000004366,2
5923,2021-10-23 05:35:00+05:30,60513.22,2021-10-23 05:50:00+05:30,60733.22,220.0,2
5924,2021-10-23 12:50:00+05:30,60812.59,2021-10-23 13:30:00+05:30,60970.87,158.2800000000061,2
5925,2021-10-23 14:45:00+05:30,60587.56,2021-10-23 16:35:00+05:30,60623.97,36.41000000000349,2
5926,2021-10-23 19:45:00+05:30,61129.36,2021-10-23 20:50:00+05:30,61361.89,232.52999999999884,2
5927,2021-10-24 00:45:00+05:30,61040.59,2021-10-24 02:10:00+05:30,60998.43,-42.15999999999622,1
5928,2021-10-24 09:50:00+05:30,60967.53,2021-10-24 10:55:00+05:30,61104.91,137.38000000000466,2
5929,2021-10-24 12:15:00+05:30,60820.64,2021-10-24 13:00:00+05:30,60881.41,60.770000000004075,2
5930,2021-10-24 13:40:00+05:30,60534.85,2021-10-24 14:30:00+05:30,60798.63,263.77999999999884,2
5931,2021-10-24 17:00:00+05:30,60649.14,2021-10-24 18:10:00+05:30,60420.01,-229.12999999999738,1
5932,2021-10-24 20:10:00+05:30,60163.0,2021-10-24 21:15:00+05:30,60210.66,47.66000000000349,2
5933,2021-10-24 21:35:00+05:30,59568.3,2021-10-24 21:45:00+05:30,59988.02,419.7199999999939,2
5934,2021-10-24 23:40:00+05:30,60039.0,2021-10-25 00:30:00+05:30,60272.57,233.5699999999997,2
5935,2021-10-25 04:30:00+05:30,60824.54,2021-10-25 05:40:00+05:30,60980.27,155.72999999999593,2
5936,2021-10-25 15:35:00+05:30,62671.73,2021-10-25 16:20:00+05:30,62731.15,59.419999999998254,2
5937,2021-10-25 18:35:00+05:30,62614.51,2021-10-25 18:45:00+05:30,62928.89,314.3799999999974,2
5938,2021-10-25 22:40:00+05:30,63240.34,2021-10-26 00:15:00+05:30,63041.38,-198.95999999999913,1
5939,2021-10-26 01:15:00+05:30,62716.48,2021-10-26 02:35:00+05:30,62974.56,258.07999999999447,2
5940,2021-10-26 08:50:00+05:30,62657.98,2021-10-26 09:20:00+05:30,62830.0,172.0199999999968,2
5941,2021-10-26 09:40:00+05:30,62562.0,2021-10-26 11:55:00+05:30,62513.76,-48.23999999999796,1
5942,2021-10-26 17:45:00+05:30,62602.13,2021-10-26 18:50:00+05:30,62564.44,-37.68999999999505,1
5943,2021-10-26 19:25:00+05:30,62207.82,2021-10-26 20:45:00+05:30,62228.99,21.169999999998254,2
5944,2021-10-27 00:40:00+05:30,62220.61,2021-10-27 01:45:00+05:30,62179.04,-41.56999999999971,1
5945,2021-10-27 03:05:00+05:30,61779.32,2021-10-27 03:30:00+05:30,60234.21,-1545.1100000000006,0
5946,2021-10-27 03:35:00+05:30,60247.18,2021-10-27 05:00:00+05:30,60481.72,234.54000000000087,2
5947,2021-10-27 07:25:00+05:30,60521.85,2021-10-27 08:40:00+05:30,60608.16,86.31000000000495,2
5948,2021-10-27 12:50:00+05:30,60538.67,2021-10-27 13:30:00+05:30,58740.3,-1798.3699999999953,0
5949,2021-10-27 13:35:00+05:30,58016.25,2021-10-27 15:05:00+05:30,58991.0,974.75,2
5950,2021-10-27 15:55:00+05:30,58476.56,2021-10-27 16:05:00+05:30,58862.33,385.7700000000041,2
5951,2021-10-28 00:30:00+05:30,58667.31,2021-10-28 01:20:00+05:30,58993.6,326.2900000000009,2
5952,2021-10-28 04:10:00+05:30,58532.75,2021-10-28 04:30:00+05:30,58792.68,259.9300000000003,2
5953,2021-10-28 06:25:00+05:30,58250.01,2021-10-28 06:35:00+05:30,58548.97,298.9599999999991,2
5954,2021-10-28 21:20:00+05:30,61097.38,2021-10-28 22:30:00+05:30,61244.9,147.52000000000407,2
5955,2021-10-28 22:45:00+05:30,61033.2,2021-10-28 23:25:00+05:30,61133.87,100.67000000000553,2
5956,2021-10-29 00:00:00+05:30,60886.0,2021-10-29 00:05:00+05:30,57918.07,-2967.9300000000003,0
5957,2021-10-29 00:10:00+05:30,59153.46,2021-10-29 01:10:00+05:30,60273.86,1120.4000000000015,2
5958,2021-10-29 04:20:00+05:30,60472.7,2021-10-29 04:45:00+05:30,60678.43,205.7300000000032,2
5959,2021-10-29 10:35:00+05:30,61362.01,2021-10-29 11:40:00+05:30,61225.14,-136.87000000000262,1
5960,2021-10-29 13:00:00+05:30,60433.09,2021-10-29 13:40:00+05:30,60930.14,497.0500000000029,2
5961,2021-10-29 15:50:00+05:30,60612.88,2021-10-29 16:05:00+05:30,60930.01,317.13000000000466,2
5962,2021-10-29 23:50:00+05:30,62259.99,2021-10-30 01:15:00+05:30,62191.0,-68.98999999999796,1
5963,2021-10-30 02:55:00+05:30,62173.49,2021-10-30 03:10:00+05:30,62472.71,299.22000000000116,2
5964,2021-10-30 05:05:00+05:30,62099.89,2021-10-30 05:25:00+05:30,62253.71,153.8199999999997,2
5965,2021-10-30 06:20:00+05:30,61928.55,2021-10-30 07:10:00+05:30,62125.72,197.16999999999825,2
5966,2021-10-30 08:55:00+05:30,61657.99,2021-10-30 09:40:00+05:30,61870.06,212.0699999999997,2
5967,2021-10-30 10:10:00+05:30,61521.19,2021-10-30 11:10:00+05:30,61646.45,125.25999999999476,2
5968,2021-10-30 14:05:00+05:30,61294.49,2021-10-30 14:45:00+05:30,61488.99,194.5,2
5969,2021-10-30 19:45:00+05:30,61198.3,2021-10-30 20:55:00+05:30,61290.29,91.98999999999796,2
5970,2021-10-30 22:05:00+05:30,61181.91,2021-10-30 22:45:00+05:30,61307.96,126.04999999999563,2
5971,2021-10-31 02:40:00+05:30,61550.37,2021-10-31 04:20:00+05:30,61539.54,-10.830000000001746,1
5972,2021-10-31 07:30:00+05:30,62095.93,2021-10-31 07:55:00+05:30,62246.99,151.05999999999767,2
5973,2021-10-31 08:20:00+05:30,61838.42,2021-10-31 12:15:00+05:30,61280.27,-558.1500000000015,1
5974,2021-10-31 13:50:00+05:30,61023.92,2021-10-31 15:50:00+05:30,60793.55,-230.36999999999534,1
5975,2021-10-31 21:40:00+05:30,60217.15,2021-10-31 21:55:00+05:30,60540.86,323.7099999999991,2
5976,2021-11-01 04:35:00+05:30,61197.24,2021-11-01 04:45:00+05:30,61475.54,278.3000000000029,2
5977,2021-11-01 07:45:00+05:30,60537.45,2021-11-01 09:50:00+05:30,60319.88,-217.5699999999997,1
5978,2021-11-01 11:40:00+05:30,60396.01,2021-11-01 11:55:00+05:30,60616.76,220.75,2
5979,2021-11-01 14:15:00+05:30,61799.98,2021-11-01 14:35:00+05:30,62076.96,276.9799999999959,2
5980,2021-11-01 17:25:00+05:30,61807.99,2021-11-01 17:40:00+05:30,62073.99,266.0,2
5981,2021-11-01 20:20:00+05:30,61514.49,2021-11-01 21:25:00+05:30,61550.89,36.400000000001455,2
5982,2021-11-01 21:55:00+05:30,61335.77,2021-11-02 00:10:00+05:30,60775.77,-560.0,1
5983,2021-11-02 02:05:00+05:30,60655.84,2021-11-02 03:15:00+05:30,60793.65,137.81000000000495,2
5984,2021-11-02 05:25:00+05:30,60911.11,2021-11-02 05:40:00+05:30,61226.75,315.6399999999994,2
5985,2021-11-02 06:00:00+05:30,60751.52,2021-11-02 06:45:00+05:30,61183.27,431.75,2
5986,2021-11-02 08:15:00+05:30,60882.86,2021-11-02 09:05:00+05:30,61038.44,155.58000000000175,2
5987,2021-11-02 13:35:00+05:30,61387.43,2021-11-02 14:15:00+05:30,61734.53,347.09999999999854,2
5988,2021-11-02 17:25:00+05:30,62913.3,2021-11-02 17:30:00+05:30,63241.5,328.1999999999971,2
5989,2021-11-02 23:15:00+05:30,63421.98,2021-11-03 00:50:00+05:30,63370.29,-51.69000000000233,1
5990,2021-11-03 02:00:00+05:30,63084.84,2021-11-03 03:50:00+05:30,63134.08,49.24000000000524,2
5991,2021-11-03 04:35:00+05:30,62785.01,2021-11-03 05:10:00+05:30,63078.78,293.7699999999968,2
5992,2021-11-03 07:35:00+05:30,62795.37,2021-11-03 08:10:00+05:30,63095.02,299.6499999999942,2
5993,2021-11-03 09:45:00+05:30,62904.16,2021-11-03 10:50:00+05:30,62994.37,90.20999999999913,2
5994,2021-11-03 16:40:00+05:30,62925.0,2021-11-03 17:05:00+05:30,63150.01,225.01000000000204,2
5995,2021-11-03 17:35:00+05:30,62904.47,2021-11-03 19:30:00+05:30,61616.8,-1287.6699999999983,0
5996,2021-11-03 23:30:00+05:30,61680.14,2021-11-03 23:40:00+05:30,62491.56,811.4199999999983,2
5997,2021-11-04 06:35:00+05:30,62637.07,2021-11-04 08:15:00+05:30,62451.71,-185.36000000000058,1
5998,2021-11-04 11:05:00+05:30,62378.16,2021-11-04 12:00:00+05:30,62608.98,230.8199999999997,2
5999,2021-11-04 12:50:00+05:30,62283.41,2021-11-04 15:20:00+05:30,61763.87,-519.5400000000009,1
6000,2021-11-04 17:00:00+05:30,61526.63,2021-11-04 18:05:00+05:30,61660.28,133.65000000000146,2
6001,2021-11-04 20:35:00+05:30,61300.99,2021-11-04 22:15:00+05:30,61168.84,-132.15000000000146,1
6002,2021-11-04 23:30:00+05:30,60739.92,2021-11-04 23:40:00+05:30,61075.61,335.6900000000023,2
6003,2021-11-05 03:35:00+05:30,61087.59,2021-11-05 03:55:00+05:30,61290.05,202.4600000000064,2
6004,2021-11-05 06:10:00+05:30,61044.14,2021-11-05 06:40:00+05:30,61260.8,216.6600000000035,2
6005,2021-11-05 11:05:00+05:30,61913.9,2021-11-05 11:20:00+05:30,62137.64,223.73999999999796,2
6006,2021-11-05 13:35:00+05:30,62018.15,2021-11-05 14:25:00+05:30,62189.83,171.6800000000003,2
6007,2021-11-05 14:55:00+05:30,61864.3,2021-11-05 17:00:00+05:30,61723.55,-140.75,1
6008,2021-11-05 17:15:00+05:30,61306.08,2021-11-05 18:15:00+05:30,61512.76,206.6800000000003,2
6009,2021-11-05 20:10:00+05:30,61338.98,2021-11-05 22:15:00+05:30,60970.6,-368.38000000000466,1
6010,2021-11-06 01:15:00+05:30,60862.56,2021-11-06 01:25:00+05:30,61090.69,228.13000000000466,2
6011,2021-11-06 04:30:00+05:30,60915.24,2021-11-06 05:45:00+05:30,61127.55,212.31000000000495,2
6012,2021-11-06 12:40:00+05:30,61000.0,2021-11-06 13:35:00+05:30,61104.87,104.87000000000262,2
6013,2021-11-06 15:55:00+05:30,60810.61,2021-11-06 17:50:00+05:30,60466.55,-344.0599999999977,1
6014,2021-11-06 21:50:00+05:30,60545.99,2021-11-06 22:25:00+05:30,60625.06,79.06999999999971,2
6015,2021-11-07 10:55:00+05:30,61963.97,2021-11-07 11:55:00+05:30,62048.38,84.40999999999622,2
6016,2021-11-07 12:05:00+05:30,61877.79,2021-11-07 13:10:00+05:30,61914.36,36.56999999999971,2
6017,2021-11-07 13:45:00+05:30,61678.09,2021-11-07 15:05:00+05:30,61643.83,-34.25999999999476,1
6018,2021-11-07 20:55:00+05:30,61718.18,2021-11-07 21:20:00+05:30,61942.99,224.80999999999767,2
6019,2021-11-08 19:05:00+05:30,65509.58,2021-11-08 20:30:00+05:30,65457.83,-51.75,1
6020,2021-11-09 01:30:00+05:30,65681.27,2021-11-09 01:40:00+05:30,65939.28,258.00999999999476,2
6021,2021-11-09 10:45:00+05:30,68011.27,2021-11-09 12:25:00+05:30,68018.47,7.19999999999709,2
6022,2021-11-09 13:40:00+05:30,67691.15,2021-11-09 13:50:00+05:30,67894.47,203.32000000000698,2
6023,2021-11-09 16:35:00+05:30,67767.98,2021-11-09 18:05:00+05:30,67725.0,-42.979999999995925,1
6024,2021-11-09 20:15:00+05:30,67518.01,2021-11-09 22:10:00+05:30,66943.24,-574.7699999999895,1
6025,2021-11-09 22:40:00+05:30,66424.29,2021-11-09 23:00:00+05:30,66668.98,244.69000000000233,2
6026,2021-11-10 00:35:00+05:30,66381.73,2021-11-10 01:15:00+05:30,66744.95,363.22000000000116,2
6027,2021-11-10 03:55:00+05:30,67000.0,2021-11-10 05:45:00+05:30,67330.49,330.49000000000524,2
6028,2021-11-10 08:10:00+05:30,66821.47,2021-11-10 10:00:00+05:30,66488.63,-332.8399999999965,1
6029,2021-11-10 17:25:00+05:30,66546.8,2021-11-10 17:40:00+05:30,66842.04,295.2399999999907,2
6030,2021-11-10 18:20:00+05:30,66429.16,2021-11-10 19:00:00+05:30,66874.49,445.33000000000175,2
6031,2021-11-10 23:35:00+05:30,68414.86,2021-11-11 01:15:00+05:30,66974.0,-1440.8600000000006,0
6032,2021-11-11 01:25:00+05:30,66650.99,2021-11-11 02:45:00+05:30,65260.16,-1390.8300000000017,0
6033,2021-11-11 02:50:00+05:30,62947.71,2021-11-11 04:05:00+05:30,65105.28,2157.5699999999997,2
6034,2021-11-11 05:45:00+05:30,64344.44,2021-11-11 06:15:00+05:30,64694.98,350.5400000000009,2
6035,2021-11-11 17:10:00+05:30,64984.14,2021-11-11 17:25:00+05:30,65255.88,271.73999999999796,2
6036,2021-11-11 17:35:00+05:30,64921.82,2021-11-11 18:55:00+05:30,64940.66,18.840000000003783,2
6037,2021-11-11 19:40:00+05:30,64485.68,2021-11-11 20:00:00+05:30,64869.26,383.58000000000175,2
6038,2021-11-11 23:35:00+05:30,64838.79,2021-11-12 00:30:00+05:30,64865.78,26.989999999997963,2
6039,2021-11-12 02:25:00+05:30,64796.1,2021-11-12 02:50:00+05:30,65062.75,266.65000000000146,2
6040,2021-11-12 05:10:00+05:30,64856.5,2021-11-12 06:20:00+05:30,64888.32,31.81999999999971,2
6041,2021-11-12 06:40:00+05:30,64535.49,2021-11-12 07:05:00+05:30,64800.61,265.1200000000026,2
6042,2021-11-12 12:25:00+05:30,64502.41,2021-11-12 13:40:00+05:30,64609.76,107.34999999999854,2
6043,2021-11-12 15:00:00+05:30,64174.19,2021-11-12 16:40:00+05:30,63886.12,-288.0699999999997,1
6044,2021-11-12 17:30:00+05:30,63492.99,2021-11-12 17:35:00+05:30,63972.96,479.97000000000116,2
6045,2021-11-12 20:35:00+05:30,63313.14,2021-11-12 22:25:00+05:30,63082.75,-230.38999999999942,1
6046,2021-11-13 04:15:00+05:30,63886.06,2021-11-13 05:00:00+05:30,64055.22,169.1600000000035,2
6047,2021-11-13 06:55:00+05:30,64093.83,2021-11-13 09:10:00+05:30,63840.06,-253.77000000000407,1
6048,2021-11-13 14:40:00+05:30,63685.27,2021-11-13 16:10:00+05:30,63647.49,-37.779999999998836,1
6049,2021-11-13 22:35:00+05:30,64574.1,2021-11-14 01:35:00+05:30,64068.53,-505.5699999999997,1
6050,2021-11-14 08:40:00+05:30,64556.16,2021-11-14 09:00:00+05:30,64764.32,208.15999999999622,2
6051,2021-11-14 13:45:00+05:30,64396.91,2021-11-14 14:55:00+05:30,64380.16,-16.75,1
6052,2021-11-14 19:55:00+05:30,64442.64,2021-11-14 21:55:00+05:30,64150.0,-292.6399999999994,1
6053,2021-11-14 22:05:00+05:30,63884.8,2021-11-14 23:15:00+05:30,63850.12,-34.68000000000029,1
6054,2021-11-15 11:30:00+05:30,65624.95,2021-11-15 11:50:00+05:30,65775.75,150.8000000000029,2
6055,2021-11-15 13:00:00+05:30,65551.61,2021-11-15 14:10:00+05:30,65539.93,-11.680000000007567,1
6056,2021-11-15 18:45:00+05:30,65619.99,2021-11-15 21:25:00+05:30,64288.16,-1331.8300000000017,0
6057,2021-11-15 23:40:00+05:30,63967.23,2021-11-16 00:55:00+05:30,64026.17,58.93999999999505,2
6058,2021-11-16 03:40:00+05:30,63606.36,2021-11-16 04:15:00+05:30,63804.09,197.72999999999593,2
6059,2021-11-16 05:30:00+05:30,63090.69,2021-11-16 06:30:00+05:30,61667.45,-1423.2400000000052,0
6060,2021-11-16 08:20:00+05:30,61631.02,2021-11-16 09:55:00+05:30,61106.09,-524.9300000000003,1
6061,2021-11-16 11:35:00+05:30,60780.99,2021-11-16 12:35:00+05:30,61004.76,223.77000000000407,2
6062,2021-11-16 15:05:00+05:30,60321.55,2021-11-16 15:40:00+05:30,58610.01,-1711.5400000000009,0
6063,2021-11-16 18:25:00+05:30,60038.95,2021-11-16 18:45:00+05:30,60493.52,454.5699999999997,2
6064,2021-11-16 23:00:00+05:30,60322.11,2021-11-16 23:35:00+05:30,60581.2,259.0899999999965,2
6065,2021-11-17 00:00:00+05:30,60281.32,2021-11-17 00:35:00+05:30,60400.0,118.68000000000029,2
6066,2021-11-17 01:15:00+05:30,59821.12,2021-11-17 02:30:00+05:30,60186.72,365.59999999999854,2
6067,2021-11-17 05:05:00+05:30,60221.15,2021-11-17 06:50:00+05:30,59842.33,-378.8199999999997,1
6068,2021-11-17 07:25:00+05:30,59317.37,2021-11-17 08:55:00+05:30,59501.21,183.8399999999965,2
6069,2021-11-17 14:35:00+05:30,59332.94,2021-11-17 16:05:00+05:30,59308.73,-24.209999999999127,1
6070,2021-11-17 18:50:00+05:30,60259.83,2021-11-17 21:35:00+05:30,59646.75,-613.0800000000017,1
6071,2021-11-18 01:15:00+05:30,60130.76,2021-11-18 02:00:00+05:30,60295.4,164.63999999999942,2
6072,2021-11-18 02:45:00+05:30,59929.44,2021-11-18 04:10:00+05:30,59944.54,15.099999999998545,2
6073,2021-11-18 08:40:00+05:30,60329.82,2021-11-18 11:05:00+05:30,59818.88,-510.9400000000023,1
6074,2021-11-18 14:50:00+05:30,59297.77,2021-11-18 15:30:00+05:30,59537.68,239.9100000000035,2
6075,2021-11-18 17:25:00+05:30,59213.49,2021-11-18 17:45:00+05:30,59744.32,530.8300000000017,2
6076,2021-11-18 18:20:00+05:30,59021.99,2021-11-18 19:05:00+05:30,59736.26,714.2700000000041,2
6077,2021-11-18 20:50:00+05:30,58158.94,2021-11-18 21:00:00+05:30,58968.0,809.0599999999977,2
6078,2021-11-18 21:20:00+05:30,58111.38,2021-11-18 22:35:00+05:30,56922.36,-1189.0199999999968,0
6079,2021-11-19 03:30:00+05:30,57324.22,2021-11-19 05:25:00+05:30,56891.62,-432.59999999999854,1
6080,2021-11-19 07:10:00+05:30,56786.94,2021-11-19 09:45:00+05:30,56050.13,-736.810000000005,1
6081,2021-11-19 12:35:00+05:30,56093.98,2021-11-19 13:35:00+05:30,56212.66,118.68000000000029,2
6082,2021-11-19 15:30:00+05:30,56861.16,2021-11-19 17:05:00+05:30,56780.53,-80.63000000000466,1
6083,2021-11-20 01:00:00+05:30,57775.08,2021-11-20 01:20:00+05:30,57971.36,196.27999999999884,2
6084,2021-11-20 02:35:00+05:30,57574.93,2021-11-20 03:00:00+05:30,57869.99,295.0599999999977,2
6085,2021-11-20 08:50:00+05:30,58647.79,2021-11-20 10:30:00+05:30,58546.12,-101.66999999999825,1
6086,2021-11-20 10:40:00+05:30,58362.38,2021-11-20 11:00:00+05:30,58516.28,153.90000000000146,2
6087,2021-11-20 13:20:00+05:30,58353.19,2021-11-20 14:00:00+05:30,58491.23,138.04000000000087,2
6088,2021-11-20 20:30:00+05:30,58058.24,2021-11-20 22:00:00+05:30,57793.14,-265.09999999999854,1
6089,2021-11-21 06:00:00+05:30,59460.03,2021-11-21 11:00:00+05:30,58876.51,-583.5199999999968,1
6090,2021-11-21 13:35:00+05:30,58825.8,2021-11-21 14:05:00+05:30,59087.6,261.79999999999563,2
6091,2021-11-21 14:20:00+05:30,58725.47,2021-11-21 14:55:00+05:30,58937.61,212.13999999999942,2
6092,2021-11-21 16:10:00+05:30,58575.93,2021-11-21 16:20:00+05:30,58838.13,262.1999999999971,2
6093,2021-11-21 19:30:00+05:30,58782.94,2021-11-21 20:10:00+05:30,58986.07,203.12999999999738,2
6094,2021-11-22 00:50:00+05:30,59245.99,2021-11-22 01:50:00+05:30,59394.62,148.63000000000466,2
6095,2021-11-22 03:55:00+05:30,59319.11,2021-11-22 05:40:00+05:30,58055.28,-1263.8300000000017,0
6096,2021-11-22 07:50:00+05:30,57682.99,2021-11-22 09:05:00+05:30,57716.31,33.31999999999971,2
6097,2021-11-22 09:20:00+05:30,57347.01,2021-11-22 11:00:00+05:30,57269.51,-77.5,1
6098,2021-11-22 15:25:00+05:30,57131.02,2021-11-22 16:25:00+05:30,57362.38,231.36000000000058,2
6099,2021-11-22 18:45:00+05:30,56630.12,2021-11-22 18:55:00+05:30,57218.91,588.7900000000009,2
6100,2021-11-22 21:35:00+05:30,58038.49,2021-11-23 00:05:00+05:30,56837.98,-1200.5099999999948,0
6101,2021-11-23 00:10:00+05:30,56691.01,2021-11-23 03:00:00+05:30,56254.45,-436.56000000000495,1
6102,2021-11-23 05:40:00+05:30,56046.56,2021-11-23 05:50:00+05:30,56575.15,528.5900000000038,2
6103,2021-11-23 10:25:00+05:30,56792.04,2021-11-23 14:10:00+05:30,56038.28,-753.760000000002,1
6104,2021-11-24 04:20:00+05:30,57460.9,2021-11-24 04:45:00+05:30,57603.59,142.68999999999505,2
6105,2021-11-24 06:40:00+05:30,57366.39,2021-11-24 09:25:00+05:30,56399.99,-966.4000000000015,1
6106,2021-11-24 11:35:00+05:30,56401.36,2021-11-24 12:15:00+05:30,56606.88,205.5199999999968,2
6107,2021-11-24 19:20:00+05:30,56049.57,2021-11-24 20:30:00+05:30,56272.15,222.58000000000175,2
6108,2021-11-24 23:00:00+05:30,56498.99,2021-11-24 23:35:00+05:30,56824.54,325.5500000000029,2
6109,2021-11-25 04:05:00+05:30,57122.43,2021-11-25 05:05:00+05:30,57179.97,57.54000000000087,2
6110,2021-11-25 07:50:00+05:30,57590.87,2021-11-25 08:30:00+05:30,57734.6,143.72999999999593,2
6111,2021-11-25 09:45:00+05:30,57540.01,2021-11-25 11:40:00+05:30,57256.93,-283.08000000000175,1
6112,2021-11-25 14:40:00+05:30,57454.94,2021-11-25 15:20:00+05:30,57656.49,201.54999999999563,2
6113,2021-11-26 00:50:00+05:30,58925.27,2021-11-26 01:55:00+05:30,58996.81,71.54000000000087,2
6114,2021-11-26 03:00:00+05:30,58755.1,2021-11-26 04:05:00+05:30,58814.18,59.080000000001746,2
6115,2021-11-26 06:20:00+05:30,58729.58,2021-11-26 10:45:00+05:30,57522.08,-1207.5,0
6116,2021-11-26 13:00:00+05:30,57336.94,2021-11-26 13:50:00+05:30,56034.56,-1302.3800000000047,0
6117,2021-11-26 13:55:00+05:30,55891.82,2021-11-26 14:15:00+05:30,54580.45,-1311.3700000000026,0
6118,2021-11-26 14:20:00+05:30,54426.5,2021-11-26 16:55:00+05:30,54648.04,221.54000000000087,2
6119,2021-11-26 17:20:00+05:30,53921.1,2021-11-26 17:50:00+05:30,54219.52,298.41999999999825,2
6120,2021-11-26 21:45:00+05:30,54037.02,2021-11-26 22:00:00+05:30,54432.38,395.3600000000006,2
6121,2021-11-26 23:55:00+05:30,53951.86,2021-11-27 00:10:00+05:30,54298.91,347.0500000000029,2
6122,2021-11-27 03:25:00+05:30,53973.04,2021-11-27 05:40:00+05:30,54312.14,339.09999999999854,2
6123,2021-11-27 11:25:00+05:30,54250.01,2021-11-27 11:45:00+05:30,54435.01,185.0,2
6124,2021-11-27 11:55:00+05:30,54263.0,2021-11-27 12:40:00+05:30,54392.73,129.7300000000032,2
6125,2021-11-27 15:15:00+05:30,54703.52,2021-11-27 16:05:00+05:30,54801.2,97.68000000000029,2
6126,2021-11-27 20:20:00+05:30,54772.02,2021-11-27 21:00:00+05:30,54943.96,171.94000000000233,2
6127,2021-11-28 02:05:00+05:30,54560.01,2021-11-28 03:20:00+05:30,54535.19,-24.81999999999971,1
6128,2021-11-28 05:15:00+05:30,54389.52,2021-11-28 05:25:00+05:30,54721.03,331.51000000000204,2
6129,2021-11-28 06:05:00+05:30,54362.93,2021-11-28 06:15:00+05:30,54768.55,405.6200000000026,2
6130,2021-11-28 07:10:00+05:30,54211.71,2021-11-28 08:25:00+05:30,54357.95,146.23999999999796,2
6131,2021-11-28 14:00:00+05:30,54268.25,2021-11-28 15:25:00+05:30,54335.8,67.55000000000291,2
6132,2021-11-28 19:40:00+05:30,54134.0,2021-11-28 19:50:00+05:30,54385.86,251.86000000000058,2
6133,2021-11-28 21:50:00+05:30,54100.0,2021-11-28 22:35:00+05:30,54221.28,121.27999999999884,2
6134,2021-11-28 23:05:00+05:30,53820.02,2021-11-29 00:15:00+05:30,54100.0,279.9800000000032,2
6135,2021-11-29 08:25:00+05:30,57309.25,2021-11-29 09:25:00+05:30,57359.02,49.7699999999968,2
6136,2021-11-29 13:50:00+05:30,57311.31,2021-11-29 14:45:00+05:30,57372.25,60.94000000000233,2
6137,2021-11-29 15:10:00+05:30,56798.41,2021-11-29 15:55:00+05:30,57345.72,547.3099999999977,2
6138,2021-11-29 17:25:00+05:30,56883.29,2021-11-29 18:05:00+05:30,57055.0,171.70999999999913,2
6139,2021-11-29 20:15:00+05:30,56955.65,2021-11-29 21:25:00+05:30,57125.93,170.27999999999884,2
6140,2021-11-30 00:35:00+05:30,58410.86,2021-11-30 02:10:00+05:30,58248.73,-162.12999999999738,1
6141,2021-11-30 04:30:00+05:30,57858.22,2021-11-30 07:45:00+05:30,57448.05,-410.16999999999825,1
6142,2021-11-30 08:55:00+05:30,57174.34,2021-11-30 09:35:00+05:30,57206.92,32.580000000001746,2
6143,2021-11-30 10:50:00+05:30,56944.08,2021-11-30 12:25:00+05:30,56534.19,-409.8899999999994,1
6144,2021-11-30 21:20:00+05:30,57689.71,2021-11-30 22:35:00+05:30,56511.85,-1177.8600000000006,0
6145,2021-12-01 03:05:00+05:30,57056.68,2021-12-01 03:50:00+05:30,57375.11,318.4300000000003,2
6146,2021-12-01 05:15:00+05:30,56886.27,2021-12-01 05:40:00+05:30,57198.47,312.20000000000437,2
6147,2021-12-01 10:15:00+05:30,57030.0,2021-12-01 11:40:00+05:30,57006.79,-23.209999999999127,1
6148,2021-12-01 23:20:00+05:30,58136.99,2021-12-02 01:05:00+05:30,57600.0,-536.989999999998,1
6149,2021-12-02 06:05:00+05:30,56846.74,2021-12-02 06:40:00+05:30,57055.73,208.99000000000524,2
6150,2021-12-02 08:30:00+05:30,56756.61,2021-12-02 09:40:00+05:30,56476.96,-279.65000000000146,1
6151,2021-12-02 12:00:00+05:30,56500.0,2021-12-02 12:30:00+05:30,56799.0,299.0,2
6152,2021-12-02 15:00:00+05:30,56676.89,2021-12-02 17:55:00+05:30,56409.2,-267.6900000000023,1
6153,2021-12-02 23:55:00+05:30,56189.01,2021-12-03 00:20:00+05:30,56650.0,460.98999999999796,2
6154,2021-12-03 04:45:00+05:30,56627.16,2021-12-03 06:00:00+05:30,56737.02,109.8599999999933,2
6155,2021-12-03 08:00:00+05:30,56344.0,2021-12-03 09:05:00+05:30,56462.63,118.62999999999738,2
6156,2021-12-03 13:30:00+05:30,56630.66,2021-12-03 15:10:00+05:30,56586.94,-43.720000000001164,1
6157,2021-12-03 20:20:00+05:30,56301.89,2021-12-03 22:20:00+05:30,55107.52,-1194.3700000000026,0
6158,2021-12-04 00:35:00+05:30,54736.74,2021-12-04 01:35:00+05:30,53638.3,-1098.439999999995,0
6159,2021-12-04 01:45:00+05:30,52460.16,2021-12-04 02:30:00+05:30,53646.99,1186.8299999999945,2
6160,2021-12-04 06:10:00+05:30,53376.94,2021-12-04 07:30:00+05:30,53075.85,-301.0900000000038,1
6161,2021-12-04 08:50:00+05:30,52431.18,2021-12-04 09:50:00+05:30,52604.68,173.5,2
6162,2021-12-04 10:10:00+05:30,51874.03,2021-12-04 10:20:00+05:30,50529.57,-1344.4599999999991,0
6163,2021-12-04 10:25:00+05:30,50256.61,2021-12-04 10:30:00+05:30,48969.08,-1287.5299999999988,0
6164,2021-12-04 10:35:00+05:30,49348.7,2021-12-04 10:50:00+05:30,47096.61,-2252.0899999999965,0
6165,2021-12-04 10:55:00+05:30,45559.47,2021-12-04 12:00:00+05:30,47929.74,2370.269999999997,2
6166,2021-12-04 16:00:00+05:30,47089.93,2021-12-04 16:25:00+05:30,47370.52,280.5899999999965,2
6167,2021-12-04 16:50:00+05:30,46843.71,2021-12-04 17:40:00+05:30,46843.31,-0.4000000000014552,1
6168,2021-12-04 22:15:00+05:30,47968.8,2021-12-04 23:10:00+05:30,48107.89,139.0899999999965,2
6169,2021-12-05 02:40:00+05:30,48845.02,2021-12-05 04:00:00+05:30,49269.4,424.38000000000466,2
6170,2021-12-05 06:00:00+05:30,48689.51,2021-12-05 07:05:00+05:30,49024.55,335.0400000000009,2
6171,2021-12-05 13:20:00+05:30,49255.02,2021-12-05 14:10:00+05:30,49467.25,212.2300000000032,2
6172,2021-12-05 14:35:00+05:30,49097.5,2021-12-05 15:45:00+05:30,49180.32,82.81999999999971,2
6173,2021-12-05 17:15:00+05:30,49049.39,2021-12-05 17:40:00+05:30,49397.71,348.3199999999997,2
6174,2021-12-05 19:30:00+05:30,48971.45,2021-12-05 21:05:00+05:30,47946.86,-1024.5899999999965,0
6175,2021-12-05 21:10:00+05:30,47869.98,2021-12-05 21:40:00+05:30,48604.2,734.2199999999939,2
6176,2021-12-06 00:30:00+05:30,48879.32,2021-12-06 01:25:00+05:30,48902.45,23.12999999999738,2
6177,2021-12-06 02:45:00+05:30,48544.88,2021-12-06 02:55:00+05:30,48887.64,342.76000000000204,2
6178,2021-12-06 05:45:00+05:30,48723.99,2021-12-06 07:15:00+05:30,48775.0,51.01000000000204,2
6179,2021-12-06 10:40:00+05:30,48859.13,2021-12-06 12:55:00+05:30,47820.77,-1038.3600000000006,0
6180,2021-12-06 15:10:00+05:30,47426.57,2021-12-06 17:00:00+05:30,47521.59,95.0199999999968,2
6181,2021-12-06 19:00:00+05:30,48299.94,2021-12-06 19:40:00+05:30,48434.87,134.9300000000003,2
6182,2021-12-06 20:05:00+05:30,47840.0,2021-12-06 20:40:00+05:30,48528.18,688.1800000000003,2
6183,2021-12-06 23:35:00+05:30,48859.72,2021-12-07 00:00:00+05:30,49149.99,290.2699999999968,2
6184,2021-12-07 02:25:00+05:30,48834.1,2021-12-07 02:50:00+05:30,49112.89,278.7900000000009,2
6185,2021-12-07 17:45:00+05:30,51195.8,2021-12-07 19:10:00+05:30,50982.34,-213.4600000000064,1
6186,2021-12-07 22:10:00+05:30,51281.48,2021-12-08 00:50:00+05:30,51074.64,-206.84000000000378,1
6187,2021-12-08 01:40:00+05:30,50750.52,2021-12-08 02:35:00+05:30,50725.77,-24.75,1
6188,2021-12-08 08:25:00+05:30,50332.01,2021-12-08 09:45:00+05:30,50361.26,29.25,2
6189,2021-12-08 13:55:00+05:30,50341.16,2021-12-08 14:35:00+05:30,50502.11,160.9499999999971,2
6190,2021-12-08 15:00:00+05:30,50230.38,2021-12-08 16:25:00+05:30,49223.47,-1006.9099999999962,0
6191,2021-12-08 16:30:00+05:30,49000.01,2021-12-08 18:15:00+05:30,49168.39,168.37999999999738,2
6192,2021-12-08 22:05:00+05:30,50261.86,2021-12-08 23:45:00+05:30,50364.4,102.54000000000087,2
6193,2021-12-09 04:20:00+05:30,50204.87,2021-12-09 05:10:00+05:30,50505.53,300.6599999999962,2
6194,2021-12-09 07:25:00+05:30,50182.7,2021-12-09 10:15:00+05:30,49706.77,-475.9300000000003,1
6195,2021-12-09 12:00:00+05:30,49585.99,2021-12-09 13:00:00+05:30,50034.95,448.9599999999991,2
6196,2021-12-09 15:00:00+05:30,48974.72,2021-12-09 16:05:00+05:30,49254.47,279.75,2
6197,2021-12-09 17:30:00+05:30,48990.67,2021-12-09 17:35:00+05:30,49229.08,238.4100000000035,2
6198,2021-12-09 20:00:00+05:30,48825.65,2021-12-09 21:50:00+05:30,48463.04,-362.6100000000006,1
6199,2021-12-09 23:25:00+05:30,48171.65,2021-12-10 01:05:00+05:30,47900.0,-271.65000000000146,1
6200,2021-12-10 01:35:00+05:30,47474.84,2021-12-10 02:25:00+05:30,47683.61,208.77000000000407,2
6201,2021-12-10 05:25:00+05:30,47545.59,2021-12-10 05:40:00+05:30,47950.09,404.5,2
6202,2021-12-10 10:25:00+05:30,48165.71,2021-12-10 11:30:00+05:30,48259.73,94.02000000000407,2
6203,2021-12-10 12:25:00+05:30,47847.59,2021-12-10 13:50:00+05:30,47933.98,86.3900000000067,2
6204,2021-12-10 20:15:00+05:30,48472.83,2021-12-10 21:45:00+05:30,47408.26,-1064.5699999999997,0
6205,2021-12-11 03:15:00+05:30,47904.77,2021-12-11 05:20:00+05:30,46936.34,-968.4300000000003,0
6206,2021-12-11 11:30:00+05:30,48252.14,2021-12-11 11:40:00+05:30,48774.36,522.2200000000012,2
6207,2021-12-11 12:15:00+05:30,48096.19,2021-12-11 13:40:00+05:30,48075.55,-20.639999999999418,1
6208,2021-12-11 16:50:00+05:30,48188.99,2021-12-11 17:35:00+05:30,48351.9,162.9100000000035,2
6209,2021-12-11 19:15:00+05:30,48270.93,2021-12-11 20:10:00+05:30,48439.61,168.6800000000003,2
6210,2021-12-11 23:15:00+05:30,48721.45,2021-12-12 00:05:00+05:30,48775.51,54.06000000000495,2
6211,2021-12-12 01:05:00+05:30,48526.01,2021-12-12 02:00:00+05:30,48624.99,98.97999999999593,2
6212,2021-12-12 06:50:00+05:30,49145.36,2021-12-12 08:10:00+05:30,49304.74,159.37999999999738,2
6213,2021-12-12 08:25:00+05:30,49044.38,2021-12-12 08:55:00+05:30,49164.99,120.61000000000058,2
6214,2021-12-12 10:15:00+05:30,48900.01,2021-12-12 11:35:00+05:30,49005.94,105.93000000000029,2
6215,2021-12-12 14:05:00+05:30,49057.1,2021-12-12 16:25:00+05:30,48917.02,-140.08000000000175,1
6216,2021-12-13 01:15:00+05:30,50187.45,2021-12-13 01:35:00+05:30,50438.62,251.17000000000553,2
6217,2021-12-13 03:10:00+05:30,50058.8,2021-12-13 04:10:00+05:30,50111.23,52.43000000000029,2
6218,2021-12-13 06:00:00+05:30,49867.5,2021-12-13 07:20:00+05:30,48776.33,-1091.1699999999983,0
6219,2021-12-13 12:40:00+05:30,48764.79,2021-12-13 13:40:00+05:30,48909.78,144.98999999999796,2
6220,2021-12-13 18:15:00+05:30,48609.47,2021-12-13 20:45:00+05:30,47549.99,-1059.4800000000032,0
6221,2021-12-13 21:15:00+05:30,47272.01,2021-12-13 22:30:00+05:30,47241.18,-30.830000000001746,1
6222,2021-12-14 00:30:00+05:30,47176.83,2021-12-14 01:00:00+05:30,46161.03,-1015.8000000000029,0
6223,2021-12-14 01:05:00+05:30,46021.22,2021-12-14 01:35:00+05:30,46923.53,902.3099999999977,2
6224,2021-12-14 05:00:00+05:30,46636.35,2021-12-14 05:55:00+05:30,46791.24,154.88999999999942,2
6225,2021-12-14 11:20:00+05:30,46805.76,2021-12-14 12:45:00+05:30,46743.66,-62.099999999998545,1
6226,2021-12-14 15:10:00+05:30,46973.3,2021-12-14 16:00:00+05:30,47235.48,262.1800000000003,2
6227,2021-12-14 19:00:00+05:30,47206.98,2021-12-14 20:15:00+05:30,47197.78,-9.200000000004366,1
6228,2021-12-15 12:10:00+05:30,48030.44,2021-12-15 12:40:00+05:30,48262.57,232.12999999999738,2
6229,2021-12-15 15:45:00+05:30,48303.2,2021-12-15 17:35:00+05:30,48230.88,-72.31999999999971,1
6230,2021-12-15 18:00:00+05:30,48077.81,2021-12-15 19:40:00+05:30,47763.42,-314.3899999999994,1
6231,2021-12-15 20:00:00+05:30,47354.87,2021-12-15 22:20:00+05:30,46919.99,-434.88000000000466,1
6232,2021-12-16 04:00:00+05:30,48803.2,2021-12-16 05:20:00+05:30,48914.36,111.16000000000349,2
6233,2021-12-16 08:55:00+05:30,48791.8,2021-12-16 11:45:00+05:30,48710.36,-81.44000000000233,1
6234,2021-12-16 13:40:00+05:30,48640.79,2021-12-16 14:10:00+05:30,48842.42,201.62999999999738,2
6235,2021-12-16 18:10:00+05:30,48822.01,2021-12-16 19:10:00+05:30,48867.0,44.98999999999796,2
6236,2021-12-16 20:25:00+05:30,48536.66,2021-12-16 21:15:00+05:30,48580.41,43.75,2
6237,2021-12-16 22:35:00+05:30,48183.58,2021-12-16 23:40:00+05:30,48269.84,86.25999999999476,2
6238,2021-12-17 00:10:00+05:30,47956.13,2021-12-17 01:35:00+05:30,47963.02,6.889999999999418,2
6239,2021-12-17 03:30:00+05:30,47849.15,2021-12-17 05:35:00+05:30,47776.91,-72.23999999999796,1
6240,2021-12-17 07:40:00+05:30,47662.38,2021-12-17 08:20:00+05:30,47788.74,126.36000000000058,2
6241,2021-12-17 11:05:00+05:30,47694.7,2021-12-17 14:05:00+05:30,47124.54,-570.1599999999962,1
6242,2021-12-17 15:50:00+05:30,46962.1,2021-12-17 16:35:00+05:30,47159.82,197.72000000000116,2
6243,2021-12-17 19:20:00+05:30,46904.68,2021-12-17 20:10:00+05:30,45885.79,-1018.8899999999994,0
6244,2021-12-17 20:20:00+05:30,45904.0,2021-12-17 21:05:00+05:30,46437.67,533.6699999999983,2
6245,2021-12-18 01:45:00+05:30,46520.0,2021-12-18 02:45:00+05:30,46601.56,81.55999999999767,2
6246,2021-12-18 05:35:00+05:30,45869.44,2021-12-18 06:10:00+05:30,46203.32,333.8799999999974,2
6247,2021-12-18 17:50:00+05:30,46951.72,2021-12-18 18:20:00+05:30,47085.0,133.27999999999884,2
6248,2021-12-18 19:10:00+05:30,46809.54,2021-12-18 19:45:00+05:30,46905.3,95.76000000000204,2
6249,2021-12-18 22:55:00+05:30,46721.59,2021-12-19 00:00:00+05:30,46746.01,24.42000000000553,2
6250,2021-12-19 00:35:00+05:30,46414.95,2021-12-19 01:15:00+05:30,46650.0,235.0500000000029,2
6251,2021-12-19 05:55:00+05:30,46662.87,2021-12-19 06:40:00+05:30,46787.28,124.40999999999622,2
6252,2021-12-19 06:55:00+05:30,46467.06,2021-12-19 07:30:00+05:30,46633.68,166.62000000000262,2
6253,2021-12-19 11:05:00+05:30,47734.41,2021-12-19 12:40:00+05:30,47630.03,-104.38000000000466,1
6254,2021-12-19 14:35:00+05:30,47300.32,2021-12-19 16:05:00+05:30,47111.4,-188.91999999999825,1
6255,2021-12-19 17:40:00+05:30,46953.33,2021-12-19 18:00:00+05:30,47078.64,125.30999999999767,2
6256,2021-12-19 23:40:00+05:30,46906.67,2021-12-20 00:10:00+05:30,47081.58,174.9100000000035,2
6257,2021-12-20 00:50:00+05:30,46710.0,2021-12-20 02:00:00+05:30,46811.12,101.12000000000262,2
6258,2021-12-20 05:20:00+05:30,46709.13,2021-12-20 06:25:00+05:30,46880.83,171.70000000000437,2
6259,2021-12-20 11:10:00+05:30,46579.62,2021-12-20 13:10:00+05:30,46454.12,-125.5,1
6260,2021-12-20 14:30:00+05:30,46142.93,2021-12-20 16:15:00+05:30,45992.49,-150.44000000000233,1
6261,2021-12-20 18:10:00+05:30,45765.26,2021-12-20 18:40:00+05:30,45918.84,153.57999999999447,2
6262,2021-12-21 03:55:00+05:30,46842.13,2021-12-21 04:55:00+05:30,47004.01,161.88000000000466,2
6263,2021-12-21 06:40:00+05:30,46709.8,2021-12-21 07:00:00+05:30,46893.28,183.47999999999593,2
6264,2021-12-21 20:55:00+05:30,48457.41,2021-12-21 21:35:00+05:30,48618.33,160.91999999999825,2
6265,2021-12-21 23:45:00+05:30,48544.81,2021-12-22 01:20:00+05:30,48520.05,-24.75999999999476,1
6266,2021-12-22 05:25:00+05:30,48889.88,2021-12-22 06:55:00+05:30,48837.39,-52.48999999999796,1
6267,2021-12-22 10:40:00+05:30,49185.69,2021-12-22 11:55:00+05:30,49120.46,-65.2300000000032,1
6268,2021-12-22 15:05:00+05:30,48951.92,2021-12-22 16:15:00+05:30,49064.92,113.0,2
6269,2021-12-22 17:50:00+05:30,48795.7,2021-12-22 19:30:00+05:30,48641.19,-154.50999999999476,1
6270,2021-12-22 23:10:00+05:30,48720.0,2021-12-23 00:40:00+05:30,48723.59,3.5899999999965075,2
6271,2021-12-23 04:40:00+05:30,48752.99,2021-12-23 07:00:00+05:30,48322.09,-430.90000000000146,1
6272,2021-12-23 11:05:00+05:30,48332.99,2021-12-23 11:40:00+05:30,48425.31,92.31999999999971,2
6273,2021-12-23 13:15:00+05:30,48120.24,2021-12-23 14:00:00+05:30,48316.88,196.63999999999942,2
6274,2021-12-23 19:45:00+05:30,48555.01,2021-12-23 20:35:00+05:30,48634.22,79.20999999999913,2
6275,2021-12-24 04:40:00+05:30,50682.79,2021-12-24 05:20:00+05:30,50760.52,77.72999999999593,2
6276,2021-12-24 10:30:00+05:30,50880.26,2021-12-24 11:20:00+05:30,50971.27,91.00999999999476,2
6277,2021-12-24 11:45:00+05:30,50795.96,2021-12-24 12:00:00+05:30,50936.32,140.36000000000058,2
6278,2021-12-24 17:15:00+05:30,50985.01,2021-12-24 18:25:00+05:30,51026.21,41.19999999999709,2
6279,2021-12-24 20:25:00+05:30,50760.99,2021-12-24 21:25:00+05:30,50956.68,195.69000000000233,2
6280,2021-12-25 01:30:00+05:30,50867.98,2021-12-25 02:55:00+05:30,51087.02,219.0399999999936,2
6281,2021-12-25 03:10:00+05:30,50881.25,2021-12-25 04:05:00+05:30,50950.06,68.80999999999767,2
6282,2021-12-25 04:40:00+05:30,50562.17,2021-12-25 05:00:00+05:30,50790.15,227.9800000000032,2
6283,2021-12-25 08:25:00+05:30,50768.43,2021-12-25 09:05:00+05:30,50928.7,160.2699999999968,2
6284,2021-12-25 11:35:00+05:30,50820.91,2021-12-25 12:00:00+05:30,50926.05,105.13999999999942,2
6285,2021-12-25 13:45:00+05:30,50798.76,2021-12-25 14:20:00+05:30,50903.13,104.36999999999534,2
6286,2021-12-25 15:50:00+05:30,50746.01,2021-12-25 16:40:00+05:30,50781.73,35.720000000001164,2
6287,2021-12-25 21:35:00+05:30,50613.8,2021-12-25 21:55:00+05:30,50727.68,113.87999999999738,2
6288,2021-12-25 22:50:00+05:30,50237.24,2021-12-25 23:20:00+05:30,50607.12,369.88000000000466,2
6289,2021-12-26 02:00:00+05:30,50800.01,2021-12-26 02:15:00+05:30,50920.6,120.58999999999651,2
6290,2021-12-26 03:50:00+05:30,50740.37,2021-12-26 05:10:00+05:30,50673.09,-67.28000000000611,1
6291,2021-12-26 05:25:00+05:30,50399.66,2021-12-26 06:45:00+05:30,50468.77,69.1099999999933,2
6292,2021-12-26 08:00:00+05:30,49926.95,2021-12-26 10:15:00+05:30,49829.29,-97.65999999999622,1
6293,2021-12-26 12:10:00+05:30,49828.49,2021-12-26 12:25:00+05:30,49904.96,76.47000000000116,2
6294,2021-12-26 12:35:00+05:30,49784.04,2021-12-26 12:55:00+05:30,49876.46,92.41999999999825,2
6295,2021-12-26 17:05:00+05:30,49846.53,2021-12-26 18:10:00+05:30,49874.1,27.56999999999971,2
6296,2021-12-26 19:45:00+05:30,49753.87,2021-12-26 20:10:00+05:30,49835.01,81.13999999999942,2
6297,2021-12-27 02:25:00+05:30,50269.44,2021-12-27 02:55:00+05:30,50381.78,112.33999999999651,2
6298,2021-12-27 06:10:00+05:30,50632.72,2021-12-27 07:15:00+05:30,50726.69,93.97000000000116,2
6299,2021-12-27 11:25:00+05:30,50853.02,2021-12-27 12:05:00+05:30,50895.01,41.99000000000524,2
6300,2021-12-27 13:15:00+05:30,50667.05,2021-12-27 15:15:00+05:30,50740.07,73.0199999999968,2
6301,2021-12-27 16:55:00+05:30,50688.0,2021-12-27 17:30:00+05:30,50774.12,86.12000000000262,2
6302,2021-12-27 17:45:00+05:30,50580.74,2021-12-27 17:55:00+05:30,50856.96,276.22000000000116,2
6303,2021-12-27 21:50:00+05:30,51248.9,2021-12-27 22:10:00+05:30,51434.58,185.6800000000003,2
6304,2021-12-28 01:00:00+05:30,51447.58,2021-12-28 02:30:00+05:30,51269.81,-177.77000000000407,1
6305,2021-12-28 04:10:00+05:30,50861.18,2021-12-28 07:10:00+05:30,49790.96,-1070.2200000000012,0
6306,2021-12-28 08:40:00+05:30,49525.45,2021-12-28 09:20:00+05:30,49732.94,207.49000000000524,2
6307,2021-12-28 09:45:00+05:30,48862.32,2021-12-28 11:10:00+05:30,49178.61,316.2900000000009,2
6308,2021-12-28 15:10:00+05:30,49189.01,2021-12-28 16:45:00+05:30,49080.09,-108.92000000000553,1
6309,2021-12-28 19:30:00+05:30,48950.99,2021-12-28 20:20:00+05:30,49050.62,99.63000000000466,2
6310,2021-12-28 21:35:00+05:30,48666.66,2021-12-29 00:30:00+05:30,47564.66,-1102.0,0
6311,2021-12-29 00:35:00+05:30,47333.59,2021-12-29 01:15:00+05:30,47730.05,396.4600000000064,2
6312,2021-12-29 03:15:00+05:30,47533.56,2021-12-29 04:20:00+05:30,47650.01,116.45000000000437,2
6313,2021-12-29 10:25:00+05:30,47780.0,2021-12-29 11:20:00+05:30,47897.4,117.40000000000146,2
6314,2021-12-29 12:40:00+05:30,47647.01,2021-12-29 13:40:00+05:30,47708.4,61.38999999999942,2
6315,2021-12-29 14:45:00+05:30,47483.3,2021-12-29 15:15:00+05:30,47845.54,362.23999999999796,2
6316,2021-12-29 17:35:00+05:30,47106.38,2021-12-29 19:10:00+05:30,46902.51,-203.86999999999534,1
6317,2021-12-29 22:00:00+05:30,47696.65,2021-12-29 23:45:00+05:30,47662.73,-33.919999999998254,1
6318,2021-12-30 00:15:00+05:30,47430.0,2021-12-30 01:50:00+05:30,47333.57,-96.43000000000029,1
6319,2021-12-30 04:50:00+05:30,46450.77,2021-12-30 06:00:00+05:30,46603.42,152.65000000000146,2
6320,2021-12-30 07:30:00+05:30,46431.93,2021-12-30 08:05:00+05:30,46559.95,128.0199999999968,2
6321,2021-12-30 15:25:00+05:30,46753.42,2021-12-30 15:35:00+05:30,46908.13,154.70999999999913,2
6322,2021-12-30 19:45:00+05:30,47234.05,2021-12-30 20:00:00+05:30,47410.45,176.39999999999418,2
6323,2021-12-30 21:25:00+05:30,47159.41,2021-12-30 22:05:00+05:30,47404.94,245.52999999999884,2
6324,2021-12-31 01:30:00+05:30,47496.96,2021-12-31 03:30:00+05:30,47296.7,-200.26000000000204,1
6325,2021-12-31 04:05:00+05:30,46963.69,2021-12-31 04:45:00+05:30,47218.36,254.66999999999825,2
6326,2021-12-31 06:05:00+05:30,46872.14,2021-12-31 06:20:00+05:30,47174.57,302.4300000000003,2
6327,2021-12-31 11:30:00+05:30,47199.99,2021-12-31 11:40:00+05:30,47311.01,111.02000000000407,2
6328,2021-12-31 12:55:00+05:30,47043.46,2021-12-31 13:45:00+05:30,47189.75,146.29000000000087,2
6329,2021-12-31 16:25:00+05:30,48027.42,2021-12-31 18:00:00+05:30,48036.44,9.020000000004075,2
6330,2021-12-31 22:20:00+05:30,47598.33,2022-01-01 00:30:00+05:30,46605.01,-993.3199999999997,0
6331,2022-01-01 00:35:00+05:30,46550.0,2022-01-01 02:30:00+05:30,46079.1,-470.90000000000146,1
6332,2022-01-01 05:25:00+05:30,46216.93,2022-01-01 05:35:00+05:30,46371.11,154.1800000000003,2
6333,2022-01-01 09:40:00+05:30,46648.04,2022-01-01 10:15:00+05:30,46819.09,171.04999999999563,2
6334,2022-01-01 15:05:00+05:30,46995.14,2022-01-01 15:25:00+05:30,47143.98,148.84000000000378,2
6335,2022-01-01 15:55:00+05:30,46874.25,2022-01-01 16:45:00+05:30,46995.0,120.75,2
6336,2022-01-01 17:25:00+05:30,46758.87,2022-01-01 17:35:00+05:30,46925.99,167.11999999999534,2
6337,2022-01-01 20:00:00+05:30,46898.82,2022-01-01 20:50:00+05:30,46982.58,83.76000000000204,2
6338,2022-01-02 03:20:00+05:30,47284.0,2022-01-02 03:55:00+05:30,47388.27,104.2699999999968,2
6339,2022-01-02 08:40:00+05:30,47295.8,2022-01-02 08:55:00+05:30,47382.71,86.90999999999622,2
6340,2022-01-02 10:10:00+05:30,47159.47,2022-01-02 11:25:00+05:30,47081.28,-78.19000000000233,1
6341,2022-01-02 13:35:00+05:30,47038.29,2022-01-02 13:50:00+05:30,47195.57,157.27999999999884,2
6342,2022-01-02 16:25:00+05:30,47188.89,2022-01-02 16:50:00+05:30,47302.26,113.37000000000262,2
6343,2022-01-02 17:30:00+05:30,47099.98,2022-01-02 18:05:00+05:30,47349.99,250.00999999999476,2
6344,2022-01-02 23:35:00+05:30,47269.89,2022-01-03 01:40:00+05:30,47035.48,-234.40999999999622,1
6345,2022-01-03 05:35:00+05:30,47182.66,2022-01-03 07:25:00+05:30,47116.71,-65.95000000000437,1
6346,2022-01-03 07:40:00+05:30,46925.9,2022-01-03 08:30:00+05:30,47034.11,108.20999999999913,2
6347,2022-01-03 08:45:00+05:30,46880.64,2022-01-03 10:05:00+05:30,46915.03,34.38999999999942,2
6348,2022-01-03 12:30:00+05:30,46873.74,2022-01-03 13:00:00+05:30,47007.98,134.24000000000524,2
6349,2022-01-03 14:45:00+05:30,46810.42,2022-01-03 15:20:00+05:30,46991.8,181.38000000000466,2
6350,2022-01-03 19:35:00+05:30,47049.95,2022-01-03 20:05:00+05:30,47201.85,151.90000000000146,2
6351,2022-01-03 20:15:00+05:30,46920.48,2022-01-03 22:55:00+05:30,46696.39,-224.09000000000378,1
6352,2022-01-04 01:25:00+05:30,46360.01,2022-01-04 02:55:00+05:30,46023.51,-336.5,1
6353,2022-01-04 06:20:00+05:30,46203.35,2022-01-04 06:45:00+05:30,46372.35,169.0,2
6354,2022-01-04 07:15:00+05:30,46072.2,2022-01-04 08:10:00+05:30,46202.96,130.76000000000204,2
6355,2022-01-04 15:00:00+05:30,46345.05,2022-01-04 15:50:00+05:30,46434.86,89.80999999999767,2
6356,2022-01-04 17:50:00+05:30,46532.53,2022-01-04 18:25:00+05:30,46641.53,109.0,2
6357,2022-01-04 23:25:00+05:30,46555.01,2022-01-05 00:45:00+05:30,46410.0,-145.01000000000204,1
6358,2022-01-05 04:35:00+05:30,46028.68,2022-01-05 05:45:00+05:30,46105.38,76.69999999999709,2
6359,2022-01-05 10:40:00+05:30,46307.33,2022-01-05 11:40:00+05:30,46363.0,55.669999999998254,2
6360,2022-01-05 16:50:00+05:30,46538.09,2022-01-05 18:25:00+05:30,46229.99,-308.09999999999854,1
6361,2022-01-05 22:15:00+05:30,46327.48,2022-01-06 00:55:00+05:30,45903.12,-424.3600000000006,1
6362,2022-01-06 01:15:00+05:30,45077.93,2022-01-06 01:35:00+05:30,44100.98,-976.9499999999971,0
6363,2022-01-06 03:00:00+05:30,43561.38,2022-01-06 04:00:00+05:30,42550.0,-1011.3799999999974,0
6364,2022-01-06 07:40:00+05:30,43353.49,2022-01-06 10:20:00+05:30,42975.51,-377.9799999999959,1
6365,2022-01-06 14:00:00+05:30,43000.14,2022-01-06 15:55:00+05:30,42822.0,-178.13999999999942,1
6366,2022-01-06 17:55:00+05:30,42664.89,2022-01-06 18:05:00+05:30,42822.81,157.91999999999825,2
6367,2022-01-06 20:30:00+05:30,42759.0,2022-01-06 21:00:00+05:30,42963.94,204.94000000000233,2
6368,2022-01-07 03:40:00+05:30,43026.49,2022-01-07 04:00:00+05:30,43190.7,164.20999999999913,2
6369,2022-01-07 05:35:00+05:30,42940.61,2022-01-07 06:55:00+05:30,42970.77,30.159999999996217,2
6370,2022-01-07 08:50:00+05:30,42358.62,2022-01-07 09:45:00+05:30,41339.78,-1018.8400000000038,0
6371,2022-01-07 12:05:00+05:30,41503.19,2022-01-07 12:55:00+05:30,41615.0,111.80999999999767,2
6372,2022-01-07 16:20:00+05:30,42239.38,2022-01-07 17:30:00+05:30,42363.0,123.62000000000262,2
6373,2022-01-07 19:05:00+05:30,41696.49,2022-01-07 20:10:00+05:30,41980.01,283.5200000000041,2
6374,2022-01-07 21:05:00+05:30,41323.77,2022-01-07 21:55:00+05:30,41696.34,372.5699999999997,2
6375,2022-01-07 23:55:00+05:30,41670.96,2022-01-08 01:00:00+05:30,41766.43,95.47000000000116,2
6376,2022-01-08 03:40:00+05:30,41700.0,2022-01-08 05:25:00+05:30,41566.48,-133.5199999999968,1
6377,2022-01-08 12:00:00+05:30,41764.73,2022-01-08 12:25:00+05:30,41922.23,157.5,2
6378,2022-01-08 16:15:00+05:30,41890.09,2022-01-08 17:20:00+05:30,41943.42,53.330000000001746,2
6379,2022-01-08 20:25:00+05:30,41741.27,2022-01-08 21:40:00+05:30,41711.3,-29.969999999993888,1
6380,2022-01-08 22:00:00+05:30,41437.98,2022-01-08 23:50:00+05:30,41209.05,-228.9300000000003,1
6381,2022-01-09 05:35:00+05:30,41414.84,2022-01-09 06:15:00+05:30,41698.01,283.17000000000553,2
6382,2022-01-09 11:30:00+05:30,41693.15,2022-01-09 12:00:00+05:30,41852.36,159.20999999999913,2
6383,2022-01-09 13:45:00+05:30,41747.04,2022-01-09 16:05:00+05:30,41629.01,-118.02999999999884,1
6384,2022-01-09 18:55:00+05:30,41578.03,2022-01-09 20:10:00+05:30,41719.71,141.6800000000003,2
6385,2022-01-09 20:40:00+05:30,41447.92,2022-01-09 21:00:00+05:30,41666.01,218.09000000000378,2
6386,2022-01-10 04:20:00+05:30,42179.1,2022-01-10 05:50:00+05:30,42033.63,-145.47000000000116,1
6387,2022-01-10 06:10:00+05:30,41698.33,2022-01-10 07:20:00+05:30,41786.57,88.23999999999796,2
6388,2022-01-10 11:35:00+05:30,41914.65,2022-01-10 12:30:00+05:30,42091.26,176.61000000000058,2
6389,2022-01-10 14:05:00+05:30,41740.01,2022-01-10 14:50:00+05:30,41900.0,159.98999999999796,2
6390,2022-01-10 16:30:00+05:30,41630.01,2022-01-10 19:25:00+05:30,40774.0,-856.010000000002,0
6391,2022-01-10 19:45:00+05:30,40211.77,2022-01-10 20:10:00+05:30,40684.29,472.5200000000041,2
6392,2022-01-10 23:00:00+05:30,40771.54,2022-01-10 23:45:00+05:30,41383.3,611.760000000002,2
6393,2022-01-11 01:20:00+05:30,41261.78,2022-01-11 02:00:00+05:30,41521.89,260.1100000000006,2
6394,2022-01-11 06:25:00+05:30,41593.7,2022-01-11 06:55:00+05:30,41805.99,212.29000000000087,2
6395,2022-01-11 10:45:00+05:30,42098.06,2022-01-11 11:40:00+05:30,42221.74,123.68000000000029,2
6396,2022-01-11 12:20:00+05:30,41986.87,2022-01-11 12:35:00+05:30,42168.44,181.5699999999997,2
6397,2022-01-11 15:45:00+05:30,41854.57,2022-01-11 17:00:00+05:30,41842.73,-11.839999999996508,1
6398,2022-01-11 18:55:00+05:30,41728.99,2022-01-11 20:25:00+05:30,41642.0,-86.98999999999796,1
6399,2022-01-12 06:10:00+05:30,42624.01,2022-01-12 07:35:00+05:30,42694.82,70.80999999999767,2
6400,2022-01-12 08:15:00+05:30,42481.33,2022-01-12 08:55:00+05:30,42590.06,108.72999999999593,2
6401,2022-01-12 12:35:00+05:30,42544.0,2022-01-12 13:35:00+05:30,42633.79,89.79000000000087,2
6402,2022-01-12 21:00:00+05:30,43620.17,2022-01-12 22:10:00+05:30,43618.72,-1.4499999999970896,1
6403,2022-01-13 00:25:00+05:30,43589.98,2022-01-13 01:20:00+05:30,43715.47,125.48999999999796,2
6404,2022-01-13 06:10:00+05:30,43766.5,2022-01-13 08:00:00+05:30,43665.21,-101.29000000000087,1
6405,2022-01-13 08:40:00+05:30,43437.7,2022-01-13 09:30:00+05:30,43560.43,122.7300000000032,2
6406,2022-01-13 13:10:00+05:30,43603.79,2022-01-13 13:20:00+05:30,43708.71,104.91999999999825,2
6407,2022-01-13 16:30:00+05:30,43735.0,2022-01-13 17:35:00+05:30,43750.43,15.430000000000291,2
6408,2022-01-13 20:45:00+05:30,43386.07,2022-01-13 22:05:00+05:30,43379.77,-6.30000000000291,1
6409,2022-01-13 22:40:00+05:30,42899.75,2022-01-14 00:00:00+05:30,42913.64,13.889999999999418,2
6410,2022-01-14 00:45:00+05:30,42633.18,2022-01-14 02:10:00+05:30,42626.26,-6.919999999998254,1
6411,2022-01-14 04:05:00+05:30,42543.78,2022-01-14 05:00:00+05:30,42703.64,159.86000000000058,2
6412,2022-01-14 05:30:00+05:30,42421.86,2022-01-14 05:40:00+05:30,42659.77,237.90999999999622,2
6413,2022-01-14 07:35:00+05:30,42513.55,2022-01-14 08:05:00+05:30,42642.33,128.77999999999884,2
6414,2022-01-14 13:05:00+05:30,42701.98,2022-01-14 14:35:00+05:30,42607.53,-94.45000000000437,1
6415,2022-01-14 15:50:00+05:30,42408.97,2022-01-14 17:45:00+05:30,42061.27,-347.70000000000437,1
6416,2022-01-15 04:50:00+05:30,43057.78,2022-01-15 06:15:00+05:30,43062.91,5.130000000004657,2
6417,2022-01-15 07:05:00+05:30,42915.58,2022-01-15 08:00:00+05:30,43027.76,112.18000000000029,2
6418,2022-01-15 09:25:00+05:30,42927.96,2022-01-15 10:30:00+05:30,42926.55,-1.4099999999962165,1
6419,2022-01-15 14:55:00+05:30,42915.97,2022-01-15 15:25:00+05:30,43061.7,145.72999999999593,2
6420,2022-01-15 18:00:00+05:30,42907.48,2022-01-15 18:55:00+05:30,42873.41,-34.06999999999971,1
6421,2022-01-16 03:05:00+05:30,43232.62,2022-01-16 04:30:00+05:30,43299.99,67.36999999999534,2
6422,2022-01-16 05:25:00+05:30,43084.29,2022-01-16 06:30:00+05:30,43127.09,42.799999999995634,2
6423,2022-01-16 08:10:00+05:30,42978.46,2022-01-16 08:50:00+05:30,42995.04,16.580000000001746,2
6424,2022-01-16 11:25:00+05:30,42958.69,2022-01-16 11:40:00+05:30,43083.73,125.04000000000087,2
6425,2022-01-16 14:20:00+05:30,43092.96,2022-01-16 15:30:00+05:30,43131.37,38.41000000000349,2
6426,2022-01-16 16:20:00+05:30,43025.0,2022-01-16 17:20:00+05:30,43022.49,-2.5100000000020373,1
6427,2022-01-16 18:45:00+05:30,42874.82,2022-01-16 19:10:00+05:30,42980.39,105.56999999999971,2
6428,2022-01-16 23:10:00+05:30,43175.84,2022-01-17 01:40:00+05:30,42983.98,-191.8599999999933,1
6429,2022-01-17 05:15:00+05:30,43100.0,2022-01-17 07:50:00+05:30,42918.97,-181.02999999999884,1
6430,2022-01-17 08:00:00+05:30,42810.75,2022-01-17 08:15:00+05:30,42909.62,98.87000000000262,2
6431,2022-01-17 09:00:00+05:30,42742.41,2022-01-17 11:05:00+05:30,42622.56,-119.85000000000582,1
6432,2022-01-17 13:20:00+05:30,42700.55,2022-01-17 14:05:00+05:30,42809.82,109.2699999999968,2
6433,2022-01-17 16:00:00+05:30,42709.13,2022-01-17 16:45:00+05:30,42829.63,120.5,2
6434,2022-01-17 17:30:00+05:30,42619.21,2022-01-17 17:55:00+05:30,42700.0,80.79000000000087,2
6435,2022-01-17 20:30:00+05:30,42509.04,2022-01-17 21:05:00+05:30,42631.33,122.29000000000087,2
6436,2022-01-17 21:35:00+05:30,42378.85,2022-01-18 00:15:00+05:30,42130.63,-248.22000000000116,1
6437,2022-01-18 02:05:00+05:30,42066.2,2022-01-18 04:00:00+05:30,42126.05,59.85000000000582,2
6438,2022-01-18 09:05:00+05:30,42063.98,2022-01-18 10:20:00+05:30,42096.99,33.00999999999476,2
6439,2022-01-18 12:50:00+05:30,41990.89,2022-01-18 15:05:00+05:30,41854.65,-136.23999999999796,1
6440,2022-01-18 16:45:00+05:30,41789.93,2022-01-18 17:30:00+05:30,41902.97,113.04000000000087,2
6441,2022-01-18 18:45:00+05:30,41537.2,2022-01-18 19:25:00+05:30,41654.09,116.88999999999942,2
6442,2022-01-18 20:00:00+05:30,41327.74,2022-01-18 20:10:00+05:30,41591.47,263.7300000000032,2
6443,2022-01-19 02:10:00+05:30,41501.37,2022-01-19 02:25:00+05:30,41784.27,282.8999999999942,2
6444,2022-01-19 05:30:00+05:30,42290.92,2022-01-19 05:55:00+05:30,42454.9,163.9800000000032,2
6445,2022-01-19 08:15:00+05:30,42306.74,2022-01-19 10:30:00+05:30,41794.99,-511.75,1
6446,2022-01-19 12:30:00+05:30,41625.97,2022-01-19 14:15:00+05:30,41302.69,-323.27999999999884,1
6447,2022-01-19 16:10:00+05:30,41388.47,2022-01-19 16:25:00+05:30,41505.53,117.05999999999767,2
6448,2022-01-19 21:10:00+05:30,41909.29,2022-01-19 22:25:00+05:30,41912.76,3.470000000001164,2
6449,2022-01-20 00:00:00+05:30,41906.88,2022-01-20 01:40:00+05:30,41922.18,15.30000000000291,2
6450,2022-01-20 02:00:00+05:30,41642.24,2022-01-20 02:55:00+05:30,41775.51,133.27000000000407,2
6451,2022-01-20 05:15:00+05:30,41689.53,2022-01-20 05:50:00+05:30,41832.11,142.58000000000175,2
6452,2022-01-20 10:50:00+05:30,41799.54,2022-01-20 11:25:00+05:30,41879.2,79.65999999999622,2
6453,2022-01-20 13:45:00+05:30,41906.73,2022-01-20 15:00:00+05:30,41926.52,19.789999999993597,2
6454,2022-01-20 17:30:00+05:30,41964.59,2022-01-20 18:25:00+05:30,42033.76,69.17000000000553,2
6455,2022-01-20 23:10:00+05:30,43093.84,2022-01-21 00:20:00+05:30,43078.46,-15.37999999999738,1
6456,2022-01-21 00:25:00+05:30,42834.19,2022-01-21 00:45:00+05:30,43086.63,252.43999999999505,2
6457,2022-01-21 01:40:00+05:30,42783.28,2022-01-21 03:10:00+05:30,41760.61,-1022.6699999999983,0
6458,2022-01-21 03:15:00+05:30,41577.01,2022-01-21 04:50:00+05:30,40641.36,-935.6500000000015,0
6459,2022-01-21 07:05:00+05:30,40044.37,2022-01-21 08:55:00+05:30,38959.19,-1085.1800000000003,0
6460,2022-01-21 09:00:00+05:30,38438.17,2022-01-21 10:05:00+05:30,38985.81,547.6399999999994,2
6461,2022-01-21 12:00:00+05:30,38611.23,2022-01-21 12:40:00+05:30,38816.68,205.4499999999971,2
6462,2022-01-21 15:35:00+05:30,38885.05,2022-01-21 15:50:00+05:30,39032.09,147.0399999999936,2
6463,2022-01-21 16:20:00+05:30,38892.99,2022-01-21 17:25:00+05:30,38898.18,5.190000000002328,2
6464,2022-01-21 17:35:00+05:30,38576.83,2022-01-21 18:05:00+05:30,37743.36,-833.4700000000012,0
6465,2022-01-21 18:10:00+05:30,37986.99,2022-01-21 18:45:00+05:30,38457.0,470.01000000000204,2
6466,2022-01-21 22:40:00+05:30,38452.98,2022-01-21 23:40:00+05:30,38582.45,129.4699999999939,2
6467,2022-01-21 23:50:00+05:30,38131.9,2022-01-22 00:05:00+05:30,38419.99,288.0899999999965,2
6468,2022-01-22 01:25:00+05:30,37984.12,2022-01-22 02:10:00+05:30,38210.55,226.4300000000003,2
6469,2022-01-22 03:00:00+05:30,37508.7,2022-01-22 03:15:00+05:30,36606.99,-901.7099999999991,0
6470,2022-01-22 03:20:00+05:30,36650.67,2022-01-22 04:15:00+05:30,35699.21,-951.4599999999991,0
6471,2022-01-22 09:10:00+05:30,36127.18,2022-01-22 10:40:00+05:30,36309.15,181.97000000000116,2
6472,2022-01-22 10:55:00+05:30,36130.91,2022-01-22 12:35:00+05:30,35837.09,-293.820000000007,1
6473,2022-01-22 12:55:00+05:30,35347.81,2022-01-22 13:30:00+05:30,35648.76,300.95000000000437,2
6474,2022-01-22 15:00:00+05:30,35347.01,2022-01-22 15:35:00+05:30,34283.29,-1063.7200000000012,0
6475,2022-01-22 20:25:00+05:30,35009.27,2022-01-22 21:35:00+05:30,35123.0,113.7300000000032,2
6476,2022-01-23 03:55:00+05:30,35014.44,2022-01-23 04:55:00+05:30,35098.53,84.08999999999651,2
6477,2022-01-23 07:40:00+05:30,35143.55,2022-01-23 09:10:00+05:30,35052.2,-91.35000000000582,1
6478,2022-01-23 17:00:00+05:30,35690.0,2022-01-23 18:15:00+05:30,35703.99,13.989999999997963,2
6479,2022-01-23 19:45:00+05:30,35575.21,2022-01-23 21:30:00+05:30,35321.0,-254.20999999999913,1
6480,2022-01-23 23:50:00+05:30,35137.67,2022-01-24 01:00:00+05:30,35132.71,-4.959999999999127,1
6481,2022-01-24 01:10:00+05:30,34723.11,2022-01-24 01:35:00+05:30,34961.51,238.40000000000146,2
6482,2022-01-24 07:10:00+05:30,35681.99,2022-01-24 09:20:00+05:30,35377.17,-304.8199999999997,1
6483,2022-01-24 10:15:00+05:30,35127.61,2022-01-24 11:25:00+05:30,35184.06,56.44999999999709,2
6484,2022-01-24 13:10:00+05:30,34998.16,2022-01-24 13:55:00+05:30,35136.46,138.29999999999563,2
6485,2022-01-24 14:45:00+05:30,34766.65,2022-01-24 15:35:00+05:30,33952.1,-814.5500000000029,0
6486,2022-01-24 15:40:00+05:30,33856.85,2022-01-24 16:30:00+05:30,33079.99,-776.8600000000006,0
6487,2022-01-24 18:15:00+05:30,33148.33,2022-01-24 18:35:00+05:30,33583.85,435.5199999999968,2
6488,2022-01-25 04:00:00+05:30,36337.43,2022-01-25 04:45:00+05:30,36694.88,357.4499999999971,2
6489,2022-01-25 05:55:00+05:30,36272.41,2022-01-25 07:35:00+05:30,36177.84,-94.57000000000698,1
6490,2022-01-25 10:15:00+05:30,36074.65,2022-01-25 11:35:00+05:30,36077.06,2.4099999999962165,2
6491,2022-01-25 12:35:00+05:30,35761.1,2022-01-25 13:00:00+05:30,36024.52,263.41999999999825,2
6492,2022-01-26 01:00:00+05:30,37007.28,2022-01-26 04:00:00+05:30,36666.66,-340.61999999999534,1
6493,2022-01-26 06:15:00+05:30,36687.69,2022-01-26 07:15:00+05:30,36785.79,98.09999999999854,2
6494,2022-01-26 11:55:00+05:30,37467.4,2022-01-26 13:25:00+05:30,37338.59,-128.81000000000495,1
6495,2022-01-26 20:50:00+05:30,37992.01,2022-01-26 21:40:00+05:30,38134.65,142.63999999999942,2
6496,2022-01-26 23:30:00+05:30,37702.32,2022-01-27 00:20:00+05:30,38178.16,475.8400000000038,2
6497,2022-01-27 01:45:00+05:30,36804.17,2022-01-27 04:20:00+05:30,36495.8,-308.36999999999534,1
6498,2022-01-27 06:45:00+05:30,36685.59,2022-01-27 07:25:00+05:30,35882.21,-803.3799999999974,0
6499,2022-01-27 09:10:00+05:30,35597.5,2022-01-27 10:15:00+05:30,35902.15,304.65000000000146,2
6500,2022-01-27 14:00:00+05:30,35902.94,2022-01-27 14:10:00+05:30,36196.45,293.50999999999476,2
6501,2022-01-27 16:20:00+05:30,36383.75,2022-01-27 16:55:00+05:30,36591.63,207.87999999999738,2
6502,2022-01-27 20:55:00+05:30,36685.05,2022-01-27 22:30:00+05:30,36597.0,-88.05000000000291,1
6503,2022-01-27 22:40:00+05:30,36301.71,2022-01-28 00:25:00+05:30,36215.49,-86.22000000000116,1
6504,2022-01-28 01:00:00+05:30,35909.9,2022-01-28 01:10:00+05:30,36252.14,342.23999999999796,2
6505,2022-01-28 02:05:00+05:30,35787.96,2022-01-28 03:10:00+05:30,35898.99,111.02999999999884,2
6506,2022-01-28 06:55:00+05:30,36950.86,2022-01-28 08:15:00+05:30,36865.41,-85.44999999999709,1
6507,2022-01-28 10:15:00+05:30,37119.77,2022-01-28 10:55:00+05:30,37276.02,156.25,2
6508,2022-01-28 12:25:00+05:30,36907.14,2022-01-28 14:40:00+05:30,36712.37,-194.7699999999968,1
6509,2022-01-28 15:35:00+05:30,36400.0,2022-01-28 15:50:00+05:30,36616.54,216.54000000000087,2
6510,2022-01-28 16:45:00+05:30,36354.51,2022-01-28 17:30:00+05:30,36570.0,215.48999999999796,2
6511,2022-01-28 18:05:00+05:30,36214.38,2022-01-28 18:45:00+05:30,36446.74,232.36000000000058,2
6512,2022-01-28 22:50:00+05:30,36968.18,2022-01-29 00:00:00+05:30,37076.21,108.02999999999884,2
6513,2022-01-29 04:20:00+05:30,37741.77,2022-01-29 05:05:00+05:30,37815.78,74.01000000000204,2
6514,2022-01-29 06:55:00+05:30,37613.8,2022-01-29 08:40:00+05:30,37587.22,-26.580000000001746,1
6515,2022-01-29 11:10:00+05:30,37616.0,2022-01-29 11:55:00+05:30,37761.31,145.30999999999767,2
6516,2022-01-29 14:30:00+05:30,37650.45,2022-01-29 15:55:00+05:30,37698.3,47.85000000000582,2
6517,2022-01-29 17:40:00+05:30,37662.99,2022-01-29 17:50:00+05:30,37818.04,155.0500000000029,2
6518,2022-01-29 20:25:00+05:30,37620.04,2022-01-29 22:25:00+05:30,37538.19,-81.84999999999854,1
6519,2022-01-30 06:10:00+05:30,37826.81,2022-01-30 07:25:00+05:30,37931.75,104.94000000000233,2
6520,2022-01-30 09:15:00+05:30,37888.21,2022-01-30 09:55:00+05:30,37968.92,80.70999999999913,2
6521,2022-01-30 14:00:00+05:30,38024.2,2022-01-30 15:45:00+05:30,38066.98,42.78000000000611,2
6522,2022-01-30 17:40:00+05:30,37966.14,2022-01-30 18:00:00+05:30,38095.91,129.77000000000407,2
6523,2022-01-30 18:15:00+05:30,37918.64,2022-01-30 19:15:00+05:30,37969.7,51.05999999999767,2
6524,2022-01-30 19:45:00+05:30,37806.62,2022-01-30 20:35:00+05:30,37880.52,73.89999999999418,2
6525,2022-01-30 22:10:00+05:30,37822.81,2022-01-30 22:50:00+05:30,37936.67,113.86000000000058,2
6526,2022-01-31 00:20:00+05:30,37822.25,2022-01-31 01:40:00+05:30,37616.94,-205.30999999999767,1
6527,2022-01-31 06:10:00+05:30,37154.15,2022-01-31 07:45:00+05:30,36875.66,-278.48999999999796,1
6528,2022-01-31 09:50:00+05:30,36879.33,2022-01-31 11:00:00+05:30,36941.47,62.13999999999942,2
6529,2022-01-31 17:05:00+05:30,37099.0,2022-01-31 17:25:00+05:30,37265.16,166.1600000000035,2
6530,2022-01-31 17:45:00+05:30,36893.49,2022-01-31 18:20:00+05:30,37072.81,179.3199999999997,2
6531,2022-02-01 01:40:00+05:30,38279.98,2022-02-01 02:00:00+05:30,38487.59,207.6099999999933,2
6532,2022-02-01 07:15:00+05:30,38188.64,2022-02-01 07:45:00+05:30,38340.39,151.75,2
6533,2022-02-01 11:25:00+05:30,38452.9,2022-02-01 12:40:00+05:30,38376.97,-75.93000000000029,1
6534,2022-02-01 20:20:00+05:30,38393.7,2022-02-01 21:25:00+05:30,38630.33,236.63000000000466,2
6535,2022-02-02 00:25:00+05:30,38533.15,2022-02-02 01:40:00+05:30,38550.0,16.849999999998545,2
6536,2022-02-02 06:00:00+05:30,38523.01,2022-02-02 07:40:00+05:30,38552.11,29.099999999998545,2
6537,2022-02-02 09:30:00+05:30,38481.17,2022-02-02 11:35:00+05:30,38429.74,-51.43000000000029,1
6538,2022-02-02 12:10:00+05:30,38260.0,2022-02-02 12:55:00+05:30,38353.5,93.5,2
6539,2022-02-02 19:15:00+05:30,38406.91,2022-02-02 20:15:00+05:30,37626.66,-780.25,0
6540,2022-02-02 21:35:00+05:30,37240.0,2022-02-02 22:30:00+05:30,37352.18,112.18000000000029,2
6541,2022-02-03 02:05:00+05:30,37427.32,2022-02-03 02:20:00+05:30,37550.14,122.81999999999971,2
6542,2022-02-03 02:35:00+05:30,37317.38,2022-02-03 04:05:00+05:30,37103.85,-213.52999999999884,1
6543,2022-02-03 07:20:00+05:30,36824.5,2022-02-03 08:05:00+05:30,36897.91,73.41000000000349,2
6544,2022-02-03 14:45:00+05:30,36908.52,2022-02-03 16:55:00+05:30,36500.57,-407.9499999999971,1
6545,2022-02-03 22:25:00+05:30,36687.0,2022-02-03 23:05:00+05:30,36834.69,147.69000000000233,2
6546,2022-02-04 00:40:00+05:30,36650.52,2022-02-04 02:30:00+05:30,36776.14,125.62000000000262,2
6547,2022-02-04 07:05:00+05:30,37036.58,2022-02-04 07:20:00+05:30,37155.16,118.58000000000175,2
6548,2022-02-04 09:30:00+05:30,37258.93,2022-02-04 10:15:00+05:30,37330.67,71.73999999999796,2
6549,2022-02-04 19:00:00+05:30,37562.8,2022-02-04 19:50:00+05:30,37722.87,160.0699999999997,2
6550,2022-02-05 15:15:00+05:30,41314.19,2022-02-05 15:25:00+05:30,41547.36,233.16999999999825,2
6551,2022-02-05 17:20:00+05:30,41382.01,2022-02-05 17:45:00+05:30,41479.99,97.97999999999593,2
6552,2022-02-05 22:15:00+05:30,41384.47,2022-02-05 23:10:00+05:30,41449.33,64.86000000000058,2
6553,2022-02-06 00:55:00+05:30,41542.02,2022-02-06 02:10:00+05:30,41553.03,11.010000000002037,2
6554,2022-02-06 04:20:00+05:30,41561.7,2022-02-06 06:20:00+05:30,41508.5,-53.19999999999709,1
6555,2022-02-06 08:15:00+05:30,41476.62,2022-02-06 09:00:00+05:30,41547.9,71.27999999999884,2
6556,2022-02-06 09:35:00+05:30,41332.29,2022-02-06 09:55:00+05:30,41494.98,162.69000000000233,2
6557,2022-02-06 11:45:00+05:30,41466.67,2022-02-06 11:55:00+05:30,41538.56,71.88999999999942,2
6558,2022-02-06 16:00:00+05:30,41551.01,2022-02-06 17:35:00+05:30,41624.5,73.48999999999796,2
6559,2022-02-06 20:10:00+05:30,41482.43,2022-02-06 21:15:00+05:30,41515.67,33.23999999999796,2
6560,2022-02-06 23:50:00+05:30,41541.0,2022-02-07 00:45:00+05:30,41583.99,42.98999999999796,2
6561,2022-02-07 02:15:00+05:30,41558.17,2022-02-07 02:55:00+05:30,41650.11,91.94000000000233,2
6562,2022-02-07 04:25:00+05:30,41590.73,2022-02-07 04:35:00+05:30,41925.24,334.50999999999476,2
6563,2022-02-07 12:05:00+05:30,42691.06,2022-02-07 12:50:00+05:30,42749.43,58.37000000000262,2
6564,2022-02-07 13:15:00+05:30,42582.63,2022-02-07 13:25:00+05:30,42723.92,141.29000000000087,2
6565,2022-02-07 13:45:00+05:30,42569.99,2022-02-07 14:20:00+05:30,42659.01,89.02000000000407,2
6566,2022-02-07 15:00:00+05:30,42375.4,2022-02-07 15:45:00+05:30,42482.02,106.61999999999534,2
6567,2022-02-08 02:15:00+05:30,43966.11,2022-02-08 03:25:00+05:30,44085.24,119.12999999999738,2
6568,2022-02-08 04:40:00+05:30,43923.93,2022-02-08 06:10:00+05:30,43861.56,-62.37000000000262,1
6569,2022-02-08 08:40:00+05:30,43878.32,2022-02-08 09:00:00+05:30,43989.83,111.51000000000204,2
6570,2022-02-08 13:35:00+05:30,44495.24,2022-02-08 14:40:00+05:30,43582.44,-912.7999999999956,0
6571,2022-02-08 17:45:00+05:30,43638.06,2022-02-08 19:05:00+05:30,43525.56,-112.5,1
6572,2022-02-08 20:30:00+05:30,43287.72,2022-02-08 21:20:00+05:30,43440.05,152.33000000000175,2
6573,2022-02-09 00:55:00+05:30,42726.58,2022-02-09 01:30:00+05:30,43055.01,328.4300000000003,2
6574,2022-02-09 04:00:00+05:30,43881.9,2022-02-09 04:45:00+05:30,44163.99,282.0899999999965,2
6575,2022-02-09 07:25:00+05:30,43861.21,2022-02-09 08:55:00+05:30,43422.35,-438.8600000000006,1
6576,2022-02-09 10:35:00+05:30,43279.6,2022-02-09 11:00:00+05:30,43432.71,153.11000000000058,2
6577,2022-02-09 12:50:00+05:30,43531.16,2022-02-09 13:20:00+05:30,43635.62,104.45999999999913,2
6578,2022-02-09 13:50:00+05:30,43271.92,2022-02-09 14:30:00+05:30,43504.86,232.94000000000233,2
6579,2022-02-10 03:25:00+05:30,44452.14,2022-02-10 04:20:00+05:30,44579.1,126.95999999999913,2
6580,2022-02-10 05:40:00+05:30,44173.41,2022-02-10 06:50:00+05:30,44231.59,58.179999999993015,2
6581,2022-02-10 08:25:00+05:30,43800.01,2022-02-10 09:40:00+05:30,43856.08,56.06999999999971,2
6582,2022-02-10 19:00:00+05:30,44009.71,2022-02-10 20:20:00+05:30,43847.8,-161.90999999999622,1
6583,2022-02-10 23:55:00+05:30,44950.95,2022-02-11 02:00:00+05:30,44014.58,-936.3699999999953,0
6584,2022-02-11 02:05:00+05:30,43935.0,2022-02-11 03:55:00+05:30,44005.8,70.80000000000291,2
6585,2022-02-11 05:00:00+05:30,43522.53,2022-02-11 06:30:00+05:30,43672.52,149.98999999999796,2
6586,2022-02-11 10:10:00+05:30,42999.8,2022-02-11 11:35:00+05:30,43091.25,91.44999999999709,2
6587,2022-02-11 14:25:00+05:30,43000.32,2022-02-11 14:45:00+05:30,43440.99,440.66999999999825,2
6588,2022-02-11 17:30:00+05:30,43265.26,2022-02-11 17:40:00+05:30,43449.87,184.61000000000058,2
6589,2022-02-11 20:10:00+05:30,43426.85,2022-02-11 20:15:00+05:30,43773.86,347.01000000000204,2
6590,2022-02-11 23:20:00+05:30,43404.5,2022-02-12 00:30:00+05:30,42358.22,-1046.2799999999988,0
6591,2022-02-12 00:35:00+05:30,42269.1,2022-02-12 01:00:00+05:30,42997.39,728.2900000000009,2
6592,2022-02-12 03:55:00+05:30,42292.24,2022-02-12 05:00:00+05:30,42420.23,127.99000000000524,2
6593,2022-02-12 08:40:00+05:30,42298.4,2022-02-12 09:35:00+05:30,42403.6,105.19999999999709,2
6594,2022-02-12 11:40:00+05:30,42147.41,2022-02-12 13:20:00+05:30,42133.3,-14.110000000000582,1
6595,2022-02-12 16:00:00+05:30,42210.34,2022-02-12 17:00:00+05:30,42259.0,48.66000000000349,2
6596,2022-02-12 19:05:00+05:30,42203.11,2022-02-12 20:25:00+05:30,42160.63,-42.4800000000032,1
6597,2022-02-13 01:05:00+05:30,42671.15,2022-02-13 02:00:00+05:30,42735.93,64.77999999999884,2
6598,2022-02-13 02:50:00+05:30,42381.95,2022-02-13 04:20:00+05:30,42133.44,-248.50999999999476,1
6599,2022-02-13 07:55:00+05:30,42136.15,2022-02-13 08:30:00+05:30,42250.8,114.65000000000146,2
6600,2022-02-13 20:00:00+05:30,42346.9,2022-02-13 20:25:00+05:30,42535.07,188.16999999999825,2
6601,2022-02-14 00:05:00+05:30,41991.36,2022-02-14 01:30:00+05:30,42057.09,65.72999999999593,2
6602,2022-02-14 04:35:00+05:30,42160.4,2022-02-14 04:45:00+05:30,42332.45,172.04999999999563,2
6603,2022-02-14 05:25:00+05:30,42053.66,2022-02-14 06:25:00+05:30,42113.12,59.45999999999913,2
6604,2022-02-14 06:55:00+05:30,41865.72,2022-02-14 08:30:00+05:30,41796.98,-68.73999999999796,1
6605,2022-02-14 11:15:00+05:30,41816.89,2022-02-14 11:45:00+05:30,41916.83,99.94000000000233,2
6606,2022-02-14 17:35:00+05:30,42058.84,2022-02-14 18:05:00+05:30,42287.78,228.94000000000233,2
6607,2022-02-14 21:00:00+05:30,42385.99,2022-02-14 21:15:00+05:30,42594.37,208.38000000000466,2
6608,2022-02-14 23:05:00+05:30,42558.11,2022-02-15 01:50:00+05:30,42157.46,-400.65000000000146,1
6609,2022-02-15 19:05:00+05:30,44104.99,2022-02-15 19:15:00+05:30,44282.69,177.70000000000437,2
6610,2022-02-15 21:50:00+05:30,44103.96,2022-02-15 23:50:00+05:30,44093.91,-10.049999999995634,1
6611,2022-02-16 03:05:00+05:30,43951.45,2022-02-16 03:40:00+05:30,44103.6,152.15000000000146,2
6612,2022-02-16 09:45:00+05:30,43752.8,2022-02-16 10:30:00+05:30,43914.99,162.18999999999505,2
6613,2022-02-16 15:10:00+05:30,44054.47,2022-02-16 16:10:00+05:30,44087.46,32.98999999999796,2
6614,2022-02-16 18:10:00+05:30,44004.45,2022-02-16 20:50:00+05:30,43630.26,-374.18999999999505,1
6615,2022-02-16 21:45:00+05:30,43371.42,2022-02-16 21:55:00+05:30,43571.14,199.72000000000116,2
6616,2022-02-17 02:25:00+05:30,44093.62,2022-02-17 03:50:00+05:30,44086.2,-7.42000000000553,1
6617,2022-02-17 05:20:00+05:30,43942.11,2022-02-17 06:20:00+05:30,43991.9,49.79000000000087,2
6618,2022-02-17 07:50:00+05:30,43843.8,2022-02-17 08:20:00+05:30,44018.22,174.41999999999825,2
6619,2022-02-17 09:10:00+05:30,43764.36,2022-02-17 10:35:00+05:30,43666.01,-98.34999999999854,1
6620,2022-02-17 13:55:00+05:30,43637.96,2022-02-17 15:40:00+05:30,43341.99,-295.97000000000116,1
6621,2022-02-17 16:25:00+05:30,43049.99,2022-02-17 17:15:00+05:30,43179.6,129.61000000000058,2
6622,2022-02-17 18:50:00+05:30,42588.96,2022-02-17 21:40:00+05:30,42042.88,-546.0800000000017,1
6623,2022-02-17 23:15:00+05:30,41715.68,2022-02-18 01:15:00+05:30,41145.78,-569.9000000000015,1
6624,2022-02-18 02:00:00+05:30,40851.2,2022-02-18 04:00:00+05:30,40590.97,-260.2299999999959,1
6625,2022-02-18 05:30:00+05:30,40431.17,2022-02-18 05:55:00+05:30,40589.17,158.0,2
6626,2022-02-18 08:45:00+05:30,40635.37,2022-02-18 09:20:00+05:30,40707.83,72.45999999999913,2
6627,2022-02-18 10:20:00+05:30,40562.78,2022-02-18 11:05:00+05:30,40692.16,129.38000000000466,2
6628,2022-02-18 15:50:00+05:30,40706.0,2022-02-18 16:15:00+05:30,40821.26,115.26000000000204,2
6629,2022-02-18 16:30:00+05:30,40593.27,2022-02-18 17:40:00+05:30,40539.09,-54.18000000000029,1
6630,2022-02-18 20:00:00+05:30,40223.46,2022-02-18 20:20:00+05:30,40309.0,85.54000000000087,2
6631,2022-02-19 02:00:00+05:30,39982.6,2022-02-19 02:45:00+05:30,40086.09,103.48999999999796,2
6632,2022-02-19 03:35:00+05:30,39800.0,2022-02-19 04:05:00+05:30,39974.28,174.27999999999884,2
6633,2022-02-19 07:35:00+05:30,40110.09,2022-02-19 08:10:00+05:30,40194.83,84.74000000000524,2
6634,2022-02-19 13:55:00+05:30,40194.81,2022-02-19 16:25:00+05:30,39946.01,-248.79999999999563,1
6635,2022-02-19 17:00:00+05:30,39677.69,2022-02-19 17:40:00+05:30,39894.42,216.72999999999593,2
6636,2022-02-20 00:35:00+05:30,39990.03,2022-02-20 01:45:00+05:30,40047.68,57.650000000001455,2
6637,2022-02-20 02:45:00+05:30,39869.99,2022-02-20 03:55:00+05:30,39974.96,104.97000000000116,2
6638,2022-02-20 05:55:00+05:30,39928.01,2022-02-20 07:10:00+05:30,39994.99,66.97999999999593,2
6639,2022-02-20 08:25:00+05:30,39839.17,2022-02-20 11:40:00+05:30,39013.49,-825.6800000000003,0
6640,2022-02-20 11:45:00+05:30,38992.82,2022-02-20 14:10:00+05:30,38198.21,-794.6100000000006,0
6641,2022-02-20 19:45:00+05:30,38087.54,2022-02-20 20:30:00+05:30,38255.96,168.41999999999825,2
6642,2022-02-21 01:35:00+05:30,38286.03,2022-02-21 03:25:00+05:30,38240.07,-45.95999999999913,1
6643,2022-02-21 09:00:00+05:30,38906.99,2022-02-21 10:00:00+05:30,39077.94,170.95000000000437,2
6644,2022-02-21 12:35:00+05:30,39075.43,2022-02-21 12:55:00+05:30,39239.75,164.3199999999997,2
6645,2022-02-21 14:30:00+05:30,38939.87,2022-02-21 17:05:00+05:30,37768.01,-1171.8600000000006,0
6646,2022-02-21 17:10:00+05:30,37548.34,2022-02-21 18:40:00+05:30,37652.18,103.84000000000378,2
6647,2022-02-21 23:20:00+05:30,38516.96,2022-02-21 23:50:00+05:30,37733.0,-783.9599999999991,0
6648,2022-02-22 03:00:00+05:30,37939.84,2022-02-22 03:25:00+05:30,37058.51,-881.3299999999945,0
6649,2022-02-22 03:30:00+05:30,36953.36,2022-02-22 04:20:00+05:30,37591.57,638.2099999999991,2
6650,2022-02-22 05:10:00+05:30,36941.16,2022-02-22 06:00:00+05:30,37185.02,243.8599999999933,2
6651,2022-02-22 08:30:00+05:30,36663.68,2022-02-22 09:35:00+05:30,36709.85,46.169999999998254,2
6652,2022-02-22 18:45:00+05:30,37373.75,2022-02-22 19:10:00+05:30,37584.0,210.25,2
6653,2022-02-22 21:45:00+05:30,37542.08,2022-02-22 22:35:00+05:30,37759.37,217.29000000000087,2
6654,2022-02-22 22:45:00+05:30,37401.55,2022-02-22 23:05:00+05:30,37643.48,241.9300000000003,2
6655,2022-02-23 03:55:00+05:30,37828.38,2022-02-23 04:15:00+05:30,37935.31,106.93000000000029,2
6656,2022-02-23 07:50:00+05:30,37956.81,2022-02-23 09:25:00+05:30,37750.67,-206.13999999999942,1
6657,2022-02-23 19:35:00+05:30,38851.37,2022-02-23 22:00:00+05:30,38647.99,-203.38000000000466,1
6658,2022-02-23 23:20:00+05:30,38123.68,2022-02-24 01:55:00+05:30,37683.0,-440.6800000000003,1
6659,2022-02-24 03:15:00+05:30,37465.13,2022-02-24 04:15:00+05:30,37599.0,133.87000000000262,2
6660,2022-02-24 04:40:00+05:30,37171.25,2022-02-24 07:20:00+05:30,36932.75,-238.5,1
6661,2022-02-24 08:25:00+05:30,35924.92,2022-02-24 09:05:00+05:30,35178.63,-746.2900000000009,0
6662,2022-02-24 10:55:00+05:30,34622.24,2022-02-24 11:30:00+05:30,34870.98,248.74000000000524,2
6663,2022-02-24 13:00:00+05:30,34428.81,2022-02-24 13:10:00+05:30,34964.23,535.4200000000055,2
6664,2022-02-24 15:50:00+05:30,34888.49,2022-02-24 17:10:00+05:30,35433.1,544.6100000000006,2
6665,2022-02-25 03:55:00+05:30,38223.22,2022-02-25 04:40:00+05:30,38250.53,27.30999999999767,2
6666,2022-02-25 10:35:00+05:30,38322.11,2022-02-25 11:40:00+05:30,38649.53,327.41999999999825,2
6667,2022-02-25 13:35:00+05:30,38344.0,2022-02-25 15:15:00+05:30,38307.36,-36.63999999999942,1
6668,2022-02-25 20:30:00+05:30,38776.48,2022-02-25 20:45:00+05:30,39216.84,440.3599999999933,2
6669,2022-02-25 22:40:00+05:30,39003.91,2022-02-26 00:50:00+05:30,38945.68,-58.2300000000032,1
6670,2022-02-26 08:00:00+05:30,39512.06,2022-02-26 10:05:00+05:30,39399.07,-112.98999999999796,1
6671,2022-02-26 10:45:00+05:30,39273.26,2022-02-26 12:10:00+05:30,39194.06,-79.20000000000437,1
6672,2022-02-26 12:40:00+05:30,38983.53,2022-02-26 12:50:00+05:30,39124.99,141.45999999999913,2
6673,2022-02-26 14:15:00+05:30,38838.28,2022-02-26 15:30:00+05:30,38899.99,61.70999999999913,2
6674,2022-02-26 17:30:00+05:30,38824.95,2022-02-26 17:40:00+05:30,38954.82,129.87000000000262,2
6675,2022-02-26 17:55:00+05:30,38810.19,2022-02-26 18:20:00+05:30,38932.91,122.72000000000116,2
6676,2022-02-26 22:00:00+05:30,39102.49,2022-02-26 22:45:00+05:30,39207.46,104.97000000000116,2
6677,2022-02-26 23:45:00+05:30,38900.04,2022-02-27 00:25:00+05:30,39099.16,199.12000000000262,2
6678,2022-02-27 03:45:00+05:30,39167.32,2022-02-27 05:25:00+05:30,39116.72,-50.599999999998545,1
6679,2022-02-27 06:00:00+05:30,38830.01,2022-02-27 07:55:00+05:30,38489.46,-340.5500000000029,1
6680,2022-02-27 10:15:00+05:30,38545.21,2022-02-27 10:35:00+05:30,38600.0,54.79000000000087,2
6681,2022-02-27 13:45:00+05:30,38685.79,2022-02-27 14:00:00+05:30,38860.0,174.20999999999913,2
6682,2022-02-27 14:10:00+05:30,38650.04,2022-02-27 14:15:00+05:30,38826.02,175.97999999999593,2
6683,2022-02-27 19:00:00+05:30,39276.24,2022-02-27 20:45:00+05:30,38995.32,-280.91999999999825,1
6684,2022-02-27 23:30:00+05:30,38892.71,2022-02-27 23:50:00+05:30,39086.71,194.0,2
6685,2022-02-28 00:45:00+05:30,38673.09,2022-02-28 01:20:00+05:30,37758.83,-914.2599999999948,0
6686,2022-02-28 01:25:00+05:30,37606.49,2022-02-28 02:15:00+05:30,38109.49,503.0,2
6687,2022-02-28 02:45:00+05:30,37014.35,2022-02-28 03:20:00+05:30,37635.47,621.1200000000026,2
6688,2022-02-28 08:15:00+05:30,37614.01,2022-02-28 09:00:00+05:30,37851.38,237.36999999999534,2
6689,2022-02-28 11:35:00+05:30,37643.43,2022-02-28 12:05:00+05:30,37842.6,199.16999999999825,2
6690,2022-02-28 15:25:00+05:30,38105.83,2022-02-28 15:50:00+05:30,38317.57,211.73999999999796,2
6691,2022-02-28 18:50:00+05:30,38015.81,2022-02-28 19:40:00+05:30,38299.2,283.3899999999994,2
6692,2022-03-01 07:35:00+05:30,43106.99,2022-03-01 09:10:00+05:30,43077.01,-29.979999999995925,1
6693,2022-03-01 11:35:00+05:30,43092.23,2022-03-01 11:45:00+05:30,43238.12,145.88999999999942,2
6694,2022-03-01 15:00:00+05:30,43284.97,2022-03-01 16:10:00+05:30,43310.47,25.5,2
6695,2022-03-01 20:00:00+05:30,43959.2,2022-03-01 21:45:00+05:30,43905.22,-53.979999999995925,1
6696,2022-03-02 11:50:00+05:30,44096.85,2022-03-02 13:25:00+05:30,43973.09,-123.76000000000204,1
6697,2022-03-02 17:50:00+05:30,43993.03,2022-03-02 19:45:00+05:30,43723.24,-269.7900000000009,1
6698,2022-03-02 23:15:00+05:30,43949.45,2022-03-03 01:05:00+05:30,43710.15,-239.29999999999563,1
6699,2022-03-03 05:15:00+05:30,43891.76,2022-03-03 06:00:00+05:30,43955.08,63.31999999999971,2
6700,2022-03-03 07:35:00+05:30,43670.51,2022-03-03 08:25:00+05:30,43790.01,119.5,2
6701,2022-03-03 09:05:00+05:30,43494.29,2022-03-03 10:30:00+05:30,43449.74,-44.55000000000291,1
6702,2022-03-03 11:35:00+05:30,43174.22,2022-03-03 12:05:00+05:30,43363.4,189.1800000000003,2
6703,2022-03-03 14:00:00+05:30,43370.73,2022-03-03 16:00:00+05:30,43271.27,-99.4600000000064,1
6704,2022-03-03 20:15:00+05:30,43410.23,2022-03-03 21:10:00+05:30,42482.58,-927.6500000000015,0
6705,2022-03-03 22:50:00+05:30,42153.01,2022-03-03 23:10:00+05:30,42460.9,307.8899999999994,2
6706,2022-03-04 01:15:00+05:30,42172.84,2022-03-04 02:40:00+05:30,42119.43,-53.40999999999622,1
6707,2022-03-04 05:35:00+05:30,42264.75,2022-03-04 06:35:00+05:30,41216.31,-1048.4400000000023,0
6708,2022-03-04 08:45:00+05:30,41268.21,2022-03-04 08:50:00+05:30,41457.77,189.55999999999767,2
6709,2022-03-04 09:45:00+05:30,41206.72,2022-03-04 10:15:00+05:30,41329.96,123.23999999999796,2
6710,2022-03-04 14:00:00+05:30,40913.51,2022-03-04 14:15:00+05:30,41552.58,639.0699999999997,2
6711,2022-03-04 17:35:00+05:30,41551.52,2022-03-04 19:00:00+05:30,41640.62,89.10000000000582,2
6712,2022-03-04 19:20:00+05:30,41300.45,2022-03-04 22:05:00+05:30,40775.12,-525.3299999999945,1
6713,2022-03-05 00:10:00+05:30,40667.59,2022-03-05 01:15:00+05:30,39849.28,-818.3099999999977,0
6714,2022-03-05 01:45:00+05:30,39361.8,2022-03-05 03:10:00+05:30,39504.58,142.77999999999884,2
6715,2022-03-05 03:45:00+05:30,39023.3,2022-03-05 04:55:00+05:30,39022.76,-0.5400000000008731,1
6716,2022-03-05 06:05:00+05:30,38786.41,2022-03-05 06:40:00+05:30,39040.15,253.73999999999796,2
6717,2022-03-05 15:35:00+05:30,38883.27,2022-03-05 15:40:00+05:30,39101.82,218.5500000000029,2
6718,2022-03-05 18:30:00+05:30,38997.3,2022-03-05 19:40:00+05:30,39050.7,53.39999999999418,2
6719,2022-03-05 23:55:00+05:30,39294.67,2022-03-06 00:25:00+05:30,39407.58,112.91000000000349,2
6720,2022-03-06 03:25:00+05:30,39371.89,2022-03-06 04:20:00+05:30,39456.01,84.12000000000262,2
6721,2022-03-06 09:00:00+05:30,39378.63,2022-03-06 10:05:00+05:30,39285.99,-92.63999999999942,1
6722,2022-03-06 12:40:00+05:30,39382.1,2022-03-06 15:30:00+05:30,38410.0,-972.0999999999985,0
6723,2022-03-06 15:35:00+05:30,38356.55,2022-03-06 17:00:00+05:30,38326.19,-30.360000000000582,1
6724,2022-03-06 20:35:00+05:30,38661.07,2022-03-06 21:05:00+05:30,38824.73,163.6600000000035,2
6725,2022-03-07 00:10:00+05:30,38847.51,2022-03-07 01:55:00+05:30,38782.09,-65.42000000000553,1
6726,2022-03-07 04:30:00+05:30,38709.82,2022-03-07 06:05:00+05:30,38471.45,-238.37000000000262,1
6727,2022-03-07 07:50:00+05:30,37997.99,2022-03-07 09:20:00+05:30,37881.73,-116.25999999999476,1
6728,2022-03-07 13:00:00+05:30,37973.91,2022-03-07 14:05:00+05:30,37983.32,9.409999999996217,2
6729,2022-03-07 16:25:00+05:30,38018.91,2022-03-07 16:45:00+05:30,38194.19,175.27999999999884,2
6730,2022-03-07 20:45:00+05:30,38645.63,2022-03-07 21:00:00+05:30,38997.68,352.0500000000029,2
6731,2022-03-07 23:30:00+05:30,38265.31,2022-03-08 01:00:00+05:30,37365.33,-899.9799999999959,0
6732,2022-03-08 01:05:00+05:30,37401.29,2022-03-08 01:55:00+05:30,37745.95,344.6599999999962,2
6733,2022-03-08 05:15:00+05:30,37958.35,2022-03-08 05:50:00+05:30,38247.33,288.9800000000032,2
6734,2022-03-08 10:35:00+05:30,38418.27,2022-03-08 11:30:00+05:30,38479.18,60.91000000000349,2
6735,2022-03-08 11:50:00+05:30,38154.97,2022-03-08 12:50:00+05:30,38267.91,112.94000000000233,2
6736,2022-03-08 18:10:00+05:30,38677.66,2022-03-08 18:30:00+05:30,38950.0,272.3399999999965,2
6737,2022-03-08 21:00:00+05:30,38398.72,2022-03-08 21:30:00+05:30,38844.72,446.0,2
6738,2022-03-08 21:55:00+05:30,38328.33,2022-03-08 22:35:00+05:30,38496.82,168.48999999999796,2
6739,2022-03-09 00:30:00+05:30,38530.57,2022-03-09 01:15:00+05:30,38812.98,282.4100000000035,2
6740,2022-03-09 02:10:00+05:30,38476.0,2022-03-09 03:30:00+05:30,38554.29,78.29000000000087,2
6741,2022-03-09 18:10:00+05:30,41810.43,2022-03-09 19:35:00+05:30,42227.22,416.7900000000009,2
6742,2022-03-09 23:45:00+05:30,42075.13,2022-03-10 01:00:00+05:30,42085.67,10.540000000000873,2
6743,2022-03-10 06:00:00+05:30,41816.08,2022-03-10 06:50:00+05:30,41892.19,76.11000000000058,2
6744,2022-03-10 07:05:00+05:30,41424.93,2022-03-10 08:50:00+05:30,40885.22,-539.7099999999991,1
6745,2022-03-10 09:45:00+05:30,40676.28,2022-03-10 10:00:00+05:30,39743.27,-933.010000000002,0
6746,2022-03-10 10:05:00+05:30,39687.27,2022-03-10 12:05:00+05:30,39296.03,-391.23999999999796,1
6747,2022-03-10 13:35:00+05:30,39104.28,2022-03-10 14:05:00+05:30,39211.52,107.23999999999796,2
6748,2022-03-10 16:05:00+05:30,39054.87,2022-03-10 17:40:00+05:30,39086.29,31.419999999998254,2
6749,2022-03-10 19:10:00+05:30,38576.05,2022-03-10 20:10:00+05:30,39156.75,580.6999999999971,2
6750,2022-03-11 03:30:00+05:30,39139.82,2022-03-11 04:10:00+05:30,39381.42,241.59999999999854,2
6751,2022-03-11 05:55:00+05:30,39197.43,2022-03-11 07:40:00+05:30,38303.73,-893.6999999999971,0
6752,2022-03-11 14:00:00+05:30,38913.65,2022-03-11 14:35:00+05:30,39118.92,205.2699999999968,2
6753,2022-03-11 16:30:00+05:30,38921.88,2022-03-11 16:50:00+05:30,39147.16,225.2800000000061,2
6754,2022-03-11 18:40:00+05:30,39488.27,2022-03-11 20:00:00+05:30,39497.0,8.730000000003201,2
6755,2022-03-11 20:30:00+05:30,39105.32,2022-03-11 23:10:00+05:30,38796.7,-308.6200000000026,1
6756,2022-03-12 02:10:00+05:30,38592.08,2022-03-12 02:35:00+05:30,38759.76,167.6800000000003,2
6757,2022-03-12 05:20:00+05:30,38759.41,2022-03-12 05:50:00+05:30,38876.01,116.59999999999854,2
6758,2022-03-12 08:10:00+05:30,39044.29,2022-03-12 08:30:00+05:30,39183.38,139.0899999999965,2
6759,2022-03-12 13:45:00+05:30,39005.84,2022-03-12 14:05:00+05:30,39090.8,84.9600000000064,2
6760,2022-03-12 17:10:00+05:30,39120.55,2022-03-12 18:15:00+05:30,39194.01,73.45999999999913,2
6761,2022-03-12 19:15:00+05:30,39042.39,2022-03-12 21:10:00+05:30,39104.08,61.69000000000233,2
6762,2022-03-13 00:30:00+05:30,38955.42,2022-03-13 01:40:00+05:30,39056.85,101.43000000000029,2
6763,2022-03-13 03:25:00+05:30,39091.99,2022-03-13 04:05:00+05:30,39119.98,27.99000000000524,2
6764,2022-03-13 05:05:00+05:30,38969.9,2022-03-13 06:25:00+05:30,38917.66,-52.23999999999796,1
6765,2022-03-13 13:15:00+05:30,39117.56,2022-03-13 14:40:00+05:30,39092.01,-25.549999999995634,1
6766,2022-03-13 15:05:00+05:30,39002.01,2022-03-13 16:20:00+05:30,38975.83,-26.18000000000029,1
6767,2022-03-13 17:00:00+05:30,38853.89,2022-03-13 18:35:00+05:30,38697.38,-156.51000000000204,1
6768,2022-03-14 01:25:00+05:30,38869.02,2022-03-14 02:40:00+05:30,38795.09,-73.93000000000029,1
6769,2022-03-14 03:45:00+05:30,38615.33,2022-03-14 04:20:00+05:30,37802.32,-813.010000000002,0
6770,2022-03-14 04:25:00+05:30,37720.93,2022-03-14 05:50:00+05:30,37811.09,90.15999999999622,2
6771,2022-03-14 16:55:00+05:30,38873.0,2022-03-14 18:30:00+05:30,38887.42,14.419999999998254,2
6772,2022-03-14 19:00:00+05:30,38684.01,2022-03-14 19:10:00+05:30,38832.84,148.82999999999447,2
6773,2022-03-14 22:30:00+05:30,38729.14,2022-03-15 00:25:00+05:30,38675.0,-54.13999999999942,1
6774,2022-03-15 02:30:00+05:30,38670.66,2022-03-15 03:30:00+05:30,38756.01,85.34999999999854,2
6775,2022-03-15 06:35:00+05:30,39240.82,2022-03-15 08:05:00+05:30,39034.99,-205.83000000000175,1
6776,2022-03-15 09:10:00+05:30,38659.16,2022-03-15 10:00:00+05:30,38842.47,183.30999999999767,2
6777,2022-03-15 12:30:00+05:30,38650.01,2022-03-15 14:10:00+05:30,38419.99,-230.02000000000407,1
6778,2022-03-15 19:10:00+05:30,38562.79,2022-03-15 19:35:00+05:30,38806.03,243.23999999999796,2
6779,2022-03-16 04:40:00+05:30,39316.28,2022-03-16 07:10:00+05:30,39249.36,-66.91999999999825,1
6780,2022-03-16 16:30:00+05:30,40253.0,2022-03-16 16:45:00+05:30,40411.04,158.04000000000087,2
6781,2022-03-16 18:35:00+05:30,40295.01,2022-03-16 19:05:00+05:30,40499.01,204.0,2
6782,2022-03-16 21:50:00+05:30,40363.73,2022-03-16 23:00:00+05:30,40553.0,189.2699999999968,2
6783,2022-03-16 23:30:00+05:30,39908.6,2022-03-17 00:40:00+05:30,40223.62,315.0200000000041,2
6784,2022-03-17 04:05:00+05:30,40896.63,2022-03-17 04:45:00+05:30,41015.94,119.31000000000495,2
6785,2022-03-17 09:35:00+05:30,40940.57,2022-03-17 09:45:00+05:30,41070.62,130.0500000000029,2
6786,2022-03-17 12:00:00+05:30,40863.86,2022-03-17 13:30:00+05:30,40799.99,-63.87000000000262,1
6787,2022-03-17 15:30:00+05:30,40683.43,2022-03-17 16:15:00+05:30,40791.2,107.7699999999968,2
6788,2022-03-17 20:15:00+05:30,40822.48,2022-03-17 20:50:00+05:30,40964.79,142.30999999999767,2
6789,2022-03-17 21:30:00+05:30,40720.77,2022-03-17 23:15:00+05:30,40814.44,93.67000000000553,2
6790,2022-03-18 01:40:00+05:30,40736.39,2022-03-18 02:45:00+05:30,40762.27,25.87999999999738,2
6791,2022-03-18 05:35:00+05:30,40783.15,2022-03-18 07:55:00+05:30,40514.9,-268.25,1
6792,2022-03-18 12:50:00+05:30,40676.0,2022-03-18 13:50:00+05:30,40723.73,47.7300000000032,2
6793,2022-03-18 16:25:00+05:30,40370.63,2022-03-18 17:30:00+05:30,40442.5,71.87000000000262,2
6794,2022-03-19 12:40:00+05:30,41671.93,2022-03-19 12:55:00+05:30,41739.57,67.63999999999942,2
6795,2022-03-19 13:15:00+05:30,41552.8,2022-03-19 13:50:00+05:30,41689.98,137.1800000000003,2
6796,2022-03-19 15:45:00+05:30,41645.51,2022-03-19 16:15:00+05:30,41694.24,48.729999999995925,2
6797,2022-03-19 19:30:00+05:30,41667.08,2022-03-19 20:00:00+05:30,41798.27,131.18999999999505,2
6798,2022-03-20 03:35:00+05:30,41900.01,2022-03-20 04:40:00+05:30,42072.46,172.4499999999971,2
6799,2022-03-20 10:55:00+05:30,41820.01,2022-03-20 11:20:00+05:30,41891.71,71.69999999999709,2
6800,2022-03-20 13:15:00+05:30,41801.87,2022-03-20 13:45:00+05:30,41914.03,112.15999999999622,2
6801,2022-03-20 14:50:00+05:30,41750.64,2022-03-20 16:00:00+05:30,41761.62,10.980000000003201,2
6802,2022-03-20 17:25:00+05:30,41586.86,2022-03-20 18:05:00+05:30,41634.86,48.0,2
6803,2022-03-20 20:20:00+05:30,41410.0,2022-03-20 20:40:00+05:30,41519.72,109.72000000000116,2
6804,2022-03-20 21:00:00+05:30,41302.48,2022-03-20 21:40:00+05:30,41417.33,114.84999999999854,2
6805,2022-03-20 23:00:00+05:30,41090.69,2022-03-20 23:50:00+05:30,41197.25,106.55999999999767,2
6806,2022-03-21 02:30:00+05:30,41165.04,2022-03-21 04:15:00+05:30,41317.14,152.09999999999854,2
6807,2022-03-21 07:50:00+05:30,41088.61,2022-03-21 09:05:00+05:30,40927.17,-161.44000000000233,1
6808,2022-03-21 17:05:00+05:30,41232.92,2022-03-21 18:25:00+05:30,41222.5,-10.419999999998254,1
6809,2022-03-21 22:20:00+05:30,40807.91,2022-03-21 23:00:00+05:30,41032.49,224.57999999999447,2
6810,2022-03-22 00:35:00+05:30,40894.21,2022-03-22 01:00:00+05:30,41060.0,165.79000000000087,2
6811,2022-03-22 04:55:00+05:30,40982.92,2022-03-22 06:10:00+05:30,41046.52,63.599999999998545,2
6812,2022-03-22 11:30:00+05:30,42583.99,2022-03-22 13:05:00+05:30,42286.21,-297.77999999999884,1
6813,2022-03-22 18:05:00+05:30,42780.92,2022-03-22 18:25:00+05:30,42950.41,169.49000000000524,2
6814,2022-03-23 01:25:00+05:30,42284.41,2022-03-23 02:15:00+05:30,42523.99,239.57999999999447,2
6815,2022-03-23 06:30:00+05:30,42075.56,2022-03-23 07:20:00+05:30,42277.55,201.99000000000524,2
6816,2022-03-23 09:45:00+05:30,41899.52,2022-03-23 11:05:00+05:30,41978.54,79.02000000000407,2
6817,2022-03-23 16:45:00+05:30,41995.74,2022-03-23 18:00:00+05:30,42074.15,78.41000000000349,2
6818,2022-03-23 22:30:00+05:30,42419.0,2022-03-24 00:45:00+05:30,42202.5,-216.5,1
6819,2022-03-24 15:15:00+05:30,42924.37,2022-03-24 16:10:00+05:30,43069.63,145.25999999999476,2
6820,2022-03-24 17:40:00+05:30,42904.95,2022-03-24 18:35:00+05:30,42921.27,16.31999999999971,2
6821,2022-03-25 13:05:00+05:30,43980.0,2022-03-25 14:10:00+05:30,44024.0,44.0,2
6822,2022-03-25 20:35:00+05:30,44679.79,2022-03-25 23:25:00+05:30,44328.42,-351.3700000000026,1
6823,2022-03-26 03:45:00+05:30,44355.5,2022-03-26 05:10:00+05:30,44345.39,-10.110000000000582,1
6824,2022-03-26 06:20:00+05:30,44194.26,2022-03-26 07:10:00+05:30,44303.07,108.80999999999767,2
6825,2022-03-26 16:10:00+05:30,44379.49,2022-03-26 16:50:00+05:30,44439.49,60.0,2
6826,2022-03-26 17:25:00+05:30,44334.49,2022-03-26 18:35:00+05:30,44370.69,36.200000000004366,2
6827,2022-03-26 18:55:00+05:30,44223.86,2022-03-26 20:25:00+05:30,44251.84,27.979999999995925,2
6828,2022-03-27 00:55:00+05:30,44348.96,2022-03-27 01:30:00+05:30,44410.25,61.29000000000087,2
6829,2022-03-27 09:55:00+05:30,44590.77,2022-03-27 10:40:00+05:30,44649.99,59.220000000001164,2
6830,2022-03-27 13:55:00+05:30,44618.33,2022-03-27 14:45:00+05:30,44666.34,48.00999999999476,2
6831,2022-03-27 15:25:00+05:30,44539.86,2022-03-27 16:15:00+05:30,44595.17,55.30999999999767,2
6832,2022-03-27 17:45:00+05:30,44497.52,2022-03-27 18:45:00+05:30,44536.29,38.770000000004075,2
6833,2022-03-28 01:30:00+05:30,44808.0,2022-03-28 02:00:00+05:30,44988.91,180.9100000000035,2
6834,2022-03-28 11:40:00+05:30,46756.43,2022-03-28 12:35:00+05:30,47003.77,247.3399999999965,2
6835,2022-03-29 02:55:00+05:30,47770.11,2022-03-29 04:05:00+05:30,47745.51,-24.599999999998545,1
6836,2022-03-29 04:45:00+05:30,47122.69,2022-03-29 05:50:00+05:30,47372.33,249.63999999999942,2
6837,2022-03-29 08:40:00+05:30,47323.02,2022-03-29 09:40:00+05:30,47395.54,72.52000000000407,2
6838,2022-03-29 12:35:00+05:30,47450.0,2022-03-29 13:40:00+05:30,47480.11,30.110000000000582,2
6839,2022-03-29 18:50:00+05:30,47778.43,2022-03-29 19:55:00+05:30,47789.0,10.569999999999709,2
6840,2022-03-29 21:15:00+05:30,47516.01,2022-03-29 23:10:00+05:30,47383.02,-132.99000000000524,1
6841,2022-03-30 02:20:00+05:30,47354.06,2022-03-30 04:15:00+05:30,47319.51,-34.549999999995634,1
6842,2022-03-30 05:55:00+05:30,47266.48,2022-03-30 07:40:00+05:30,47087.38,-179.10000000000582,1
6843,2022-03-30 10:05:00+05:30,47209.31,2022-03-30 10:35:00+05:30,47310.47,101.16000000000349,2
6844,2022-03-30 13:30:00+05:30,47323.19,2022-03-30 14:00:00+05:30,47400.49,77.29999999999563,2
6845,2022-03-30 16:40:00+05:30,47159.73,2022-03-30 16:45:00+05:30,47315.74,156.00999999999476,2
6846,2022-03-30 18:45:00+05:30,47106.19,2022-03-30 19:45:00+05:30,47135.64,29.44999999999709,2
6847,2022-03-31 00:30:00+05:30,47062.38,2022-03-31 01:45:00+05:30,47097.99,35.61000000000058,2
6848,2022-03-31 03:15:00+05:30,46990.46,2022-03-31 04:25:00+05:30,47104.52,114.05999999999767,2
6849,2022-03-31 17:05:00+05:30,47084.88,2022-03-31 17:55:00+05:30,47293.0,208.12000000000262,2
6850,2022-03-31 19:30:00+05:30,46249.56,2022-03-31 21:05:00+05:30,46554.76,305.20000000000437,2
6851,2022-03-31 21:50:00+05:30,46091.03,2022-03-31 23:20:00+05:30,45855.72,-235.30999999999767,1
6852,2022-04-01 04:35:00+05:30,45660.49,2022-04-01 06:10:00+05:30,45618.89,-41.599999999998545,1
6853,2022-04-01 06:40:00+05:30,45349.01,2022-04-01 08:20:00+05:30,44376.0,-973.010000000002,0
6854,2022-04-01 11:20:00+05:30,44591.32,2022-04-01 11:45:00+05:30,44676.14,84.81999999999971,2
6855,2022-04-01 17:40:00+05:30,44964.96,2022-04-01 18:05:00+05:30,45303.28,338.3199999999997,2
6856,2022-04-01 22:20:00+05:30,46155.05,2022-04-01 23:05:00+05:30,46451.63,296.57999999999447,2
6857,2022-04-02 00:45:00+05:30,46154.01,2022-04-02 01:15:00+05:30,46287.17,133.15999999999622,2
6858,2022-04-02 08:05:00+05:30,46470.06,2022-04-02 09:25:00+05:30,46599.93,129.87000000000262,2
6859,2022-04-02 11:10:00+05:30,46465.51,2022-04-02 11:25:00+05:30,46541.38,75.86999999999534,2
6860,2022-04-02 12:55:00+05:30,46429.99,2022-04-02 13:15:00+05:30,46558.62,128.63000000000466,2
6861,2022-04-02 17:25:00+05:30,46542.84,2022-04-02 17:45:00+05:30,46671.06,128.22000000000116,2
6862,2022-04-02 20:40:00+05:30,46378.25,2022-04-02 22:10:00+05:30,46348.66,-29.589999999996508,1
6863,2022-04-02 23:30:00+05:30,46227.5,2022-04-03 00:50:00+05:30,46098.96,-128.54000000000087,1
6864,2022-04-03 02:50:00+05:30,46056.1,2022-04-03 03:05:00+05:30,46303.15,247.0500000000029,2
6865,2022-04-03 05:00:00+05:30,45951.05,2022-04-03 06:05:00+05:30,45974.16,23.110000000000582,2
6866,2022-04-03 06:50:00+05:30,45700.03,2022-04-03 07:30:00+05:30,45896.27,196.23999999999796,2
6867,2022-04-03 14:15:00+05:30,46241.32,2022-04-03 14:55:00+05:30,46356.5,115.18000000000029,2
6868,2022-04-03 21:50:00+05:30,46221.77,2022-04-03 23:05:00+05:30,46334.62,112.85000000000582,2
6869,2022-04-04 05:55:00+05:30,45981.22,2022-04-04 07:45:00+05:30,45920.0,-61.220000000001164,1
6870,2022-04-04 09:30:00+05:30,45879.84,2022-04-04 09:50:00+05:30,46114.11,234.27000000000407,2
6871,2022-04-04 12:35:00+05:30,46139.49,2022-04-04 13:15:00+05:30,46184.99,45.5,2
6872,2022-04-04 14:10:00+05:30,46017.23,2022-04-04 14:20:00+05:30,46142.08,124.84999999999854,2
6873,2022-04-04 14:35:00+05:30,45957.52,2022-04-04 15:45:00+05:30,46010.66,53.140000000006694,2
6874,2022-04-04 16:05:00+05:30,45816.09,2022-04-04 16:15:00+05:30,46000.71,184.62000000000262,2
6875,2022-04-04 18:05:00+05:30,46027.74,2022-04-04 19:05:00+05:30,46126.98,99.24000000000524,2
6876,2022-04-04 20:30:00+05:30,45824.46,2022-04-04 21:40:00+05:30,45761.21,-63.25,1
6877,2022-04-04 23:05:00+05:30,45634.32,2022-04-05 00:15:00+05:30,45497.72,-136.59999999999854,1
6878,2022-04-05 06:00:00+05:30,46465.96,2022-04-05 07:00:00+05:30,46545.5,79.54000000000087,2
6879,2022-04-05 11:55:00+05:30,46660.0,2022-04-05 13:00:00+05:30,46707.88,47.87999999999738,2
6880,2022-04-05 15:15:00+05:30,46567.51,2022-04-05 15:40:00+05:30,46643.11,75.59999999999854,2
6881,2022-04-05 18:40:00+05:30,46430.33,2022-04-05 21:35:00+05:30,45859.08,-571.25,1
6882,2022-04-06 00:35:00+05:30,45734.51,2022-04-06 00:55:00+05:30,45985.39,250.87999999999738,2
6883,2022-04-06 04:50:00+05:30,45752.01,2022-04-06 05:45:00+05:30,44773.97,-978.0400000000009,0
6884,2022-04-06 05:50:00+05:30,44914.2,2022-04-06 06:45:00+05:30,45303.29,389.0900000000038,2
6885,2022-04-06 09:30:00+05:30,45143.3,2022-04-06 09:40:00+05:30,45279.5,136.1999999999971,2
6886,2022-04-06 13:40:00+05:30,45215.8,2022-04-06 14:20:00+05:30,45399.27,183.4699999999939,2
6887,2022-04-06 15:40:00+05:30,45182.14,2022-04-06 15:50:00+05:30,45355.35,173.20999999999913,2
6888,2022-04-06 16:15:00+05:30,45115.0,2022-04-06 17:45:00+05:30,44983.73,-131.2699999999968,1
6889,2022-04-06 19:10:00+05:30,44575.15,2022-04-06 21:15:00+05:30,44240.46,-334.6900000000023,1
6890,2022-04-06 22:05:00+05:30,43594.0,2022-04-06 23:10:00+05:30,43825.63,231.62999999999738,2
6891,2022-04-06 23:50:00+05:30,43346.07,2022-04-07 00:00:00+05:30,43718.0,371.9300000000003,2
6892,2022-04-07 03:50:00+05:30,43704.5,2022-04-07 05:50:00+05:30,43476.32,-228.1800000000003,1
6893,2022-04-07 06:20:00+05:30,42815.91,2022-04-07 07:00:00+05:30,43260.49,444.57999999999447,2
6894,2022-04-07 14:40:00+05:30,43375.66,2022-04-07 15:10:00+05:30,43447.45,71.7899999999936,2
6895,2022-04-07 18:35:00+05:30,43368.9,2022-04-07 19:20:00+05:30,43612.51,243.61000000000058,2
6896,2022-04-07 20:40:00+05:30,43254.85,2022-04-07 21:35:00+05:30,43411.26,156.4100000000035,2
6897,2022-04-08 00:55:00+05:30,43507.4,2022-04-08 02:05:00+05:30,43567.35,59.94999999999709,2
6898,2022-04-08 02:50:00+05:30,43235.8,2022-04-08 03:15:00+05:30,43475.22,239.41999999999825,2
6899,2022-04-08 05:20:00+05:30,43458.17,2022-04-08 06:30:00+05:30,43502.67,44.5,2
6900,2022-04-08 10:10:00+05:30,43516.04,2022-04-08 10:40:00+05:30,43574.14,58.099999999998545,2
6901,2022-04-08 12:10:00+05:30,43499.99,2022-04-08 12:20:00+05:30,43597.94,97.95000000000437,2
6902,2022-04-08 12:55:00+05:30,43431.08,2022-04-08 13:20:00+05:30,43579.64,148.55999999999767,2
6903,2022-04-08 15:20:00+05:30,43542.54,2022-04-08 19:30:00+05:30,43170.01,-372.52999999999884,1
6904,2022-04-08 22:35:00+05:30,43306.01,2022-04-09 00:15:00+05:30,42893.07,-412.9400000000023,1
6905,2022-04-09 03:05:00+05:30,42640.0,2022-04-09 05:20:00+05:30,42288.51,-351.48999999999796,1
6906,2022-04-09 08:05:00+05:30,42233.81,2022-04-09 08:40:00+05:30,42369.81,136.0,2
6907,2022-04-09 12:05:00+05:30,42420.84,2022-04-09 13:15:00+05:30,42484.53,63.69000000000233,2
6908,2022-04-09 15:55:00+05:30,42371.62,2022-04-09 16:00:00+05:30,42460.76,89.13999999999942,2
6909,2022-04-09 19:40:00+05:30,42391.18,2022-04-09 20:25:00+05:30,42460.0,68.81999999999971,2
6910,2022-04-09 20:50:00+05:30,42371.07,2022-04-09 21:50:00+05:30,42367.0,-4.069999999999709,1
6911,2022-04-10 10:50:00+05:30,42702.37,2022-04-10 12:05:00+05:30,42785.84,83.46999999999389,2
6912,2022-04-10 14:35:00+05:30,42564.21,2022-04-10 16:15:00+05:30,42521.61,-42.599999999998545,1
6913,2022-04-11 02:25:00+05:30,43101.23,2022-04-11 04:05:00+05:30,42215.97,-885.260000000002,0
6914,2022-04-11 07:30:00+05:30,42052.81,2022-04-11 08:50:00+05:30,42054.14,1.3300000000017462,2
6915,2022-04-11 11:55:00+05:30,42189.16,2022-04-11 12:10:00+05:30,42249.13,59.96999999999389,2
6916,2022-04-11 14:05:00+05:30,42094.66,2022-04-11 16:50:00+05:30,41201.03,-893.6300000000047,0
6917,2022-04-11 16:55:00+05:30,41156.52,2022-04-11 18:10:00+05:30,41203.02,46.5,2
6918,2022-04-11 19:00:00+05:30,40819.37,2022-04-11 19:15:00+05:30,41155.91,336.5400000000009,2
6919,2022-04-11 19:50:00+05:30,40831.2,2022-04-11 20:40:00+05:30,40952.08,120.88000000000466,2
6920,2022-04-11 21:25:00+05:30,40581.51,2022-04-11 22:15:00+05:30,40775.25,193.73999999999796,2
6921,2022-04-11 22:45:00+05:30,40415.59,2022-04-12 00:15:00+05:30,40449.33,33.74000000000524,2
6922,2022-04-12 00:50:00+05:30,40178.34,2022-04-12 01:55:00+05:30,40097.39,-80.94999999999709,1
6923,2022-04-12 03:15:00+05:30,39435.57,2022-04-12 03:45:00+05:30,39744.41,308.8400000000038,2
6924,2022-04-12 07:45:00+05:30,39396.56,2022-04-12 08:30:00+05:30,39536.06,139.5,2
6925,2022-04-12 19:35:00+05:30,40254.92,2022-04-12 20:40:00+05:30,40144.86,-110.05999999999767,1
6926,2022-04-12 23:40:00+05:30,39840.02,2022-04-13 01:55:00+05:30,39500.11,-339.9099999999962,1
6927,2022-04-13 06:25:00+05:30,39936.17,2022-04-13 07:25:00+05:30,39882.9,-53.2699999999968,1
6928,2022-04-13 12:20:00+05:30,39947.98,2022-04-13 12:45:00+05:30,40095.0,147.0199999999968,2
6929,2022-04-13 15:45:00+05:30,39992.41,2022-04-13 16:55:00+05:30,39967.73,-24.68000000000029,1
6930,2022-04-13 17:25:00+05:30,39722.64,2022-04-13 18:50:00+05:30,39836.65,114.01000000000204,2
6931,2022-04-13 22:20:00+05:30,40957.63,2022-04-13 23:25:00+05:30,41043.91,86.28000000000611,2
6932,2022-04-14 01:25:00+05:30,41059.3,2022-04-14 02:00:00+05:30,41241.41,182.11000000000058,2
6933,2022-04-14 08:55:00+05:30,41288.4,2022-04-14 09:35:00+05:30,41390.56,102.15999999999622,2
6934,2022-04-14 11:40:00+05:30,41209.02,2022-04-14 12:50:00+05:30,41269.72,60.700000000004366,2
6935,2022-04-14 14:20:00+05:30,41173.7,2022-04-14 15:20:00+05:30,41184.56,10.860000000000582,2
6936,2022-04-14 16:15:00+05:30,40980.03,2022-04-14 17:35:00+05:30,40993.8,13.770000000004075,2
6937,2022-04-14 19:10:00+05:30,40741.5,2022-04-14 21:30:00+05:30,39905.13,-836.3700000000026,0
6938,2022-04-15 00:20:00+05:30,39683.61,2022-04-15 01:20:00+05:30,39827.99,144.37999999999738,2
6939,2022-04-15 04:20:00+05:30,39835.11,2022-04-15 05:05:00+05:30,39913.38,78.2699999999968,2
6940,2022-04-15 12:05:00+05:30,39968.29,2022-04-15 13:05:00+05:30,40111.01,142.72000000000116,2
6941,2022-04-15 18:20:00+05:30,40122.66,2022-04-15 18:50:00+05:30,40190.25,67.58999999999651,2
6942,2022-04-15 19:20:00+05:30,40050.57,2022-04-15 20:15:00+05:30,40628.9,578.3300000000017,2
6943,2022-04-15 21:50:00+05:30,40250.25,2022-04-15 22:20:00+05:30,40418.46,168.20999999999913,2
6944,2022-04-16 00:35:00+05:30,40303.77,2022-04-16 02:10:00+05:30,40345.99,42.220000000001164,2
6945,2022-04-16 08:30:00+05:30,40473.02,2022-04-16 09:50:00+05:30,40477.0,3.9800000000032014,2
6946,2022-04-16 14:00:00+05:30,40363.82,2022-04-16 14:40:00+05:30,40398.78,34.95999999999913,2
6947,2022-04-16 15:15:00+05:30,40314.78,2022-04-16 15:45:00+05:30,40395.67,80.88999999999942,2
6948,2022-04-16 20:40:00+05:30,40181.21,2022-04-16 22:10:00+05:30,40165.3,-15.909999999996217,1
6949,2022-04-17 05:55:00+05:30,40330.66,2022-04-17 06:50:00+05:30,40380.0,49.33999999999651,2
6950,2022-04-17 07:55:00+05:30,40248.65,2022-04-17 09:05:00+05:30,40279.67,31.0199999999968,2
6951,2022-04-17 12:55:00+05:30,40296.67,2022-04-17 13:30:00+05:30,40315.24,18.56999999999971,2
6952,2022-04-17 16:45:00+05:30,40380.87,2022-04-17 17:00:00+05:30,40420.79,39.919999999998254,2
6953,2022-04-17 19:25:00+05:30,40306.56,2022-04-17 20:15:00+05:30,40411.57,105.01000000000204,2
6954,2022-04-17 22:25:00+05:30,40200.01,2022-04-18 00:15:00+05:30,40119.99,-80.02000000000407,1
6955,2022-04-18 04:15:00+05:30,40013.04,2022-04-18 06:20:00+05:30,39762.17,-250.87000000000262,1
6956,2022-04-18 09:40:00+05:30,39642.28,2022-04-18 09:50:00+05:30,38816.17,-826.1100000000006,0
6957,2022-04-18 09:55:00+05:30,38901.47,2022-04-18 11:20:00+05:30,38912.09,10.619999999995343,2
6958,2022-04-18 13:15:00+05:30,38830.77,2022-04-18 13:30:00+05:30,39012.37,181.60000000000582,2
6959,2022-04-18 20:50:00+05:30,39170.78,2022-04-18 22:05:00+05:30,39242.75,71.97000000000116,2
6960,2022-04-19 12:45:00+05:30,40630.01,2022-04-19 12:55:00+05:30,40739.77,109.75999999999476,2
6961,2022-04-19 14:40:00+05:30,40608.01,2022-04-19 15:40:00+05:30,40709.99,101.97999999999593,2
6962,2022-04-19 17:25:00+05:30,40687.3,2022-04-19 17:35:00+05:30,40799.0,111.69999999999709,2
6963,2022-04-19 21:00:00+05:30,41414.8,2022-04-19 23:25:00+05:30,41345.63,-69.17000000000553,1
6964,2022-04-20 01:30:00+05:30,41319.19,2022-04-20 02:55:00+05:30,41332.05,12.860000000000582,2
6965,2022-04-20 05:55:00+05:30,41275.14,2022-04-20 07:20:00+05:30,41365.45,90.30999999999767,2
6966,2022-04-20 09:05:00+05:30,41312.71,2022-04-20 09:20:00+05:30,41384.96,72.25,2
6967,2022-04-20 09:55:00+05:30,41298.37,2022-04-20 10:50:00+05:30,41346.27,47.89999999999418,2
6968,2022-04-20 12:50:00+05:30,41351.4,2022-04-20 13:50:00+05:30,41401.4,50.0,2
6969,2022-04-20 19:00:00+05:30,41874.55,2022-04-20 22:00:00+05:30,41279.97,-594.5800000000017,1
6970,2022-04-20 23:45:00+05:30,41190.36,2022-04-21 00:55:00+05:30,41195.0,4.639999999999418,2
6971,2022-04-21 04:35:00+05:30,41355.93,2022-04-21 05:35:00+05:30,41426.02,70.08999999999651,2
6972,2022-04-21 11:05:00+05:30,41513.23,2022-04-21 12:10:00+05:30,41597.22,83.98999999999796,2
6973,2022-04-21 15:10:00+05:30,41757.87,2022-04-21 15:40:00+05:30,41942.06,184.18999999999505,2
6974,2022-04-21 21:00:00+05:30,42386.11,2022-04-21 23:30:00+05:30,41410.49,-975.6200000000026,0
6975,2022-04-22 01:15:00+05:30,41229.84,2022-04-22 03:40:00+05:30,40759.28,-470.5599999999977,1
6976,2022-04-22 03:55:00+05:30,40290.8,2022-04-22 05:10:00+05:30,40468.85,178.04999999999563,2
6977,2022-04-22 12:50:00+05:30,40468.05,2022-04-22 13:10:00+05:30,40704.31,236.25999999999476,2
6978,2022-04-22 15:30:00+05:30,40206.21,2022-04-22 15:45:00+05:30,40383.38,177.16999999999825,2
6979,2022-04-22 18:05:00+05:30,40432.51,2022-04-22 18:55:00+05:30,40470.05,37.54000000000087,2
6980,2022-04-22 19:05:00+05:30,40293.71,2022-04-22 19:35:00+05:30,40397.73,104.02000000000407,2
6981,2022-04-22 19:50:00+05:30,39891.11,2022-04-22 22:40:00+05:30,39473.66,-417.4499999999971,1
6982,2022-04-22 23:30:00+05:30,39242.85,2022-04-22 23:40:00+05:30,39423.52,180.66999999999825,2
6983,2022-04-23 06:00:00+05:30,39618.97,2022-04-23 07:00:00+05:30,39665.08,46.11000000000058,2
6984,2022-04-23 07:35:00+05:30,39514.76,2022-04-23 08:50:00+05:30,39532.68,17.919999999998254,2
6985,2022-04-23 09:10:00+05:30,39435.65,2022-04-23 09:30:00+05:30,39528.47,92.81999999999971,2
6986,2022-04-23 09:50:00+05:30,39356.0,2022-04-23 10:05:00+05:30,39500.99,144.98999999999796,2
6987,2022-04-23 13:40:00+05:30,39553.27,2022-04-23 13:55:00+05:30,39623.51,70.24000000000524,2
6988,2022-04-23 17:35:00+05:30,39546.09,2022-04-23 17:50:00+05:30,39623.72,77.63000000000466,2
6989,2022-04-24 00:05:00+05:30,39716.14,2022-04-24 01:25:00+05:30,39755.32,39.18000000000029,2
6990,2022-04-24 04:30:00+05:30,39796.49,2022-04-24 05:55:00+05:30,39637.92,-158.5699999999997,1
6991,2022-04-24 07:20:00+05:30,39501.63,2022-04-24 07:45:00+05:30,39568.3,66.67000000000553,2
6992,2022-04-24 14:30:00+05:30,39690.0,2022-04-24 14:45:00+05:30,39757.23,67.2300000000032,2
6993,2022-04-24 15:50:00+05:30,39683.86,2022-04-24 19:10:00+05:30,39563.76,-120.09999999999854,1
6994,2022-04-24 20:00:00+05:30,39415.96,2022-04-24 20:10:00+05:30,39719.99,304.02999999999884,2
6995,2022-04-24 21:50:00+05:30,39566.22,2022-04-24 23:25:00+05:30,39421.19,-145.02999999999884,1
6996,2022-04-25 01:40:00+05:30,39575.6,2022-04-25 02:55:00+05:30,39581.0,5.400000000001455,2
6997,2022-04-25 05:35:00+05:30,39343.79,2022-04-25 07:05:00+05:30,39094.8,-248.98999999999796,1
6998,2022-04-25 11:10:00+05:30,39046.27,2022-04-25 13:45:00+05:30,38541.98,-504.2899999999936,1
6999,2022-04-25 14:40:00+05:30,38388.24,2022-04-25 15:00:00+05:30,38519.34,131.09999999999854,2
7000,2022-04-25 16:40:00+05:30,38386.14,2022-04-25 16:50:00+05:30,38919.31,533.1699999999983,2
7001,2022-04-26 11:45:00+05:30,40517.5,2022-04-26 12:40:00+05:30,40599.98,82.4800000000032,2
7002,2022-04-26 14:15:00+05:30,40477.76,2022-04-26 16:40:00+05:30,40436.88,-40.88000000000466,1
7003,2022-04-26 18:15:00+05:30,40359.0,2022-04-26 20:05:00+05:30,39523.79,-835.2099999999991,0
7004,2022-04-26 21:25:00+05:30,38563.94,2022-04-26 23:40:00+05:30,38450.0,-113.94000000000233,1
7005,2022-04-27 00:45:00+05:30,38228.0,2022-04-27 01:20:00+05:30,38332.58,104.58000000000175,2
7006,2022-04-27 01:35:00+05:30,38017.53,2022-04-27 02:25:00+05:30,38129.14,111.61000000000058,2
7007,2022-04-27 04:10:00+05:30,38229.63,2022-04-27 05:30:00+05:30,38208.33,-21.299999999995634,1
7008,2022-04-27 16:40:00+05:30,38917.92,2022-04-27 17:25:00+05:30,39017.19,99.27000000000407,2
7009,2022-04-27 18:40:00+05:30,38774.99,2022-04-27 18:55:00+05:30,38978.74,203.75,2
7010,2022-04-28 00:20:00+05:30,38901.83,2022-04-28 01:25:00+05:30,38858.26,-43.56999999999971,1
7011,2022-04-28 10:55:00+05:30,39270.71,2022-04-28 11:45:00+05:30,39375.2,104.48999999999796,2
7012,2022-04-28 18:20:00+05:30,39554.0,2022-04-28 20:25:00+05:30,39287.09,-266.9100000000035,1
7013,2022-04-29 00:30:00+05:30,39981.08,2022-04-29 00:50:00+05:30,40215.3,234.22000000000116,2
7014,2022-04-29 01:20:00+05:30,39926.4,2022-04-29 02:00:00+05:30,40113.1,186.6999999999971,2
7015,2022-04-29 03:55:00+05:30,39694.11,2022-04-29 04:25:00+05:30,39794.89,100.77999999999884,2
7016,2022-04-29 07:50:00+05:30,39685.98,2022-04-29 10:05:00+05:30,39485.29,-200.69000000000233,1
7017,2022-04-29 11:40:00+05:30,39448.51,2022-04-29 12:05:00+05:30,39562.16,113.65000000000146,2
7018,2022-04-29 14:30:00+05:30,39309.79,2022-04-29 17:40:00+05:30,38869.17,-440.6200000000026,1
7019,2022-04-29 22:10:00+05:30,38520.0,2022-04-29 23:55:00+05:30,38613.5,93.5,2
7020,2022-04-30 00:10:00+05:30,38507.38,2022-04-30 00:30:00+05:30,38579.9,72.52000000000407,2
7021,2022-04-30 00:55:00+05:30,38313.21,2022-04-30 01:40:00+05:30,38431.65,118.44000000000233,2
7022,2022-04-30 08:30:00+05:30,38654.17,2022-04-30 09:20:00+05:30,38669.86,15.690000000002328,2
7023,2022-04-30 10:00:00+05:30,38514.7,2022-04-30 10:50:00+05:30,38608.1,93.40000000000146,2
7024,2022-04-30 13:50:00+05:30,38584.4,2022-04-30 15:00:00+05:30,38617.65,33.25,2
7025,2022-04-30 18:10:00+05:30,38543.43,2022-04-30 18:40:00+05:30,38607.88,64.44999999999709,2
7026,2022-04-30 19:45:00+05:30,38426.94,2022-04-30 20:55:00+05:30,38467.55,40.61000000000058,2
7027,2022-04-30 22:30:00+05:30,38340.0,2022-05-01 00:25:00+05:30,38345.82,5.819999999999709,2
7028,2022-05-01 03:30:00+05:30,38223.49,2022-05-01 03:55:00+05:30,38318.42,94.93000000000029,2
7029,2022-05-01 04:30:00+05:30,37888.14,2022-05-01 06:05:00+05:30,37793.44,-94.69999999999709,1
7030,2022-05-01 10:20:00+05:30,37894.14,2022-05-01 10:40:00+05:30,38138.65,244.51000000000204,2
7031,2022-05-01 12:20:00+05:30,37993.01,2022-05-01 13:30:00+05:30,37985.67,-7.3400000000037835,1
7032,2022-05-01 15:05:00+05:30,37910.08,2022-05-01 15:35:00+05:30,37996.98,86.90000000000146,2
7033,2022-05-01 16:55:00+05:30,37944.74,2022-05-01 17:50:00+05:30,38002.5,57.76000000000204,2
7034,2022-05-01 23:15:00+05:30,38376.97,2022-05-02 01:50:00+05:30,37874.96,-502.01000000000204,1
7035,2022-05-02 07:25:00+05:30,38493.58,2022-05-02 08:20:00+05:30,38599.91,106.33000000000175,2
7036,2022-05-02 13:25:00+05:30,38881.47,2022-05-02 13:35:00+05:30,38988.65,107.18000000000029,2
7037,2022-05-02 14:00:00+05:30,38838.76,2022-05-02 14:50:00+05:30,38946.64,107.87999999999738,2
7038,2022-05-02 15:25:00+05:30,38780.01,2022-05-02 17:50:00+05:30,38647.46,-132.5500000000029,1
7039,2022-05-02 22:20:00+05:30,38568.25,2022-05-03 00:35:00+05:30,38281.57,-286.6800000000003,1
7040,2022-05-03 05:15:00+05:30,38521.21,2022-05-03 07:00:00+05:30,38464.26,-56.94999999999709,1
7041,2022-05-03 10:35:00+05:30,38422.53,2022-05-03 10:55:00+05:30,38484.29,61.76000000000204,2
7042,2022-05-03 12:30:00+05:30,38423.85,2022-05-03 12:40:00+05:30,38508.13,84.27999999999884,2
7043,2022-05-03 15:50:00+05:30,38420.01,2022-05-03 16:55:00+05:30,38465.54,45.529999999998836,2
7044,2022-05-03 19:05:00+05:30,38312.02,2022-05-03 19:30:00+05:30,38447.21,135.19000000000233,2
7045,2022-05-03 21:35:00+05:30,38199.73,2022-05-03 22:45:00+05:30,38261.54,61.80999999999767,2
7046,2022-05-03 23:25:00+05:30,38052.01,2022-05-04 01:20:00+05:30,37745.7,-306.31000000000495,1
7047,2022-05-04 04:35:00+05:30,37651.68,2022-05-04 05:05:00+05:30,37759.11,107.43000000000029,2
7048,2022-05-04 18:00:00+05:30,38870.49,2022-05-04 18:30:00+05:30,38989.1,118.61000000000058,2
7049,2022-05-04 19:20:00+05:30,38833.34,2022-05-04 20:45:00+05:30,38828.02,-5.319999999999709,1
7050,2022-05-05 00:00:00+05:30,38726.35,2022-05-05 00:10:00+05:30,39049.09,322.73999999999796,2
7051,2022-05-05 03:10:00+05:30,39760.0,2022-05-05 05:15:00+05:30,39706.2,-53.80000000000291,1
7052,2022-05-05 05:45:00+05:30,39551.6,2022-05-05 05:55:00+05:30,39677.97,126.37000000000262,2
7053,2022-05-05 11:05:00+05:30,39636.8,2022-05-05 13:05:00+05:30,39593.82,-42.9800000000032,1
7054,2022-05-05 14:10:00+05:30,39470.01,2022-05-05 15:35:00+05:30,39498.88,28.869999999995343,2
7055,2022-05-05 18:30:00+05:30,39440.11,2022-05-05 19:50:00+05:30,38603.77,-836.3400000000038,0
7056,2022-05-05 20:00:00+05:30,38479.0,2022-05-05 20:35:00+05:30,36943.32,-1535.6800000000003,0
7057,2022-05-05 20:40:00+05:30,37241.84,2022-05-05 22:20:00+05:30,37042.96,-198.87999999999738,1
7058,2022-05-05 23:30:00+05:30,36755.99,2022-05-06 00:35:00+05:30,35991.66,-764.3299999999945,0
7059,2022-05-06 04:20:00+05:30,36261.35,2022-05-06 04:40:00+05:30,36476.71,215.36000000000058,2
7060,2022-05-06 06:15:00+05:30,36372.74,2022-05-06 07:30:00+05:30,36336.9,-35.83999999999651,1
7061,2022-05-06 09:40:00+05:30,36338.51,2022-05-06 10:15:00+05:30,36405.11,66.59999999999854,2
7062,2022-05-06 12:20:00+05:30,36397.98,2022-05-06 13:25:00+05:30,36371.94,-26.040000000000873,1
7063,2022-05-06 16:10:00+05:30,36093.96,2022-05-06 17:50:00+05:30,35876.39,-217.5699999999997,1
7064,2022-05-06 19:05:00+05:30,35419.16,2022-05-06 19:40:00+05:30,35905.99,486.82999999999447,2
7065,2022-05-06 23:20:00+05:30,35878.22,2022-05-07 00:15:00+05:30,36042.45,164.22999999999593,2
7066,2022-05-07 08:40:00+05:30,35910.98,2022-05-07 10:50:00+05:30,35881.4,-29.580000000001746,1
7067,2022-05-07 18:10:00+05:30,35972.77,2022-05-07 20:00:00+05:30,35947.67,-25.099999999998545,1
7068,2022-05-07 23:00:00+05:30,35883.04,2022-05-07 23:40:00+05:30,35916.68,33.63999999999942,2
7069,2022-05-08 01:30:00+05:30,35829.98,2022-05-08 03:25:00+05:30,35026.37,-803.6100000000006,0
7070,2022-05-08 04:20:00+05:30,34932.57,2022-05-08 04:35:00+05:30,35241.61,309.0400000000009,2
7071,2022-05-08 06:20:00+05:30,35143.33,2022-05-08 08:20:00+05:30,34345.2,-798.1300000000047,0
7072,2022-05-08 13:55:00+05:30,34526.44,2022-05-08 14:15:00+05:30,34685.15,158.70999999999913,2
7073,2022-05-08 17:55:00+05:30,34685.46,2022-05-08 20:30:00+05:30,34542.46,-143.0,1
7074,2022-05-08 22:30:00+05:30,33941.07,2022-05-08 23:50:00+05:30,34334.6,393.52999999999884,2
7075,2022-05-09 02:10:00+05:30,34320.01,2022-05-09 03:05:00+05:30,34470.98,150.97000000000116,2
7076,2022-05-09 05:00:00+05:30,34015.18,2022-05-09 06:05:00+05:30,34141.5,126.31999999999971,2
7077,2022-05-09 07:30:00+05:30,33952.73,2022-05-09 08:50:00+05:30,33764.87,-187.86000000000058,1
7078,2022-05-09 11:40:00+05:30,33387.15,2022-05-09 12:15:00+05:30,33545.34,158.18999999999505,2
7079,2022-05-09 13:45:00+05:30,33407.76,2022-05-09 14:20:00+05:30,33695.11,287.34999999999854,2
7080,2022-05-09 16:00:00+05:30,33093.71,2022-05-09 17:20:00+05:30,33084.04,-9.669999999998254,1
7081,2022-05-09 18:55:00+05:30,32736.09,2022-05-09 19:00:00+05:30,33014.64,278.5499999999993,2
7082,2022-05-09 20:05:00+05:30,32497.47,2022-05-09 21:45:00+05:30,32471.81,-25.659999999999854,1
7083,2022-05-09 22:05:00+05:30,32053.25,2022-05-09 22:30:00+05:30,31357.03,-696.2200000000012,0
7084,2022-05-09 22:35:00+05:30,31413.22,2022-05-10 00:05:00+05:30,30585.52,-827.7000000000007,0
7085,2022-05-10 00:10:00+05:30,30415.89,2022-05-10 01:25:00+05:30,30944.82,528.9300000000003,2
7086,2022-05-10 04:55:00+05:30,30600.0,2022-05-10 05:55:00+05:30,29919.99,-680.0099999999984,0
7087,2022-05-10 14:55:00+05:30,31469.9,2022-05-10 16:45:00+05:30,31503.59,33.68999999999869,2
7088,2022-05-10 20:05:00+05:30,31407.95,2022-05-10 21:05:00+05:30,31456.13,48.18000000000029,2
7089,2022-05-11 00:40:00+05:30,31467.71,2022-05-11 02:55:00+05:30,30827.27,-640.4399999999987,0
7090,2022-05-11 03:00:00+05:30,30749.99,2022-05-11 03:45:00+05:30,30783.95,33.95999999999913,2
7091,2022-05-11 12:10:00+05:30,30983.8,2022-05-11 12:35:00+05:30,30353.74,-630.0599999999977,0
7092,2022-05-11 18:00:00+05:30,30605.01,2022-05-11 18:15:00+05:30,29604.96,-1000.0499999999993,0
7093,2022-05-11 18:20:00+05:30,29639.31,2022-05-11 19:10:00+05:30,30606.98,967.6699999999983,2
7094,2022-05-11 21:20:00+05:30,30911.29,2022-05-11 22:30:00+05:30,30225.54,-685.75,0
7095,2022-05-11 23:05:00+05:30,29726.43,2022-05-11 23:50:00+05:30,30096.14,369.7099999999991,2
7096,2022-05-12 00:50:00+05:30,29613.19,2022-05-12 02:20:00+05:30,28508.8,-1104.3899999999994,0
7097,2022-05-12 02:25:00+05:30,28486.14,2022-05-12 03:20:00+05:30,28932.0,445.8600000000006,2
7098,2022-05-12 07:25:00+05:30,29227.17,2022-05-12 08:35:00+05:30,28628.34,-598.8299999999981,0
7099,2022-05-12 09:30:00+05:30,28314.35,2022-05-12 09:50:00+05:30,27285.56,-1028.7899999999972,0
7100,2022-05-12 23:05:00+05:30,28969.67,2022-05-13 00:05:00+05:30,28337.05,-632.619999999999,0
7101,2022-05-13 02:45:00+05:30,28330.0,2022-05-13 03:35:00+05:30,28497.01,167.0099999999984,2
7102,2022-05-13 13:25:00+05:30,30171.13,2022-05-13 14:10:00+05:30,30359.28,188.14999999999782,2
7103,2022-05-13 19:00:00+05:30,30381.7,2022-05-13 19:10:00+05:30,30689.76,308.0599999999977,2
7104,2022-05-13 20:45:00+05:30,30520.47,2022-05-13 22:00:00+05:30,29902.51,-617.9600000000028,0
7105,2022-05-13 22:10:00+05:30,29897.96,2022-05-13 22:40:00+05:30,30236.63,338.6700000000019,2
7106,2022-05-13 23:25:00+05:30,29599.65,2022-05-14 00:20:00+05:30,30045.85,446.1999999999971,2
7107,2022-05-14 02:15:00+05:30,29860.0,2022-05-14 03:00:00+05:30,30017.34,157.34000000000015,2
7108,2022-05-14 04:30:00+05:30,29752.83,2022-05-14 05:50:00+05:30,29496.0,-256.83000000000175,1
7109,2022-05-14 08:20:00+05:30,29555.88,2022-05-14 09:45:00+05:30,29586.94,31.05999999999767,2
7110,2022-05-14 10:00:00+05:30,29371.5,2022-05-14 10:50:00+05:30,29445.43,73.93000000000029,2
7111,2022-05-14 13:25:00+05:30,29431.59,2022-05-14 14:00:00+05:30,29504.86,73.27000000000044,2
7112,2022-05-14 16:20:00+05:30,29274.82,2022-05-14 17:55:00+05:30,29175.61,-99.20999999999913,1
7113,2022-05-15 06:30:00+05:30,29873.31,2022-05-15 07:30:00+05:30,30057.7,184.38999999999942,2
7114,2022-05-15 08:45:00+05:30,29663.35,2022-05-15 09:35:00+05:30,29778.13,114.78000000000247,2
7115,2022-05-15 10:30:00+05:30,29549.46,2022-05-15 11:10:00+05:30,29784.58,235.12000000000262,2
7116,2022-05-15 13:40:00+05:30,29717.24,2022-05-15 14:50:00+05:30,29701.48,-15.760000000002037,1
7117,2022-05-15 19:30:00+05:30,30069.46,2022-05-15 20:35:00+05:30,30110.6,41.13999999999942,2
7118,2022-05-15 23:20:00+05:30,29985.0,2022-05-16 00:00:00+05:30,30123.17,138.16999999999825,2
7119,2022-05-16 06:35:00+05:30,30952.93,2022-05-16 08:45:00+05:30,30282.03,-670.9000000000015,0
7120,2022-05-16 08:50:00+05:30,30214.28,2022-05-16 09:45:00+05:30,30363.14,148.86000000000058,2
7121,2022-05-16 11:30:00+05:30,30185.82,2022-05-16 11:55:00+05:30,29481.46,-704.3600000000006,0
7122,2022-05-16 12:00:00+05:30,29423.89,2022-05-16 13:10:00+05:30,29594.22,170.33000000000175,2
7123,2022-05-16 14:50:00+05:30,29482.15,2022-05-16 15:15:00+05:30,29731.07,248.91999999999825,2
7124,2022-05-16 17:30:00+05:30,29715.75,2022-05-16 17:55:00+05:30,30070.0,354.25,2
7125,2022-05-16 19:15:00+05:30,29572.31,2022-05-16 20:45:00+05:30,29659.97,87.65999999999985,2
7126,2022-05-16 21:10:00+05:30,29432.18,2022-05-16 21:20:00+05:30,29662.26,230.0799999999981,2
7127,2022-05-16 22:10:00+05:30,29229.87,2022-05-16 22:40:00+05:30,29450.82,220.95000000000073,2
7128,2022-05-17 01:20:00+05:30,29626.69,2022-05-17 02:10:00+05:30,29770.01,143.3199999999997,2
7129,2022-05-17 05:00:00+05:30,29914.07,2022-05-17 05:45:00+05:30,30078.3,164.22999999999956,2
7130,2022-05-17 16:05:00+05:30,30484.05,2022-05-17 17:45:00+05:30,30463.64,-20.409999999999854,1
7131,2022-05-17 19:40:00+05:30,30377.55,2022-05-17 21:25:00+05:30,30153.74,-223.80999999999767,1
7132,2022-05-17 23:30:00+05:30,29981.55,2022-05-17 23:35:00+05:30,30227.5,245.95000000000073,2
7133,2022-05-17 23:40:00+05:30,29928.42,2022-05-18 00:30:00+05:30,29940.92,12.5,2
7134,2022-05-18 07:20:00+05:30,30206.61,2022-05-18 10:15:00+05:30,29892.42,-314.1900000000023,1
7135,2022-05-18 12:15:00+05:30,29870.19,2022-05-18 13:25:00+05:30,29910.25,40.06000000000131,2
7136,2022-05-18 16:55:00+05:30,29795.45,2022-05-18 17:50:00+05:30,29881.3,85.84999999999854,2
7137,2022-05-18 18:15:00+05:30,29659.78,2022-05-18 20:45:00+05:30,29051.23,-608.5499999999993,0
7138,2022-05-18 20:50:00+05:30,28943.13,2022-05-18 22:00:00+05:30,29219.01,275.8799999999974,2
7139,2022-05-19 04:10:00+05:30,28981.11,2022-05-19 05:45:00+05:30,28921.52,-59.590000000000146,1
7140,2022-05-19 07:20:00+05:30,28840.59,2022-05-19 08:05:00+05:30,28874.94,34.349999999998545,2
7141,2022-05-19 14:20:00+05:30,29005.13,2022-05-19 15:20:00+05:30,29040.63,35.5,2
7142,2022-05-20 00:55:00+05:30,29995.8,2022-05-20 02:05:00+05:30,30121.87,126.06999999999971,2
7143,2022-05-20 10:10:00+05:30,30070.46,2022-05-20 11:10:00+05:30,30165.1,94.63999999999942,2
7144,2022-05-20 11:55:00+05:30,29990.0,2022-05-20 12:40:00+05:30,30156.23,166.22999999999956,2
7145,2022-05-20 14:35:00+05:30,30149.99,2022-05-20 15:00:00+05:30,30254.79,104.79999999999927,2
7146,2022-05-20 18:15:00+05:30,30166.23,2022-05-20 18:50:00+05:30,30376.32,210.09000000000015,2
7147,2022-05-20 19:50:00+05:30,30029.64,2022-05-20 20:30:00+05:30,29321.47,-708.1699999999983,0
7148,2022-05-21 04:25:00+05:30,29152.93,2022-05-21 04:35:00+05:30,29261.02,108.09000000000015,2
7149,2022-05-21 06:55:00+05:30,28969.17,2022-05-21 07:50:00+05:30,29209.12,239.95000000000073,2
7150,2022-05-21 14:55:00+05:30,29263.17,2022-05-21 15:30:00+05:30,29412.01,148.84000000000015,2
7151,2022-05-21 15:55:00+05:30,29224.36,2022-05-21 17:15:00+05:30,29285.25,60.88999999999942,2
7152,2022-05-21 23:05:00+05:30,29418.71,2022-05-22 00:00:00+05:30,29484.94,66.22999999999956,2
7153,2022-05-22 02:10:00+05:30,29386.68,2022-05-22 03:05:00+05:30,29449.58,62.900000000001455,2
7154,2022-05-22 03:35:00+05:30,29345.87,2022-05-22 04:10:00+05:30,29406.89,61.02000000000044,2
7155,2022-05-22 07:45:00+05:30,29418.13,2022-05-22 08:35:00+05:30,29472.8,54.669999999998254,2
7156,2022-05-22 09:45:00+05:30,29284.68,2022-05-22 10:35:00+05:30,29342.92,58.23999999999796,2
7157,2022-05-22 16:55:00+05:30,30060.33,2022-05-22 17:50:00+05:30,30153.77,93.43999999999869,2
7158,2022-05-22 19:20:00+05:30,30003.13,2022-05-22 19:30:00+05:30,30138.46,135.3299999999981,2
7159,2022-05-22 19:35:00+05:30,29983.72,2022-05-22 21:30:00+05:30,29888.96,-94.76000000000204,1
7160,2022-05-23 05:55:00+05:30,30224.69,2022-05-23 08:30:00+05:30,30159.77,-64.91999999999825,1
7161,2022-05-23 13:45:00+05:30,30372.32,2022-05-23 15:00:00+05:30,30406.0,33.68000000000029,2
7162,2022-05-23 18:30:00+05:30,30338.5,2022-05-23 18:40:00+05:30,30459.99,121.4900000000016,2
7163,2022-05-23 19:05:00+05:30,30273.71,2022-05-23 19:15:00+05:30,30484.1,210.38999999999942,2
7164,2022-05-23 19:30:00+05:30,30147.04,2022-05-23 20:30:00+05:30,30380.01,232.96999999999753,2
7165,2022-05-23 22:20:00+05:30,30221.99,2022-05-24 00:05:00+05:30,30114.3,-107.69000000000233,1
7166,2022-05-24 00:20:00+05:30,29910.23,2022-05-24 00:50:00+05:30,29298.63,-611.5999999999985,0
7167,2022-05-24 00:55:00+05:30,29240.0,2022-05-24 02:10:00+05:30,29351.29,111.29000000000087,2
7168,2022-05-24 03:30:00+05:30,29209.44,2022-05-24 05:10:00+05:30,29149.99,-59.44999999999709,1
7169,2022-05-24 12:05:00+05:30,29289.95,2022-05-24 12:35:00+05:30,29355.43,65.47999999999956,2
7170,2022-05-24 14:00:00+05:30,29305.54,2022-05-24 15:25:00+05:30,29340.0,34.45999999999913,2
7171,2022-05-24 17:50:00+05:30,29205.16,2022-05-24 18:20:00+05:30,29280.62,75.45999999999913,2
7172,2022-05-24 19:15:00+05:30,29070.45,2022-05-24 20:25:00+05:30,29069.03,-1.4200000000018917,1
7173,2022-05-25 11:00:00+05:30,29964.32,2022-05-25 12:40:00+05:30,29836.23,-128.09000000000015,1
7174,2022-05-25 13:30:00+05:30,29683.43,2022-05-25 13:40:00+05:30,29800.02,116.59000000000015,2
7175,2022-05-25 16:40:00+05:30,29603.6,2022-05-25 18:05:00+05:30,29531.74,-71.85999999999694,1
7176,2022-05-25 21:00:00+05:30,29647.58,2022-05-25 22:35:00+05:30,29596.42,-51.16000000000349,1
7177,2022-05-26 01:25:00+05:30,29599.1,2022-05-26 02:05:00+05:30,29726.11,127.01000000000204,2
7178,2022-05-26 04:30:00+05:30,29739.8,2022-05-26 05:40:00+05:30,29693.26,-46.54000000000087,1
7179,2022-05-26 07:15:00+05:30,29665.27,2022-05-26 07:45:00+05:30,29753.77,88.5,2
7180,2022-05-26 10:50:00+05:30,29732.3,2022-05-26 12:25:00+05:30,29681.29,-51.0099999999984,1
7181,2022-05-26 13:45:00+05:30,29555.62,2022-05-26 14:30:00+05:30,28941.74,-613.8799999999974,0
7182,2022-05-26 16:35:00+05:30,29013.16,2022-05-26 17:40:00+05:30,29127.99,114.83000000000175,2
7183,2022-05-26 18:00:00+05:30,28897.79,2022-05-26 18:45:00+05:30,28235.19,-662.6000000000022,0
7184,2022-05-26 18:50:00+05:30,28279.77,2022-05-26 19:15:00+05:30,28887.24,607.4700000000012,2
7185,2022-05-27 00:30:00+05:30,29506.59,2022-05-27 01:55:00+05:30,29543.21,36.61999999999898,2
7186,2022-05-27 04:40:00+05:30,29405.93,2022-05-27 07:50:00+05:30,29075.87,-330.0600000000013,1
7187,2022-05-27 10:00:00+05:30,28921.09,2022-05-27 10:35:00+05:30,29040.0,118.90999999999985,2
7188,2022-05-27 11:05:00+05:30,28780.33,2022-05-27 12:05:00+05:30,28866.96,86.62999999999738,2
7189,2022-05-27 20:10:00+05:30,28929.05,2022-05-27 21:15:00+05:30,28929.92,0.8699999999989814,2
7190,2022-05-27 22:20:00+05:30,28690.18,2022-05-27 22:35:00+05:30,28815.0,124.81999999999971,2
7191,2022-05-27 22:45:00+05:30,28549.39,2022-05-28 00:25:00+05:30,28466.67,-82.72000000000116,1
7192,2022-05-28 04:45:00+05:30,28693.33,2022-05-28 05:40:00+05:30,28731.14,37.80999999999767,2
7193,2022-05-28 06:55:00+05:30,28576.64,2022-05-28 07:45:00+05:30,28724.57,147.9300000000003,2
7194,2022-05-28 12:50:00+05:30,28825.82,2022-05-28 13:20:00+05:30,28896.97,71.15000000000146,2
7195,2022-05-28 14:00:00+05:30,28792.28,2022-05-28 14:10:00+05:30,28887.09,94.81000000000131,2
7196,2022-05-28 22:25:00+05:30,28907.5,2022-05-28 23:40:00+05:30,28918.67,11.169999999998254,2
7197,2022-05-29 03:30:00+05:30,28979.3,2022-05-29 04:05:00+05:30,29011.05,31.75,2
7198,2022-05-29 07:00:00+05:30,28913.97,2022-05-29 08:40:00+05:30,28947.04,33.06999999999971,2
7199,2022-05-29 20:30:00+05:30,29177.91,2022-05-29 21:30:00+05:30,29265.98,88.06999999999971,2
7200,2022-05-29 23:20:00+05:30,29207.22,2022-05-30 01:30:00+05:30,29163.97,-43.25,1
7201,2022-05-30 05:35:00+05:30,29356.65,2022-05-30 06:45:00+05:30,29433.95,77.29999999999927,2
7202,2022-05-30 15:35:00+05:30,30598.71,2022-05-30 16:45:00+05:30,30643.28,44.56999999999971,2
7203,2022-05-30 17:55:00+05:30,30473.59,2022-05-30 19:20:00+05:30,30492.27,18.68000000000029,2
7204,2022-05-31 01:15:00+05:30,30628.6,2022-05-31 01:40:00+05:30,30755.78,127.18000000000029,2
7205,2022-05-31 06:00:00+05:30,31580.03,2022-05-31 07:35:00+05:30,31584.7,4.670000000001892,2
7206,2022-05-31 11:45:00+05:30,31563.59,2022-05-31 12:55:00+05:30,31576.22,12.630000000001019,2
7207,2022-05-31 18:05:00+05:30,31637.52,2022-05-31 18:40:00+05:30,31725.28,87.7599999999984,2
7208,2022-05-31 19:10:00+05:30,31365.81,2022-05-31 19:45:00+05:30,31538.92,173.10999999999694,2
7209,2022-06-01 00:10:00+05:30,31816.41,2022-06-01 01:40:00+05:30,31731.93,-84.47999999999956,1
7210,2022-06-01 05:40:00+05:30,31763.68,2022-06-01 06:00:00+05:30,31886.36,122.68000000000029,2
7211,2022-06-01 07:45:00+05:30,31824.89,2022-06-01 10:35:00+05:30,31588.42,-236.47000000000116,1
7212,2022-06-01 12:45:00+05:30,31529.26,2022-06-01 13:45:00+05:30,31560.01,30.75,2
7213,2022-06-01 16:05:00+05:30,31560.15,2022-06-01 16:40:00+05:30,31661.83,101.68000000000029,2
7214,2022-06-01 17:10:00+05:30,31462.6,2022-06-01 17:20:00+05:30,31587.81,125.21000000000276,2
7215,2022-06-01 19:35:00+05:30,31583.96,2022-06-01 20:55:00+05:30,30918.51,-665.4500000000007,0
7216,2022-06-01 22:50:00+05:30,29991.94,2022-06-01 23:35:00+05:30,30243.36,251.4200000000019,2
7217,2022-06-02 01:55:00+05:30,29623.21,2022-06-02 03:55:00+05:30,29693.76,70.54999999999927,2
7218,2022-06-02 08:40:00+05:30,29776.78,2022-06-02 08:50:00+05:30,29840.59,63.81000000000131,2
7219,2022-06-02 09:05:00+05:30,29754.61,2022-06-02 10:00:00+05:30,29778.51,23.899999999997817,2
7220,2022-06-02 15:05:00+05:30,29897.64,2022-06-02 15:30:00+05:30,29962.0,64.36000000000058,2
7221,2022-06-02 18:30:00+05:30,30007.72,2022-06-02 19:10:00+05:30,30217.86,210.13999999999942,2
7222,2022-06-03 00:15:00+05:30,30020.62,2022-06-03 01:05:00+05:30,30192.84,172.22000000000116,2
7223,2022-06-03 08:45:00+05:30,30489.04,2022-06-03 09:25:00+05:30,30529.96,40.919999999998254,2
7224,2022-06-03 10:25:00+05:30,30425.0,2022-06-03 10:50:00+05:30,30485.78,60.779999999998836,2
7225,2022-06-03 12:25:00+05:30,30363.08,2022-06-03 13:10:00+05:30,30452.5,89.41999999999825,2
7226,2022-06-03 14:40:00+05:30,30340.82,2022-06-03 17:15:00+05:30,29728.46,-612.3600000000006,0
7227,2022-06-03 18:05:00+05:30,29637.53,2022-06-03 19:00:00+05:30,29732.56,95.03000000000247,2
7228,2022-06-03 20:05:00+05:30,29491.89,2022-06-03 21:00:00+05:30,29544.69,52.79999999999927,2
7229,2022-06-04 06:30:00+05:30,29591.57,2022-06-04 08:25:00+05:30,29568.26,-23.31000000000131,1
7230,2022-06-04 12:40:00+05:30,29653.09,2022-06-04 13:00:00+05:30,29699.89,46.79999999999927,2
7231,2022-06-04 17:20:00+05:30,29649.99,2022-06-04 18:55:00+05:30,29642.77,-7.220000000001164,1
7232,2022-06-04 19:35:00+05:30,29509.22,2022-06-04 19:50:00+05:30,29673.33,164.11000000000058,2
7233,2022-06-04 22:30:00+05:30,29726.95,2022-06-04 23:30:00+05:30,29770.11,43.159999999999854,2
7234,2022-06-05 01:05:00+05:30,29657.84,2022-06-05 01:50:00+05:30,29705.23,47.38999999999942,2
7235,2022-06-05 06:25:00+05:30,29740.64,2022-06-05 07:35:00+05:30,29745.85,5.209999999999127,2
7236,2022-06-05 09:15:00+05:30,29754.84,2022-06-05 10:30:00+05:30,29744.89,-9.950000000000728,1
7237,2022-06-05 12:20:00+05:30,29746.51,2022-06-05 12:50:00+05:30,29767.95,21.44000000000233,2
7238,2022-06-05 13:25:00+05:30,29645.67,2022-06-05 15:40:00+05:30,29660.27,14.600000000002183,2
7239,2022-06-05 19:20:00+05:30,29654.34,2022-06-05 19:45:00+05:30,29745.95,91.61000000000058,2
7240,2022-06-06 02:35:00+05:30,29883.23,2022-06-06 03:25:00+05:30,29965.23,82.0,2
7241,2022-06-06 19:05:00+05:30,31307.21,2022-06-06 19:10:00+05:30,31451.06,143.85000000000218,2
7242,2022-06-06 20:45:00+05:30,31192.51,2022-06-06 21:25:00+05:30,31541.42,348.90999999999985,2
7243,2022-06-06 22:45:00+05:30,31123.87,2022-06-06 23:10:00+05:30,31305.02,181.15000000000146,2
7244,2022-06-07 05:30:00+05:30,31259.71,2022-06-07 06:00:00+05:30,30506.42,-753.2900000000009,0
7245,2022-06-07 06:05:00+05:30,30413.51,2022-06-07 07:10:00+05:30,29781.49,-632.0199999999968,0
7246,2022-06-07 16:30:00+05:30,29433.32,2022-06-07 17:35:00+05:30,29538.26,104.93999999999869,2
7247,2022-06-08 04:10:00+05:30,31136.09,2022-06-08 04:15:00+05:30,30350.01,-786.0800000000017,0
7248,2022-06-08 06:30:00+05:30,30927.92,2022-06-08 07:20:00+05:30,31115.49,187.57000000000335,2
7249,2022-06-08 08:20:00+05:30,30980.48,2022-06-08 08:55:00+05:30,30246.71,-733.7700000000004,0
7250,2022-06-08 09:00:00+05:30,29974.21,2022-06-08 10:10:00+05:30,30301.58,327.3700000000026,2
7251,2022-06-08 14:50:00+05:30,30381.71,2022-06-08 15:00:00+05:30,30573.55,191.84000000000015,2
7252,2022-06-08 17:50:00+05:30,30335.8,2022-06-08 18:55:00+05:30,30369.54,33.7400000000016,2
7253,2022-06-08 22:00:00+05:30,30326.44,2022-06-08 22:50:00+05:30,30445.15,118.71000000000276,2
7254,2022-06-08 23:45:00+05:30,30222.86,2022-06-09 00:50:00+05:30,30244.15,21.290000000000873,2
7255,2022-06-09 05:05:00+05:30,30268.89,2022-06-09 06:15:00+05:30,30238.6,-30.290000000000873,1
7256,2022-06-09 16:25:00+05:30,30433.81,2022-06-09 19:00:00+05:30,30237.3,-196.51000000000204,1
7257,2022-06-09 23:50:00+05:30,30207.28,2022-06-10 01:40:00+05:30,30127.63,-79.64999999999782,1
7258,2022-06-10 03:50:00+05:30,30041.82,2022-06-10 04:45:00+05:30,30096.84,55.02000000000044,2
7259,2022-06-10 05:40:00+05:30,30001.4,2022-06-10 06:45:00+05:30,29958.88,-42.52000000000044,1
7260,2022-06-10 13:25:00+05:30,30052.43,2022-06-10 13:35:00+05:30,30098.76,46.32999999999811,2
7261,2022-06-10 13:55:00+05:30,30032.09,2022-06-10 14:55:00+05:30,30041.0,8.909999999999854,2
7262,2022-06-10 15:15:00+05:30,29921.49,2022-06-10 15:55:00+05:30,29975.86,54.36999999999898,2
7263,2022-06-10 18:00:00+05:30,29553.89,2022-06-10 20:00:00+05:30,29558.19,4.299999999999272,2
7264,2022-06-10 21:55:00+05:30,28971.77,2022-06-10 22:55:00+05:30,29157.18,185.40999999999985,2
7265,2022-06-11 04:50:00+05:30,29050.54,2022-06-11 05:35:00+05:30,29166.02,115.47999999999956,2
7266,2022-06-11 13:35:00+05:30,29280.01,2022-06-11 15:05:00+05:30,29178.79,-101.21999999999753,1
7267,2022-06-11 16:15:00+05:30,28914.95,2022-06-11 18:55:00+05:30,28675.82,-239.13000000000102,1
7268,2022-06-11 20:20:00+05:30,28428.44,2022-06-11 21:35:00+05:30,28494.84,66.40000000000146,2
7269,2022-06-11 21:45:00+05:30,28148.35,2022-06-11 22:10:00+05:30,28391.7,243.35000000000218,2
7270,2022-06-12 02:00:00+05:30,28454.2,2022-06-12 02:50:00+05:30,28565.09,110.88999999999942,2
7271,2022-06-12 04:40:00+05:30,28467.04,2022-06-12 05:40:00+05:30,28515.8,48.7599999999984,2
7272,2022-06-12 06:45:00+05:30,28306.94,2022-06-12 08:10:00+05:30,27515.34,-791.5999999999985,0
7273,2022-06-12 08:15:00+05:30,27600.0,2022-06-12 09:30:00+05:30,27620.01,20.0099999999984,2
7274,2022-06-12 10:30:00+05:30,27376.66,2022-06-12 11:40:00+05:30,27415.74,39.080000000001746,2
7275,2022-06-12 15:20:00+05:30,27475.35,2022-06-12 15:55:00+05:30,27523.97,48.62000000000262,2
7276,2022-06-12 18:55:00+05:30,27347.87,2022-06-12 19:50:00+05:30,27397.16,49.29000000000087,2
7277,2022-06-13 00:45:00+05:30,27597.03,2022-06-13 02:40:00+05:30,27495.8,-101.22999999999956,1
7278,2022-06-13 03:30:00+05:30,27277.36,2022-06-13 05:20:00+05:30,26693.98,-583.380000000001,0
7279,2022-06-13 05:25:00+05:30,26574.53,2022-06-13 06:50:00+05:30,26042.24,-532.2899999999972,0
7280,2022-06-13 08:25:00+05:30,25341.4,2022-06-13 09:05:00+05:30,25510.0,168.59999999999854,2
7281,2022-06-13 13:05:00+05:30,25002.29,2022-06-13 14:15:00+05:30,24398.74,-603.5499999999993,0
7282,2022-06-13 14:25:00+05:30,24182.6,2022-06-13 15:55:00+05:30,24209.01,26.409999999999854,2
7283,2022-06-13 16:45:00+05:30,23703.0,2022-06-13 17:40:00+05:30,24353.31,650.3100000000013,2
7284,2022-06-13 20:10:00+05:30,23054.63,2022-06-13 21:05:00+05:30,23175.02,120.38999999999942,2
7285,2022-06-14 00:50:00+05:30,23174.15,2022-06-14 01:30:00+05:30,23393.4,219.25,2
7286,2022-06-14 03:10:00+05:30,22917.52,2022-06-14 04:30:00+05:30,22378.46,-539.0600000000013,0
7287,2022-06-14 04:35:00+05:30,22341.91,2022-06-14 05:35:00+05:30,22758.72,416.8100000000013,2
7288,2022-06-14 06:25:00+05:30,21759.51,2022-06-14 06:55:00+05:30,21171.2,-588.3099999999977,0
7289,2022-06-14 14:55:00+05:30,22460.54,2022-06-14 15:55:00+05:30,22503.22,42.68000000000029,2
7290,2022-06-14 16:40:00+05:30,22188.95,2022-06-14 18:00:00+05:30,22124.97,-63.97999999999956,1
7291,2022-06-15 00:15:00+05:30,22277.51,2022-06-15 02:50:00+05:30,21545.55,-731.9599999999991,0
7292,2022-06-15 02:55:00+05:30,21555.82,2022-06-15 04:15:00+05:30,21628.54,72.72000000000116,2
7293,2022-06-15 09:00:00+05:30,21677.61,2022-06-15 09:35:00+05:30,21151.37,-526.2400000000016,0
7294,2022-06-15 09:45:00+05:30,21090.01,2022-06-15 11:00:00+05:30,21170.3,80.29000000000087,2
7295,2022-06-15 13:15:00+05:30,20763.09,2022-06-15 13:40:00+05:30,20343.12,-419.97000000000116,0
7296,2022-06-15 20:20:00+05:30,21120.28,2022-06-15 21:10:00+05:30,21319.25,198.97000000000116,2
7297,2022-06-15 22:00:00+05:30,20959.61,2022-06-15 23:20:00+05:30,21256.75,297.1399999999994,2
7298,2022-06-15 23:35:00+05:30,20420.58,2022-06-15 23:55:00+05:30,20752.47,331.8899999999994,2
7299,2022-06-16 07:25:00+05:30,22368.42,2022-06-16 08:30:00+05:30,22505.91,137.4900000000016,2
7300,2022-06-16 08:45:00+05:30,22261.0,2022-06-16 10:00:00+05:30,22331.66,70.65999999999985,2
7301,2022-06-16 10:10:00+05:30,22140.17,2022-06-16 12:40:00+05:30,21901.24,-238.92999999999665,1
7302,2022-06-16 13:05:00+05:30,21675.26,2022-06-16 14:00:00+05:30,21808.0,132.7400000000016,2
7303,2022-06-16 14:35:00+05:30,21475.68,2022-06-16 16:00:00+05:30,21007.35,-468.33000000000175,0
7304,2022-06-16 16:05:00+05:30,20873.51,2022-06-16 16:25:00+05:30,21243.04,369.5300000000025,2
7305,2022-06-16 19:30:00+05:30,20853.93,2022-06-16 20:30:00+05:30,21021.29,167.36000000000058,2
7306,2022-06-17 01:05:00+05:30,20912.61,2022-06-17 01:30:00+05:30,21003.23,90.61999999999898,2
7307,2022-06-17 02:05:00+05:30,20643.21,2022-06-17 02:50:00+05:30,20916.66,273.4500000000007,2
7308,2022-06-17 09:15:00+05:30,20394.14,2022-06-17 10:05:00+05:30,20566.54,172.40000000000146,2
7309,2022-06-17 15:10:00+05:30,20938.77,2022-06-17 16:15:00+05:30,21033.0,94.22999999999956,2
7310,2022-06-17 18:10:00+05:30,20778.08,2022-06-17 19:10:00+05:30,20848.99,70.90999999999985,2
7311,2022-06-17 19:50:00+05:30,20451.21,2022-06-17 20:30:00+05:30,20634.98,183.77000000000044,2
7312,2022-06-18 00:10:00+05:30,20491.56,2022-06-18 01:15:00+05:30,20545.0,53.43999999999869,2
7313,2022-06-18 03:45:00+05:30,20498.75,2022-06-18 04:45:00+05:30,20515.33,16.580000000001746,2
7314,2022-06-18 07:00:00+05:30,20408.07,2022-06-18 07:40:00+05:30,20500.63,92.56000000000131,2
7315,2022-06-18 12:15:00+05:30,20360.02,2022-06-18 12:20:00+05:30,19466.58,-893.4399999999987,0
7316,2022-06-18 12:25:00+05:30,19439.26,2022-06-18 13:45:00+05:30,18824.68,-614.5799999999981,0
7317,2022-06-18 17:25:00+05:30,19243.98,2022-06-18 19:20:00+05:30,19207.12,-36.86000000000058,1
7318,2022-06-18 20:20:00+05:30,19071.43,2022-06-18 21:50:00+05:30,19085.02,13.590000000000146,2
7319,2022-06-18 22:15:00+05:30,18855.96,2022-06-18 23:45:00+05:30,18380.19,-475.77000000000044,0
7320,2022-06-18 23:55:00+05:30,18262.51,2022-06-19 01:35:00+05:30,17836.73,-425.77999999999884,0
7321,2022-06-19 01:55:00+05:30,17719.5,2022-06-19 02:30:00+05:30,18011.27,291.77000000000044,2
7322,2022-06-19 06:50:00+05:30,18804.25,2022-06-19 07:45:00+05:30,18375.73,-428.52000000000044,0
7323,2022-06-19 10:45:00+05:30,18176.02,2022-06-19 11:35:00+05:30,18307.72,131.70000000000073,2
7324,2022-06-19 17:55:00+05:30,19419.12,2022-06-19 19:55:00+05:30,19368.88,-50.23999999999796,1
7325,2022-06-20 05:40:00+05:30,20328.34,2022-06-20 06:40:00+05:30,19882.3,-446.0400000000009,0
7326,2022-06-20 06:45:00+05:30,19800.01,2022-06-20 07:35:00+05:30,20085.98,285.97000000000116,2
7327,2022-06-20 10:25:00+05:30,19857.89,2022-06-20 11:20:00+05:30,20058.7,200.8100000000013,2
7328,2022-06-20 17:55:00+05:30,20498.25,2022-06-20 18:55:00+05:30,20622.18,123.93000000000029,2
7329,2022-06-20 22:10:00+05:30,20394.71,2022-06-20 23:25:00+05:30,19977.6,-417.1100000000006,0
7330,2022-06-20 23:30:00+05:30,19927.0,2022-06-21 00:45:00+05:30,20070.98,143.97999999999956,2
7331,2022-06-21 08:10:00+05:30,20403.66,2022-06-21 08:40:00+05:30,20522.04,118.38000000000102,2
7332,2022-06-21 17:10:00+05:30,21029.07,2022-06-21 18:15:00+05:30,21083.99,54.92000000000189,2
7333,2022-06-21 21:05:00+05:30,21427.32,2022-06-21 21:45:00+05:30,21499.73,72.40999999999985,2
7334,2022-06-21 23:05:00+05:30,21201.77,2022-06-22 00:50:00+05:30,21186.56,-15.209999999999127,1
7335,2022-06-22 01:15:00+05:30,20968.0,2022-06-22 02:40:00+05:30,20955.63,-12.369999999998981,1
7336,2022-06-22 03:40:00+05:30,20793.16,2022-06-22 04:25:00+05:30,20897.0,103.84000000000015,2
7337,2022-06-22 04:50:00+05:30,20640.28,2022-06-22 06:05:00+05:30,20707.64,67.36000000000058,2
7338,2022-06-22 07:20:00+05:30,20427.04,2022-06-22 08:30:00+05:30,20504.88,77.84000000000015,2
7339,2022-06-22 09:15:00+05:30,20272.52,2022-06-22 10:15:00+05:30,20428.21,155.6899999999987,2
7340,2022-06-22 11:45:00+05:30,20148.92,2022-06-22 12:55:00+05:30,20204.89,55.970000000001164,2
7341,2022-06-22 18:10:00+05:30,20288.84,2022-06-22 18:50:00+05:30,20475.74,186.90000000000146,2
7342,2022-06-22 21:10:00+05:30,20314.98,2022-06-22 22:25:00+05:30,20322.73,7.75,2
7343,2022-06-23 00:35:00+05:30,20140.84,2022-06-23 01:40:00+05:30,20203.59,62.75,2
7344,2022-06-23 02:05:00+05:30,19830.99,2022-06-23 03:15:00+05:30,19975.06,144.0699999999997,2
7345,2022-06-23 08:30:00+05:30,20291.5,2022-06-23 10:00:00+05:30,20284.06,-7.43999999999869,1
7346,2022-06-23 17:10:00+05:30,20624.14,2022-06-23 17:50:00+05:30,20730.09,105.95000000000073,2
7347,2022-06-23 18:20:00+05:30,20508.25,2022-06-23 20:10:00+05:30,20539.61,31.360000000000582,2
7348,2022-06-23 21:00:00+05:30,20345.66,2022-06-23 22:40:00+05:30,20314.34,-31.31999999999971,1
7349,2022-06-24 10:00:00+05:30,21009.85,2022-06-24 10:55:00+05:30,21094.68,84.83000000000175,2
7350,2022-06-24 11:25:00+05:30,20910.89,2022-06-24 13:00:00+05:30,20934.76,23.86999999999898,2
7351,2022-06-24 15:15:00+05:30,20826.41,2022-06-24 16:00:00+05:30,20923.99,97.58000000000175,2
7352,2022-06-24 20:10:00+05:30,21113.18,2022-06-24 22:10:00+05:30,20950.8,-162.38000000000102,1
7353,2022-06-25 05:20:00+05:30,21217.0,2022-06-25 06:40:00+05:30,21251.75,34.75,2
7354,2022-06-25 08:20:00+05:30,21178.12,2022-06-25 08:40:00+05:30,21279.52,101.40000000000146,2
7355,2022-06-25 14:10:00+05:30,21395.92,2022-06-25 14:50:00+05:30,21474.83,78.91000000000349,2
7356,2022-06-25 17:00:00+05:30,21382.8,2022-06-25 18:55:00+05:30,21206.54,-176.2599999999984,1
7357,2022-06-25 21:20:00+05:30,20939.24,2022-06-25 22:35:00+05:30,21071.6,132.35999999999694,2
7358,2022-06-26 05:40:00+05:30,21395.85,2022-06-26 06:15:00+05:30,21479.56,83.71000000000276,2
7359,2022-06-26 07:00:00+05:30,21367.06,2022-06-26 08:35:00+05:30,21366.09,-0.9700000000011642,1
7360,2022-06-26 11:45:00+05:30,21352.69,2022-06-26 12:00:00+05:30,21472.06,119.37000000000262,2
7361,2022-06-26 18:35:00+05:30,21367.3,2022-06-26 19:50:00+05:30,21431.22,63.92000000000189,2
7362,2022-06-26 20:35:00+05:30,21216.59,2022-06-26 21:50:00+05:30,21359.27,142.6800000000003,2
7363,2022-06-26 22:50:00+05:30,21235.99,2022-06-27 00:20:00+05:30,21221.23,-14.760000000002037,1
7364,2022-06-27 03:45:00+05:30,21200.84,2022-06-27 05:50:00+05:30,21100.18,-100.65999999999985,1
7365,2022-06-27 06:40:00+05:30,20958.89,2022-06-27 06:45:00+05:30,21051.9,93.01000000000204,2
7366,2022-06-27 16:30:00+05:30,21399.99,2022-06-27 18:55:00+05:30,21256.35,-143.64000000000306,1
7367,2022-06-27 19:00:00+05:30,21061.14,2022-06-27 20:50:00+05:30,20755.03,-306.1100000000006,1
7368,2022-06-27 21:50:00+05:30,20667.63,2022-06-27 22:05:00+05:30,20772.08,104.45000000000073,2
7369,2022-06-27 23:35:00+05:30,20618.11,2022-06-27 23:40:00+05:30,20748.3,130.1899999999987,2
7370,2022-06-28 03:05:00+05:30,20858.77,2022-06-28 03:40:00+05:30,20886.65,27.88000000000102,2
7371,2022-06-28 05:00:00+05:30,20762.76,2022-06-28 05:40:00+05:30,20834.91,72.15000000000146,2
7372,2022-06-28 06:55:00+05:30,20662.22,2022-06-28 08:20:00+05:30,20648.43,-13.790000000000873,1
7373,2022-06-28 16:30:00+05:30,20965.18,2022-06-28 16:55:00+05:30,21032.54,67.36000000000058,2
7374,2022-06-28 19:50:00+05:30,20868.27,2022-06-28 21:55:00+05:30,20698.03,-170.2400000000016,1
7375,2022-06-28 23:35:00+05:30,20436.95,2022-06-29 01:55:00+05:30,20298.09,-138.86000000000058,1
7376,2022-06-29 09:15:00+05:30,20261.5,2022-06-29 10:00:00+05:30,20351.7,90.20000000000073,2
7377,2022-06-29 11:00:00+05:30,20227.97,2022-06-29 13:00:00+05:30,20079.62,-148.35000000000218,1
7378,2022-06-29 14:20:00+05:30,19998.01,2022-06-29 14:35:00+05:30,20074.15,76.14000000000306,2
7379,2022-06-29 16:35:00+05:30,20021.22,2022-06-29 17:00:00+05:30,20092.05,70.82999999999811,2
7380,2022-06-29 19:10:00+05:30,19935.97,2022-06-29 19:20:00+05:30,20091.16,155.1899999999987,2
7381,2022-06-29 22:00:00+05:30,19998.16,2022-06-29 23:10:00+05:30,20036.11,37.95000000000073,2
7382,2022-06-30 04:00:00+05:30,20176.05,2022-06-30 05:40:00+05:30,20141.96,-34.090000000000146,1
7383,2022-06-30 06:10:00+05:30,20046.99,2022-06-30 07:15:00+05:30,20060.48,13.489999999997963,2
7384,2022-06-30 10:20:00+05:30,20036.2,2022-06-30 12:00:00+05:30,19531.85,-504.3500000000022,0
7385,2022-06-30 12:05:00+05:30,19521.51,2022-06-30 14:35:00+05:30,19051.09,-470.41999999999825,0
7386,2022-06-30 14:40:00+05:30,19085.47,2022-06-30 15:20:00+05:30,19191.14,105.66999999999825,2
7387,2022-06-30 19:10:00+05:30,18804.54,2022-06-30 20:15:00+05:30,19043.94,239.39999999999782,2
7388,2022-07-01 00:10:00+05:30,18986.14,2022-07-01 01:40:00+05:30,19003.09,16.950000000000728,2
7389,2022-07-01 02:10:00+05:30,18844.11,2022-07-01 03:00:00+05:30,18921.99,77.88000000000102,2
7390,2022-07-01 08:35:00+05:30,20212.16,2022-07-01 09:25:00+05:30,19730.76,-481.40000000000146,0
7391,2022-07-01 09:30:00+05:30,19617.96,2022-07-01 11:20:00+05:30,19490.95,-127.0099999999984,1
7392,2022-07-01 12:30:00+05:30,19345.87,2022-07-01 12:45:00+05:30,19466.3,120.43000000000029,2
7393,2022-07-01 16:05:00+05:30,19177.18,2022-07-01 17:25:00+05:30,19191.03,13.849999999998545,2
7394,2022-07-01 21:20:00+05:30,19253.83,2022-07-01 21:45:00+05:30,19389.84,136.0099999999984,2
7395,2022-07-02 00:45:00+05:30,19355.5,2022-07-02 01:35:00+05:30,19482.0,126.5,2
7396,2022-07-02 03:15:00+05:30,19351.42,2022-07-02 04:45:00+05:30,19399.81,48.390000000003056,2
7397,2022-07-02 05:20:00+05:30,19265.26,2022-07-02 07:00:00+05:30,19274.23,8.970000000001164,2
7398,2022-07-02 08:10:00+05:30,19146.51,2022-07-02 09:35:00+05:30,19155.66,9.150000000001455,2
7399,2022-07-02 12:05:00+05:30,19201.8,2022-07-02 12:35:00+05:30,19236.7,34.900000000001455,2
7400,2022-07-02 13:15:00+05:30,19138.34,2022-07-02 14:40:00+05:30,19157.21,18.86999999999898,2
7401,2022-07-02 14:50:00+05:30,19090.12,2022-07-02 15:15:00+05:30,19134.57,44.45000000000073,2
7402,2022-07-02 20:50:00+05:30,19200.29,2022-07-02 21:55:00+05:30,19307.49,107.20000000000073,2
7403,2022-07-02 23:50:00+05:30,19270.5,2022-07-03 00:15:00+05:30,19310.72,40.220000000001164,2
7404,2022-07-03 01:00:00+05:30,19206.64,2022-07-03 02:20:00+05:30,19268.58,61.94000000000233,2
7405,2022-07-03 04:45:00+05:30,19299.99,2022-07-03 06:25:00+05:30,19246.54,-53.45000000000073,1
7406,2022-07-03 07:15:00+05:30,19184.76,2022-07-03 07:40:00+05:30,19216.78,32.02000000000044,2
7407,2022-07-03 10:15:00+05:30,19133.04,2022-07-03 10:25:00+05:30,19263.59,130.54999999999927,2
7408,2022-07-03 13:40:00+05:30,19083.72,2022-07-03 15:20:00+05:30,19058.82,-24.900000000001455,1
7409,2022-07-03 18:10:00+05:30,19043.33,2022-07-03 19:50:00+05:30,19056.73,13.399999999997817,2
7410,2022-07-03 21:35:00+05:30,19029.82,2022-07-03 21:45:00+05:30,19081.74,51.92000000000189,2
7411,2022-07-04 02:50:00+05:30,19293.16,2022-07-04 04:25:00+05:30,19299.99,6.830000000001746,2
7412,2022-07-04 04:55:00+05:30,19251.87,2022-07-04 05:05:00+05:30,19317.08,65.21000000000276,2
7413,2022-07-04 06:00:00+05:30,19240.63,2022-07-04 07:25:00+05:30,19226.6,-14.030000000002474,1
7414,2022-07-04 08:10:00+05:30,19137.35,2022-07-04 09:45:00+05:30,19141.55,4.200000000000728,2
7415,2022-07-04 12:25:00+05:30,19101.42,2022-07-04 13:35:00+05:30,19130.41,28.9900000000016,2
7416,2022-07-04 19:00:00+05:30,19578.33,2022-07-04 20:25:00+05:30,19609.71,31.37999999999738,2
7417,2022-07-05 00:45:00+05:30,19776.02,2022-07-05 01:40:00+05:30,19856.63,80.61000000000058,2
7418,2022-07-05 12:50:00+05:30,20222.15,2022-07-05 15:00:00+05:30,19777.91,-444.2400000000016,0
7419,2022-07-05 15:15:00+05:30,19671.28,2022-07-05 16:00:00+05:30,19813.48,142.20000000000073,2
7420,2022-07-05 17:00:00+05:30,19714.12,2022-07-05 19:10:00+05:30,19448.24,-265.8799999999974,1
7421,2022-07-06 02:40:00+05:30,20281.08,2022-07-06 04:05:00+05:30,20338.42,57.33999999999651,2
7422,2022-07-06 04:55:00+05:30,20177.72,2022-07-06 06:05:00+05:30,20263.38,85.65999999999985,2
7423,2022-07-06 07:10:00+05:30,19957.37,2022-07-06 09:00:00+05:30,19895.56,-61.80999999999767,1
7424,2022-07-06 11:55:00+05:30,19909.69,2022-07-06 12:20:00+05:30,20021.14,111.45000000000073,2
7425,2022-07-06 15:45:00+05:30,20119.93,2022-07-06 17:05:00+05:30,20122.98,3.0499999999992724,2
7426,2022-07-06 17:30:00+05:30,19995.25,2022-07-06 17:50:00+05:30,20158.08,162.83000000000175,2
7427,2022-07-06 23:45:00+05:30,20193.74,2022-07-06 23:55:00+05:30,20342.11,148.36999999999898,2
7428,2022-07-07 06:35:00+05:30,20477.08,2022-07-07 07:15:00+05:30,20533.08,56.0,2
7429,2022-07-07 07:45:00+05:30,20452.45,2022-07-07 09:10:00+05:30,20464.11,11.659999999999854,2
7430,2022-07-07 10:00:00+05:30,20379.68,2022-07-07 10:35:00+05:30,20434.62,54.93999999999869,2
7431,2022-07-07 11:20:00+05:30,20287.0,2022-07-07 12:30:00+05:30,20344.65,57.650000000001455,2
7432,2022-07-07 17:50:00+05:30,20409.24,2022-07-07 19:00:00+05:30,20458.14,48.89999999999782,2
7433,2022-07-08 11:20:00+05:30,21793.82,2022-07-08 12:50:00+05:30,21824.0,30.18000000000029,2
7434,2022-07-08 14:05:00+05:30,21648.25,2022-07-08 15:25:00+05:30,21568.85,-79.40000000000146,1
7435,2022-07-08 18:00:00+05:30,21451.38,2022-07-08 19:45:00+05:30,21358.73,-92.65000000000146,1
7436,2022-07-09 03:25:00+05:30,21700.37,2022-07-09 04:35:00+05:30,21836.54,136.1700000000019,2
7437,2022-07-09 05:25:00+05:30,21594.75,2022-07-09 07:30:00+05:30,21561.22,-33.529999999998836,1
7438,2022-07-09 17:20:00+05:30,21607.76,2022-07-09 18:35:00+05:30,21558.27,-49.48999999999796,1
7439,2022-07-09 21:20:00+05:30,21574.65,2022-07-09 22:00:00+05:30,21599.22,24.56999999999971,2
7440,2022-07-10 00:40:00+05:30,21543.82,2022-07-10 02:00:00+05:30,21652.27,108.45000000000073,2
7441,2022-07-10 04:20:00+05:30,21600.55,2022-07-10 07:35:00+05:30,21471.65,-128.89999999999782,1
7442,2022-07-10 07:55:00+05:30,21214.2,2022-07-10 09:15:00+05:30,21314.15,99.95000000000073,2
7443,2022-07-10 09:35:00+05:30,21231.27,2022-07-10 10:20:00+05:30,21283.51,52.23999999999796,2
7444,2022-07-10 16:10:00+05:30,21291.6,2022-07-10 17:15:00+05:30,21294.94,3.3400000000001455,2
7445,2022-07-10 18:45:00+05:30,21214.76,2022-07-10 21:40:00+05:30,20717.86,-496.8999999999978,0
7446,2022-07-10 21:45:00+05:30,20770.32,2022-07-10 22:10:00+05:30,20931.89,161.5699999999997,2
7447,2022-07-10 23:45:00+05:30,20838.96,2022-07-11 01:05:00+05:30,20819.0,-19.959999999999127,1
7448,2022-07-11 03:30:00+05:30,20867.6,2022-07-11 04:55:00+05:30,20871.65,4.05000000000291,2
7449,2022-07-11 05:45:00+05:30,20681.46,2022-07-11 06:15:00+05:30,20800.57,119.11000000000058,2
7450,2022-07-11 06:50:00+05:30,20560.41,2022-07-11 08:35:00+05:30,20583.54,23.13000000000102,2
7451,2022-07-11 11:35:00+05:30,20466.19,2022-07-11 12:45:00+05:30,20462.86,-3.3299999999981083,1
7452,2022-07-11 17:05:00+05:30,20472.03,2022-07-11 17:50:00+05:30,20520.67,48.63999999999942,2
7453,2022-07-11 19:15:00+05:30,20366.66,2022-07-11 20:15:00+05:30,20472.04,105.38000000000102,2
7454,2022-07-12 00:30:00+05:30,20533.65,2022-07-12 01:40:00+05:30,20548.34,14.68999999999869,2
7455,2022-07-12 02:30:00+05:30,20384.48,2022-07-12 04:30:00+05:30,19880.12,-504.3600000000006,0
7456,2022-07-12 05:55:00+05:30,19879.08,2022-07-12 07:00:00+05:30,19910.32,31.239999999997963,2
7457,2022-07-12 11:25:00+05:30,19956.82,2022-07-12 13:35:00+05:30,19801.42,-155.40000000000146,1
7458,2022-07-12 15:00:00+05:30,19655.62,2022-07-12 16:15:00+05:30,19704.94,49.31999999999971,2
7459,2022-07-12 19:25:00+05:30,19784.54,2022-07-12 20:00:00+05:30,19865.16,80.61999999999898,2
7460,2022-07-12 23:30:00+05:30,19790.94,2022-07-13 00:50:00+05:30,19388.67,-402.27000000000044,0
7461,2022-07-13 00:55:00+05:30,19389.09,2022-07-13 01:55:00+05:30,19500.84,111.75,2
7462,2022-07-13 03:25:00+05:30,19349.5,2022-07-13 03:55:00+05:30,19456.84,107.34000000000015,2
7463,2022-07-13 05:20:00+05:30,19326.27,2022-07-13 06:00:00+05:30,19379.13,52.86000000000058,2
7464,2022-07-13 10:10:00+05:30,19442.79,2022-07-13 10:50:00+05:30,19519.05,76.2599999999984,2
7465,2022-07-13 15:30:00+05:30,19765.06,2022-07-13 16:35:00+05:30,19807.6,42.539999999997235,2
7466,2022-07-13 18:00:00+05:30,19410.17,2022-07-13 19:20:00+05:30,19291.62,-118.54999999999927,1
7467,2022-07-13 21:45:00+05:30,19252.9,2022-07-13 22:10:00+05:30,19475.54,222.63999999999942,2
7468,2022-07-14 01:00:00+05:30,19673.95,2022-07-14 02:30:00+05:30,19672.08,-1.8699999999989814,1
7469,2022-07-14 09:45:00+05:30,20153.32,2022-07-14 10:55:00+05:30,20169.81,16.4900000000016,2
7470,2022-07-14 11:55:00+05:30,20005.0,2022-07-14 13:30:00+05:30,20033.12,28.11999999999898,2
7471,2022-07-14 14:05:00+05:30,19888.35,2022-07-14 15:25:00+05:30,19823.11,-65.23999999999796,1
7472,2022-07-14 16:40:00+05:30,19733.23,2022-07-14 17:35:00+05:30,19757.31,24.080000000001746,2
7473,2022-07-14 19:00:00+05:30,19677.99,2022-07-14 19:20:00+05:30,19793.86,115.86999999999898,2
7474,2022-07-15 01:25:00+05:30,20605.75,2022-07-15 02:10:00+05:30,20667.66,61.909999999999854,2
7475,2022-07-15 03:20:00+05:30,20464.22,2022-07-15 04:40:00+05:30,20505.53,41.30999999999767,2
7476,2022-07-15 17:10:00+05:30,20780.14,2022-07-15 17:50:00+05:30,20876.4,96.26000000000204,2
7477,2022-07-15 21:00:00+05:30,20838.29,2022-07-15 22:30:00+05:30,20778.69,-59.60000000000218,1
7478,2022-07-16 03:45:00+05:30,20875.84,2022-07-16 04:40:00+05:30,20943.41,67.56999999999971,2
7479,2022-07-16 04:50:00+05:30,20804.85,2022-07-16 07:30:00+05:30,20721.55,-83.29999999999927,1
7480,2022-07-16 07:45:00+05:30,20630.3,2022-07-16 08:15:00+05:30,20700.39,70.09000000000015,2
7481,2022-07-16 11:10:00+05:30,20659.6,2022-07-16 12:40:00+05:30,20584.97,-74.62999999999738,1
7482,2022-07-16 17:35:00+05:30,20600.66,2022-07-16 18:20:00+05:30,20708.62,107.95999999999913,2
7483,2022-07-17 01:15:00+05:30,21195.2,2022-07-17 02:25:00+05:30,21211.36,16.159999999999854,2
7484,2022-07-17 06:45:00+05:30,21120.41,2022-07-17 07:55:00+05:30,21200.81,80.40000000000146,2
7485,2022-07-17 13:50:00+05:30,21397.28,2022-07-17 14:30:00+05:30,21471.01,73.72999999999956,2
7486,2022-07-17 14:50:00+05:30,21314.07,2022-07-17 16:15:00+05:30,21349.6,35.529999999998836,2
7487,2022-07-17 18:30:00+05:30,21234.98,2022-07-17 20:00:00+05:30,21218.02,-16.959999999999127,1
7488,2022-07-17 21:15:00+05:30,21146.03,2022-07-17 22:30:00+05:30,21185.99,39.960000000002765,2
7489,2022-07-17 23:25:00+05:30,20921.42,2022-07-18 00:50:00+05:30,20993.46,72.04000000000087,2
7490,2022-07-18 04:40:00+05:30,20949.54,2022-07-18 05:50:00+05:30,20898.59,-50.95000000000073,1
7491,2022-07-18 09:50:00+05:30,21179.01,2022-07-18 09:55:00+05:30,21307.3,128.29000000000087,2
7492,2022-07-18 15:30:00+05:30,22169.44,2022-07-18 15:50:00+05:30,22286.55,117.11000000000058,2
7493,2022-07-18 17:15:00+05:30,21993.86,2022-07-18 18:20:00+05:30,22111.44,117.57999999999811,2
7494,2022-07-18 19:40:00+05:30,22037.01,2022-07-18 20:20:00+05:30,22132.53,95.52000000000044,2
7495,2022-07-18 23:25:00+05:30,21878.06,2022-07-19 02:00:00+05:30,21665.56,-212.5,1
7496,2022-07-19 09:15:00+05:30,21853.71,2022-07-19 10:40:00+05:30,21980.44,126.72999999999956,2
7497,2022-07-19 12:10:00+05:30,21794.14,2022-07-19 13:40:00+05:30,21840.02,45.88000000000102,2
7498,2022-07-20 01:35:00+05:30,23192.35,2022-07-20 02:45:00+05:30,23417.48,225.13000000000102,2
7499,2022-07-20 05:05:00+05:30,23277.3,2022-07-20 07:00:00+05:30,23200.27,-77.02999999999884,1
7500,2022-07-20 13:10:00+05:30,23483.27,2022-07-20 14:35:00+05:30,23457.53,-25.7400000000016,1
7501,2022-07-20 21:50:00+05:30,24013.99,2022-07-20 22:40:00+05:30,23506.62,-507.3700000000026,0
7502,2022-07-21 01:35:00+05:30,23241.12,2022-07-21 02:35:00+05:30,23354.37,113.25,2
7503,2022-07-21 06:00:00+05:30,23137.21,2022-07-21 06:30:00+05:30,23296.2,158.9900000000016,2
7504,2022-07-21 07:50:00+05:30,23142.73,2022-07-21 10:00:00+05:30,22827.56,-315.16999999999825,1
7505,2022-07-21 12:00:00+05:30,22850.34,2022-07-21 12:40:00+05:30,22912.64,62.29999999999927,2
7506,2022-07-21 16:25:00+05:30,22869.55,2022-07-21 17:50:00+05:30,22736.93,-132.61999999999898,1
7507,2022-07-21 19:40:00+05:30,22520.25,2022-07-21 20:30:00+05:30,22610.47,90.22000000000116,2
7508,2022-07-21 23:15:00+05:30,22821.6,2022-07-22 00:15:00+05:30,22918.4,96.80000000000291,2
7509,2022-07-22 03:55:00+05:30,23008.71,2022-07-22 04:40:00+05:30,23089.79,81.08000000000175,2
7510,2022-07-22 07:20:00+05:30,23079.2,2022-07-22 10:15:00+05:30,22940.86,-138.34000000000015,1
7511,2022-07-22 19:00:00+05:30,23447.1,2022-07-22 19:15:00+05:30,23627.08,179.9800000000032,2
7512,2022-07-22 19:25:00+05:30,23456.28,2022-07-22 20:15:00+05:30,23606.86,150.58000000000175,2
7513,2022-07-22 21:00:00+05:30,23308.56,2022-07-23 00:00:00+05:30,23038.43,-270.130000000001,1
7514,2022-07-23 01:00:00+05:30,22715.92,2022-07-23 02:35:00+05:30,22672.97,-42.94999999999709,1
7515,2022-07-23 05:35:00+05:30,22623.33,2022-07-23 05:40:00+05:30,22714.03,90.69999999999709,2
7516,2022-07-23 09:25:00+05:30,22808.55,2022-07-23 10:05:00+05:30,22864.54,55.9900000000016,2
7517,2022-07-23 12:25:00+05:30,22827.46,2022-07-23 13:30:00+05:30,22827.59,0.13000000000101863,2
7518,2022-07-23 14:20:00+05:30,22654.62,2022-07-23 15:35:00+05:30,22687.72,33.10000000000218,2
7519,2022-07-23 16:05:00+05:30,22468.33,2022-07-23 18:30:00+05:30,22293.69,-174.64000000000306,1
7520,2022-07-23 19:55:00+05:30,22240.87,2022-07-23 20:35:00+05:30,22288.22,47.35000000000218,2
7521,2022-07-23 22:40:00+05:30,22106.33,2022-07-23 23:40:00+05:30,22156.96,50.62999999999738,2
7522,2022-07-24 03:05:00+05:30,22256.23,2022-07-24 03:35:00+05:30,22294.08,37.85000000000218,2
7523,2022-07-24 07:10:00+05:30,22426.5,2022-07-24 08:25:00+05:30,22469.09,42.590000000000146,2
7524,2022-07-24 08:45:00+05:30,22352.4,2022-07-24 10:00:00+05:30,22386.34,33.93999999999869,2
7525,2022-07-24 16:05:00+05:30,22528.03,2022-07-24 16:40:00+05:30,22781.96,253.9300000000003,2
7526,2022-07-24 18:20:00+05:30,22516.73,2022-07-24 19:35:00+05:30,22578.97,62.2400000000016,2
7527,2022-07-24 21:35:00+05:30,22695.69,2022-07-24 22:40:00+05:30,22784.71,89.02000000000044,2
7528,2022-07-25 04:20:00+05:30,22673.76,2022-07-25 07:10:00+05:30,22202.67,-471.09000000000015,0
7529,2022-07-25 07:50:00+05:30,22049.19,2022-07-25 10:20:00+05:30,21864.46,-184.72999999999956,1
7530,2022-07-25 16:45:00+05:30,21964.61,2022-07-25 18:25:00+05:30,21976.18,11.569999999999709,2
7531,2022-07-25 19:40:00+05:30,21806.35,2022-07-25 20:25:00+05:30,21886.42,80.06999999999971,2
7532,2022-07-25 23:30:00+05:30,21799.37,2022-07-26 01:20:00+05:30,21843.52,44.150000000001455,2
7533,2022-07-26 03:40:00+05:30,21867.97,2022-07-26 05:15:00+05:30,21318.29,-549.6800000000003,0
7534,2022-07-26 05:20:00+05:30,21344.2,2022-07-26 07:10:00+05:30,21090.41,-253.79000000000087,1
7535,2022-07-26 10:45:00+05:30,21069.02,2022-07-26 11:05:00+05:30,21146.0,76.97999999999956,2
7536,2022-07-26 13:10:00+05:30,21058.76,2022-07-26 14:05:00+05:30,21080.3,21.540000000000873,2
7537,2022-07-26 18:15:00+05:30,20975.37,2022-07-26 19:30:00+05:30,20996.45,21.080000000001746,2
7538,2022-07-26 20:35:00+05:30,20846.29,2022-07-26 21:55:00+05:30,20830.57,-15.720000000001164,1
7539,2022-07-27 00:00:00+05:30,20855.81,2022-07-27 00:30:00+05:30,20924.0,68.18999999999869,2
7540,2022-07-27 07:30:00+05:30,21128.36,2022-07-27 08:15:00+05:30,21183.06,54.70000000000073,2
7541,2022-07-27 09:05:00+05:30,21065.86,2022-07-27 09:55:00+05:30,21114.16,48.29999999999927,2
7542,2022-07-27 14:35:00+05:30,21325.0,2022-07-27 15:55:00+05:30,21320.33,-4.669999999998254,1
7543,2022-07-27 16:15:00+05:30,21264.21,2022-07-27 16:55:00+05:30,21307.05,42.840000000000146,2
7544,2022-07-27 17:25:00+05:30,21200.23,2022-07-27 18:00:00+05:30,21296.89,96.65999999999985,2
7545,2022-07-28 03:00:00+05:30,22589.32,2022-07-28 03:35:00+05:30,22743.84,154.52000000000044,2
7546,2022-07-28 06:10:00+05:30,22759.35,2022-07-28 08:00:00+05:30,22776.57,17.220000000001164,2
7547,2022-07-28 10:40:00+05:30,23039.52,2022-07-28 11:00:00+05:30,23186.73,147.20999999999913,2
7548,2022-07-28 12:30:00+05:30,23016.79,2022-07-28 14:05:00+05:30,22968.74,-48.04999999999927,1
7549,2022-07-28 17:50:00+05:30,22955.71,2022-07-28 18:15:00+05:30,23115.31,159.60000000000218,2
7550,2022-07-29 01:20:00+05:30,23727.24,2022-07-29 01:30:00+05:30,23847.29,120.04999999999927,2
7551,2022-07-29 04:45:00+05:30,23843.73,2022-07-29 06:05:00+05:30,23863.04,19.31000000000131,2
7552,2022-07-29 16:35:00+05:30,23942.46,2022-07-29 18:15:00+05:30,23462.76,-479.7000000000007,0
7553,2022-07-29 21:30:00+05:30,23835.01,2022-07-29 22:20:00+05:30,23862.06,27.05000000000291,2
7554,2022-07-30 01:30:00+05:30,23816.7,2022-07-30 01:35:00+05:30,23961.93,145.22999999999956,2
7555,2022-07-30 01:40:00+05:30,23809.34,2022-07-30 02:00:00+05:30,23903.33,93.9900000000016,2
7556,2022-07-30 03:05:00+05:30,23746.58,2022-07-30 03:55:00+05:30,23879.08,132.5,2
7557,2022-07-30 05:20:00+05:30,23707.46,2022-07-30 06:20:00+05:30,23913.9,206.44000000000233,2
7558,2022-07-30 07:15:00+05:30,23727.5,2022-07-30 07:25:00+05:30,23917.35,189.84999999999854,2
7559,2022-07-30 09:50:00+05:30,23736.2,2022-07-30 10:45:00+05:30,23778.99,42.79000000000087,2
7560,2022-07-30 15:15:00+05:30,23842.21,2022-07-30 15:25:00+05:30,23916.88,74.67000000000189,2
7561,2022-07-30 15:30:00+05:30,23794.81,2022-07-30 16:40:00+05:30,23834.83,40.02000000000044,2
7562,2022-07-30 20:20:00+05:30,24382.33,2022-07-30 20:45:00+05:30,24476.67,94.33999999999651,2
7563,2022-07-31 00:35:00+05:30,24425.96,2022-07-31 01:25:00+05:30,23920.65,-505.3099999999977,0
7564,2022-07-31 03:30:00+05:30,23590.41,2022-07-31 05:20:00+05:30,23654.29,63.88000000000102,2
7565,2022-07-31 05:30:00+05:30,23534.65,2022-07-31 05:35:00+05:30,23670.78,136.12999999999738,2
7566,2022-07-31 11:25:00+05:30,23710.66,2022-07-31 12:00:00+05:30,23760.84,50.18000000000029,2
7567,2022-07-31 13:40:00+05:30,23653.37,2022-07-31 14:45:00+05:30,23698.13,44.76000000000204,2
7568,2022-07-31 18:50:00+05:30,23701.73,2022-07-31 19:55:00+05:30,23786.08,84.35000000000218,2
7569,2022-07-31 20:10:00+05:30,23644.88,2022-07-31 20:25:00+05:30,23720.86,75.97999999999956,2
7570,2022-07-31 23:05:00+05:30,23716.39,2022-07-31 23:30:00+05:30,23774.85,58.45999999999913,2
7571,2022-08-01 00:00:00+05:30,23492.57,2022-08-01 00:30:00+05:30,23901.76,409.1899999999987,2
7572,2022-08-01 03:00:00+05:30,23723.99,2022-08-01 04:05:00+05:30,23237.48,-486.51000000000204,0
7573,2022-08-01 08:15:00+05:30,23373.22,2022-08-01 08:25:00+05:30,23420.08,46.86000000000058,2
7574,2022-08-01 08:45:00+05:30,23339.11,2022-08-01 09:40:00+05:30,23372.62,33.5099999999984,2
7575,2022-08-01 11:10:00+05:30,23302.79,2022-08-01 13:10:00+05:30,23268.0,-34.79000000000087,1
7576,2022-08-01 16:00:00+05:30,23229.89,2022-08-01 17:10:00+05:30,23202.55,-27.340000000000146,1
7577,2022-08-01 18:30:00+05:30,23076.39,2022-08-01 19:10:00+05:30,23166.33,89.94000000000233,2
7578,2022-08-01 21:40:00+05:30,23211.08,2022-08-02 00:25:00+05:30,22953.36,-257.72000000000116,1
7579,2022-08-02 06:10:00+05:30,23213.75,2022-08-02 09:15:00+05:30,22909.62,-304.130000000001,1
7580,2022-08-02 10:10:00+05:30,22758.88,2022-08-02 10:25:00+05:30,22862.28,103.39999999999782,2
7581,2022-08-02 12:30:00+05:30,22820.0,2022-08-02 13:15:00+05:30,22892.09,72.09000000000015,2
7582,2022-08-02 14:50:00+05:30,22689.52,2022-08-02 15:40:00+05:30,22811.27,121.75,2
7583,2022-08-02 18:00:00+05:30,22780.13,2022-08-02 19:00:00+05:30,22837.55,57.419999999998254,2
7584,2022-08-03 00:20:00+05:30,23013.08,2022-08-03 01:50:00+05:30,23022.66,9.579999999998108,2
7585,2022-08-03 04:45:00+05:30,23019.28,2022-08-03 07:15:00+05:30,22812.02,-207.2599999999984,1
7586,2022-08-03 13:15:00+05:30,22989.87,2022-08-03 13:30:00+05:30,23117.54,127.67000000000189,2
7587,2022-08-03 16:45:00+05:30,23335.09,2022-08-03 16:55:00+05:30,23409.33,74.2400000000016,2
7588,2022-08-04 01:30:00+05:30,23416.68,2022-08-04 04:20:00+05:30,22940.4,-476.27999999999884,0
7589,2022-08-04 04:30:00+05:30,22810.74,2022-08-04 05:45:00+05:30,22882.08,71.34000000000015,2
7590,2022-08-04 08:55:00+05:30,23033.69,2022-08-04 09:35:00+05:30,23127.56,93.87000000000262,2
7591,2022-08-04 11:45:00+05:30,22923.5,2022-08-04 12:50:00+05:30,23018.56,95.06000000000131,2
7592,2022-08-04 13:35:00+05:30,22859.72,2022-08-04 14:55:00+05:30,22888.19,28.469999999997526,2
7593,2022-08-04 22:15:00+05:30,22597.13,2022-08-04 23:55:00+05:30,22591.99,-5.139999999999418,1
7594,2022-08-05 01:15:00+05:30,22429.0,2022-08-05 02:00:00+05:30,22534.91,105.90999999999985,2
7595,2022-08-05 10:35:00+05:30,23100.7,2022-08-05 11:15:00+05:30,23156.21,55.5099999999984,2
7596,2022-08-05 13:45:00+05:30,23142.96,2022-08-05 15:00:00+05:30,23170.44,27.479999999999563,2
7597,2022-08-05 18:05:00+05:30,23105.64,2022-08-05 19:30:00+05:30,23144.39,38.75,2
7598,2022-08-05 20:55:00+05:30,22973.23,2022-08-05 22:20:00+05:30,23032.81,59.580000000001746,2
7599,2022-08-05 23:15:00+05:30,22914.5,2022-08-06 00:40:00+05:30,22881.98,-32.52000000000044,1
7600,2022-08-06 08:50:00+05:30,23168.29,2022-08-06 09:50:00+05:30,23223.69,55.39999999999782,2
7601,2022-08-06 10:45:00+05:30,23154.66,2022-08-06 11:20:00+05:30,23196.44,41.779999999998836,2
7602,2022-08-06 14:00:00+05:30,23154.06,2022-08-06 15:10:00+05:30,23187.33,33.27000000000044,2
7603,2022-08-06 17:00:00+05:30,23156.89,2022-08-06 17:40:00+05:30,23179.25,22.360000000000582,2
7604,2022-08-06 22:25:00+05:30,23156.72,2022-08-06 22:45:00+05:30,23218.41,61.68999999999869,2
7605,2022-08-07 01:45:00+05:30,23121.91,2022-08-07 02:25:00+05:30,23172.41,50.5,2
7606,2022-08-07 04:45:00+05:30,23077.28,2022-08-07 06:00:00+05:30,23023.11,-54.169999999998254,1
7607,2022-08-07 06:20:00+05:30,22895.59,2022-08-07 07:30:00+05:30,22941.06,45.470000000001164,2
7608,2022-08-07 10:10:00+05:30,22972.83,2022-08-07 10:50:00+05:30,22987.27,14.43999999999869,2
7609,2022-08-07 13:35:00+05:30,22978.68,2022-08-07 15:00:00+05:30,22976.97,-1.7099999999991269,1
7610,2022-08-07 19:55:00+05:30,23101.31,2022-08-07 21:40:00+05:30,23086.3,-15.010000000002037,1
7611,2022-08-08 00:30:00+05:30,23193.12,2022-08-08 01:35:00+05:30,23201.43,8.31000000000131,2
7612,2022-08-08 04:30:00+05:30,23190.45,2022-08-08 05:30:00+05:30,23189.46,-0.9900000000016007,1
7613,2022-08-08 15:50:00+05:30,24021.05,2022-08-08 16:50:00+05:30,24072.97,51.92000000000189,2
7614,2022-08-08 20:45:00+05:30,24086.75,2022-08-08 22:20:00+05:30,23957.27,-129.47999999999956,1
7615,2022-08-09 00:45:00+05:30,23813.04,2022-08-09 00:55:00+05:30,23932.46,119.41999999999825,2
7616,2022-08-09 02:40:00+05:30,23854.82,2022-08-09 04:25:00+05:30,23813.39,-41.43000000000029,1
7617,2022-08-09 07:15:00+05:30,23736.01,2022-08-09 07:55:00+05:30,23770.7,34.69000000000233,2
7618,2022-08-09 11:30:00+05:30,23788.27,2022-08-09 12:25:00+05:30,23849.8,61.529999999998836,2
7619,2022-08-09 14:15:00+05:30,23800.54,2022-08-09 17:10:00+05:30,23276.02,-524.5200000000004,0
7620,2022-08-09 17:15:00+05:30,23204.19,2022-08-09 18:50:00+05:30,23279.93,75.7400000000016,2
7621,2022-08-09 19:25:00+05:30,23068.42,2022-08-09 20:40:00+05:30,23122.89,54.470000000001164,2
7622,2022-08-09 21:50:00+05:30,23015.17,2022-08-09 22:05:00+05:30,23107.62,92.45000000000073,2
7623,2022-08-10 05:30:00+05:30,23089.96,2022-08-10 07:25:00+05:30,22886.25,-203.70999999999913,1
7624,2022-08-10 11:30:00+05:30,22876.55,2022-08-10 12:05:00+05:30,22906.12,29.56999999999971,2
7625,2022-08-10 22:30:00+05:30,23898.76,2022-08-11 01:25:00+05:30,23638.95,-259.8099999999977,1
7626,2022-08-11 13:10:00+05:30,24471.26,2022-08-11 14:10:00+05:30,24498.58,27.320000000003347,2
7627,2022-08-11 15:35:00+05:30,24425.76,2022-08-11 16:00:00+05:30,24494.92,69.15999999999985,2
7628,2022-08-11 20:10:00+05:30,24477.79,2022-08-11 22:40:00+05:30,24358.78,-119.01000000000204,1
7629,2022-08-11 23:40:00+05:30,24197.21,2022-08-12 01:10:00+05:30,24190.8,-6.4099999999998545,1
7630,2022-08-12 01:45:00+05:30,24046.43,2022-08-12 01:55:00+05:30,24161.19,114.7599999999984,2
7631,2022-08-12 04:20:00+05:30,23978.98,2022-08-12 06:00:00+05:30,23936.89,-42.090000000000146,1
7632,2022-08-12 07:40:00+05:30,23806.06,2022-08-12 07:55:00+05:30,23925.99,119.93000000000029,2
7633,2022-08-12 10:15:00+05:30,23935.74,2022-08-12 10:40:00+05:30,23984.2,48.45999999999913,2
7634,2022-08-12 11:35:00+05:30,23901.16,2022-08-12 11:55:00+05:30,23958.75,57.590000000000146,2
7635,2022-08-12 17:00:00+05:30,23639.53,2022-08-12 17:45:00+05:30,23754.5,114.97000000000116,2
7636,2022-08-13 01:50:00+05:30,24093.88,2022-08-13 02:20:00+05:30,24173.51,79.62999999999738,2
7637,2022-08-13 11:05:00+05:30,24662.2,2022-08-13 11:30:00+05:30,24791.64,129.4399999999987,2
7638,2022-08-13 14:05:00+05:30,24484.74,2022-08-13 15:10:00+05:30,24502.71,17.969999999997526,2
7639,2022-08-13 17:05:00+05:30,24346.81,2022-08-13 17:35:00+05:30,24450.79,103.97999999999956,2
7640,2022-08-14 00:00:00+05:30,24443.13,2022-08-14 01:05:00+05:30,24476.81,33.68000000000029,2
7641,2022-08-14 04:00:00+05:30,24453.37,2022-08-14 04:40:00+05:30,24471.98,18.610000000000582,2
7642,2022-08-14 09:55:00+05:30,24527.77,2022-08-14 11:10:00+05:30,24595.91,68.13999999999942,2
7643,2022-08-14 14:20:00+05:30,24655.17,2022-08-14 15:15:00+05:30,24766.59,111.42000000000189,2
7644,2022-08-14 16:10:00+05:30,24648.06,2022-08-14 19:15:00+05:30,24519.39,-128.6700000000019,1
7645,2022-08-14 22:05:00+05:30,24434.65,2022-08-14 23:55:00+05:30,24283.0,-151.65000000000146,1
7646,2022-08-15 01:35:00+05:30,24258.0,2022-08-15 01:40:00+05:30,24301.86,43.86000000000058,2
7647,2022-08-15 03:40:00+05:30,24213.18,2022-08-15 04:00:00+05:30,24325.11,111.93000000000029,2
7648,2022-08-15 05:35:00+05:30,24213.99,2022-08-15 06:00:00+05:30,24353.99,140.0,2
7649,2022-08-15 11:35:00+05:30,24626.47,2022-08-15 12:35:00+05:30,24092.02,-534.4500000000007,0
7650,2022-08-15 17:15:00+05:30,24064.33,2022-08-15 17:55:00+05:30,24148.29,83.95999999999913,2
7651,2022-08-15 18:20:00+05:30,23952.35,2022-08-15 18:35:00+05:30,24066.97,114.62000000000262,2
7652,2022-08-15 23:00:00+05:30,24123.25,2022-08-16 00:45:00+05:30,24113.36,-9.889999999999418,1
7653,2022-08-16 01:00:00+05:30,23995.78,2022-08-16 01:45:00+05:30,24086.71,90.93000000000029,2
7654,2022-08-16 04:30:00+05:30,23884.98,2022-08-16 04:55:00+05:30,24055.0,170.02000000000044,2
7655,2022-08-16 08:10:00+05:30,24060.24,2022-08-16 08:55:00+05:30,24137.54,77.29999999999927,2
7656,2022-08-16 10:30:00+05:30,23938.82,2022-08-16 11:20:00+05:30,23986.73,47.909999999999854,2
7657,2022-08-16 16:15:00+05:30,24007.02,2022-08-16 16:40:00+05:30,24075.68,68.65999999999985,2
7658,2022-08-16 18:10:00+05:30,23974.85,2022-08-16 20:45:00+05:30,23825.97,-148.87999999999738,1
7659,2022-08-16 22:10:00+05:30,23727.24,2022-08-16 22:35:00+05:30,23878.22,150.97999999999956,2
7660,2022-08-17 04:00:00+05:30,23823.04,2022-08-17 05:05:00+05:30,23878.92,55.87999999999738,2
7661,2022-08-17 12:55:00+05:30,24056.12,2022-08-17 14:35:00+05:30,23848.41,-207.70999999999913,1
7662,2022-08-17 15:40:00+05:30,23716.03,2022-08-17 16:30:00+05:30,23802.32,86.29000000000087,2
7663,2022-08-17 17:40:00+05:30,23714.83,2022-08-17 20:40:00+05:30,23416.21,-298.6200000000026,1
7664,2022-08-18 00:40:00+05:30,23269.65,2022-08-18 01:50:00+05:30,23364.93,95.27999999999884,2
7665,2022-08-18 09:40:00+05:30,23421.01,2022-08-18 10:35:00+05:30,23442.63,21.62000000000262,2
7666,2022-08-18 12:00:00+05:30,23367.43,2022-08-18 12:55:00+05:30,23428.78,61.349999999998545,2
7667,2022-08-18 19:00:00+05:30,23471.4,2022-08-18 20:50:00+05:30,23438.32,-33.080000000001746,1
7668,2022-08-18 21:55:00+05:30,23336.29,2022-08-18 22:35:00+05:30,23390.18,53.88999999999942,2
7669,2022-08-19 04:40:00+05:30,23285.19,2022-08-19 06:55:00+05:30,22764.51,-520.6800000000003,0
7670,2022-08-19 11:45:00+05:30,22755.55,2022-08-19 12:05:00+05:30,21872.8,-882.75,0
7671,2022-08-19 12:10:00+05:30,22040.05,2022-08-19 15:05:00+05:30,21776.17,-263.880000000001,1
7672,2022-08-19 16:10:00+05:30,21660.99,2022-08-19 18:05:00+05:30,21443.91,-217.08000000000175,1
7673,2022-08-19 20:25:00+05:30,21332.45,2022-08-19 21:10:00+05:30,21404.11,71.65999999999985,2
7674,2022-08-19 23:35:00+05:30,21372.04,2022-08-20 00:50:00+05:30,21442.76,70.71999999999753,2
7675,2022-08-20 02:00:00+05:30,21218.92,2022-08-20 03:40:00+05:30,21283.63,64.71000000000276,2
7676,2022-08-20 04:05:00+05:30,20999.71,2022-08-20 05:45:00+05:30,20969.22,-30.489999999997963,1
7677,2022-08-20 09:50:00+05:30,21086.43,2022-08-20 10:15:00+05:30,21128.39,41.95999999999913,2
7678,2022-08-20 14:00:00+05:30,21226.37,2022-08-20 15:10:00+05:30,21220.84,-5.529999999998836,1
7679,2022-08-20 15:35:00+05:30,21139.66,2022-08-20 16:15:00+05:30,21213.52,73.86000000000058,2
7680,2022-08-20 22:35:00+05:30,21188.09,2022-08-20 22:55:00+05:30,21281.4,93.31000000000131,2
7681,2022-08-21 00:15:00+05:30,21183.45,2022-08-21 01:40:00+05:30,21076.02,-107.43000000000029,1
7682,2022-08-21 02:20:00+05:30,20824.75,2022-08-21 03:05:00+05:30,20996.2,171.45000000000073,2
7683,2022-08-21 12:10:00+05:30,21126.96,2022-08-21 13:00:00+05:30,21173.11,46.150000000001455,2
7684,2022-08-21 18:55:00+05:30,21412.86,2022-08-21 20:05:00+05:30,21419.77,6.9099999999998545,2
7685,2022-08-21 21:40:00+05:30,21350.23,2022-08-21 22:10:00+05:30,21477.96,127.72999999999956,2
7686,2022-08-22 03:30:00+05:30,21400.69,2022-08-22 04:00:00+05:30,21563.51,162.8199999999997,2
7687,2022-08-22 05:35:00+05:30,21454.97,2022-08-22 07:15:00+05:30,21446.96,-8.010000000002037,1
7688,2022-08-22 09:40:00+05:30,21369.27,2022-08-22 10:05:00+05:30,21442.17,72.89999999999782,2
7689,2022-08-22 11:35:00+05:30,21377.39,2022-08-22 11:50:00+05:30,21439.45,62.06000000000131,2
7690,2022-08-22 12:05:00+05:30,21329.7,2022-08-22 14:20:00+05:30,21103.93,-225.77000000000044,1
7691,2022-08-22 18:20:00+05:30,21172.9,2022-08-22 19:10:00+05:30,21295.18,122.27999999999884,2
7692,2022-08-22 23:00:00+05:30,21231.21,2022-08-23 01:25:00+05:30,21057.25,-173.95999999999913,1
7693,2022-08-23 09:25:00+05:30,21239.18,2022-08-23 10:05:00+05:30,21304.63,65.45000000000073,2
7694,2022-08-23 10:45:00+05:30,21200.27,2022-08-23 12:15:00+05:30,21057.04,-143.22999999999956,1
7695,2022-08-23 21:50:00+05:30,21375.6,2022-08-23 22:25:00+05:30,21462.75,87.15000000000146,2
7696,2022-08-24 05:55:00+05:30,21456.47,2022-08-24 07:35:00+05:30,21354.06,-102.40999999999985,1
7697,2022-08-24 08:10:00+05:30,21181.69,2022-08-24 09:00:00+05:30,21265.32,83.63000000000102,2
7698,2022-08-24 13:00:00+05:30,21267.17,2022-08-24 13:40:00+05:30,21355.13,87.96000000000276,2
7699,2022-08-24 16:15:00+05:30,21304.81,2022-08-24 16:35:00+05:30,21340.8,35.98999999999796,2
7700,2022-08-24 19:00:00+05:30,21380.11,2022-08-24 19:05:00+05:30,21473.3,93.18999999999869,2
7701,2022-08-25 03:25:00+05:30,21592.07,2022-08-25 06:00:00+05:30,21428.96,-163.11000000000058,1
7702,2022-08-25 09:00:00+05:30,21450.64,2022-08-25 09:40:00+05:30,21528.51,77.86999999999898,2
7703,2022-08-25 14:20:00+05:30,21685.52,2022-08-25 15:20:00+05:30,21702.77,17.25,2
7704,2022-08-25 16:20:00+05:30,21629.05,2022-08-25 16:40:00+05:30,21699.17,70.11999999999898,2
7705,2022-08-25 18:35:00+05:30,21611.48,2022-08-25 19:20:00+05:30,21667.27,55.79000000000087,2
7706,2022-08-25 20:45:00+05:30,21596.22,2022-08-25 22:45:00+05:30,21521.52,-74.70000000000073,1
7707,2022-08-26 04:30:00+05:30,21544.24,2022-08-26 04:50:00+05:30,21588.83,44.590000000000146,2
7708,2022-08-26 05:30:00+05:30,21515.66,2022-08-26 06:00:00+05:30,21561.15,45.4900000000016,2
7709,2022-08-26 09:30:00+05:30,21542.62,2022-08-26 12:00:00+05:30,21454.34,-88.27999999999884,1
7710,2022-08-26 12:35:00+05:30,21354.55,2022-08-26 13:00:00+05:30,21426.98,72.43000000000029,2
7711,2022-08-26 16:05:00+05:30,21382.34,2022-08-26 17:50:00+05:30,21233.07,-149.27000000000044,1
7712,2022-08-26 19:50:00+05:30,21496.95,2022-08-26 20:30:00+05:30,20822.85,-674.1000000000022,0
7713,2022-08-26 20:35:00+05:30,20920.01,2022-08-26 22:35:00+05:30,20765.9,-154.10999999999694,1
7714,2022-08-27 02:50:00+05:30,20603.85,2022-08-27 03:40:00+05:30,20644.91,41.06000000000131,2
7715,2022-08-27 04:40:00+05:30,20335.4,2022-08-27 06:00:00+05:30,20331.3,-4.100000000002183,1
7716,2022-08-27 07:55:00+05:30,20214.86,2022-08-27 09:10:00+05:30,20239.52,24.659999999999854,2
7717,2022-08-27 09:40:00+05:30,20163.93,2022-08-27 11:25:00+05:30,20128.38,-35.54999999999927,1
7718,2022-08-27 14:40:00+05:30,20181.07,2022-08-27 15:40:00+05:30,20205.62,24.549999999999272,2
7719,2022-08-27 18:50:00+05:30,20121.2,2022-08-27 19:10:00+05:30,20206.85,85.64999999999782,2
7720,2022-08-27 20:25:00+05:30,20060.82,2022-08-27 22:15:00+05:30,19967.49,-93.32999999999811,1
7721,2022-08-28 03:20:00+05:30,19915.32,2022-08-28 04:05:00+05:30,20055.08,139.76000000000204,2
7722,2022-08-28 05:50:00+05:30,19977.54,2022-08-28 06:45:00+05:30,20068.88,91.34000000000015,2
7723,2022-08-28 10:50:00+05:30,19956.94,2022-08-28 11:15:00+05:30,19985.1,28.159999999999854,2
7724,2022-08-28 14:15:00+05:30,20003.27,2022-08-28 16:30:00+05:30,20009.24,5.970000000001164,2
7725,2022-08-28 18:25:00+05:30,19924.17,2022-08-28 19:30:00+05:30,19962.62,38.45000000000073,2
7726,2022-08-28 19:45:00+05:30,19860.0,2022-08-28 20:05:00+05:30,19956.88,96.88000000000102,2
7727,2022-08-29 01:05:00+05:30,19962.23,2022-08-29 01:50:00+05:30,20000.48,38.25,2
7728,2022-08-29 03:25:00+05:30,19964.01,2022-08-29 05:25:00+05:30,19555.61,-408.3999999999978,0
7729,2022-08-29 11:25:00+05:30,19753.84,2022-08-29 11:40:00+05:30,19811.49,57.650000000001455,2
7730,2022-08-29 16:35:00+05:30,19782.83,2022-08-29 16:50:00+05:30,19839.6,56.7699999999968,2
7731,2022-08-29 23:45:00+05:30,20147.19,2022-08-30 01:40:00+05:30,20172.95,25.760000000002037,2
7732,2022-08-30 04:35:00+05:30,20134.01,2022-08-30 04:50:00+05:30,20230.94,96.93000000000029,2
7733,2022-08-30 07:00:00+05:30,20165.63,2022-08-30 08:05:00+05:30,20191.17,25.539999999997235,2
7734,2022-08-30 16:15:00+05:30,20347.73,2022-08-30 17:25:00+05:30,20403.8,56.06999999999971,2
7735,2022-08-30 18:00:00+05:30,20302.82,2022-08-30 18:35:00+05:30,20369.85,67.02999999999884,2
7736,2022-08-30 19:25:00+05:30,20271.25,2022-08-30 20:10:00+05:30,19843.58,-427.66999999999825,0
7737,2022-08-30 22:10:00+05:30,19602.56,2022-08-30 23:25:00+05:30,19685.99,83.43000000000029,2
7738,2022-08-31 03:30:00+05:30,19859.06,2022-08-31 04:20:00+05:30,19885.47,26.409999999999854,2
7739,2022-08-31 05:20:00+05:30,19769.7,2022-08-31 05:30:00+05:30,19852.8,83.09999999999854,2
7740,2022-08-31 10:35:00+05:30,20320.08,2022-08-31 11:00:00+05:30,20368.44,48.359999999996944,2
7741,2022-08-31 11:45:00+05:30,20288.0,2022-08-31 12:45:00+05:30,20302.02,14.020000000000437,2
7742,2022-08-31 14:00:00+05:30,20141.33,2022-08-31 14:15:00+05:30,20295.19,153.85999999999694,2
7743,2022-08-31 17:50:00+05:30,20227.2,2022-08-31 18:15:00+05:30,20335.44,108.23999999999796,2
7744,2022-08-31 20:05:00+05:30,20172.78,2022-08-31 21:15:00+05:30,20147.35,-25.43000000000029,1
7745,2022-08-31 23:10:00+05:30,19935.64,2022-09-01 00:25:00+05:30,20002.41,66.77000000000044,2
7746,2022-09-01 03:45:00+05:30,20125.12,2022-09-01 05:30:00+05:30,20114.18,-10.93999999999869,1
7747,2022-09-01 06:10:00+05:30,19925.24,2022-09-01 06:25:00+05:30,20064.43,139.1899999999987,2
7748,2022-09-01 09:10:00+05:30,20045.35,2022-09-01 10:15:00+05:30,20073.96,28.610000000000582,2
7749,2022-09-01 11:45:00+05:30,19991.89,2022-09-01 13:40:00+05:30,19934.64,-57.25,1
7750,2022-09-01 14:00:00+05:30,19830.53,2022-09-01 14:15:00+05:30,19905.29,74.76000000000204,2
7751,2022-09-01 18:00:00+05:30,19912.9,2022-09-01 18:20:00+05:30,20019.6,106.69999999999709,2
7752,2022-09-01 19:40:00+05:30,19861.23,2022-09-01 21:30:00+05:30,19796.26,-64.97000000000116,1
7753,2022-09-01 22:05:00+05:30,19631.35,2022-09-01 22:45:00+05:30,19739.87,108.52000000000044,2
7754,2022-09-02 07:40:00+05:30,20005.67,2022-09-02 08:25:00+05:30,20033.01,27.340000000000146,2
7755,2022-09-02 12:40:00+05:30,20051.59,2022-09-02 12:55:00+05:30,20099.96,48.36999999999898,2
7756,2022-09-02 16:00:00+05:30,20059.81,2022-09-02 17:15:00+05:30,20080.26,20.44999999999709,2
7757,2022-09-02 21:50:00+05:30,20274.37,2022-09-02 23:05:00+05:30,19841.35,-433.02000000000044,0
7758,2022-09-03 04:00:00+05:30,19910.23,2022-09-03 04:20:00+05:30,19973.13,62.900000000001455,2
7759,2022-09-03 08:35:00+05:30,19895.35,2022-09-03 09:30:00+05:30,19919.64,24.290000000000873,2
7760,2022-09-03 11:50:00+05:30,19858.75,2022-09-03 12:50:00+05:30,19910.58,51.830000000001746,2
7761,2022-09-03 13:15:00+05:30,19803.42,2022-09-03 15:00:00+05:30,19816.26,12.840000000000146,2
7762,2022-09-03 17:15:00+05:30,19785.46,2022-09-03 17:40:00+05:30,19850.02,64.56000000000131,2
7763,2022-09-03 19:55:00+05:30,19789.63,2022-09-03 21:30:00+05:30,19814.48,24.849999999998545,2
7764,2022-09-04 00:25:00+05:30,19753.26,2022-09-04 01:00:00+05:30,19803.22,49.960000000002765,2
7765,2022-09-04 08:55:00+05:30,19757.37,2022-09-04 09:30:00+05:30,19788.02,30.650000000001455,2
7766,2022-09-04 11:50:00+05:30,19748.62,2022-09-04 14:05:00+05:30,19724.77,-23.849999999998545,1
7767,2022-09-04 16:40:00+05:30,19728.92,2022-09-04 17:05:00+05:30,19763.42,34.5,2
7768,2022-09-04 19:05:00+05:30,19769.17,2022-09-04 20:25:00+05:30,19746.71,-22.459999999999127,1
7769,2022-09-05 03:10:00+05:30,19868.04,2022-09-05 04:05:00+05:30,19872.53,4.489999999997963,2
7770,2022-09-05 07:10:00+05:30,19865.9,2022-09-05 08:45:00+05:30,19855.09,-10.81000000000131,1
7771,2022-09-05 10:35:00+05:30,19770.58,2022-09-05 12:15:00+05:30,19777.68,7.099999999998545,2
7772,2022-09-05 16:05:00+05:30,19707.52,2022-09-05 17:30:00+05:30,19705.85,-1.6700000000018917,1
7773,2022-09-05 22:50:00+05:30,19801.52,2022-09-05 23:30:00+05:30,19841.56,40.04000000000087,2
7774,2022-09-05 23:40:00+05:30,19748.77,2022-09-06 00:50:00+05:30,19755.52,6.75,2
7775,2022-09-06 07:25:00+05:30,19771.81,2022-09-06 08:55:00+05:30,19770.29,-1.5200000000004366,1
7776,2022-09-06 19:00:00+05:30,19805.18,2022-09-06 20:05:00+05:30,19818.28,13.099999999998545,2
7777,2022-09-06 21:35:00+05:30,19768.39,2022-09-06 22:35:00+05:30,19356.45,-411.9399999999987,0
7778,2022-09-06 22:40:00+05:30,19175.76,2022-09-07 01:35:00+05:30,18725.91,-449.84999999999854,0
7779,2022-09-07 04:00:00+05:30,18886.43,2022-09-07 06:20:00+05:30,18837.87,-48.56000000000131,1
7780,2022-09-07 07:40:00+05:30,18744.67,2022-09-07 08:55:00+05:30,18702.27,-42.39999999999782,1
7781,2022-09-07 12:50:00+05:30,18738.64,2022-09-07 13:10:00+05:30,18791.03,52.38999999999942,2
7782,2022-09-07 15:35:00+05:30,18759.94,2022-09-07 16:50:00+05:30,18756.84,-3.099999999998545,1
7783,2022-09-07 17:05:00+05:30,18714.15,2022-09-07 17:10:00+05:30,18748.33,34.18000000000029,2
7784,2022-09-07 17:40:00+05:30,18709.56,2022-09-07 18:05:00+05:30,18747.92,38.359999999996944,2
7785,2022-09-08 07:10:00+05:30,19175.99,2022-09-08 08:25:00+05:30,19238.62,62.62999999999738,2
7786,2022-09-08 12:00:00+05:30,19267.48,2022-09-08 13:50:00+05:30,19189.0,-78.47999999999956,1
7787,2022-09-08 17:55:00+05:30,19255.27,2022-09-08 19:05:00+05:30,19197.43,-57.840000000000146,1
7788,2022-09-08 21:30:00+05:30,19167.07,2022-09-08 22:40:00+05:30,19215.12,48.04999999999927,2
7789,2022-09-09 04:00:00+05:30,19260.44,2022-09-09 04:30:00+05:30,19320.37,59.93000000000029,2
7790,2022-09-10 03:00:00+05:30,21197.75,2022-09-10 03:05:00+05:30,21282.0,84.25,2
7791,2022-09-10 06:00:00+05:30,21190.61,2022-09-10 06:35:00+05:30,21293.33,102.72000000000116,2
7792,2022-09-10 08:00:00+05:30,21202.25,2022-09-10 08:20:00+05:30,21272.52,70.27000000000044,2
7793,2022-09-10 13:10:00+05:30,21372.12,2022-09-10 14:40:00+05:30,21358.6,-13.520000000000437,1
7794,2022-09-10 15:30:00+05:30,21298.21,2022-09-10 16:05:00+05:30,21361.81,63.60000000000218,2
7795,2022-09-10 17:45:00+05:30,21253.28,2022-09-10 18:20:00+05:30,21305.04,51.76000000000204,2
7796,2022-09-10 18:45:00+05:30,21220.93,2022-09-10 19:50:00+05:30,21239.85,18.919999999998254,2
7797,2022-09-11 02:10:00+05:30,21413.89,2022-09-11 02:30:00+05:30,21515.62,101.72999999999956,2
7798,2022-09-11 05:40:00+05:30,21631.35,2022-09-11 07:05:00+05:30,21614.08,-17.2699999999968,1
7799,2022-09-11 08:00:00+05:30,21492.92,2022-09-11 09:05:00+05:30,21547.51,54.590000000000146,2
7800,2022-09-11 11:55:00+05:30,21515.64,2022-09-11 12:45:00+05:30,21548.37,32.72999999999956,2
7801,2022-09-11 16:20:00+05:30,21578.3,2022-09-11 16:35:00+05:30,21660.57,82.27000000000044,2
7802,2022-09-11 17:30:00+05:30,21554.11,2022-09-11 18:05:00+05:30,21628.4,74.29000000000087,2
7803,2022-09-11 19:45:00+05:30,21500.55,2022-09-11 20:35:00+05:30,21547.65,47.10000000000218,2
7804,2022-09-11 23:30:00+05:30,21571.57,2022-09-12 01:20:00+05:30,21615.1,43.529999999998836,2
7805,2022-09-12 01:45:00+05:30,21537.88,2022-09-12 01:55:00+05:30,21612.1,74.21999999999753,2
7806,2022-09-12 06:35:00+05:30,21604.92,2022-09-12 06:55:00+05:30,21933.55,328.630000000001,2
7807,2022-09-12 15:30:00+05:30,22076.78,2022-09-12 16:00:00+05:30,22170.92,94.13999999999942,2
7808,2022-09-12 21:10:00+05:30,22169.21,2022-09-12 21:55:00+05:30,22211.22,42.01000000000204,2
7809,2022-09-13 02:35:00+05:30,22317.92,2022-09-13 03:10:00+05:30,22394.84,76.92000000000189,2
7810,2022-09-13 05:50:00+05:30,22151.77,2022-09-13 07:20:00+05:30,22250.13,98.36000000000058,2
7811,2022-09-13 07:40:00+05:30,22072.12,2022-09-13 08:20:00+05:30,22242.73,170.61000000000058,2
7812,2022-09-13 12:15:00+05:30,22277.37,2022-09-13 12:30:00+05:30,22395.89,118.52000000000044,2
7813,2022-09-13 14:00:00+05:30,22199.36,2022-09-13 14:40:00+05:30,22274.22,74.86000000000058,2
7814,2022-09-13 18:00:00+05:30,21913.52,2022-09-13 18:20:00+05:30,21422.16,-491.3600000000006,0
7815,2022-09-13 18:25:00+05:30,21398.32,2022-09-13 20:15:00+05:30,20913.29,-485.02999999999884,0
7816,2022-09-13 20:20:00+05:30,20877.04,2022-09-13 22:50:00+05:30,20812.89,-64.15000000000146,1
7817,2022-09-14 00:00:00+05:30,20673.34,2022-09-14 00:25:00+05:30,20246.35,-426.9900000000016,0
7818,2022-09-14 00:30:00+05:30,20228.54,2022-09-14 01:40:00+05:30,20301.66,73.11999999999898,2
7819,2022-09-14 02:30:00+05:30,20156.42,2022-09-14 03:50:00+05:30,20162.04,5.620000000002619,2
7820,2022-09-14 11:30:00+05:30,20277.39,2022-09-14 12:35:00+05:30,20314.53,37.13999999999942,2
7821,2022-09-14 13:15:00+05:30,20183.84,2022-09-14 13:35:00+05:30,20259.98,76.13999999999942,2
7822,2022-09-14 16:45:00+05:30,20300.2,2022-09-14 18:00:00+05:30,20257.96,-42.2400000000016,1
7823,2022-09-14 19:50:00+05:30,20187.72,2022-09-14 20:20:00+05:30,20287.67,99.94999999999709,2
7824,2022-09-14 21:55:00+05:30,20118.55,2022-09-14 22:45:00+05:30,20204.18,85.63000000000102,2
7825,2022-09-14 23:25:00+05:30,20105.17,2022-09-15 01:00:00+05:30,19874.62,-230.54999999999927,1
7826,2022-09-15 02:35:00+05:30,19860.84,2022-09-15 02:45:00+05:30,19959.63,98.79000000000087,2
7827,2022-09-15 06:05:00+05:30,20179.41,2022-09-15 07:15:00+05:30,20165.74,-13.669999999998254,1
7828,2022-09-15 08:30:00+05:30,19958.69,2022-09-15 09:30:00+05:30,20064.46,105.77000000000044,2
7829,2022-09-15 13:55:00+05:30,20033.96,2022-09-15 14:25:00+05:30,20149.31,115.35000000000218,2
7830,2022-09-15 17:55:00+05:30,20084.01,2022-09-15 18:05:00+05:30,20168.39,84.38000000000102,2
7831,2022-09-15 18:45:00+05:30,20026.51,2022-09-15 19:15:00+05:30,20116.29,89.78000000000247,2
7832,2022-09-15 20:00:00+05:30,19972.53,2022-09-15 21:45:00+05:30,19743.92,-228.61000000000058,1
7833,2022-09-15 23:30:00+05:30,19752.93,2022-09-15 23:55:00+05:30,19850.06,97.13000000000102,2
7834,2022-09-16 04:05:00+05:30,19723.62,2022-09-16 05:15:00+05:30,19733.07,9.450000000000728,2
7835,2022-09-16 05:45:00+05:30,19611.65,2022-09-16 05:50:00+05:30,19694.54,82.88999999999942,2
7836,2022-09-16 08:05:00+05:30,19689.54,2022-09-16 08:20:00+05:30,19744.46,54.919999999998254,2
7837,2022-09-16 11:20:00+05:30,19747.68,2022-09-16 11:50:00+05:30,19797.82,50.13999999999942,2
7838,2022-09-16 13:40:00+05:30,19709.83,2022-09-16 14:35:00+05:30,19749.17,39.33999999999651,2
7839,2022-09-16 18:20:00+05:30,19698.02,2022-09-16 19:40:00+05:30,19708.06,10.040000000000873,2
7840,2022-09-16 21:50:00+05:30,19539.63,2022-09-16 23:55:00+05:30,19523.79,-15.840000000000146,1
7841,2022-09-17 05:00:00+05:30,19703.82,2022-09-17 05:15:00+05:30,19754.38,50.56000000000131,2
7842,2022-09-17 07:55:00+05:30,19896.66,2022-09-17 09:30:00+05:30,19897.51,0.8499999999985448,2
7843,2022-09-17 10:30:00+05:30,19850.17,2022-09-17 12:45:00+05:30,19845.22,-4.94999999999709,1
7844,2022-09-17 15:55:00+05:30,19853.83,2022-09-17 16:55:00+05:30,19862.45,8.619999999998981,2
7845,2022-09-17 17:25:00+05:30,19810.22,2022-09-17 18:00:00+05:30,19848.78,38.55999999999767,2
7846,2022-09-18 00:35:00+05:30,19988.73,2022-09-18 02:00:00+05:30,20058.28,69.54999999999927,2
7847,2022-09-18 02:55:00+05:30,19946.23,2022-09-18 03:10:00+05:30,20052.17,105.93999999999869,2
7848,2022-09-18 05:30:00+05:30,20031.89,2022-09-18 06:45:00+05:30,20037.94,6.049999999999272,2
7849,2022-09-18 08:35:00+05:30,19979.05,2022-09-18 08:50:00+05:30,20015.66,36.61000000000058,2
7850,2022-09-18 09:15:00+05:30,19965.75,2022-09-18 09:55:00+05:30,20018.52,52.77000000000044,2
7851,2022-09-18 14:55:00+05:30,20018.06,2022-09-18 15:50:00+05:30,20023.66,5.599999999998545,2
7852,2022-09-18 19:35:00+05:30,19916.42,2022-09-18 21:30:00+05:30,19859.05,-57.36999999999898,1
7853,2022-09-18 21:40:00+05:30,19718.53,2022-09-18 23:10:00+05:30,19739.39,20.860000000000582,2
7854,2022-09-18 23:25:00+05:30,19632.42,2022-09-19 00:00:00+05:30,19686.74,54.32000000000335,2
7855,2022-09-19 02:30:00+05:30,19687.91,2022-09-19 04:20:00+05:30,19446.33,-241.5799999999981,1
7856,2022-09-19 07:45:00+05:30,18900.61,2022-09-19 09:15:00+05:30,18813.71,-86.90000000000146,1
7857,2022-09-19 11:15:00+05:30,18748.97,2022-09-19 12:10:00+05:30,18306.59,-442.380000000001,0
7858,2022-09-19 14:45:00+05:30,18386.72,2022-09-19 15:20:00+05:30,18465.33,78.61000000000058,2
7859,2022-09-19 23:00:00+05:30,18979.66,2022-09-20 00:00:00+05:30,19035.6,55.93999999999869,2
7860,2022-09-20 06:40:00+05:30,19426.93,2022-09-20 07:20:00+05:30,19471.91,44.97999999999956,2
7861,2022-09-20 08:45:00+05:30,19282.07,2022-09-20 10:20:00+05:30,19313.45,31.38000000000102,2
7862,2022-09-20 17:35:00+05:30,19095.99,2022-09-20 19:55:00+05:30,18993.2,-102.79000000000087,1
7863,2022-09-20 22:45:00+05:30,18920.27,2022-09-20 23:50:00+05:30,18951.44,31.169999999998254,2
7864,2022-09-21 02:00:00+05:30,18959.11,2022-09-21 02:50:00+05:30,19037.03,77.91999999999825,2
7865,2022-09-21 03:25:00+05:30,18875.8,2022-09-21 04:10:00+05:30,18954.84,79.04000000000087,2
7866,2022-09-21 04:40:00+05:30,18814.38,2022-09-21 05:20:00+05:30,18905.21,90.82999999999811,2
7867,2022-09-21 10:00:00+05:30,18971.58,2022-09-21 10:15:00+05:30,19006.27,34.68999999999869,2
7868,2022-09-21 11:25:00+05:30,18923.1,2022-09-21 12:55:00+05:30,18927.66,4.56000000000131,2
7869,2022-09-21 20:30:00+05:30,19159.54,2022-09-21 21:10:00+05:30,19303.77,144.22999999999956,2
7870,2022-09-21 23:30:00+05:30,18934.47,2022-09-22 00:00:00+05:30,19286.76,352.28999999999724,2
7871,2022-09-22 02:35:00+05:30,18721.58,2022-09-22 03:40:00+05:30,18305.74,-415.84000000000015,0
7872,2022-09-22 06:20:00+05:30,18376.18,2022-09-22 06:45:00+05:30,18466.37,90.18999999999869,2
7873,2022-09-22 16:35:00+05:30,19086.49,2022-09-22 17:10:00+05:30,19143.4,56.909999999999854,2
7874,2022-09-22 18:50:00+05:30,19114.03,2022-09-22 21:05:00+05:30,18951.44,-162.59000000000015,1
7875,2022-09-23 02:55:00+05:30,19185.78,2022-09-23 03:35:00+05:30,19229.73,43.95000000000073,2
7876,2022-09-23 06:05:00+05:30,19326.84,2022-09-23 06:45:00+05:30,19371.38,44.54000000000087,2
7877,2022-09-23 11:55:00+05:30,19333.05,2022-09-23 15:30:00+05:30,19102.94,-230.11000000000058,1
7878,2022-09-23 16:25:00+05:30,18964.41,2022-09-23 17:40:00+05:30,18952.46,-11.950000000000728,1
7879,2022-09-23 19:20:00+05:30,18742.0,2022-09-23 20:45:00+05:30,18729.77,-12.229999999999563,1
7880,2022-09-24 05:45:00+05:30,19147.66,2022-09-24 06:40:00+05:30,19221.66,74.0,2
7881,2022-09-24 09:10:00+05:30,19044.21,2022-09-24 09:25:00+05:30,19121.92,77.70999999999913,2
7882,2022-09-24 12:35:00+05:30,19016.46,2022-09-24 14:00:00+05:30,19005.99,-10.469999999997526,1
7883,2022-09-24 19:35:00+05:30,19074.41,2022-09-24 21:15:00+05:30,19079.07,4.6599999999998545,2
7884,2022-09-24 23:20:00+05:30,19065.77,2022-09-25 00:10:00+05:30,19096.1,30.32999999999811,2
7885,2022-09-25 02:45:00+05:30,18972.92,2022-09-25 04:40:00+05:30,18923.23,-49.68999999999869,1
7886,2022-09-25 10:50:00+05:30,18973.41,2022-09-25 11:30:00+05:30,19000.81,27.400000000001455,2
7887,2022-09-25 15:10:00+05:30,19045.06,2022-09-25 15:55:00+05:30,19059.2,14.139999999999418,2
7888,2022-09-25 18:55:00+05:30,18956.58,2022-09-25 20:15:00+05:30,18943.44,-13.140000000003056,1
7889,2022-09-25 22:30:00+05:30,18901.44,2022-09-25 23:25:00+05:30,19004.01,102.56999999999971,2
7890,2022-09-26 00:15:00+05:30,18887.76,2022-09-26 00:50:00+05:30,18985.22,97.46000000000276,2
7891,2022-09-26 03:05:00+05:30,18776.63,2022-09-26 03:50:00+05:30,18866.53,89.89999999999782,2
7892,2022-09-26 10:20:00+05:30,18814.07,2022-09-26 12:35:00+05:30,18790.84,-23.229999999999563,1
7893,2022-09-26 16:40:00+05:30,18971.15,2022-09-26 18:05:00+05:30,18929.97,-41.18000000000029,1
7894,2022-09-26 20:35:00+05:30,19060.09,2022-09-26 21:45:00+05:30,19101.2,41.11000000000058,2
7895,2022-09-27 02:10:00+05:30,19109.28,2022-09-27 02:55:00+05:30,19144.19,34.909999999999854,2
7896,2022-09-27 10:45:00+05:30,19963.19,2022-09-27 10:55:00+05:30,20050.21,87.02000000000044,2
7897,2022-09-27 14:35:00+05:30,20112.32,2022-09-27 15:05:00+05:30,20188.75,76.43000000000029,2
7898,2022-09-27 18:30:00+05:30,20151.28,2022-09-27 19:05:00+05:30,20316.4,165.12000000000262,2
7899,2022-09-27 21:10:00+05:30,20067.58,2022-09-27 21:40:00+05:30,19573.32,-494.26000000000204,0
7900,2022-09-27 21:45:00+05:30,19545.3,2022-09-27 22:15:00+05:30,19101.59,-443.7099999999991,0
7901,2022-09-28 06:50:00+05:30,19030.14,2022-09-28 07:50:00+05:30,18614.04,-416.09999999999854,0
7902,2022-09-28 07:55:00+05:30,18625.55,2022-09-28 08:50:00+05:30,18776.4,150.85000000000218,2
7903,2022-09-28 12:25:00+05:30,18696.95,2022-09-28 13:10:00+05:30,18772.33,75.38000000000102,2
7904,2022-09-28 14:35:00+05:30,18679.65,2022-09-28 15:30:00+05:30,18715.29,35.63999999999942,2
7905,2022-09-28 23:15:00+05:30,19271.38,2022-09-28 23:55:00+05:30,19479.22,207.84000000000015,2
7906,2022-09-29 04:15:00+05:30,19416.7,2022-09-29 05:55:00+05:30,19479.24,62.54000000000087,2
7907,2022-09-29 07:35:00+05:30,19343.58,2022-09-29 08:40:00+05:30,19461.59,118.0099999999984,2
7908,2022-09-29 11:10:00+05:30,19461.07,2022-09-29 13:25:00+05:30,19359.71,-101.36000000000058,1
7909,2022-09-29 16:30:00+05:30,19376.55,2022-09-29 16:40:00+05:30,19467.4,90.85000000000218,2
7910,2022-09-29 17:40:00+05:30,19320.79,2022-09-29 18:45:00+05:30,19359.71,38.919999999998254,2
7911,2022-09-29 19:10:00+05:30,19043.06,2022-09-29 20:10:00+05:30,19187.3,144.23999999999796,2
7912,2022-09-29 23:30:00+05:30,19159.32,2022-09-30 00:05:00+05:30,19371.83,212.51000000000204,2
7913,2022-09-30 07:40:00+05:30,19433.35,2022-09-30 09:25:00+05:30,19398.12,-35.22999999999956,1
7914,2022-09-30 12:10:00+05:30,19410.25,2022-09-30 12:30:00+05:30,19461.84,51.590000000000146,2
7915,2022-09-30 16:15:00+05:30,19488.6,2022-09-30 16:55:00+05:30,19513.98,25.38000000000102,2
7916,2022-09-30 17:30:00+05:30,19415.34,2022-09-30 17:55:00+05:30,19467.38,52.04000000000087,2
7917,2022-09-30 18:00:00+05:30,19306.34,2022-09-30 19:00:00+05:30,19334.9,28.56000000000131,2
7918,2022-10-01 01:20:00+05:30,19553.92,2022-10-01 04:00:00+05:30,19377.21,-176.70999999999913,1
7919,2022-10-01 06:10:00+05:30,19358.45,2022-10-01 07:20:00+05:30,19425.01,66.55999999999767,2
7920,2022-10-01 08:55:00+05:30,19366.21,2022-10-01 09:20:00+05:30,19409.17,42.95999999999913,2
7921,2022-10-01 10:45:00+05:30,19374.53,2022-10-01 12:05:00+05:30,19324.55,-49.97999999999956,1
7922,2022-10-01 12:35:00+05:30,19263.59,2022-10-01 12:40:00+05:30,19298.99,35.400000000001455,2
7923,2022-10-01 15:45:00+05:30,19312.8,2022-10-01 15:50:00+05:30,19337.33,24.530000000002474,2
7924,2022-10-01 16:50:00+05:30,19294.23,2022-10-01 17:20:00+05:30,19316.3,22.06999999999971,2
7925,2022-10-01 21:50:00+05:30,19281.81,2022-10-01 22:45:00+05:30,19307.79,25.979999999999563,2
7926,2022-10-01 23:35:00+05:30,19242.47,2022-10-02 00:10:00+05:30,19279.11,36.63999999999942,2
7927,2022-10-02 01:35:00+05:30,19225.59,2022-10-02 02:10:00+05:30,19269.0,43.409999999999854,2
7928,2022-10-02 06:15:00+05:30,19267.36,2022-10-02 06:50:00+05:30,19304.23,36.86999999999898,2
7929,2022-10-02 12:20:00+05:30,19305.29,2022-10-02 14:25:00+05:30,19283.34,-21.950000000000728,1
7930,2022-10-02 15:00:00+05:30,19248.79,2022-10-02 16:45:00+05:30,19191.69,-57.10000000000218,1
7931,2022-10-02 20:20:00+05:30,19101.35,2022-10-02 21:15:00+05:30,19141.05,39.70000000000073,2
7932,2022-10-02 23:45:00+05:30,19159.75,2022-10-03 00:05:00+05:30,19197.51,37.7599999999984,2
7933,2022-10-03 02:35:00+05:30,19189.99,2022-10-03 03:15:00+05:30,19206.02,16.029999999998836,2
7934,2022-10-03 04:30:00+05:30,19123.93,2022-10-03 05:40:00+05:30,19077.45,-46.47999999999956,1
7935,2022-10-03 09:35:00+05:30,19125.43,2022-10-03 11:00:00+05:30,19132.26,6.829999999998108,2
7936,2022-10-03 14:35:00+05:30,19158.71,2022-10-03 15:55:00+05:30,19169.89,11.180000000000291,2
7937,2022-10-04 00:35:00+05:30,19479.62,2022-10-04 01:35:00+05:30,19561.0,81.38000000000102,2
7938,2022-10-04 06:20:00+05:30,19546.1,2022-10-04 08:00:00+05:30,19541.24,-4.859999999996944,1
7939,2022-10-04 21:35:00+05:30,20046.01,2022-10-04 22:05:00+05:30,20071.77,25.760000000002037,2
7940,2022-10-04 22:35:00+05:30,19936.34,2022-10-04 23:20:00+05:30,20014.36,78.02000000000044,2
7941,2022-10-05 05:45:00+05:30,20194.86,2022-10-05 06:50:00+05:30,20238.1,43.23999999999796,2
7942,2022-10-05 08:30:00+05:30,20168.03,2022-10-05 08:50:00+05:30,20232.0,63.970000000001164,2
7943,2022-10-05 09:55:00+05:30,20088.07,2022-10-05 10:40:00+05:30,20171.52,83.45000000000073,2
7944,2022-10-05 13:40:00+05:30,20112.63,2022-10-05 15:30:00+05:30,20114.49,1.860000000000582,2
7945,2022-10-05 17:00:00+05:30,20079.17,2022-10-05 18:10:00+05:30,20049.68,-29.489999999997963,1
7946,2022-10-05 18:40:00+05:30,19875.54,2022-10-05 20:10:00+05:30,19887.07,11.529999999998836,2
7947,2022-10-06 02:15:00+05:30,20040.44,2022-10-06 03:10:00+05:30,20069.36,28.92000000000189,2
7948,2022-10-06 10:35:00+05:30,20275.68,2022-10-06 13:15:00+05:30,20223.99,-51.68999999999869,1
7949,2022-10-06 13:50:00+05:30,20134.46,2022-10-06 15:00:00+05:30,20180.92,46.45999999999913,2
7950,2022-10-06 15:25:00+05:30,20099.19,2022-10-06 16:00:00+05:30,20146.47,47.280000000002474,2
7951,2022-10-06 19:35:00+05:30,19973.13,2022-10-06 20:15:00+05:30,20102.46,129.3299999999981,2
7952,2022-10-07 00:15:00+05:30,20013.08,2022-10-07 01:50:00+05:30,20048.05,34.969999999997526,2
7953,2022-10-07 02:35:00+05:30,20004.45,2022-10-07 04:40:00+05:30,19943.99,-60.45999999999913,1
7954,2022-10-07 10:00:00+05:30,19970.48,2022-10-07 11:05:00+05:30,19969.99,-0.48999999999796273,1
7955,2022-10-07 11:50:00+05:30,19904.37,2022-10-07 12:45:00+05:30,19925.36,20.9900000000016,2
7956,2022-10-07 15:30:00+05:30,19953.97,2022-10-07 16:20:00+05:30,19971.72,17.75,2
7957,2022-10-07 18:00:00+05:30,19857.22,2022-10-07 19:40:00+05:30,19639.09,-218.13000000000102,1
7958,2022-10-07 21:50:00+05:30,19427.2,2022-10-07 23:05:00+05:30,19456.52,29.31999999999971,2
7959,2022-10-08 05:00:00+05:30,19535.1,2022-10-08 05:35:00+05:30,19559.57,24.470000000001164,2
7960,2022-10-08 08:15:00+05:30,19545.35,2022-10-08 11:00:00+05:30,19484.09,-61.2599999999984,1
7961,2022-10-08 13:50:00+05:30,19485.27,2022-10-08 14:35:00+05:30,19494.47,9.200000000000728,2
7962,2022-10-08 19:20:00+05:30,19481.59,2022-10-08 20:10:00+05:30,19484.02,2.430000000000291,2
7963,2022-10-09 00:15:00+05:30,19472.5,2022-10-09 01:50:00+05:30,19469.47,-3.029999999998836,1
7964,2022-10-09 02:15:00+05:30,19428.88,2022-10-09 04:25:00+05:30,19360.74,-68.13999999999942,1
7965,2022-10-09 07:10:00+05:30,19373.36,2022-10-09 07:25:00+05:30,19401.97,28.610000000000582,2
7966,2022-10-09 09:10:00+05:30,19344.15,2022-10-09 09:30:00+05:30,19371.02,26.86999999999898,2
7967,2022-10-09 09:50:00+05:30,19332.21,2022-10-09 10:10:00+05:30,19365.54,33.330000000001746,2
7968,2022-10-09 13:55:00+05:30,19396.73,2022-10-09 14:55:00+05:30,19403.27,6.540000000000873,2
7969,2022-10-09 19:25:00+05:30,19465.78,2022-10-09 19:40:00+05:30,19496.43,30.650000000001455,2
7970,2022-10-09 23:55:00+05:30,19471.08,2022-10-10 00:10:00+05:30,19489.59,18.5099999999984,2
7971,2022-10-10 00:40:00+05:30,19441.0,2022-10-10 01:00:00+05:30,19479.62,38.61999999999898,2
7972,2022-10-10 03:30:00+05:30,19411.8,2022-10-10 05:05:00+05:30,19435.68,23.88000000000102,2
7973,2022-10-10 09:00:00+05:30,19447.25,2022-10-10 10:10:00+05:30,19466.06,18.81000000000131,2
7974,2022-10-10 11:05:00+05:30,19401.91,2022-10-10 12:30:00+05:30,19422.06,20.150000000001455,2
7975,2022-10-10 13:40:00+05:30,19297.03,2022-10-10 15:05:00+05:30,19262.43,-34.599999999998545,1
7976,2022-10-10 19:20:00+05:30,19311.02,2022-10-10 19:55:00+05:30,19364.81,53.79000000000087,2
7977,2022-10-10 20:05:00+05:30,19250.93,2022-10-10 20:50:00+05:30,19311.84,60.909999999999854,2
7978,2022-10-10 21:50:00+05:30,19155.5,2022-10-10 23:00:00+05:30,19245.45,89.95000000000073,2
7979,2022-10-11 03:30:00+05:30,19215.64,2022-10-11 04:45:00+05:30,19195.14,-20.5,1
7980,2022-10-11 05:30:00+05:30,19079.79,2022-10-11 06:45:00+05:30,19060.02,-19.770000000000437,1
7981,2022-10-11 07:30:00+05:30,18971.73,2022-10-11 07:50:00+05:30,19032.8,61.06999999999971,2
7982,2022-10-11 15:05:00+05:30,19070.93,2022-10-11 15:50:00+05:30,19087.94,17.0099999999984,2
7983,2022-10-11 19:25:00+05:30,18991.2,2022-10-11 20:05:00+05:30,19071.07,79.86999999999898,2
7984,2022-10-11 23:40:00+05:30,19076.13,2022-10-12 01:40:00+05:30,19014.99,-61.13999999999942,1
7985,2022-10-12 16:00:00+05:30,19131.9,2022-10-12 16:50:00+05:30,19163.56,31.659999999999854,2
7986,2022-10-12 17:20:00+05:30,19117.67,2022-10-12 18:50:00+05:30,19101.26,-16.409999999999854,1
7987,2022-10-12 22:05:00+05:30,19086.93,2022-10-12 22:55:00+05:30,19112.09,25.159999999999854,2
7988,2022-10-12 23:30:00+05:30,19074.89,2022-10-12 23:35:00+05:30,19117.83,42.94000000000233,2
7989,2022-10-13 04:25:00+05:30,19155.37,2022-10-13 05:30:00+05:30,19168.13,12.760000000002037,2
7990,2022-10-13 05:40:00+05:30,19144.61,2022-10-13 06:00:00+05:30,19160.84,16.229999999999563,2
7991,2022-10-13 06:10:00+05:30,19143.82,2022-10-13 08:35:00+05:30,19092.17,-51.650000000001455,1
7992,2022-10-13 10:30:00+05:30,19066.93,2022-10-13 11:00:00+05:30,19092.68,25.75,2
7993,2022-10-13 12:10:00+05:30,19056.2,2022-10-13 14:00:00+05:30,19029.47,-26.729999999999563,1
7994,2022-10-13 15:20:00+05:30,18989.37,2022-10-13 17:10:00+05:30,18820.92,-168.45000000000073,1
7995,2022-10-13 18:00:00+05:30,18351.29,2022-10-13 19:15:00+05:30,18452.15,100.86000000000058,2
7996,2022-10-14 05:00:00+05:30,19372.51,2022-10-14 05:55:00+05:30,19425.61,53.10000000000218,2
7997,2022-10-14 11:00:00+05:30,19731.57,2022-10-14 11:10:00+05:30,19822.16,90.59000000000015,2
7998,2022-10-14 12:40:00+05:30,19772.09,2022-10-14 15:15:00+05:30,19624.61,-147.47999999999956,1
7999,2022-10-14 17:10:00+05:30,19612.06,2022-10-14 18:00:00+05:30,19688.56,76.5,2
8000,2022-10-14 19:40:00+05:30,19452.81,2022-10-14 22:10:00+05:30,19358.74,-94.06999999999971,1
8001,2022-10-15 00:00:00+05:30,19251.98,2022-10-15 01:15:00+05:30,19229.76,-22.220000000001164,1
8002,2022-10-15 03:00:00+05:30,19141.47,2022-10-15 04:05:00+05:30,19152.7,11.229999999999563,2
8003,2022-10-15 07:05:00+05:30,19178.73,2022-10-15 08:00:00+05:30,19193.58,14.850000000002183,2
8004,2022-10-15 10:40:00+05:30,19162.49,2022-10-15 11:50:00+05:30,19177.76,15.269999999996799,2
8005,2022-10-15 12:55:00+05:30,19142.03,2022-10-15 13:10:00+05:30,19171.73,29.700000000000728,2
8006,2022-10-15 14:00:00+05:30,19121.25,2022-10-15 15:10:00+05:30,19117.99,-3.2599999999983993,1
8007,2022-10-15 18:45:00+05:30,19130.41,2022-10-15 19:25:00+05:30,19168.68,38.27000000000044,2
8008,2022-10-16 00:45:00+05:30,19093.08,2022-10-16 01:45:00+05:30,19108.76,15.679999999996653,2
8009,2022-10-16 03:15:00+05:30,19075.8,2022-10-16 04:00:00+05:30,19088.18,12.380000000001019,2
8010,2022-10-16 04:30:00+05:30,19023.34,2022-10-16 04:55:00+05:30,19111.82,88.47999999999956,2
8011,2022-10-16 11:55:00+05:30,19122.49,2022-10-16 13:00:00+05:30,19133.37,10.87999999999738,2
8012,2022-10-16 15:55:00+05:30,19126.77,2022-10-16 16:50:00+05:30,19138.76,11.989999999997963,2
8013,2022-10-16 19:45:00+05:30,19121.49,2022-10-16 20:15:00+05:30,19132.89,11.399999999997817,2
8014,2022-10-17 03:15:00+05:30,19227.4,2022-10-17 03:40:00+05:30,19325.95,98.54999999999927,2
8015,2022-10-17 06:00:00+05:30,19215.76,2022-10-17 07:15:00+05:30,19226.23,10.470000000001164,2
8016,2022-10-17 07:25:00+05:30,19177.47,2022-10-17 08:15:00+05:30,19203.41,25.93999999999869,2
8017,2022-10-17 08:45:00+05:30,19164.68,2022-10-17 09:05:00+05:30,19191.2,26.520000000000437,2
8018,2022-10-17 20:20:00+05:30,19447.3,2022-10-17 20:55:00+05:30,19549.96,102.65999999999985,2
8019,2022-10-17 23:00:00+05:30,19472.64,2022-10-17 23:20:00+05:30,19512.41,39.77000000000044,2
8020,2022-10-17 23:45:00+05:30,19458.44,2022-10-18 00:10:00+05:30,19501.5,43.06000000000131,2
8021,2022-10-18 02:35:00+05:30,19496.45,2022-10-18 03:05:00+05:30,19522.83,26.38000000000102,2
8022,2022-10-18 14:25:00+05:30,19534.45,2022-10-18 15:50:00+05:30,19552.47,18.020000000000437,2
8023,2022-10-18 19:20:00+05:30,19535.16,2022-10-18 21:35:00+05:30,19391.2,-143.95999999999913,1
8024,2022-10-19 00:05:00+05:30,19345.08,2022-10-19 01:30:00+05:30,19272.37,-72.71000000000276,1
8025,2022-10-19 05:40:00+05:30,19277.88,2022-10-19 07:00:00+05:30,19303.37,25.489999999997963,2
8026,2022-10-19 10:05:00+05:30,19260.36,2022-10-19 10:40:00+05:30,19287.69,27.32999999999811,2
8027,2022-10-19 11:05:00+05:30,19258.42,2022-10-19 12:45:00+05:30,19230.86,-27.55999999999767,1
8028,2022-10-19 13:50:00+05:30,19171.29,2022-10-19 14:30:00+05:30,19210.54,39.25,2
8029,2022-10-19 16:10:00+05:30,19182.13,2022-10-19 17:25:00+05:30,19200.84,18.709999999999127,2
8030,2022-10-19 18:05:00+05:30,19138.47,2022-10-19 18:45:00+05:30,19167.24,28.770000000000437,2
8031,2022-10-19 19:15:00+05:30,19097.07,2022-10-19 19:35:00+05:30,19172.63,75.56000000000131,2
8032,2022-10-19 22:30:00+05:30,19147.14,2022-10-19 23:20:00+05:30,19187.51,40.36999999999898,2
8033,2022-10-20 04:05:00+05:30,19141.5,2022-10-20 05:35:00+05:30,19139.55,-1.9500000000007276,1
8034,2022-10-20 06:10:00+05:30,19087.19,2022-10-20 07:25:00+05:30,19047.02,-40.169999999998254,1
8035,2022-10-20 14:25:00+05:30,19114.67,2022-10-20 14:50:00+05:30,19137.18,22.510000000002037,2
8036,2022-10-20 18:10:00+05:30,19163.85,2022-10-20 19:15:00+05:30,19195.64,31.790000000000873,2
8037,2022-10-20 21:30:00+05:30,19209.74,2022-10-21 00:30:00+05:30,19079.02,-130.72000000000116,1
8038,2022-10-21 01:55:00+05:30,19016.94,2022-10-21 02:40:00+05:30,19047.57,30.63000000000102,2
8039,2022-10-21 09:20:00+05:30,19054.09,2022-10-21 11:05:00+05:30,19060.5,6.4099999999998545,2
8040,2022-10-21 12:30:00+05:30,19002.4,2022-10-21 12:50:00+05:30,19073.86,71.45999999999913,2
8041,2022-10-21 14:00:00+05:30,18977.79,2022-10-21 15:00:00+05:30,19002.86,25.06999999999971,2
8042,2022-10-21 17:25:00+05:30,18945.65,2022-10-21 18:30:00+05:30,18918.41,-27.2400000000016,1
8043,2022-10-22 05:10:00+05:30,19162.07,2022-10-22 06:00:00+05:30,19174.07,12.0,2
8044,2022-10-22 08:15:00+05:30,19131.41,2022-10-22 09:20:00+05:30,19146.72,15.31000000000131,2
8045,2022-10-22 10:55:00+05:30,19141.28,2022-10-22 11:10:00+05:30,19149.55,8.270000000000437,2
8046,2022-10-22 11:30:00+05:30,19135.74,2022-10-22 12:20:00+05:30,19146.55,10.809999999997672,2
8047,2022-10-22 15:25:00+05:30,19142.66,2022-10-22 16:00:00+05:30,19158.53,15.869999999998981,2
8048,2022-10-22 21:05:00+05:30,19209.77,2022-10-22 21:25:00+05:30,19235.65,25.88000000000102,2
8049,2022-10-22 21:50:00+05:30,19193.94,2022-10-23 00:10:00+05:30,19169.73,-24.209999999999127,1
8050,2022-10-23 06:35:00+05:30,19186.88,2022-10-23 07:45:00+05:30,19190.53,3.649999999997817,2
8051,2022-10-23 11:55:00+05:30,19173.33,2022-10-23 13:40:00+05:30,19166.29,-7.040000000000873,1
8052,2022-10-23 15:40:00+05:30,19172.5,2022-10-23 18:20:00+05:30,19149.19,-23.31000000000131,1
8053,2022-10-23 21:55:00+05:30,19170.0,2022-10-23 22:10:00+05:30,19189.56,19.56000000000131,2
8054,2022-10-24 06:10:00+05:30,19523.45,2022-10-24 08:00:00+05:30,19454.54,-68.90999999999985,1
8055,2022-10-24 08:40:00+05:30,19352.72,2022-10-24 10:55:00+05:30,19335.02,-17.700000000000728,1
8056,2022-10-24 12:25:00+05:30,19295.21,2022-10-24 13:25:00+05:30,19322.4,27.19000000000233,2
8057,2022-10-24 18:00:00+05:30,19327.61,2022-10-24 19:05:00+05:30,19369.81,42.20000000000073,2
8058,2022-10-24 19:30:00+05:30,19310.65,2022-10-24 20:40:00+05:30,19281.74,-28.909999999999854,1
8059,2022-10-24 22:45:00+05:30,19240.36,2022-10-24 23:05:00+05:30,19276.88,36.52000000000044,2
8060,2022-10-25 05:30:00+05:30,19292.51,2022-10-25 06:05:00+05:30,19331.29,38.780000000002474,2
8061,2022-10-25 06:35:00+05:30,19277.66,2022-10-25 07:15:00+05:30,19298.25,20.590000000000146,2
8062,2022-10-25 10:35:00+05:30,19313.84,2022-10-25 11:15:00+05:30,19330.57,16.729999999999563,2
8063,2022-10-25 12:40:00+05:30,19296.99,2022-10-25 13:40:00+05:30,19317.4,20.409999999999854,2
8064,2022-10-25 14:30:00+05:30,19279.37,2022-10-25 15:55:00+05:30,19278.21,-1.1599999999998545,1
8065,2022-10-25 18:05:00+05:30,19263.81,2022-10-25 18:15:00+05:30,19314.12,50.30999999999767,2
8066,2022-10-26 01:30:00+05:30,20111.65,2022-10-26 02:25:00+05:30,20188.99,77.34000000000015,2
8067,2022-10-26 04:00:00+05:30,20045.44,2022-10-26 04:45:00+05:30,20102.17,56.72999999999956,2
8068,2022-10-26 10:25:00+05:30,20203.42,2022-10-26 11:40:00+05:30,20229.31,25.890000000003056,2
8069,2022-10-26 17:35:00+05:30,20548.75,2022-10-26 19:15:00+05:30,20525.96,-22.790000000000873,1
8070,2022-10-26 22:15:00+05:30,20760.18,2022-10-26 23:20:00+05:30,20814.75,54.56999999999971,2
8071,2022-10-27 03:30:00+05:30,20700.06,2022-10-27 03:35:00+05:30,20811.72,111.65999999999985,2
8072,2022-10-27 06:05:00+05:30,20723.36,2022-10-27 06:45:00+05:30,20785.92,62.55999999999767,2
8073,2022-10-27 08:25:00+05:30,20685.06,2022-10-27 09:15:00+05:30,20742.72,57.659999999999854,2
8074,2022-10-27 12:00:00+05:30,20773.73,2022-10-27 13:40:00+05:30,20739.7,-34.029999999998836,1
8075,2022-10-27 14:30:00+05:30,20684.63,2022-10-27 16:40:00+05:30,20602.95,-81.68000000000029,1
8076,2022-10-27 19:20:00+05:30,20499.06,2022-10-27 19:40:00+05:30,20689.31,190.25,2
8077,2022-10-27 21:55:00+05:30,20503.31,2022-10-27 22:35:00+05:30,20595.35,92.03999999999724,2
8078,2022-10-28 01:35:00+05:30,20507.25,2022-10-28 03:20:00+05:30,20406.39,-100.86000000000058,1
8079,2022-10-28 04:10:00+05:30,20285.43,2022-10-28 05:30:00+05:30,20311.03,25.599999999998545,2
8080,2022-10-28 05:45:00+05:30,20240.75,2022-10-28 06:00:00+05:30,20309.31,68.56000000000131,2
8081,2022-10-28 08:20:00+05:30,20208.4,2022-10-28 08:50:00+05:30,20267.77,59.36999999999898,2
8082,2022-10-28 10:25:00+05:30,20251.95,2022-10-28 11:20:00+05:30,20286.9,34.95000000000073,2
8083,2022-10-28 12:45:00+05:30,20221.33,2022-10-28 14:05:00+05:30,20162.05,-59.280000000002474,1
8084,2022-10-28 16:15:00+05:30,20152.53,2022-10-28 16:55:00+05:30,20197.26,44.72999999999956,2
8085,2022-10-28 17:55:00+05:30,20127.94,2022-10-28 18:00:00+05:30,20235.97,108.03000000000247,2
8086,2022-10-28 23:25:00+05:30,20629.63,2022-10-29 01:25:00+05:30,20609.21,-20.42000000000189,1
8087,2022-10-29 03:10:00+05:30,20590.89,2022-10-29 04:10:00+05:30,20622.76,31.86999999999898,2
8088,2022-10-29 05:10:00+05:30,20582.18,2022-10-29 06:20:00+05:30,20603.91,21.729999999999563,2
8089,2022-10-29 09:55:00+05:30,20676.73,2022-10-29 10:55:00+05:30,20723.36,46.63000000000102,2
8090,2022-10-29 15:55:00+05:30,20858.79,2022-10-29 17:45:00+05:30,20761.15,-97.63999999999942,1
8091,2022-10-29 19:05:00+05:30,20701.2,2022-10-29 19:25:00+05:30,20779.75,78.54999999999927,2
8092,2022-10-29 23:25:00+05:30,20808.78,2022-10-30 00:25:00+05:30,20852.82,44.04000000000087,2
8093,2022-10-30 03:35:00+05:30,20797.77,2022-10-30 05:00:00+05:30,20791.44,-6.330000000001746,1
8094,2022-10-30 09:50:00+05:30,20749.59,2022-10-30 10:00:00+05:30,20777.21,27.61999999999898,2
8095,2022-10-30 13:55:00+05:30,20759.68,2022-10-30 14:45:00+05:30,20814.98,55.29999999999927,2
8096,2022-10-30 15:15:00+05:30,20660.23,2022-10-30 16:30:00+05:30,20708.8,48.56999999999971,2
8097,2022-10-30 18:55:00+05:30,20678.41,2022-10-30 19:50:00+05:30,20710.07,31.659999999999854,2
8098,2022-10-30 21:15:00+05:30,20645.68,2022-10-30 23:05:00+05:30,20647.08,1.4000000000014552,2
8099,2022-10-31 03:30:00+05:30,20625.73,2022-10-31 04:55:00+05:30,20605.34,-20.389999999999418,1
8100,2022-10-31 07:40:00+05:30,20461.17,2022-10-31 08:35:00+05:30,20489.12,27.950000000000728,2
8101,2022-10-31 11:40:00+05:30,20502.6,2022-10-31 13:00:00+05:30,20511.1,8.5,2
8102,2022-10-31 17:35:00+05:30,20692.38,2022-10-31 18:00:00+05:30,20740.19,47.80999999999767,2
8103,2022-10-31 19:15:00+05:30,20594.14,2022-10-31 20:55:00+05:30,20384.16,-209.97999999999956,1
8104,2022-11-01 05:55:00+05:30,20454.22,2022-11-01 06:05:00+05:30,20484.16,29.93999999999869,2
8105,2022-11-01 16:40:00+05:30,20560.97,2022-11-01 18:00:00+05:30,20557.1,-3.8700000000026193,1
8106,2022-11-01 19:10:00+05:30,20451.16,2022-11-01 20:00:00+05:30,20481.27,30.110000000000582,2
8107,2022-11-02 03:30:00+05:30,20453.92,2022-11-02 04:20:00+05:30,20468.91,14.9900000000016,2
8108,2022-11-02 05:35:00+05:30,20418.68,2022-11-02 05:45:00+05:30,20477.33,58.650000000001455,2
8109,2022-11-02 07:35:00+05:30,20470.58,2022-11-02 08:10:00+05:30,20508.33,37.75,2
8110,2022-11-02 10:50:00+05:30,20500.1,2022-11-02 12:30:00+05:30,20483.79,-16.30999999999767,1
8111,2022-11-02 12:40:00+05:30,20426.2,2022-11-02 13:45:00+05:30,20439.12,12.919999999998254,2
8112,2022-11-02 15:30:00+05:30,20410.38,2022-11-02 16:30:00+05:30,20428.0,17.61999999999898,2
8113,2022-11-02 18:00:00+05:30,20400.14,2022-11-02 18:50:00+05:30,20421.92,21.779999999998836,2
8114,2022-11-02 19:00:00+05:30,20379.53,2022-11-02 19:20:00+05:30,20407.05,27.520000000000437,2
8115,2022-11-02 21:35:00+05:30,20396.07,2022-11-02 22:10:00+05:30,20438.12,42.04999999999927,2
8116,2022-11-03 00:55:00+05:30,20255.89,2022-11-03 04:40:00+05:30,20146.98,-108.90999999999985,1
8117,2022-11-03 16:45:00+05:30,20229.11,2022-11-03 18:30:00+05:30,20129.21,-99.90000000000146,1
8118,2022-11-03 23:00:00+05:30,20226.35,2022-11-04 00:00:00+05:30,20244.27,17.92000000000189,2
8119,2022-11-04 03:40:00+05:30,20222.56,2022-11-04 05:15:00+05:30,20209.37,-13.190000000002328,1
8120,2022-11-04 17:25:00+05:30,20558.46,2022-11-04 18:05:00+05:30,20709.41,150.95000000000073,2
8121,2022-11-04 21:20:00+05:30,20912.3,2022-11-04 23:15:00+05:30,20808.02,-104.27999999999884,1
8122,2022-11-05 05:35:00+05:30,21098.08,2022-11-05 06:00:00+05:30,21155.65,57.56999999999971,2
8123,2022-11-05 10:25:00+05:30,21367.24,2022-11-05 11:05:00+05:30,21423.56,56.31999999999971,2
8124,2022-11-05 12:05:00+05:30,21382.87,2022-11-05 12:45:00+05:30,21400.9,18.030000000002474,2
8125,2022-11-05 13:30:00+05:30,21371.93,2022-11-05 15:25:00+05:30,21290.65,-81.27999999999884,1
8126,2022-11-05 18:00:00+05:30,21303.39,2022-11-05 19:30:00+05:30,21304.99,1.6000000000021828,2
8127,2022-11-05 20:10:00+05:30,21232.24,2022-11-05 20:30:00+05:30,21299.79,67.54999999999927,2
8128,2022-11-05 22:30:00+05:30,21287.51,2022-11-05 22:45:00+05:30,21328.02,40.51000000000204,2
8129,2022-11-06 00:15:00+05:30,21271.38,2022-11-06 00:35:00+05:30,21322.12,50.73999999999796,2
8130,2022-11-06 04:10:00+05:30,21296.18,2022-11-06 05:25:00+05:30,21299.37,3.1899999999986903,2
8131,2022-11-06 07:20:00+05:30,21252.57,2022-11-06 09:00:00+05:30,21245.63,-6.93999999999869,1
8132,2022-11-06 09:45:00+05:30,21219.4,2022-11-06 10:00:00+05:30,21250.17,30.7699999999968,2
8133,2022-11-06 10:45:00+05:30,21206.82,2022-11-06 12:30:00+05:30,21184.47,-22.349999999998545,1
8134,2022-11-06 16:45:00+05:30,21217.58,2022-11-06 17:20:00+05:30,21252.97,35.38999999999942,2
8135,2022-11-06 19:30:00+05:30,21208.16,2022-11-06 19:45:00+05:30,21228.05,19.889999999999418,2
8136,2022-11-06 21:30:00+05:30,21193.79,2022-11-06 22:00:00+05:30,21255.03,61.23999999999796,2
8137,2022-11-06 23:50:00+05:30,21216.88,2022-11-07 02:20:00+05:30,21202.42,-14.460000000002765,1
8138,2022-11-07 03:15:00+05:30,21161.7,2022-11-07 07:00:00+05:30,20918.87,-242.83000000000175,1
8139,2022-11-07 08:40:00+05:30,20911.85,2022-11-07 10:25:00+05:30,20892.42,-19.43000000000029,1
8140,2022-11-07 12:30:00+05:30,20830.71,2022-11-07 14:15:00+05:30,20705.83,-124.87999999999738,1
8141,2022-11-07 17:45:00+05:30,20719.57,2022-11-07 18:25:00+05:30,20761.0,41.43000000000029,2
8142,2022-11-07 20:05:00+05:30,20674.02,2022-11-07 20:30:00+05:30,20716.74,42.720000000001164,2
8143,2022-11-07 22:25:00+05:30,20662.98,2022-11-07 23:30:00+05:30,20705.37,42.38999999999942,2
8144,2022-11-08 02:40:00+05:30,20777.86,2022-11-08 04:55:00+05:30,20562.67,-215.19000000000233,1
8145,2022-11-08 06:20:00+05:30,20519.0,2022-11-08 06:40:00+05:30,20580.57,61.56999999999971,2
8146,2022-11-08 08:20:00+05:30,20509.99,2022-11-08 09:35:00+05:30,20049.93,-460.0600000000013,0
8147,2022-11-08 09:40:00+05:30,19748.18,2022-11-08 11:10:00+05:30,19694.25,-53.93000000000029,1
8148,2022-11-08 13:45:00+05:30,19672.88,2022-11-08 14:05:00+05:30,19768.61,95.72999999999956,2
8149,2022-11-08 16:30:00+05:30,19633.21,2022-11-08 17:25:00+05:30,19699.04,65.83000000000175,2
8150,2022-11-08 19:20:00+05:30,19591.43,2022-11-08 21:20:00+05:30,19439.72,-151.70999999999913,1
8151,2022-11-08 23:20:00+05:30,19448.97,2022-11-08 23:35:00+05:30,18923.57,-525.4000000000015,0
8152,2022-11-08 23:45:00+05:30,18689.89,2022-11-09 00:50:00+05:30,18017.78,-672.1100000000006,0
8153,2022-11-09 00:55:00+05:30,17716.19,2022-11-09 02:10:00+05:30,18291.65,575.4600000000028,2
8154,2022-11-09 06:25:00+05:30,18335.76,2022-11-09 07:00:00+05:30,18476.91,141.15000000000146,2
8155,2022-11-09 08:00:00+05:30,18262.68,2022-11-09 09:10:00+05:30,18242.87,-19.81000000000131,1
8156,2022-11-09 13:15:00+05:30,18229.84,2022-11-09 14:45:00+05:30,17800.24,-429.59999999999854,0
8157,2022-11-09 15:15:00+05:30,17738.89,2022-11-09 15:45:00+05:30,17293.36,-445.52999999999884,0
8158,2022-11-09 18:35:00+05:30,17312.8,2022-11-09 19:35:00+05:30,17605.77,292.97000000000116,2
8159,2022-11-09 21:05:00+05:30,17284.99,2022-11-09 22:40:00+05:30,17168.86,-116.13000000000102,1
8160,2022-11-09 22:50:00+05:30,16960.93,2022-11-09 23:20:00+05:30,17086.59,125.65999999999985,2
8161,2022-11-09 23:35:00+05:30,16831.67,2022-11-10 00:45:00+05:30,16874.17,42.5,2
8162,2022-11-10 02:10:00+05:30,16315.05,2022-11-10 02:55:00+05:30,15917.12,-397.9299999999985,0
8163,2022-11-10 13:45:00+05:30,16571.44,2022-11-10 14:05:00+05:30,16768.78,197.34000000000015,2
8164,2022-11-10 15:40:00+05:30,16551.94,2022-11-10 17:05:00+05:30,16532.52,-19.419999999998254,1
8165,2022-11-10 23:05:00+05:30,17254.85,2022-11-11 00:25:00+05:30,17360.81,105.96000000000276,2
8166,2022-11-11 04:45:00+05:30,17543.1,2022-11-11 06:25:00+05:30,17553.81,10.710000000002765,2
8167,2022-11-11 07:00:00+05:30,17352.2,2022-11-11 08:50:00+05:30,16926.27,-425.9300000000003,0
8168,2022-11-11 08:55:00+05:30,16914.84,2022-11-11 09:35:00+05:30,17096.41,181.5699999999997,2
8169,2022-11-11 15:45:00+05:30,17277.97,2022-11-11 16:10:00+05:30,17355.82,77.84999999999854,2
8170,2022-11-11 19:30:00+05:30,17174.09,2022-11-11 19:45:00+05:30,16768.33,-405.7599999999984,0
8171,2022-11-11 19:50:00+05:30,16594.56,2022-11-11 20:50:00+05:30,16929.82,335.2599999999984,2
8172,2022-11-11 21:55:00+05:30,16599.75,2022-11-11 22:15:00+05:30,16833.36,233.61000000000058,2
8173,2022-11-12 01:55:00+05:30,16684.13,2022-11-12 02:35:00+05:30,16728.82,44.68999999999869,2
8174,2022-11-12 08:50:00+05:30,16798.71,2022-11-12 09:25:00+05:30,16907.44,108.72999999999956,2
8175,2022-11-12 09:55:00+05:30,16789.7,2022-11-12 11:40:00+05:30,16746.8,-42.900000000001455,1
8176,2022-11-12 13:50:00+05:30,16756.24,2022-11-12 14:05:00+05:30,16856.79,100.54999999999927,2
8177,2022-11-12 18:35:00+05:30,16794.82,2022-11-12 19:15:00+05:30,16843.63,48.81000000000131,2
8178,2022-11-12 23:40:00+05:30,16865.48,2022-11-13 00:50:00+05:30,16879.01,13.529999999998836,2
8179,2022-11-13 02:00:00+05:30,16834.46,2022-11-13 03:35:00+05:30,16822.96,-11.5,1
8180,2022-11-13 04:55:00+05:30,16782.87,2022-11-13 05:45:00+05:30,16822.98,40.11000000000058,2
8181,2022-11-13 11:55:00+05:30,16807.98,2022-11-13 13:15:00+05:30,16766.99,-40.98999999999796,1
8182,2022-11-13 14:25:00+05:30,16650.36,2022-11-13 15:50:00+05:30,16563.52,-86.84000000000015,1
8183,2022-11-13 20:50:00+05:30,16550.17,2022-11-13 22:15:00+05:30,16588.48,38.31000000000131,2
8184,2022-11-13 22:40:00+05:30,16518.77,2022-11-13 23:20:00+05:30,16555.69,36.919999999998254,2
8185,2022-11-14 02:15:00+05:30,16509.1,2022-11-14 03:05:00+05:30,16516.49,7.390000000003056,2
8186,2022-11-14 05:10:00+05:30,16299.75,2022-11-14 05:40:00+05:30,16390.88,91.13000000000102,2
8187,2022-11-14 05:50:00+05:30,16102.02,2022-11-14 08:25:00+05:30,16177.83,75.80999999999949,2
8188,2022-11-14 09:45:00+05:30,15919.05,2022-11-14 11:50:00+05:30,15953.22,34.17000000000007,2
8189,2022-11-14 14:45:00+05:30,16656.89,2022-11-14 15:10:00+05:30,16766.27,109.38000000000102,2
8190,2022-11-14 17:30:00+05:30,16689.14,2022-11-14 17:55:00+05:30,16755.33,66.19000000000233,2
8191,2022-11-14 21:45:00+05:30,16397.21,2022-11-14 22:40:00+05:30,16515.5,118.29000000000087,2
8192,2022-11-15 00:45:00+05:30,16539.54,2022-11-15 02:45:00+05:30,16362.65,-176.89000000000124,1
8193,2022-11-15 11:00:00+05:30,16712.93,2022-11-15 12:00:00+05:30,16734.25,21.31999999999971,2
8194,2022-11-15 15:05:00+05:30,16777.0,2022-11-15 16:10:00+05:30,16844.13,67.13000000000102,2
8195,2022-11-15 23:45:00+05:30,16929.41,2022-11-16 01:10:00+05:30,16794.96,-134.45000000000073,1
8196,2022-11-16 05:50:00+05:30,16806.69,2022-11-16 07:05:00+05:30,16833.27,26.580000000001746,2
8197,2022-11-16 09:50:00+05:30,16895.34,2022-11-16 10:50:00+05:30,16928.92,33.57999999999811,2
8198,2022-11-16 11:40:00+05:30,16844.57,2022-11-16 12:30:00+05:30,16887.69,43.11999999999898,2
8199,2022-11-16 13:40:00+05:30,16799.01,2022-11-16 15:30:00+05:30,16769.4,-29.609999999996944,1
8200,2022-11-16 15:50:00+05:30,16697.0,2022-11-16 16:25:00+05:30,16731.47,34.470000000001164,2
8201,2022-11-16 17:35:00+05:30,16647.03,2022-11-16 20:00:00+05:30,16569.32,-77.70999999999913,1
8202,2022-11-16 21:15:00+05:30,16410.65,2022-11-16 22:10:00+05:30,16521.91,111.2599999999984,2
8203,2022-11-17 00:35:00+05:30,16497.18,2022-11-17 01:20:00+05:30,16548.02,50.840000000000146,2
8204,2022-11-17 03:50:00+05:30,16513.17,2022-11-17 04:15:00+05:30,16559.75,46.580000000001746,2
8205,2022-11-17 07:35:00+05:30,16654.29,2022-11-17 10:30:00+05:30,16544.34,-109.95000000000073,1
8206,2022-11-17 15:00:00+05:30,16495.81,2022-11-17 15:50:00+05:30,16546.5,50.68999999999869,2
8207,2022-11-17 18:10:00+05:30,16553.67,2022-11-17 18:25:00+05:30,16577.35,23.68000000000029,2
8208,2022-11-17 18:30:00+05:30,16531.57,2022-11-17 20:00:00+05:30,16512.03,-19.540000000000873,1
8209,2022-11-18 01:20:00+05:30,16632.27,2022-11-18 01:55:00+05:30,16664.25,31.979999999999563,2
8210,2022-11-18 09:25:00+05:30,16854.98,2022-11-18 10:45:00+05:30,16841.79,-13.18999999999869,1
8211,2022-11-18 11:40:00+05:30,16768.37,2022-11-18 12:20:00+05:30,16801.04,32.67000000000189,2
8212,2022-11-18 13:00:00+05:30,16734.45,2022-11-18 14:25:00+05:30,16737.44,2.9899999999979627,2
8213,2022-11-18 17:05:00+05:30,16734.0,2022-11-18 17:30:00+05:30,16763.63,29.63000000000102,2
8214,2022-11-18 19:15:00+05:30,16751.09,2022-11-18 19:45:00+05:30,16780.61,29.520000000000437,2
8215,2022-11-18 20:00:00+05:30,16697.26,2022-11-18 21:20:00+05:30,16708.98,11.720000000001164,2
8216,2022-11-18 22:20:00+05:30,16647.15,2022-11-19 00:30:00+05:30,16603.85,-43.30000000000291,1
8217,2022-11-19 04:05:00+05:30,16633.2,2022-11-19 04:15:00+05:30,16654.19,20.989999999997963,2
8218,2022-11-19 07:30:00+05:30,16643.54,2022-11-19 08:35:00+05:30,16632.84,-10.700000000000728,1
8219,2022-11-19 10:40:00+05:30,16599.83,2022-11-19 11:50:00+05:30,16616.94,17.109999999996944,2
8220,2022-11-19 13:50:00+05:30,16594.78,2022-11-19 14:05:00+05:30,16630.79,36.01000000000204,2
8221,2022-11-19 22:45:00+05:30,16634.21,2022-11-20 00:00:00+05:30,16634.35,0.13999999999941792,2
8222,2022-11-20 07:25:00+05:30,16684.71,2022-11-20 08:00:00+05:30,16709.8,25.090000000000146,2
8223,2022-11-20 10:40:00+05:30,16671.64,2022-11-20 11:10:00+05:30,16687.59,15.950000000000728,2
8224,2022-11-20 14:10:00+05:30,16583.14,2022-11-20 15:35:00+05:30,16635.12,51.97999999999956,2
8225,2022-11-20 16:45:00+05:30,16582.83,2022-11-20 18:05:00+05:30,16569.44,-13.390000000003056,1
8226,2022-11-20 23:20:00+05:30,16547.39,2022-11-20 23:45:00+05:30,16583.5,36.11000000000058,2
8227,2022-11-21 01:45:00+05:30,16536.71,2022-11-21 05:15:00+05:30,16293.83,-242.8799999999992,1
8228,2022-11-21 05:35:00+05:30,16176.95,2022-11-21 06:20:00+05:30,16275.78,98.82999999999993,2
8229,2022-11-21 07:35:00+05:30,16024.6,2022-11-21 09:05:00+05:30,16026.22,1.6199999999989814,2
8230,2022-11-21 12:25:00+05:30,16091.53,2022-11-21 14:40:00+05:30,16044.39,-47.14000000000124,1
8231,2022-11-21 17:35:00+05:30,16043.86,2022-11-21 18:10:00+05:30,16103.87,60.01000000000022,2
8232,2022-11-21 21:40:00+05:30,16097.84,2022-11-21 23:05:00+05:30,16054.26,-43.57999999999993,1
8233,2022-11-21 23:45:00+05:30,15954.45,2022-11-22 00:35:00+05:30,15997.78,43.32999999999993,2
8234,2022-11-22 00:55:00+05:30,15810.52,2022-11-22 02:05:00+05:30,15832.39,21.86999999999898,2
8235,2022-11-22 03:15:00+05:30,15593.58,2022-11-22 03:55:00+05:30,15801.18,207.60000000000036,2
8236,2022-11-22 07:40:00+05:30,15773.48,2022-11-22 08:20:00+05:30,15821.6,48.1200000000008,2
8237,2022-11-22 11:30:00+05:30,15751.18,2022-11-22 13:00:00+05:30,15737.58,-13.600000000000364,1
8238,2022-11-22 23:00:00+05:30,16122.68,2022-11-22 23:40:00+05:30,16154.87,32.19000000000051,2
8239,2022-11-23 02:25:00+05:30,16135.92,2022-11-23 03:10:00+05:30,16149.69,13.770000000000437,2
8240,2022-11-23 11:25:00+05:30,16464.07,2022-11-23 11:55:00+05:30,16494.76,30.68999999999869,2
8241,2022-11-23 17:50:00+05:30,16540.82,2022-11-23 20:15:00+05:30,16459.61,-81.20999999999913,1
8242,2022-11-23 22:25:00+05:30,16334.35,2022-11-23 23:25:00+05:30,16391.62,57.26999999999862,2
8243,2022-11-24 09:55:00+05:30,16663.26,2022-11-24 11:15:00+05:30,16695.1,31.840000000000146,2
8244,2022-11-24 11:25:00+05:30,16655.8,2022-11-24 12:00:00+05:30,16685.94,30.139999999999418,2
8245,2022-11-24 13:25:00+05:30,16623.9,2022-11-24 14:55:00+05:30,16613.34,-10.56000000000131,1
8246,2022-11-24 16:00:00+05:30,16552.11,2022-11-24 17:15:00+05:30,16559.46,7.349999999998545,2
8247,2022-11-24 18:10:00+05:30,16516.14,2022-11-24 18:30:00+05:30,16554.9,38.76000000000204,2
8248,2022-11-24 19:45:00+05:30,16482.19,2022-11-24 20:45:00+05:30,16541.59,59.400000000001455,2
8249,2022-11-25 00:15:00+05:30,16549.51,2022-11-25 01:00:00+05:30,16579.89,30.38000000000102,2
8250,2022-11-25 02:30:00+05:30,16542.44,2022-11-25 03:10:00+05:30,16573.84,31.400000000001455,2
8251,2022-11-25 05:40:00+05:30,16554.0,2022-11-25 07:05:00+05:30,16549.66,-4.3400000000001455,1
8252,2022-11-25 07:30:00+05:30,16484.69,2022-11-25 08:20:00+05:30,16527.1,42.409999999999854,2
8253,2022-11-25 10:05:00+05:30,16416.21,2022-11-25 11:45:00+05:30,16404.75,-11.459999999999127,1
8254,2022-11-25 15:30:00+05:30,16414.14,2022-11-25 15:40:00+05:30,16449.12,34.97999999999956,2
8255,2022-11-25 18:15:00+05:30,16505.55,2022-11-25 20:10:00+05:30,16489.59,-15.959999999999127,1
8256,2022-11-26 08:40:00+05:30,16613.31,2022-11-26 09:10:00+05:30,16637.3,23.989999999997963,2
8257,2022-11-26 11:30:00+05:30,16604.48,2022-11-26 13:10:00+05:30,16571.98,-32.5,1
8258,2022-11-26 16:40:00+05:30,16568.73,2022-11-26 17:50:00+05:30,16583.64,14.909999999999854,2
8259,2022-11-26 18:05:00+05:30,16560.27,2022-11-26 18:25:00+05:30,16580.59,20.31999999999971,2
8260,2022-11-26 20:20:00+05:30,16570.79,2022-11-26 21:55:00+05:30,16531.44,-39.35000000000218,1
8261,2022-11-27 00:00:00+05:30,16499.46,2022-11-27 01:20:00+05:30,16488.03,-11.430000000000291,1
8262,2022-11-27 03:50:00+05:30,16486.96,2022-11-27 05:10:00+05:30,16474.78,-12.180000000000291,1
8263,2022-11-27 13:55:00+05:30,16543.67,2022-11-27 15:45:00+05:30,16537.6,-6.069999999999709,1
8264,2022-11-27 19:10:00+05:30,16532.02,2022-11-27 19:50:00+05:30,16555.72,23.700000000000728,2
8265,2022-11-27 20:15:00+05:30,16529.53,2022-11-27 20:40:00+05:30,16544.93,15.400000000001455,2
8266,2022-11-27 22:20:00+05:30,16545.88,2022-11-27 23:45:00+05:30,16538.15,-7.729999999999563,1
8267,2022-11-28 04:30:00+05:30,16474.42,2022-11-28 05:50:00+05:30,16478.46,4.040000000000873,2
8268,2022-11-28 06:40:00+05:30,16386.18,2022-11-28 08:35:00+05:30,16152.85,-233.32999999999993,1
8269,2022-11-28 18:10:00+05:30,16184.53,2022-11-28 19:05:00+05:30,16199.61,15.079999999999927,2
8270,2022-11-28 21:40:00+05:30,16074.09,2022-11-28 22:00:00+05:30,16153.25,79.15999999999985,2
8271,2022-11-29 03:10:00+05:30,16193.44,2022-11-29 04:00:00+05:30,16229.43,35.98999999999978,2
8272,2022-11-29 05:40:00+05:30,16150.38,2022-11-29 06:35:00+05:30,16187.32,36.94000000000051,2
8273,2022-11-29 13:35:00+05:30,16446.48,2022-11-29 13:55:00+05:30,16479.11,32.63000000000102,2
8274,2022-11-29 17:30:00+05:30,16486.57,2022-11-29 20:10:00+05:30,16431.49,-55.07999999999811,1
8275,2022-11-29 20:25:00+05:30,16361.78,2022-11-29 20:55:00+05:30,16421.4,59.6200000000008,2
8276,2022-11-30 05:15:00+05:30,16438.69,2022-11-30 06:00:00+05:30,16480.7,42.01000000000204,2
8277,2022-11-30 14:55:00+05:30,16851.57,2022-11-30 15:40:00+05:30,16886.83,35.26000000000204,2
8278,2022-11-30 18:05:00+05:30,16838.05,2022-11-30 18:50:00+05:30,16883.39,45.340000000000146,2
8279,2022-11-30 22:50:00+05:30,16747.93,2022-12-01 00:00:00+05:30,16836.42,88.48999999999796,2
8280,2022-12-01 08:00:00+05:30,17098.27,2022-12-01 08:25:00+05:30,17123.98,25.709999999999127,2
8281,2022-12-01 10:20:00+05:30,17138.29,2022-12-01 12:15:00+05:30,17123.31,-14.979999999999563,1
8282,2022-12-01 13:20:00+05:30,17085.1,2022-12-01 14:10:00+05:30,17106.63,21.530000000002474,2
8283,2022-12-01 16:30:00+05:30,17076.19,2022-12-01 17:15:00+05:30,17095.58,19.390000000003056,2
8284,2022-12-01 19:15:00+05:30,17012.93,2022-12-01 20:15:00+05:30,17092.82,79.88999999999942,2
8285,2022-12-01 20:45:00+05:30,16968.56,2022-12-01 22:05:00+05:30,16990.45,21.889999999999418,2
8286,2022-12-01 22:45:00+05:30,16930.31,2022-12-01 22:55:00+05:30,16968.91,38.599999999998545,2
8287,2022-12-02 00:00:00+05:30,16926.3,2022-12-02 01:00:00+05:30,16943.25,16.950000000000728,2
8288,2022-12-02 02:25:00+05:30,16916.12,2022-12-02 03:15:00+05:30,16930.96,14.840000000000146,2
8289,2022-12-02 07:15:00+05:30,16894.29,2022-12-02 08:30:00+05:30,16924.98,30.68999999999869,2
8290,2022-12-02 12:10:00+05:30,16922.44,2022-12-02 12:45:00+05:30,16935.42,12.979999999999563,2
8291,2022-12-02 15:55:00+05:30,16949.52,2022-12-02 16:20:00+05:30,16964.31,14.790000000000873,2
8292,2022-12-02 19:00:00+05:30,16864.53,2022-12-02 20:05:00+05:30,16961.21,96.68000000000029,2
8293,2022-12-03 07:40:00+05:30,17017.34,2022-12-03 09:40:00+05:30,17024.71,7.369999999998981,2
8294,2022-12-03 11:35:00+05:30,16976.64,2022-12-03 14:30:00+05:30,16955.0,-21.639999999999418,1
8295,2022-12-03 16:10:00+05:30,16952.74,2022-12-03 17:20:00+05:30,16956.03,3.289999999997235,2
8296,2022-12-03 19:50:00+05:30,16942.19,2022-12-03 20:30:00+05:30,16961.48,19.290000000000873,2
8297,2022-12-03 22:05:00+05:30,16950.71,2022-12-03 22:45:00+05:30,16957.17,6.459999999999127,2
8298,2022-12-04 00:40:00+05:30,16960.78,2022-12-04 03:20:00+05:30,16941.3,-19.479999999999563,1
8299,2022-12-04 04:00:00+05:30,16893.55,2022-12-04 05:10:00+05:30,16908.47,14.920000000001892,2
8300,2022-12-04 15:25:00+05:30,17000.65,2022-12-04 18:05:00+05:30,16960.57,-40.080000000001746,1
8301,2022-12-04 19:15:00+05:30,16934.38,2022-12-04 19:30:00+05:30,16949.75,15.369999999998981,2
8302,2022-12-04 22:35:00+05:30,16989.25,2022-12-04 23:15:00+05:30,17013.04,23.790000000000873,2
8303,2022-12-05 08:50:00+05:30,17227.4,2022-12-05 10:10:00+05:30,17276.04,48.63999999999942,2
8304,2022-12-05 14:50:00+05:30,17292.24,2022-12-05 16:10:00+05:30,17320.81,28.56999999999971,2
8305,2022-12-05 17:35:00+05:30,17277.12,2022-12-05 18:55:00+05:30,17276.47,-0.6499999999978172,1
8306,2022-12-05 19:15:00+05:30,17225.76,2022-12-05 22:05:00+05:30,17072.71,-153.04999999999927,1
8307,2022-12-06 00:45:00+05:30,16938.49,2022-12-06 02:20:00+05:30,16933.01,-5.480000000003201,1
8308,2022-12-06 09:20:00+05:30,17008.4,2022-12-06 11:35:00+05:30,16996.77,-11.630000000001019,1
8309,2022-12-06 14:00:00+05:30,16979.48,2022-12-06 14:10:00+05:30,17021.07,41.590000000000146,2
8310,2022-12-06 15:30:00+05:30,16957.91,2022-12-06 16:50:00+05:30,16979.07,21.159999999999854,2
8311,2022-12-06 20:30:00+05:30,16952.79,2022-12-06 20:45:00+05:30,16994.95,42.159999999999854,2
8312,2022-12-06 22:40:00+05:30,16967.67,2022-12-07 00:15:00+05:30,16986.07,18.400000000001455,2
8313,2022-12-07 04:15:00+05:30,16965.49,2022-12-07 04:30:00+05:30,16995.19,29.69999999999709,2
8314,2022-12-07 06:55:00+05:30,17035.81,2022-12-07 07:15:00+05:30,17067.61,31.799999999999272,2
8315,2022-12-07 08:55:00+05:30,17027.22,2022-12-07 10:20:00+05:30,17030.57,3.349999999998545,2
8316,2022-12-07 10:55:00+05:30,16995.66,2022-12-07 14:05:00+05:30,16807.2,-188.45999999999913,1
8317,2022-12-07 17:20:00+05:30,16791.1,2022-12-07 18:35:00+05:30,16812.16,21.06000000000131,2
8318,2022-12-07 20:15:00+05:30,16826.14,2022-12-07 21:20:00+05:30,16844.63,18.4900000000016,2
8319,2022-12-07 21:50:00+05:30,16805.08,2022-12-07 22:55:00+05:30,16818.54,13.459999999999127,2
8320,2022-12-08 00:25:00+05:30,16783.88,2022-12-08 01:00:00+05:30,16814.95,31.06999999999971,2
8321,2022-12-08 04:00:00+05:30,16804.38,2022-12-08 04:10:00+05:30,16840.1,35.719999999997526,2
8322,2022-12-08 06:25:00+05:30,16812.53,2022-12-08 07:55:00+05:30,16823.4,10.87000000000262,2
8323,2022-12-08 09:50:00+05:30,16812.9,2022-12-08 11:20:00+05:30,16820.16,7.259999999998399,2
8324,2022-12-08 11:30:00+05:30,16798.4,2022-12-08 12:05:00+05:30,16810.09,11.68999999999869,2
8325,2022-12-08 14:55:00+05:30,16816.47,2022-12-08 15:45:00+05:30,16824.92,8.44999999999709,2
8326,2022-12-08 17:10:00+05:30,16797.17,2022-12-08 17:15:00+05:30,16832.2,35.030000000002474,2
8327,2022-12-09 02:15:00+05:30,17175.15,2022-12-09 03:30:00+05:30,17193.68,18.529999999998836,2
8328,2022-12-09 05:55:00+05:30,17195.25,2022-12-09 06:35:00+05:30,17234.04,38.79000000000087,2
8329,2022-12-09 08:15:00+05:30,17209.3,2022-12-09 09:50:00+05:30,17210.22,0.9200000000018917,2
8330,2022-12-09 18:50:00+05:30,17209.37,2022-12-09 20:10:00+05:30,17165.14,-44.22999999999956,1
8331,2022-12-09 23:35:00+05:30,17139.38,2022-12-10 00:45:00+05:30,17148.8,9.419999999998254,2
8332,2022-12-10 01:55:00+05:30,17128.54,2022-12-10 03:25:00+05:30,17111.1,-17.44000000000233,1
8333,2022-12-10 07:50:00+05:30,17139.01,2022-12-10 08:50:00+05:30,17145.43,6.420000000001892,2
8334,2022-12-10 14:50:00+05:30,17125.78,2022-12-10 15:25:00+05:30,17145.29,19.510000000002037,2
8335,2022-12-10 18:00:00+05:30,17151.99,2022-12-10 18:40:00+05:30,17170.97,18.979999999999563,2
8336,2022-12-10 23:25:00+05:30,17169.18,2022-12-10 23:45:00+05:30,17189.25,20.06999999999971,2
8337,2022-12-11 00:50:00+05:30,17167.77,2022-12-11 01:40:00+05:30,17179.02,11.25,2
8338,2022-12-11 02:50:00+05:30,17155.43,2022-12-11 04:30:00+05:30,17147.58,-7.849999999998545,1
8339,2022-12-11 12:40:00+05:30,17155.4,2022-12-11 12:55:00+05:30,17173.46,18.05999999999767,2
8340,2022-12-11 15:50:00+05:30,17156.39,2022-12-11 16:10:00+05:30,17170.29,13.900000000001455,2
8341,2022-12-11 16:30:00+05:30,17146.45,2022-12-11 17:05:00+05:30,17159.16,12.709999999999127,2
8342,2022-12-11 19:15:00+05:30,17134.55,2022-12-11 20:15:00+05:30,17154.35,19.799999999999272,2
8343,2022-12-12 04:45:00+05:30,17098.97,2022-12-12 07:05:00+05:30,16977.35,-121.62000000000262,1
8344,2022-12-12 07:40:00+05:30,16927.6,2022-12-12 08:10:00+05:30,16953.58,25.9800000000032,2
8345,2022-12-12 08:20:00+05:30,16881.86,2022-12-12 09:25:00+05:30,16918.97,37.11000000000058,2
8346,2022-12-12 12:45:00+05:30,16923.05,2022-12-12 13:55:00+05:30,16925.78,2.7299999999995634,2
8347,2022-12-12 17:50:00+05:30,16956.53,2022-12-12 18:15:00+05:30,16978.52,21.9900000000016,2
8348,2022-12-12 22:40:00+05:30,16991.75,2022-12-12 23:15:00+05:30,17013.71,21.959999999999127,2
8349,2022-12-13 04:15:00+05:30,17145.01,2022-12-13 04:45:00+05:30,17170.94,25.93000000000029,2
8350,2022-12-13 07:50:00+05:30,17134.5,2022-12-13 08:20:00+05:30,17150.02,15.520000000000437,2
8351,2022-12-13 12:20:00+05:30,17147.38,2022-12-13 13:10:00+05:30,17160.04,12.659999999999854,2
8352,2022-12-13 18:30:00+05:30,17404.97,2022-12-13 18:40:00+05:30,17444.32,39.349999999998545,2
8353,2022-12-13 20:45:00+05:30,17795.16,2022-12-13 21:40:00+05:30,17810.12,14.959999999999127,2
8354,2022-12-13 22:45:00+05:30,17709.91,2022-12-14 00:00:00+05:30,17715.66,5.75,2
8355,2022-12-14 04:00:00+05:30,17714.87,2022-12-14 04:20:00+05:30,17771.72,56.85000000000218,2
8356,2022-12-14 07:45:00+05:30,17756.0,2022-12-14 08:20:00+05:30,17806.25,50.25,2
8357,2022-12-15 00:30:00+05:30,17980.41,2022-12-15 02:30:00+05:30,17801.36,-179.04999999999927,1
8358,2022-12-15 07:00:00+05:30,17773.55,2022-12-15 08:20:00+05:30,17699.96,-73.59000000000015,1
8359,2022-12-15 13:20:00+05:30,17703.38,2022-12-15 15:00:00+05:30,17674.76,-28.62000000000262,1
8360,2022-12-15 18:35:00+05:30,17652.12,2022-12-15 22:45:00+05:30,17420.31,-231.80999999999767,1
8361,2022-12-16 00:15:00+05:30,17340.61,2022-12-16 00:30:00+05:30,17401.76,61.14999999999782,2
8362,2022-12-16 02:35:00+05:30,17406.18,2022-12-16 04:30:00+05:30,17365.93,-40.25,1
8363,2022-12-16 10:25:00+05:30,17390.0,2022-12-16 11:10:00+05:30,17406.11,16.110000000000582,2
8364,2022-12-16 14:15:00+05:30,17431.41,2022-12-16 14:35:00+05:30,17073.85,-357.5600000000013,0
8365,2022-12-16 14:40:00+05:30,17026.51,2022-12-16 16:35:00+05:30,17017.24,-9.269999999996799,1
8366,2022-12-16 19:00:00+05:30,16952.22,2022-12-16 19:50:00+05:30,17007.59,55.36999999999898,2
8367,2022-12-16 21:35:00+05:30,16867.06,2022-12-16 23:35:00+05:30,16821.82,-45.2400000000016,1
8368,2022-12-17 04:05:00+05:30,16712.44,2022-12-17 05:35:00+05:30,16669.45,-42.98999999999796,1
8369,2022-12-17 07:15:00+05:30,16665.62,2022-12-17 08:20:00+05:30,16662.95,-2.6699999999982538,1
8370,2022-12-17 14:50:00+05:30,16699.44,2022-12-17 15:50:00+05:30,16706.45,7.010000000002037,2
8371,2022-12-17 16:05:00+05:30,16670.27,2022-12-17 16:20:00+05:30,16732.23,61.95999999999913,2
8372,2022-12-17 18:10:00+05:30,16683.59,2022-12-17 18:45:00+05:30,16706.77,23.18000000000029,2
8373,2022-12-17 18:55:00+05:30,16661.9,2022-12-17 19:30:00+05:30,16687.28,25.37999999999738,2
8374,2022-12-17 23:05:00+05:30,16665.68,2022-12-17 23:15:00+05:30,16689.97,24.290000000000873,2
8375,2022-12-18 12:05:00+05:30,16722.24,2022-12-18 12:30:00+05:30,16741.2,18.959999999999127,2
8376,2022-12-18 14:55:00+05:30,16690.67,2022-12-18 16:15:00+05:30,16708.33,17.660000000003492,2
8377,2022-12-18 19:50:00+05:30,16691.51,2022-12-18 21:35:00+05:30,16693.9,2.390000000003056,2
8378,2022-12-18 22:10:00+05:30,16678.5,2022-12-18 22:20:00+05:30,16691.41,12.909999999999854,2
8379,2022-12-19 05:25:00+05:30,16738.21,2022-12-19 05:50:00+05:30,16784.02,45.81000000000131,2
8380,2022-12-19 08:00:00+05:30,16738.81,2022-12-19 09:50:00+05:30,16717.81,-21.0,1
8381,2022-12-19 17:15:00+05:30,16731.22,2022-12-19 18:05:00+05:30,16747.24,16.020000000000437,2
8382,2022-12-19 19:25:00+05:30,16710.18,2022-12-19 20:05:00+05:30,16741.93,31.75,2
8383,2022-12-19 21:20:00+05:30,16677.23,2022-12-19 23:30:00+05:30,16614.55,-62.68000000000029,1
8384,2022-12-20 03:45:00+05:30,16573.75,2022-12-20 05:25:00+05:30,16438.88,-134.86999999999898,1
8385,2022-12-20 15:45:00+05:30,16786.08,2022-12-20 16:45:00+05:30,16813.93,27.849999999998545,2
8386,2022-12-20 19:00:00+05:30,16796.44,2022-12-20 19:10:00+05:30,16819.62,23.18000000000029,2
8387,2022-12-20 20:15:00+05:30,16756.13,2022-12-20 20:25:00+05:30,16901.93,145.79999999999927,2
8388,2022-12-21 02:20:00+05:30,16857.89,2022-12-21 03:15:00+05:30,16885.69,27.799999999999272,2
8389,2022-12-21 06:15:00+05:30,16854.84,2022-12-21 07:20:00+05:30,16865.73,10.889999999999418,2
8390,2022-12-21 08:35:00+05:30,16822.25,2022-12-21 10:50:00+05:30,16816.09,-6.1599999999998545,1
8391,2022-12-21 13:25:00+05:30,16816.18,2022-12-21 14:10:00+05:30,16845.84,29.659999999999854,2
8392,2022-12-21 17:45:00+05:30,16842.51,2022-12-21 18:15:00+05:30,16863.39,20.88000000000102,2
8393,2022-12-21 20:25:00+05:30,16796.34,2022-12-21 21:00:00+05:30,16845.88,49.54000000000087,2
8394,2022-12-21 22:15:00+05:30,16792.97,2022-12-21 23:20:00+05:30,16816.55,23.57999999999811,2
8395,2022-12-22 00:10:00+05:30,16788.85,2022-12-22 02:15:00+05:30,16775.68,-13.169999999998254,1
8396,2022-12-22 04:30:00+05:30,16756.48,2022-12-22 04:35:00+05:30,16775.97,19.4900000000016,2
8397,2022-12-22 10:30:00+05:30,16828.35,2022-12-22 12:45:00+05:30,16817.03,-11.319999999999709,1
8398,2022-12-22 19:10:00+05:30,16777.07,2022-12-22 22:00:00+05:30,16663.44,-113.63000000000102,1
8399,2022-12-22 22:55:00+05:30,16622.07,2022-12-23 00:10:00+05:30,16616.81,-5.259999999998399,1
8400,2022-12-23 06:15:00+05:30,16776.73,2022-12-23 06:55:00+05:30,16800.18,23.450000000000728,2
8401,2022-12-23 11:50:00+05:30,16809.77,2022-12-23 12:05:00+05:30,16843.77,34.0,2
8402,2022-12-23 13:45:00+05:30,16828.21,2022-12-23 14:15:00+05:30,16844.52,16.31000000000131,2
8403,2022-12-23 19:00:00+05:30,16819.04,2022-12-23 19:05:00+05:30,16887.2,68.15999999999985,2
8404,2022-12-23 19:30:00+05:30,16816.33,2022-12-23 20:45:00+05:30,16843.4,27.06999999999971,2
8405,2022-12-24 01:55:00+05:30,16824.23,2022-12-24 03:05:00+05:30,16817.59,-6.639999999999418,1
8406,2022-12-24 03:35:00+05:30,16794.81,2022-12-24 04:55:00+05:30,16792.65,-2.1599999999998545,1
8407,2022-12-24 10:30:00+05:30,16824.56,2022-12-24 11:55:00+05:30,16819.5,-5.06000000000131,1
8408,2022-12-24 16:40:00+05:30,16826.15,2022-12-24 16:50:00+05:30,16834.49,8.340000000000146,2
8409,2022-12-24 19:25:00+05:30,16818.3,2022-12-24 19:45:00+05:30,16824.5,6.200000000000728,2
8410,2022-12-25 03:05:00+05:30,16824.89,2022-12-25 04:15:00+05:30,16839.07,14.180000000000291,2
8411,2022-12-25 07:50:00+05:30,16836.68,2022-12-25 08:45:00+05:30,16836.47,-0.20999999999912689,1
8412,2022-12-25 10:05:00+05:30,16819.9,2022-12-25 11:10:00+05:30,16826.01,6.109999999996944,2
8413,2022-12-25 15:50:00+05:30,16822.99,2022-12-25 16:05:00+05:30,16828.94,5.94999999999709,2
8414,2022-12-25 16:15:00+05:30,16822.17,2022-12-25 17:05:00+05:30,16826.35,4.180000000000291,2
8415,2022-12-25 19:00:00+05:30,16814.95,2022-12-25 20:25:00+05:30,16828.68,13.729999999999563,2
8416,2022-12-26 00:25:00+05:30,16779.47,2022-12-26 01:20:00+05:30,16777.86,-1.610000000000582,1
8417,2022-12-26 11:25:00+05:30,16853.3,2022-12-26 14:40:00+05:30,16840.08,-13.219999999997526,1
8418,2022-12-26 18:40:00+05:30,16845.43,2022-12-26 21:40:00+05:30,16824.84,-20.590000000000146,1
8419,2022-12-26 23:40:00+05:30,16825.47,2022-12-27 00:45:00+05:30,16854.87,29.399999999997817,2
8420,2022-12-27 03:10:00+05:30,16834.43,2022-12-27 03:40:00+05:30,16844.39,9.959999999999127,2
8421,2022-12-27 13:35:00+05:30,16858.8,2022-12-27 14:55:00+05:30,16860.5,1.7000000000007276,2
8422,2022-12-27 16:45:00+05:30,16817.97,2022-12-27 18:15:00+05:30,16831.69,13.719999999997526,2
8423,2022-12-27 18:25:00+05:30,16812.0,2022-12-27 18:35:00+05:30,16832.33,20.330000000001746,2
8424,2022-12-27 20:00:00+05:30,16784.54,2022-12-27 20:45:00+05:30,16814.24,29.700000000000728,2
8425,2022-12-27 22:55:00+05:30,16752.27,2022-12-28 00:55:00+05:30,16656.05,-96.22000000000116,1
8426,2022-12-28 06:25:00+05:30,16686.23,2022-12-28 06:55:00+05:30,16721.88,35.650000000001455,2
8427,2022-12-28 08:35:00+05:30,16660.45,2022-12-28 09:40:00+05:30,16663.73,3.279999999998836,2
8428,2022-12-28 11:00:00+05:30,16634.63,2022-12-28 12:30:00+05:30,16627.84,-6.790000000000873,1
8429,2022-12-28 14:40:00+05:30,16636.88,2022-12-28 15:00:00+05:30,16650.54,13.659999999999854,2
8430,2022-12-28 18:00:00+05:30,16658.35,2022-12-28 19:05:00+05:30,16662.3,3.9500000000007276,2
8431,2022-12-28 19:50:00+05:30,16642.81,2022-12-28 19:55:00+05:30,16660.22,17.409999999999854,2
8432,2022-12-29 00:50:00+05:30,16612.19,2022-12-29 04:15:00+05:30,16524.34,-87.84999999999854,1
8433,2022-12-29 07:35:00+05:30,16525.62,2022-12-29 08:10:00+05:30,16544.55,18.93000000000029,2
8434,2022-12-29 12:40:00+05:30,16545.52,2022-12-29 13:05:00+05:30,16561.42,15.899999999997817,2
8435,2022-12-29 13:50:00+05:30,16532.45,2022-12-29 14:35:00+05:30,16546.63,14.180000000000291,2
8436,2022-12-30 01:50:00+05:30,16591.69,2022-12-30 02:20:00+05:30,16612.11,20.42000000000189,2
8437,2022-12-30 07:00:00+05:30,16615.58,2022-12-30 08:10:00+05:30,16616.82,1.2399999999979627,2
8438,2022-12-30 10:45:00+05:30,16589.2,2022-12-30 14:10:00+05:30,16493.77,-95.43000000000029,1
8439,2022-12-30 16:10:00+05:30,16503.35,2022-12-30 16:55:00+05:30,16510.57,7.220000000001164,2
8440,2022-12-30 19:00:00+05:30,16466.43,2022-12-30 20:00:00+05:30,16492.85,26.419999999998254,2
8441,2022-12-30 20:15:00+05:30,16389.52,2022-12-30 20:45:00+05:30,16507.72,118.20000000000073,2
8442,2022-12-31 01:25:00+05:30,16525.37,2022-12-31 01:45:00+05:30,16552.55,27.18000000000029,2
8443,2022-12-31 06:35:00+05:30,16572.85,2022-12-31 08:05:00+05:30,16571.96,-0.8899999999994179,1
8444,2022-12-31 09:00:00+05:30,16556.99,2022-12-31 10:30:00+05:30,16554.3,-2.6900000000023283,1
8445,2022-12-31 11:25:00+05:30,16538.76,2022-12-31 11:40:00+05:30,16552.12,13.360000000000582,2
8446,2022-12-31 18:05:00+05:30,16553.94,2022-12-31 18:25:00+05:30,16575.44,21.5,2
8447,2022-12-31 22:40:00+05:30,16583.99,2023-01-01 01:05:00+05:30,16587.87,3.8799999999973807,2
8448,2023-01-01 03:00:00+05:30,16557.92,2023-01-01 03:40:00+05:30,16565.38,7.460000000002765,2
8449,2023-01-01 03:45:00+05:30,16531.62,2023-01-01 05:00:00+05:30,16538.17,6.549999999999272,2
8450,2023-01-01 08:30:00+05:30,16529.36,2023-01-01 11:15:00+05:30,16522.06,-7.299999999999272,1
8451,2023-01-01 12:45:00+05:30,16509.91,2023-01-01 13:30:00+05:30,16531.29,21.38000000000102,2
8452,2023-01-01 19:05:00+05:30,16541.64,2023-01-01 19:40:00+05:30,16553.11,11.470000000001164,2
8453,2023-01-01 20:50:00+05:30,16539.52,2023-01-01 21:10:00+05:30,16548.82,9.299999999999272,2
8454,2023-01-02 02:35:00+05:30,16593.73,2023-01-02 03:20:00+05:30,16608.05,14.319999999999709,2
8455,2023-01-02 05:55:00+05:30,16588.45,2023-01-02 07:40:00+05:30,16576.28,-12.170000000001892,1
8456,2023-01-02 17:00:00+05:30,16712.43,2023-01-02 17:10:00+05:30,16728.21,15.779999999998836,2
8457,2023-01-02 19:05:00+05:30,16696.79,2023-01-02 20:35:00+05:30,16699.88,3.0900000000001455,2
8458,2023-01-02 22:25:00+05:30,16710.88,2023-01-03 00:15:00+05:30,16722.9,12.020000000000437,2
8459,2023-01-03 04:00:00+05:30,16712.04,2023-01-03 06:00:00+05:30,16704.42,-7.620000000002619,1
8460,2023-01-03 06:50:00+05:30,16658.96,2023-01-03 07:30:00+05:30,16686.04,27.080000000001746,2
8461,2023-01-03 14:10:00+05:30,16703.53,2023-01-03 14:30:00+05:30,16724.61,21.080000000001746,2
8462,2023-01-03 16:25:00+05:30,16724.32,2023-01-03 17:00:00+05:30,16734.84,10.520000000000437,2
8463,2023-01-03 17:10:00+05:30,16717.24,2023-01-03 17:50:00+05:30,16726.47,9.229999999999563,2
8464,2023-01-03 18:20:00+05:30,16705.91,2023-01-03 18:35:00+05:30,16724.86,18.950000000000728,2
8465,2023-01-03 20:20:00+05:30,16703.38,2023-01-03 23:30:00+05:30,16635.17,-68.21000000000276,1
8466,2023-01-04 03:40:00+05:30,16653.55,2023-01-04 04:05:00+05:30,16666.46,12.909999999999854,2
8467,2023-01-04 06:05:00+05:30,16660.35,2023-01-04 06:35:00+05:30,16682.48,22.13000000000102,2
8468,2023-01-04 14:00:00+05:30,16837.67,2023-01-04 14:20:00+05:30,16864.38,26.710000000002765,2
8469,2023-01-04 17:45:00+05:30,16830.57,2023-01-04 18:50:00+05:30,16832.76,2.1899999999986903,2
8470,2023-01-04 19:40:00+05:30,16803.59,2023-01-04 20:05:00+05:30,16833.86,30.270000000000437,2
8471,2023-01-04 20:35:00+05:30,16785.41,2023-01-04 20:55:00+05:30,16818.27,32.86000000000058,2
8472,2023-01-05 00:55:00+05:30,16812.4,2023-01-05 02:50:00+05:30,16823.02,10.619999999998981,2
8473,2023-01-05 06:25:00+05:30,16828.45,2023-01-05 07:15:00+05:30,16847.91,19.459999999999127,2
8474,2023-01-05 11:50:00+05:30,16830.72,2023-01-05 13:20:00+05:30,16822.73,-7.990000000001601,1
8475,2023-01-05 18:45:00+05:30,16810.31,2023-01-05 19:45:00+05:30,16814.9,4.5900000000001455,2
8476,2023-01-05 23:20:00+05:30,16816.91,2023-01-05 23:50:00+05:30,16834.83,17.92000000000189,2
8477,2023-01-06 02:50:00+05:30,16839.74,2023-01-06 03:35:00+05:30,16851.87,12.12999999999738,2
8478,2023-01-06 07:20:00+05:30,16833.06,2023-01-06 08:25:00+05:30,16837.06,4.0,2
8479,2023-01-06 09:45:00+05:30,16813.98,2023-01-06 12:55:00+05:30,16799.85,-14.130000000001019,1
8480,2023-01-06 14:45:00+05:30,16779.87,2023-01-06 15:45:00+05:30,16792.99,13.12000000000262,2
8481,2023-01-06 16:25:00+05:30,16767.06,2023-01-06 18:20:00+05:30,16744.01,-23.05000000000291,1
8482,2023-01-06 18:30:00+05:30,16716.19,2023-01-06 18:45:00+05:30,16738.76,22.56999999999971,2
8483,2023-01-06 18:55:00+05:30,16688.03,2023-01-06 19:00:00+05:30,16771.36,83.33000000000175,2
8484,2023-01-07 08:20:00+05:30,16937.0,2023-01-07 08:40:00+05:30,16949.97,12.970000000001164,2
8485,2023-01-07 11:30:00+05:30,16925.61,2023-01-07 12:05:00+05:30,16934.74,9.130000000001019,2
8486,2023-01-07 15:55:00+05:30,16919.4,2023-01-07 16:55:00+05:30,16923.38,3.9799999999995634,2
8487,2023-01-07 21:40:00+05:30,16928.07,2023-01-07 23:00:00+05:30,16927.31,-0.7599999999983993,1
8488,2023-01-08 03:40:00+05:30,16934.69,2023-01-08 04:10:00+05:30,16940.73,6.040000000000873,2
8489,2023-01-08 06:00:00+05:30,16933.09,2023-01-08 07:25:00+05:30,16929.82,-3.2700000000004366,1
8490,2023-01-08 14:00:00+05:30,16943.69,2023-01-08 14:40:00+05:30,16949.24,5.55000000000291,2
8491,2023-01-08 15:10:00+05:30,16927.31,2023-01-08 16:35:00+05:30,16938.38,11.069999999999709,2
8492,2023-01-08 17:25:00+05:30,16927.42,2023-01-08 18:50:00+05:30,16932.61,5.190000000002328,2
8493,2023-01-08 23:30:00+05:30,16922.21,2023-01-09 00:00:00+05:30,16935.38,13.170000000001892,2
8494,2023-01-09 11:25:00+05:30,17205.95,2023-01-09 12:50:00+05:30,17201.72,-4.229999999999563,1
8495,2023-01-09 17:20:00+05:30,17248.97,2023-01-09 18:30:00+05:30,17251.18,2.209999999999127,2
8496,2023-01-09 19:15:00+05:30,17225.17,2023-01-09 19:50:00+05:30,17253.67,28.5,2
8497,2023-01-10 01:25:00+05:30,17293.69,2023-01-10 03:55:00+05:30,17209.11,-84.57999999999811,1
8498,2023-01-10 04:35:00+05:30,17150.6,2023-01-10 05:05:00+05:30,17192.51,41.909999999999854,2
8499,2023-01-10 07:50:00+05:30,17180.66,2023-01-10 08:40:00+05:30,17190.4,9.7400000000016,2
8500,2023-01-10 12:00:00+05:30,17207.49,2023-01-10 13:10:00+05:30,17205.98,-1.5100000000020373,1
8501,2023-01-10 13:35:00+05:30,17189.26,2023-01-10 13:45:00+05:30,17213.07,23.81000000000131,2
8502,2023-01-10 17:45:00+05:30,17237.78,2023-01-10 18:50:00+05:30,17241.89,4.110000000000582,2
8503,2023-01-11 03:45:00+05:30,17433.17,2023-01-11 05:20:00+05:30,17436.38,3.210000000002765,2
8504,2023-01-11 07:50:00+05:30,17418.6,2023-01-11 09:10:00+05:30,17417.48,-1.1199999999989814,1
8505,2023-01-11 13:55:00+05:30,17425.97,2023-01-11 14:25:00+05:30,17447.6,21.62999999999738,2
8506,2023-01-11 16:35:00+05:30,17434.73,2023-01-11 17:00:00+05:30,17453.43,18.700000000000728,2
8507,2023-01-11 17:40:00+05:30,17422.64,2023-01-11 18:45:00+05:30,17426.54,3.900000000001455,2
8508,2023-01-11 19:15:00+05:30,17392.12,2023-01-11 20:05:00+05:30,17411.16,19.040000000000873,2
8509,2023-01-11 21:05:00+05:30,17357.38,2023-01-11 22:30:00+05:30,17362.17,4.789999999997235,2
8510,2023-01-12 09:55:00+05:30,18198.72,2023-01-12 10:10:00+05:30,18222.69,23.969999999997526,2
8511,2023-01-12 10:55:00+05:30,18166.43,2023-01-12 12:15:00+05:30,18155.88,-10.549999999999272,1
8512,2023-01-12 13:35:00+05:30,18097.65,2023-01-12 14:20:00+05:30,18132.0,34.349999999998545,2
8513,2023-01-12 18:55:00+05:30,18140.6,2023-01-12 19:15:00+05:30,18218.56,77.96000000000276,2
8514,2023-01-12 20:00:00+05:30,18075.9,2023-01-12 21:05:00+05:30,18126.08,50.18000000000029,2
8515,2023-01-13 02:45:00+05:30,18768.47,2023-01-13 04:10:00+05:30,18889.92,121.44999999999709,2
8516,2023-01-13 06:00:00+05:30,18802.76,2023-01-13 07:25:00+05:30,18811.48,8.720000000001164,2
8517,2023-01-13 10:25:00+05:30,18821.27,2023-01-13 11:50:00+05:30,18825.38,4.110000000000582,2
8518,2023-01-13 18:20:00+05:30,18835.86,2023-01-13 19:05:00+05:30,18892.79,56.93000000000029,2
8519,2023-01-14 08:40:00+05:30,20816.56,2023-01-14 09:15:00+05:30,20932.49,115.93000000000029,2
8520,2023-01-14 10:40:00+05:30,20800.45,2023-01-14 11:05:00+05:30,20897.07,96.61999999999898,2
8521,2023-01-14 14:40:00+05:30,20837.86,2023-01-14 15:10:00+05:30,20374.46,-463.40000000000146,0
8522,2023-01-14 20:10:00+05:30,20742.71,2023-01-14 21:40:00+05:30,20811.62,68.90999999999985,2
8523,2023-01-14 23:35:00+05:30,20724.36,2023-01-15 00:45:00+05:30,20783.83,59.470000000001164,2
8524,2023-01-15 06:00:00+05:30,20659.99,2023-01-15 07:15:00+05:30,20767.31,107.31999999999971,2
8525,2023-01-15 08:35:00+05:30,20646.64,2023-01-15 09:15:00+05:30,20703.79,57.150000000001455,2
8526,2023-01-15 12:25:00+05:30,20717.0,2023-01-15 13:15:00+05:30,20728.49,11.4900000000016,2
8527,2023-01-15 13:50:00+05:30,20665.52,2023-01-15 15:20:00+05:30,20662.0,-3.5200000000004366,1
8528,2023-01-15 18:00:00+05:30,20664.84,2023-01-15 18:15:00+05:30,20715.17,50.32999999999811,2
8529,2023-01-15 23:30:00+05:30,20695.3,2023-01-16 00:40:00+05:30,20845.04,149.7400000000016,2
8530,2023-01-16 03:40:00+05:30,20821.83,2023-01-16 04:20:00+05:30,20928.68,106.84999999999854,2
8531,2023-01-16 05:55:00+05:30,20805.13,2023-01-16 06:20:00+05:30,20930.81,125.68000000000029,2
8532,2023-01-16 12:30:00+05:30,21101.94,2023-01-16 15:00:00+05:30,20825.76,-276.1800000000003,1
8533,2023-01-16 18:25:00+05:30,20787.54,2023-01-16 18:40:00+05:30,20832.25,44.70999999999913,2
8534,2023-01-16 20:40:00+05:30,20674.44,2023-01-16 20:50:00+05:30,20901.76,227.3199999999997,2
8535,2023-01-17 02:45:00+05:30,21182.87,2023-01-17 03:50:00+05:30,21193.84,10.970000000001164,2
8536,2023-01-17 05:30:00+05:30,21120.94,2023-01-17 05:35:00+05:30,21196.43,75.4900000000016,2
8537,2023-01-17 06:15:00+05:30,21085.28,2023-01-17 07:50:00+05:30,21043.35,-41.93000000000029,1
8538,2023-01-17 11:40:00+05:30,21117.42,2023-01-17 12:45:00+05:30,21166.41,48.9900000000016,2
8539,2023-01-17 15:35:00+05:30,21137.19,2023-01-17 16:20:00+05:30,21151.99,14.80000000000291,2
8540,2023-01-18 02:20:00+05:30,21285.39,2023-01-18 02:25:00+05:30,21390.44,105.04999999999927,2
8541,2023-01-18 04:10:00+05:30,21262.06,2023-01-18 06:00:00+05:30,21202.07,-59.9900000000016,1
8542,2023-01-18 08:05:00+05:30,21163.02,2023-01-18 08:10:00+05:30,21295.13,132.11000000000058,2
8543,2023-01-18 13:50:00+05:30,21235.29,2023-01-18 14:50:00+05:30,21263.83,28.540000000000873,2
8544,2023-01-18 15:10:00+05:30,21187.83,2023-01-18 15:35:00+05:30,21240.93,53.099999999998545,2
8545,2023-01-18 21:10:00+05:30,21289.01,2023-01-18 21:45:00+05:30,20843.46,-445.5499999999993,0
8546,2023-01-18 21:50:00+05:30,20676.92,2023-01-18 22:35:00+05:30,20973.23,296.3100000000013,2
8547,2023-01-19 01:50:00+05:30,20853.99,2023-01-19 03:10:00+05:30,20808.57,-45.42000000000189,1
8548,2023-01-19 13:45:00+05:30,20793.65,2023-01-19 15:05:00+05:30,20795.49,1.8400000000001455,2
8549,2023-01-19 16:50:00+05:30,20732.29,2023-01-19 17:40:00+05:30,20759.23,26.93999999999869,2
8550,2023-01-19 18:15:00+05:30,20713.42,2023-01-19 18:55:00+05:30,20773.97,60.55000000000291,2
8551,2023-01-19 23:20:00+05:30,20814.92,2023-01-19 23:45:00+05:30,20881.82,66.90000000000146,2
8552,2023-01-20 02:40:00+05:30,21021.56,2023-01-20 04:05:00+05:30,21020.63,-0.930000000000291,1
8553,2023-01-20 06:30:00+05:30,21024.66,2023-01-20 06:40:00+05:30,21061.42,36.7599999999984,2
8554,2023-01-20 10:10:00+05:30,21037.37,2023-01-20 12:00:00+05:30,20985.82,-51.54999999999927,1
8555,2023-01-20 12:25:00+05:30,20943.73,2023-01-20 12:55:00+05:30,20975.21,31.479999999999563,2
8556,2023-01-20 20:00:00+05:30,21030.45,2023-01-20 20:10:00+05:30,21140.81,110.36000000000058,2
8557,2023-01-21 05:40:00+05:30,22523.87,2023-01-21 06:00:00+05:30,22638.01,114.13999999999942,2
8558,2023-01-21 08:15:00+05:30,22534.15,2023-01-21 09:35:00+05:30,22555.62,21.469999999997526,2
8559,2023-01-21 19:10:00+05:30,22918.23,2023-01-21 20:05:00+05:30,22965.49,47.26000000000204,2
8560,2023-01-21 23:35:00+05:30,23138.29,2023-01-22 00:20:00+05:30,23229.48,91.18999999999869,2
8561,2023-01-22 02:05:00+05:30,23154.71,2023-01-22 03:00:00+05:30,23185.82,31.110000000000582,2
8562,2023-01-22 04:10:00+05:30,23034.21,2023-01-22 05:50:00+05:30,22875.19,-159.02000000000044,1
8563,2023-01-22 07:10:00+05:30,22726.91,2023-01-22 08:00:00+05:30,22823.41,96.5,2
8564,2023-01-22 08:10:00+05:30,22655.87,2023-01-22 08:55:00+05:30,22760.98,105.11000000000058,2
8565,2023-01-22 13:40:00+05:30,22846.23,2023-01-22 14:10:00+05:30,22913.95,67.72000000000116,2
8566,2023-01-22 16:45:00+05:30,22791.33,2023-01-22 18:10:00+05:30,22800.52,9.18999999999869,2
8567,2023-01-22 20:50:00+05:30,22736.44,2023-01-22 22:10:00+05:30,22831.88,95.44000000000233,2
8568,2023-01-23 00:40:00+05:30,22777.1,2023-01-23 03:00:00+05:30,22524.07,-253.02999999999884,1
8569,2023-01-23 07:25:00+05:30,22699.37,2023-01-23 08:20:00+05:30,22741.42,42.04999999999927,2
8570,2023-01-23 09:00:00+05:30,22654.67,2023-01-23 10:05:00+05:30,22717.25,62.580000000001746,2
8571,2023-01-23 12:55:00+05:30,22680.35,2023-01-23 13:40:00+05:30,22742.25,61.900000000001455,2
8572,2023-01-23 17:35:00+05:30,22831.38,2023-01-23 17:45:00+05:30,22889.71,58.32999999999811,2
8573,2023-01-23 19:20:00+05:30,22760.71,2023-01-23 20:15:00+05:30,22895.9,135.19000000000233,2
8574,2023-01-23 20:25:00+05:30,22622.05,2023-01-23 20:45:00+05:30,22793.03,170.97999999999956,2
8575,2023-01-24 04:20:00+05:30,22897.01,2023-01-24 05:15:00+05:30,22945.67,48.659999999999854,2
8576,2023-01-24 13:10:00+05:30,23059.15,2023-01-24 14:10:00+05:30,23078.19,19.039999999997235,2
8577,2023-01-24 14:30:00+05:30,22925.41,2023-01-24 15:55:00+05:30,22915.24,-10.169999999998254,1
8578,2023-01-24 19:05:00+05:30,22844.62,2023-01-24 19:40:00+05:30,22937.04,92.42000000000189,2
8579,2023-01-24 22:30:00+05:30,22827.52,2023-01-24 22:45:00+05:30,22921.34,93.81999999999971,2
8580,2023-01-25 01:45:00+05:30,22956.6,2023-01-25 02:20:00+05:30,23010.2,53.60000000000218,2
8581,2023-01-25 03:20:00+05:30,22862.42,2023-01-25 06:05:00+05:30,22687.16,-175.2599999999984,1
8582,2023-01-25 06:50:00+05:30,22463.37,2023-01-25 07:45:00+05:30,22549.5,86.13000000000102,2
8583,2023-01-25 13:40:00+05:30,22696.46,2023-01-25 15:05:00+05:30,22684.62,-11.840000000000146,1
8584,2023-01-25 15:40:00+05:30,22534.33,2023-01-25 16:20:00+05:30,22618.71,84.37999999999738,2
8585,2023-01-25 19:10:00+05:30,22642.03,2023-01-25 20:55:00+05:30,22540.33,-101.69999999999709,1
8586,2023-01-25 22:55:00+05:30,22521.85,2023-01-25 23:30:00+05:30,22615.69,93.84000000000015,2
8587,2023-01-26 09:10:00+05:30,23132.68,2023-01-26 10:10:00+05:30,23172.74,40.06000000000131,2
8588,2023-01-26 11:45:00+05:30,23123.29,2023-01-26 14:10:00+05:30,23025.73,-97.56000000000131,1
8589,2023-01-26 15:40:00+05:30,22928.06,2023-01-26 16:00:00+05:30,22990.49,62.43000000000029,2
8590,2023-01-26 16:15:00+05:30,22867.52,2023-01-26 16:50:00+05:30,22948.67,81.14999999999782,2
8591,2023-01-26 20:15:00+05:30,22988.21,2023-01-26 20:45:00+05:30,23172.68,184.47000000000116,2
8592,2023-01-27 02:40:00+05:30,22994.43,2023-01-27 03:15:00+05:30,23076.63,82.20000000000073,2
8593,2023-01-27 05:50:00+05:30,22952.29,2023-01-27 08:05:00+05:30,22804.59,-147.70000000000073,1
8594,2023-01-27 16:15:00+05:30,22927.32,2023-01-27 16:30:00+05:30,22952.64,25.31999999999971,2
8595,2023-01-27 16:40:00+05:30,22924.95,2023-01-27 16:55:00+05:30,22951.03,26.07999999999811,2
8596,2023-01-27 18:05:00+05:30,22913.19,2023-01-27 18:15:00+05:30,22964.37,51.18000000000029,2
8597,2023-01-27 19:15:00+05:30,22881.79,2023-01-27 20:05:00+05:30,22937.32,55.529999999998836,2
8598,2023-01-28 02:20:00+05:30,23089.66,2023-01-28 04:45:00+05:30,23059.0,-30.659999999999854,1
8599,2023-01-28 10:45:00+05:30,23062.01,2023-01-28 11:35:00+05:30,23078.53,16.520000000000437,2
8600,2023-01-28 11:50:00+05:30,23016.32,2023-01-28 14:05:00+05:30,22998.73,-17.590000000000146,1
8601,2023-01-28 14:40:00+05:30,22966.24,2023-01-28 14:50:00+05:30,22990.18,23.93999999999869,2
8602,2023-01-28 15:50:00+05:30,22958.29,2023-01-28 15:55:00+05:30,23000.37,42.07999999999811,2
8603,2023-01-28 16:35:00+05:30,22961.15,2023-01-28 17:10:00+05:30,22998.58,37.43000000000029,2
8604,2023-01-28 17:50:00+05:30,22942.31,2023-01-28 18:20:00+05:30,22967.86,25.549999999999272,2
8605,2023-01-28 18:35:00+05:30,22925.79,2023-01-28 19:10:00+05:30,22951.05,25.2599999999984,2
8606,2023-01-28 22:45:00+05:30,22992.0,2023-01-28 23:25:00+05:30,23018.96,26.959999999999127,2
8607,2023-01-29 00:05:00+05:30,22981.83,2023-01-29 00:30:00+05:30,23005.06,23.229999999999563,2
8608,2023-01-29 02:00:00+05:30,22987.63,2023-01-29 03:05:00+05:30,23008.2,20.56999999999971,2
8609,2023-01-29 04:25:00+05:30,22977.63,2023-01-29 04:45:00+05:30,22995.48,17.849999999998545,2
8610,2023-01-29 12:15:00+05:30,23189.35,2023-01-29 13:20:00+05:30,23207.41,18.06000000000131,2
8611,2023-01-29 13:55:00+05:30,23163.15,2023-01-29 14:40:00+05:30,23191.59,28.43999999999869,2
8612,2023-01-30 02:20:00+05:30,23687.23,2023-01-30 03:00:00+05:30,23794.55,107.31999999999971,2
8613,2023-01-30 06:40:00+05:30,23682.0,2023-01-30 08:25:00+05:30,23645.76,-36.2400000000016,1
8614,2023-01-30 12:40:00+05:30,23667.73,2023-01-30 13:35:00+05:30,23663.69,-4.040000000000873,1
8615,2023-01-30 13:55:00+05:30,23550.92,2023-01-30 16:00:00+05:30,23287.75,-263.16999999999825,1
8616,2023-01-30 17:05:00+05:30,23151.51,2023-01-30 18:35:00+05:30,23101.2,-50.30999999999767,1
8617,2023-01-30 23:25:00+05:30,23108.94,2023-01-31 00:15:00+05:30,23152.13,43.19000000000233,2
8618,2023-01-31 00:35:00+05:30,22935.69,2023-01-31 02:30:00+05:30,22758.09,-177.59999999999854,1
8619,2023-01-31 09:40:00+05:30,22802.01,2023-01-31 10:00:00+05:30,22852.57,50.56000000000131,2
8620,2023-01-31 11:25:00+05:30,22759.14,2023-01-31 12:05:00+05:30,22818.82,59.68000000000029,2
8621,2023-01-31 16:20:00+05:30,22846.42,2023-01-31 17:05:00+05:30,22871.15,24.7300000000032,2
8622,2023-02-01 00:45:00+05:30,23096.11,2023-02-01 01:05:00+05:30,23156.29,60.18000000000029,2
8623,2023-02-01 02:00:00+05:30,23061.64,2023-02-01 02:20:00+05:30,23130.08,68.44000000000233,2
8624,2023-02-01 02:45:00+05:30,22961.58,2023-02-01 04:05:00+05:30,22960.3,-1.2800000000024738,1
8625,2023-02-01 11:45:00+05:30,23081.25,2023-02-01 12:55:00+05:30,23111.14,29.889999999999418,2
8626,2023-02-01 13:45:00+05:30,23024.51,2023-02-01 14:55:00+05:30,23017.68,-6.829999999998108,1
8627,2023-02-01 18:30:00+05:30,23042.74,2023-02-01 18:45:00+05:30,23100.93,58.18999999999869,2
8628,2023-02-01 20:50:00+05:30,23032.37,2023-02-01 22:50:00+05:30,23029.47,-2.899999999997817,1
8629,2023-02-01 23:35:00+05:30,22952.72,2023-02-01 23:50:00+05:30,22990.0,37.279999999998836,2
8630,2023-02-02 01:00:00+05:30,22882.07,2023-02-02 01:05:00+05:30,23093.74,211.6700000000019,2
8631,2023-02-02 11:25:00+05:30,23804.61,2023-02-02 12:30:00+05:30,23814.14,9.529999999998836,2
8632,2023-02-02 18:10:00+05:30,23777.17,2023-02-02 18:50:00+05:30,23802.13,24.960000000002765,2
8633,2023-02-02 19:00:00+05:30,23766.37,2023-02-02 19:35:00+05:30,23805.69,39.31999999999971,2
8634,2023-02-02 20:25:00+05:30,23609.11,2023-02-02 21:00:00+05:30,23756.85,147.73999999999796,2
8635,2023-02-03 03:00:00+05:30,23679.65,2023-02-03 04:30:00+05:30,23590.82,-88.83000000000175,1
8636,2023-02-03 05:10:00+05:30,23467.37,2023-02-03 05:30:00+05:30,23555.97,88.60000000000218,2
8637,2023-02-03 07:50:00+05:30,23486.71,2023-02-03 08:55:00+05:30,23501.03,14.319999999999709,2
8638,2023-02-03 11:50:00+05:30,23509.45,2023-02-03 12:00:00+05:30,23533.19,23.739999999997963,2
8639,2023-02-03 12:35:00+05:30,23494.55,2023-02-03 12:45:00+05:30,23542.06,47.51000000000204,2
8640,2023-02-03 12:55:00+05:30,23477.35,2023-02-03 14:40:00+05:30,23440.87,-36.47999999999956,1
8641,2023-02-03 15:50:00+05:30,23379.21,2023-02-03 16:10:00+05:30,23434.46,55.25,2
8642,2023-02-03 18:50:00+05:30,23488.53,2023-02-03 20:05:00+05:30,23424.34,-64.18999999999869,1
8643,2023-02-03 22:25:00+05:30,23519.21,2023-02-03 23:05:00+05:30,23625.26,106.04999999999927,2
8644,2023-02-03 23:35:00+05:30,23435.43,2023-02-04 01:05:00+05:30,23435.68,0.25,2
8645,2023-02-04 01:25:00+05:30,23307.99,2023-02-04 02:35:00+05:30,23356.13,48.13999999999942,2
8646,2023-02-04 07:25:00+05:30,23373.87,2023-02-04 08:20:00+05:30,23397.69,23.81999999999971,2
8647,2023-02-04 09:10:00+05:30,23341.93,2023-02-04 11:50:00+05:30,23331.13,-10.799999999999272,1
8648,2023-02-04 21:05:00+05:30,23395.65,2023-02-04 21:55:00+05:30,23429.36,33.70999999999913,2
8649,2023-02-05 01:30:00+05:30,23412.23,2023-02-05 01:40:00+05:30,23437.82,25.590000000000146,2
8650,2023-02-05 02:00:00+05:30,23400.02,2023-02-05 03:20:00+05:30,23412.43,12.409999999999854,2
8651,2023-02-05 05:05:00+05:30,23352.02,2023-02-05 06:55:00+05:30,23328.24,-23.779999999998836,1
8652,2023-02-05 08:25:00+05:30,23292.21,2023-02-05 08:40:00+05:30,23327.73,35.52000000000044,2
8653,2023-02-05 11:50:00+05:30,23353.14,2023-02-05 12:00:00+05:30,23379.6,26.459999999999127,2
8654,2023-02-05 17:15:00+05:30,23356.73,2023-02-05 19:55:00+05:30,23190.03,-166.70000000000073,1
8655,2023-02-05 21:05:00+05:30,23138.06,2023-02-05 21:55:00+05:30,23140.16,2.099999999998545,2
8656,2023-02-05 22:40:00+05:30,23026.87,2023-02-06 00:45:00+05:30,22882.44,-144.4300000000003,1
8657,2023-02-06 08:00:00+05:30,22946.79,2023-02-06 09:35:00+05:30,22920.43,-26.360000000000582,1
8658,2023-02-06 10:15:00+05:30,22880.08,2023-02-06 12:10:00+05:30,22792.48,-87.60000000000218,1
8659,2023-02-06 14:50:00+05:30,22820.83,2023-02-06 15:05:00+05:30,22880.34,59.5099999999984,2
8660,2023-02-06 16:35:00+05:30,22793.23,2023-02-06 17:15:00+05:30,22837.54,44.31000000000131,2
8661,2023-02-06 19:20:00+05:30,22824.09,2023-02-06 20:00:00+05:30,22879.88,55.79000000000087,2
8662,2023-02-06 20:50:00+05:30,22768.53,2023-02-06 21:15:00+05:30,22825.06,56.530000000002474,2
8663,2023-02-07 03:15:00+05:30,22931.92,2023-02-07 05:35:00+05:30,22804.38,-127.53999999999724,1
8664,2023-02-07 13:05:00+05:30,22904.41,2023-02-07 14:30:00+05:30,22908.56,4.150000000001455,2
8665,2023-02-07 19:00:00+05:30,22944.85,2023-02-07 19:10:00+05:30,22998.42,53.56999999999971,2
8666,2023-02-07 20:55:00+05:30,22904.64,2023-02-07 21:55:00+05:30,22936.96,32.31999999999971,2
8667,2023-02-08 08:25:00+05:30,23244.6,2023-02-08 09:15:00+05:30,23269.16,24.56000000000131,2
8668,2023-02-08 10:55:00+05:30,23219.94,2023-02-08 12:40:00+05:30,23215.43,-4.509999999998399,1
8669,2023-02-08 13:55:00+05:30,23187.58,2023-02-08 14:40:00+05:30,23216.83,29.25,2
8670,2023-02-08 15:40:00+05:30,23166.08,2023-02-08 16:55:00+05:30,23173.86,7.779999999998836,2
8671,2023-02-08 18:20:00+05:30,23119.97,2023-02-08 20:10:00+05:30,23114.16,-5.81000000000131,1
8672,2023-02-08 20:20:00+05:30,23027.72,2023-02-08 22:15:00+05:30,22892.02,-135.70000000000073,1
8673,2023-02-09 00:15:00+05:30,22873.77,2023-02-09 01:50:00+05:30,22866.44,-7.330000000001746,1
8674,2023-02-09 04:35:00+05:30,22903.65,2023-02-09 05:05:00+05:30,22949.0,45.349999999998545,2
8675,2023-02-09 07:35:00+05:30,22917.39,2023-02-09 09:30:00+05:30,22451.86,-465.52999999999884,0
8676,2023-02-09 17:55:00+05:30,22652.65,2023-02-09 18:15:00+05:30,22762.48,109.82999999999811,2
8677,2023-02-09 20:55:00+05:30,22623.17,2023-02-09 22:35:00+05:30,22575.34,-47.82999999999811,1
8678,2023-02-09 23:05:00+05:30,22458.74,2023-02-09 23:25:00+05:30,22537.33,78.59000000000015,2
8679,2023-02-10 00:40:00+05:30,22434.13,2023-02-10 01:15:00+05:30,21946.72,-487.40999999999985,0
8680,2023-02-10 03:00:00+05:30,21824.96,2023-02-10 03:50:00+05:30,21905.56,80.60000000000218,2
8681,2023-02-10 04:20:00+05:30,21729.86,2023-02-10 05:35:00+05:30,21851.99,122.13000000000102,2
8682,2023-02-10 09:10:00+05:30,21851.4,2023-02-10 10:40:00+05:30,21813.11,-38.29000000000087,1
8683,2023-02-10 15:15:00+05:30,21836.38,2023-02-10 16:15:00+05:30,21844.04,7.6599999999998545,2
8684,2023-02-10 16:55:00+05:30,21792.9,2023-02-10 18:10:00+05:30,21776.67,-16.2300000000032,1
8685,2023-02-10 21:10:00+05:30,21722.26,2023-02-10 23:15:00+05:30,21661.32,-60.93999999999869,1
8686,2023-02-11 02:35:00+05:30,21674.72,2023-02-11 04:05:00+05:30,21596.27,-78.45000000000073,1
8687,2023-02-11 11:35:00+05:30,21662.49,2023-02-11 12:55:00+05:30,21669.89,7.399999999997817,2
8688,2023-02-11 13:00:00+05:30,21651.97,2023-02-11 13:10:00+05:30,21675.46,23.489999999997963,2
8689,2023-02-11 15:55:00+05:30,21673.63,2023-02-11 17:00:00+05:30,21684.32,10.68999999999869,2
8690,2023-02-11 22:00:00+05:30,21703.89,2023-02-11 23:25:00+05:30,21698.86,-5.029999999998836,1
8691,2023-02-12 00:10:00+05:30,21642.75,2023-02-12 01:25:00+05:30,21662.63,19.88000000000102,2
8692,2023-02-12 07:35:00+05:30,21775.93,2023-02-12 08:00:00+05:30,21806.69,30.7599999999984,2
8693,2023-02-12 18:10:00+05:30,21843.92,2023-02-12 19:45:00+05:30,21824.08,-19.839999999996508,1
8694,2023-02-13 00:45:00+05:30,21935.39,2023-02-13 01:00:00+05:30,21979.36,43.970000000001164,2
8695,2023-02-13 02:40:00+05:30,21941.81,2023-02-13 04:10:00+05:30,21814.31,-127.5,1
8696,2023-02-13 12:20:00+05:30,21809.36,2023-02-13 12:45:00+05:30,21851.96,42.599999999998545,2
8697,2023-02-13 13:50:00+05:30,21775.06,2023-02-13 16:15:00+05:30,21582.37,-192.69000000000233,1
8698,2023-02-13 19:20:00+05:30,21587.63,2023-02-13 20:05:00+05:30,21657.59,69.95999999999913,2
8699,2023-02-13 21:55:00+05:30,21530.24,2023-02-13 23:30:00+05:30,21520.75,-9.4900000000016,1
8700,2023-02-14 07:00:00+05:30,21687.1,2023-02-14 07:40:00+05:30,21728.39,41.29000000000087,2
8701,2023-02-14 13:45:00+05:30,21717.43,2023-02-14 15:05:00+05:30,21732.72,15.290000000000873,2
8702,2023-02-14 19:00:00+05:30,21755.76,2023-02-14 20:15:00+05:30,21851.98,96.22000000000116,2
8703,2023-02-15 02:35:00+05:30,22147.96,2023-02-15 02:50:00+05:30,22216.05,68.09000000000015,2
8704,2023-02-15 04:15:00+05:30,22156.15,2023-02-15 04:35:00+05:30,22240.71,84.55999999999767,2
8705,2023-02-15 06:00:00+05:30,22134.02,2023-02-15 08:45:00+05:30,22125.27,-8.75,1
8706,2023-02-15 13:30:00+05:30,22098.93,2023-02-15 14:00:00+05:30,22128.71,29.779999999998836,2
8707,2023-02-15 19:45:00+05:30,22650.4,2023-02-15 20:00:00+05:30,22730.92,80.5199999999968,2
8708,2023-02-16 09:45:00+05:30,24648.66,2023-02-16 10:55:00+05:30,24701.61,52.95000000000073,2
8709,2023-02-16 12:25:00+05:30,24586.08,2023-02-16 13:40:00+05:30,24612.62,26.539999999997235,2
8710,2023-02-16 16:40:00+05:30,24554.96,2023-02-16 18:00:00+05:30,24549.47,-5.489999999997963,1
8711,2023-02-16 19:15:00+05:30,24438.35,2023-02-16 20:35:00+05:30,24465.0,26.650000000001455,2
8712,2023-02-17 01:40:00+05:30,24770.43,2023-02-17 03:25:00+05:30,24537.04,-233.38999999999942,1
8713,2023-02-17 03:45:00+05:30,24380.05,2023-02-17 04:55:00+05:30,23857.04,-523.0099999999984,0
8714,2023-02-17 05:20:00+05:30,23544.88,2023-02-17 06:05:00+05:30,23757.43,212.54999999999927,2
8715,2023-02-17 12:05:00+05:30,23662.52,2023-02-17 12:35:00+05:30,23751.64,89.11999999999898,2
8716,2023-02-18 03:25:00+05:30,24476.42,2023-02-18 04:05:00+05:30,24646.21,169.79000000000087,2
8717,2023-02-18 07:55:00+05:30,24552.52,2023-02-18 08:45:00+05:30,24620.89,68.36999999999898,2
8718,2023-02-18 12:30:00+05:30,24593.17,2023-02-18 14:00:00+05:30,24553.31,-39.859999999996944,1
8719,2023-02-18 16:05:00+05:30,24497.29,2023-02-18 17:00:00+05:30,24535.9,38.61000000000058,2
8720,2023-02-18 19:30:00+05:30,24563.16,2023-02-18 19:55:00+05:30,24590.67,27.5099999999984,2
8721,2023-02-18 23:05:00+05:30,24607.05,2023-02-18 23:20:00+05:30,24690.78,83.72999999999956,2
8722,2023-02-19 01:10:00+05:30,24593.62,2023-02-19 02:30:00+05:30,24610.39,16.770000000000437,2
8723,2023-02-19 09:20:00+05:30,24660.11,2023-02-19 09:35:00+05:30,24699.59,39.47999999999956,2
8724,2023-02-19 12:00:00+05:30,24654.87,2023-02-19 14:35:00+05:30,24601.97,-52.89999999999782,1
8725,2023-02-19 22:30:00+05:30,24667.99,2023-02-20 00:30:00+05:30,24507.3,-160.69000000000233,1
8726,2023-02-20 01:45:00+05:30,24369.46,2023-02-20 02:20:00+05:30,24505.69,136.22999999999956,2
8727,2023-02-20 04:10:00+05:30,24482.18,2023-02-20 06:40:00+05:30,23857.06,-625.119999999999,0
8728,2023-02-20 06:45:00+05:30,23938.2,2023-02-20 07:15:00+05:30,24239.16,300.9599999999991,2
8729,2023-02-20 14:05:00+05:30,24438.27,2023-02-20 14:15:00+05:30,24497.99,59.720000000001164,2
8730,2023-02-20 18:15:00+05:30,24751.46,2023-02-20 18:40:00+05:30,24853.86,102.40000000000146,2
8731,2023-02-20 21:45:00+05:30,24796.9,2023-02-20 22:20:00+05:30,24890.03,93.12999999999738,2
8732,2023-02-20 23:45:00+05:30,24767.18,2023-02-21 00:10:00+05:30,24826.16,58.97999999999956,2
8733,2023-02-21 01:45:00+05:30,24791.7,2023-02-21 03:10:00+05:30,24827.89,36.18999999999869,2
8734,2023-02-21 03:55:00+05:30,24695.12,2023-02-21 04:35:00+05:30,24763.6,68.47999999999956,2
8735,2023-02-21 14:05:00+05:30,24850.01,2023-02-21 15:25:00+05:30,24799.99,-50.0199999999968,1
8736,2023-02-21 17:15:00+05:30,24631.82,2023-02-21 18:00:00+05:30,24662.32,30.5,2
8737,2023-02-21 19:30:00+05:30,24554.44,2023-02-21 19:45:00+05:30,24642.77,88.33000000000175,2
8738,2023-02-21 21:45:00+05:30,24349.46,2023-02-21 23:00:00+05:30,24445.45,95.9900000000016,2
8739,2023-02-22 01:50:00+05:30,24524.38,2023-02-22 04:00:00+05:30,24302.21,-222.1700000000019,1
8740,2023-02-22 07:05:00+05:30,24289.85,2023-02-22 08:30:00+05:30,24226.75,-63.099999999998545,1
8741,2023-02-22 10:00:00+05:30,24129.82,2023-02-22 10:30:00+05:30,24161.68,31.860000000000582,2
8742,2023-02-22 12:25:00+05:30,23950.15,2023-02-22 12:50:00+05:30,24068.01,117.85999999999694,2
8743,2023-02-22 14:05:00+05:30,23878.92,2023-02-22 14:45:00+05:30,24020.67,141.75,2
8744,2023-02-22 17:05:00+05:30,24051.91,2023-02-22 17:20:00+05:30,24149.19,97.27999999999884,2
8745,2023-02-22 18:40:00+05:30,24018.68,2023-02-22 19:20:00+05:30,24129.57,110.88999999999942,2
8746,2023-02-22 19:35:00+05:30,24002.66,2023-02-22 20:15:00+05:30,24065.13,62.470000000001164,2
8747,2023-02-22 20:30:00+05:30,23891.5,2023-02-22 22:50:00+05:30,23729.13,-162.36999999999898,1
8748,2023-02-23 11:05:00+05:30,24386.95,2023-02-23 12:30:00+05:30,24408.39,21.43999999999869,2
8749,2023-02-23 15:00:00+05:30,24340.0,2023-02-23 17:05:00+05:30,23727.73,-612.2700000000004,0
8750,2023-02-23 17:10:00+05:30,23783.3,2023-02-23 18:15:00+05:30,23906.71,123.40999999999985,2
8751,2023-02-23 22:20:00+05:30,23816.23,2023-02-23 23:00:00+05:30,23910.62,94.38999999999942,2
8752,2023-02-24 02:20:00+05:30,23921.56,2023-02-24 02:45:00+05:30,24006.36,84.79999999999927,2
8753,2023-02-24 03:25:00+05:30,23873.57,2023-02-24 04:20:00+05:30,23889.69,16.11999999999898,2
8754,2023-02-24 10:30:00+05:30,23926.38,2023-02-24 12:15:00+05:30,23875.29,-51.090000000000146,1
8755,2023-02-24 13:40:00+05:30,23762.98,2023-02-24 13:55:00+05:30,23849.78,86.79999999999927,2
8756,2023-02-24 15:45:00+05:30,23796.28,2023-02-24 16:15:00+05:30,23873.94,77.65999999999985,2
8757,2023-02-24 19:00:00+05:30,23807.18,2023-02-24 20:00:00+05:30,23826.11,18.93000000000029,2
8758,2023-02-24 20:45:00+05:30,23669.17,2023-02-24 21:30:00+05:30,23003.57,-665.5999999999985,0
8759,2023-02-25 00:40:00+05:30,23016.43,2023-02-25 01:20:00+05:30,23135.6,119.16999999999825,2
8760,2023-02-25 03:10:00+05:30,23139.23,2023-02-25 04:25:00+05:30,23119.86,-19.36999999999898,1
8761,2023-02-25 06:15:00+05:30,23115.44,2023-02-25 06:40:00+05:30,23181.44,66.0,2
8762,2023-02-25 07:55:00+05:30,23124.2,2023-02-25 09:05:00+05:30,23115.57,-8.630000000001019,1
8763,2023-02-25 11:00:00+05:30,23038.24,2023-02-25 11:50:00+05:30,23085.08,46.840000000000146,2
8764,2023-02-25 14:45:00+05:30,23061.75,2023-02-25 16:55:00+05:30,23006.98,-54.77000000000044,1
8765,2023-02-25 18:05:00+05:30,22902.97,2023-02-25 18:20:00+05:30,22992.37,89.39999999999782,2
8766,2023-02-26 00:00:00+05:30,22995.15,2023-02-26 01:25:00+05:30,22983.05,-12.100000000002183,1
8767,2023-02-26 02:15:00+05:30,22833.59,2023-02-26 02:30:00+05:30,22954.78,121.18999999999869,2
8768,2023-02-26 07:35:00+05:30,23065.55,2023-02-26 08:00:00+05:30,23116.2,50.650000000001455,2
8769,2023-02-26 10:10:00+05:30,23172.01,2023-02-26 12:10:00+05:30,23156.86,-15.149999999997817,1
8770,2023-02-26 13:45:00+05:30,23118.47,2023-02-26 14:10:00+05:30,23161.7,43.22999999999956,2
8771,2023-02-26 18:05:00+05:30,23180.99,2023-02-26 19:20:00+05:30,23192.93,11.93999999999869,2
8772,2023-02-27 03:45:00+05:30,23495.73,2023-02-27 04:30:00+05:30,23528.55,32.81999999999971,2
8773,2023-02-27 06:35:00+05:30,23436.98,2023-02-27 07:00:00+05:30,23498.39,61.409999999999854,2
8774,2023-02-27 11:15:00+05:30,23376.96,2023-02-27 12:35:00+05:30,23445.99,69.03000000000247,2
8775,2023-02-27 13:50:00+05:30,23373.67,2023-02-27 14:50:00+05:30,23402.79,29.12000000000262,2
8776,2023-02-27 21:05:00+05:30,23651.82,2023-02-27 23:00:00+05:30,23389.52,-262.2999999999993,1
8777,2023-02-27 23:45:00+05:30,23245.37,2023-02-28 00:40:00+05:30,23298.83,53.460000000002765,2
8778,2023-02-28 01:30:00+05:30,23178.28,2023-02-28 02:20:00+05:30,23282.77,104.4900000000016,2
8779,2023-02-28 06:15:00+05:30,23452.15,2023-02-28 07:20:00+05:30,23449.09,-3.0600000000013097,1
8780,2023-02-28 11:05:00+05:30,23386.71,2023-02-28 12:10:00+05:30,23401.83,15.12000000000262,2
8781,2023-02-28 12:55:00+05:30,23355.35,2023-02-28 14:35:00+05:30,23304.02,-51.32999999999811,1
8782,2023-02-28 20:00:00+05:30,23331.29,2023-02-28 20:05:00+05:30,23481.54,150.25,2
8783,2023-03-01 00:45:00+05:30,23411.48,2023-03-01 02:10:00+05:30,23303.66,-107.81999999999971,1
8784,2023-03-01 02:35:00+05:30,23186.68,2023-03-01 03:40:00+05:30,23221.81,35.13000000000102,2
8785,2023-03-01 05:00:00+05:30,23104.28,2023-03-01 05:30:00+05:30,23178.71,74.43000000000029,2
8786,2023-03-01 06:15:00+05:30,23091.08,2023-03-01 06:40:00+05:30,23163.84,72.7599999999984,2
8787,2023-03-01 18:35:00+05:30,23689.36,2023-03-01 19:50:00+05:30,23690.0,0.6399999999994179,2
8788,2023-03-02 00:00:00+05:30,23650.49,2023-03-02 02:50:00+05:30,23455.8,-194.69000000000233,1
8789,2023-03-02 06:55:00+05:30,23554.31,2023-03-02 09:20:00+05:30,23507.97,-46.340000000000146,1
8790,2023-03-02 11:05:00+05:30,23445.61,2023-03-02 12:20:00+05:30,23463.86,18.25,2
8791,2023-03-02 12:50:00+05:30,23365.89,2023-03-02 13:55:00+05:30,23407.03,41.13999999999942,2
8792,2023-03-02 16:20:00+05:30,23357.29,2023-03-02 16:55:00+05:30,23389.49,32.20000000000073,2
8793,2023-03-02 18:40:00+05:30,23274.05,2023-03-02 18:50:00+05:30,23391.33,117.28000000000247,2
8794,2023-03-02 19:35:00+05:30,23265.87,2023-03-02 20:30:00+05:30,23361.38,95.51000000000204,2
8795,2023-03-02 22:05:00+05:30,23283.95,2023-03-02 23:35:00+05:30,23277.51,-6.440000000002328,1
8796,2023-03-03 05:55:00+05:30,23409.04,2023-03-03 06:55:00+05:30,22852.03,-557.010000000002,0
8797,2023-03-03 07:00:00+05:30,22440.55,2023-03-03 08:35:00+05:30,22334.09,-106.45999999999913,1
8798,2023-03-03 16:35:00+05:30,22325.29,2023-03-03 17:05:00+05:30,22362.6,37.30999999999767,2
8799,2023-03-03 18:40:00+05:30,22326.82,2023-03-03 18:50:00+05:30,22348.8,21.979999999999563,2
8800,2023-03-03 20:30:00+05:30,22309.35,2023-03-03 20:40:00+05:30,22403.51,94.15999999999985,2
8801,2023-03-04 00:00:00+05:30,22348.43,2023-03-04 01:15:00+05:30,22345.47,-2.959999999999127,1
8802,2023-03-04 02:35:00+05:30,22258.4,2023-03-04 03:55:00+05:30,22265.6,7.19999999999709,2
8803,2023-03-04 07:25:00+05:30,22342.01,2023-03-04 09:00:00+05:30,22344.2,2.1900000000023283,2
8804,2023-03-04 10:20:00+05:30,22328.04,2023-03-04 11:40:00+05:30,22361.64,33.599999999998545,2
8805,2023-03-04 13:40:00+05:30,22345.33,2023-03-04 14:40:00+05:30,22368.28,22.94999999999709,2
8806,2023-03-04 16:10:00+05:30,22330.88,2023-03-04 16:50:00+05:30,22346.56,15.680000000000291,2
8807,2023-03-04 20:05:00+05:30,22337.29,2023-03-04 20:50:00+05:30,22350.3,13.0099999999984,2
8808,2023-03-04 21:10:00+05:30,22331.86,2023-03-04 22:00:00+05:30,22338.03,6.169999999998254,2
8809,2023-03-04 23:35:00+05:30,22280.05,2023-03-04 23:40:00+05:30,22317.9,37.85000000000218,2
8810,2023-03-05 01:00:00+05:30,22264.92,2023-03-05 02:25:00+05:30,22250.34,-14.579999999998108,1
8811,2023-03-05 03:10:00+05:30,22183.05,2023-03-05 03:40:00+05:30,22222.51,39.45999999999913,2
8812,2023-03-05 08:05:00+05:30,22263.04,2023-03-05 09:30:00+05:30,22414.61,151.5699999999997,2
8813,2023-03-05 11:05:00+05:30,22403.23,2023-03-05 12:10:00+05:30,22419.84,16.610000000000582,2
8814,2023-03-05 12:30:00+05:30,22385.18,2023-03-05 13:40:00+05:30,22394.01,8.829999999998108,2
8815,2023-03-05 14:05:00+05:30,22348.18,2023-03-05 14:40:00+05:30,22366.95,18.770000000000437,2
8816,2023-03-06 00:55:00+05:30,22391.12,2023-03-06 01:45:00+05:30,22421.46,30.340000000000146,2
8817,2023-03-06 06:40:00+05:30,22386.68,2023-03-06 06:50:00+05:30,22476.0,89.31999999999971,2
8818,2023-03-06 07:20:00+05:30,22350.78,2023-03-06 08:20:00+05:30,22386.02,35.2400000000016,2
8819,2023-03-06 10:00:00+05:30,22353.56,2023-03-06 11:15:00+05:30,22362.0,8.43999999999869,2
8820,2023-03-06 13:45:00+05:30,22365.85,2023-03-06 14:05:00+05:30,22436.67,70.81999999999971,2
8821,2023-03-06 17:05:00+05:30,22374.24,2023-03-06 17:50:00+05:30,22383.56,9.319999999999709,2
8822,2023-03-07 00:45:00+05:30,22410.33,2023-03-07 03:00:00+05:30,22404.25,-6.080000000001746,1
8823,2023-03-07 05:05:00+05:30,22406.5,2023-03-07 06:00:00+05:30,22424.47,17.970000000001164,2
8824,2023-03-07 11:40:00+05:30,22443.18,2023-03-07 12:40:00+05:30,22447.78,4.599999999998545,2
8825,2023-03-07 13:30:00+05:30,22412.25,2023-03-07 14:20:00+05:30,22422.59,10.340000000000146,2
8826,2023-03-07 14:45:00+05:30,22395.74,2023-03-07 15:40:00+05:30,22404.82,9.079999999998108,2
8827,2023-03-07 17:25:00+05:30,22351.02,2023-03-07 17:40:00+05:30,22388.59,37.56999999999971,2
8828,2023-03-07 19:30:00+05:30,22348.18,2023-03-07 20:50:00+05:30,22296.21,-51.970000000001164,1
8829,2023-03-08 00:10:00+05:30,22210.01,2023-03-08 03:05:00+05:30,22092.78,-117.22999999999956,1
8830,2023-03-08 07:10:00+05:30,22193.35,2023-03-08 09:40:00+05:30,22161.81,-31.539999999997235,1
8831,2023-03-08 10:40:00+05:30,22089.67,2023-03-08 12:00:00+05:30,22040.73,-48.93999999999869,1
8832,2023-03-08 13:25:00+05:30,21971.03,2023-03-08 13:50:00+05:30,22007.49,36.460000000002765,2
8833,2023-03-08 17:55:00+05:30,22042.38,2023-03-08 18:50:00+05:30,22044.78,2.399999999997817,2
8834,2023-03-08 19:35:00+05:30,21958.7,2023-03-08 20:30:00+05:30,22015.25,56.54999999999927,2
8835,2023-03-08 23:25:00+05:30,22034.48,2023-03-09 00:55:00+05:30,22015.67,-18.81000000000131,1
8836,2023-03-09 03:15:00+05:30,21941.8,2023-03-09 05:55:00+05:30,21753.95,-187.84999999999854,1
8837,2023-03-09 06:35:00+05:30,21673.18,2023-03-09 06:40:00+05:30,21723.51,50.32999999999811,2
8838,2023-03-09 09:55:00+05:30,21729.07,2023-03-09 10:35:00+05:30,21753.2,24.13000000000102,2
8839,2023-03-09 12:00:00+05:30,21704.84,2023-03-09 12:25:00+05:30,21741.8,36.95999999999913,2
8840,2023-03-09 13:10:00+05:30,21690.54,2023-03-09 14:15:00+05:30,21688.49,-2.0499999999992724,1
8841,2023-03-09 15:10:00+05:30,21613.73,2023-03-09 16:15:00+05:30,21640.6,26.86999999999898,2
8842,2023-03-09 18:00:00+05:30,21611.84,2023-03-09 19:00:00+05:30,21661.53,49.68999999999869,2
8843,2023-03-09 21:25:00+05:30,21648.57,2023-03-10 00:00:00+05:30,21026.26,-622.3100000000013,0
8844,2023-03-10 00:05:00+05:30,21070.76,2023-03-10 01:50:00+05:30,20541.69,-529.0699999999997,0
8845,2023-03-10 02:15:00+05:30,20423.54,2023-03-10 03:35:00+05:30,20381.43,-42.11000000000058,1
8846,2023-03-10 05:40:00+05:30,20209.72,2023-03-10 07:20:00+05:30,20128.32,-81.40000000000146,1
8847,2023-03-10 09:35:00+05:30,20013.7,2023-03-10 10:50:00+05:30,19957.06,-56.63999999999942,1
8848,2023-03-10 12:30:00+05:30,19848.79,2023-03-10 12:50:00+05:30,19951.04,102.25,2
8849,2023-03-10 15:05:00+05:30,19871.91,2023-03-10 17:15:00+05:30,19714.02,-157.88999999999942,1
8850,2023-03-10 20:10:00+05:30,19729.64,2023-03-10 21:05:00+05:30,19934.21,204.5699999999997,2
8851,2023-03-11 02:50:00+05:30,19881.82,2023-03-11 03:20:00+05:30,19997.71,115.88999999999942,2
8852,2023-03-11 08:35:00+05:30,20337.28,2023-03-11 09:15:00+05:30,20430.77,93.4900000000016,2
8853,2023-03-11 11:55:00+05:30,20305.92,2023-03-11 13:25:00+05:30,19850.81,-455.10999999999694,0
8854,2023-03-11 13:30:00+05:30,19781.97,2023-03-11 14:10:00+05:30,20198.25,416.27999999999884,2
8855,2023-03-11 21:35:00+05:30,20024.67,2023-03-11 22:15:00+05:30,20086.13,61.460000000002765,2
8856,2023-03-12 07:55:00+05:30,20322.24,2023-03-12 08:30:00+05:30,20389.84,67.59999999999854,2
8857,2023-03-12 13:15:00+05:30,20292.35,2023-03-12 13:25:00+05:30,20346.71,54.36000000000058,2
8858,2023-03-12 17:40:00+05:30,20352.09,2023-03-12 18:40:00+05:30,20412.84,60.75,2
8859,2023-03-12 20:25:00+05:30,20339.55,2023-03-12 20:40:00+05:30,20396.07,56.52000000000044,2
8860,2023-03-13 07:50:00+05:30,22184.01,2023-03-13 09:00:00+05:30,22236.37,52.36000000000058,2
8861,2023-03-13 14:10:00+05:30,22290.87,2023-03-13 16:05:00+05:30,22096.05,-194.8199999999997,1
8862,2023-03-13 18:15:00+05:30,22002.19,2023-03-13 18:25:00+05:30,22130.32,128.13000000000102,2
8863,2023-03-14 01:55:00+05:30,24123.32,2023-03-14 02:35:00+05:30,24212.85,89.52999999999884,2
8864,2023-03-14 04:45:00+05:30,23964.66,2023-03-14 05:25:00+05:30,24113.48,148.8199999999997,2
8865,2023-03-14 12:55:00+05:30,24230.75,2023-03-14 14:40:00+05:30,24231.6,0.8499999999985448,2
8866,2023-03-14 22:45:00+05:30,25688.99,2023-03-15 00:20:00+05:30,25082.44,-606.5500000000029,0
8867,2023-03-15 00:25:00+05:30,24990.18,2023-03-15 00:55:00+05:30,24483.73,-506.4500000000007,0
8868,2023-03-15 02:35:00+05:30,24185.22,2023-03-15 03:25:00+05:30,24535.95,350.72999999999956,2
8869,2023-03-15 05:40:00+05:30,24569.27,2023-03-15 06:20:00+05:30,24663.01,93.73999999999796,2
8870,2023-03-15 08:45:00+05:30,24748.0,2023-03-15 10:05:00+05:30,24791.5,43.5,2
8871,2023-03-15 14:55:00+05:30,24664.5,2023-03-15 16:10:00+05:30,24609.0,-55.5,1
8872,2023-03-15 16:50:00+05:30,24316.61,2023-03-15 17:05:00+05:30,24491.96,175.34999999999854,2
8873,2023-03-15 20:00:00+05:30,24647.06,2023-03-15 20:45:00+05:30,24803.2,156.13999999999942,2
8874,2023-03-15 21:30:00+05:30,24370.15,2023-03-15 22:55:00+05:30,24343.8,-26.350000000002183,1
8875,2023-03-16 06:00:00+05:30,24218.0,2023-03-16 07:00:00+05:30,24304.06,86.06000000000131,2
8876,2023-03-16 08:40:00+05:30,24252.91,2023-03-16 10:40:00+05:30,24267.63,14.720000000001164,2
8877,2023-03-16 14:35:00+05:30,24461.35,2023-03-16 15:10:00+05:30,24777.0,315.65000000000146,2
8878,2023-03-16 18:45:00+05:30,24584.73,2023-03-16 19:05:00+05:30,24749.25,164.52000000000044,2
8879,2023-03-17 02:20:00+05:30,24710.95,2023-03-17 03:10:00+05:30,25069.57,358.619999999999,2
8880,2023-03-17 06:05:00+05:30,24896.16,2023-03-17 06:40:00+05:30,24974.58,78.42000000000189,2
8881,2023-03-17 18:05:00+05:30,26446.81,2023-03-17 18:30:00+05:30,26706.07,259.2599999999984,2
8882,2023-03-17 19:15:00+05:30,26414.4,2023-03-17 19:40:00+05:30,26585.06,170.65999999999985,2
8883,2023-03-17 20:05:00+05:30,26238.08,2023-03-17 20:45:00+05:30,26488.17,250.0899999999965,2
8884,2023-03-18 02:10:00+05:30,26669.53,2023-03-18 02:25:00+05:30,26769.59,100.06000000000131,2
8885,2023-03-18 05:45:00+05:30,27113.61,2023-03-18 06:05:00+05:30,27387.03,273.41999999999825,2
8886,2023-03-18 13:20:00+05:30,27321.5,2023-03-18 14:45:00+05:30,27275.59,-45.909999999999854,1
8887,2023-03-18 17:45:00+05:30,27300.65,2023-03-18 17:55:00+05:30,27428.34,127.68999999999869,2
8888,2023-03-18 20:55:00+05:30,27312.25,2023-03-18 22:10:00+05:30,27280.41,-31.840000000000146,1
8889,2023-03-19 03:15:00+05:30,27220.4,2023-03-19 05:35:00+05:30,26998.62,-221.78000000000247,1
8890,2023-03-19 11:20:00+05:30,27110.0,2023-03-19 13:00:00+05:30,26998.19,-111.81000000000131,1
8891,2023-03-20 01:45:00+05:30,28069.13,2023-03-20 02:35:00+05:30,28160.29,91.15999999999985,2
8892,2023-03-20 05:20:00+05:30,27904.52,2023-03-20 08:10:00+05:30,27302.3,-602.2200000000012,0
8893,2023-03-20 19:00:00+05:30,27993.4,2023-03-20 20:00:00+05:30,28058.48,65.07999999999811,2
8894,2023-03-20 21:25:00+05:30,27694.46,2023-03-20 22:45:00+05:30,27676.6,-17.860000000000582,1
8895,2023-03-21 04:40:00+05:30,27846.11,2023-03-21 05:50:00+05:30,27857.97,11.860000000000582,2
8896,2023-03-21 08:55:00+05:30,27748.61,2023-03-21 09:30:00+05:30,27831.71,83.09999999999854,2
8897,2023-03-21 11:00:00+05:30,27796.11,2023-03-21 13:55:00+05:30,27526.65,-269.4599999999991,1
8898,2023-03-21 19:50:00+05:30,27801.33,2023-03-21 20:35:00+05:30,27949.96,148.62999999999738,2
8899,2023-03-22 02:35:00+05:30,27994.13,2023-03-22 03:40:00+05:30,28049.95,55.81999999999971,2
8900,2023-03-22 06:10:00+05:30,27974.9,2023-03-22 06:55:00+05:30,28062.61,87.70999999999913,2
8901,2023-03-22 13:00:00+05:30,28078.78,2023-03-22 13:40:00+05:30,28166.27,87.4900000000016,2
8902,2023-03-22 22:50:00+05:30,28412.24,2023-03-22 23:30:00+05:30,28617.7,205.45999999999913,2
8903,2023-03-23 00:05:00+05:30,27946.59,2023-03-23 00:15:00+05:30,28410.65,464.0600000000013,2
8904,2023-03-23 00:25:00+05:30,28027.99,2023-03-23 00:35:00+05:30,27400.0,-627.9900000000016,0
8905,2023-03-23 00:40:00+05:30,27415.16,2023-03-23 01:20:00+05:30,26763.71,-651.4500000000007,0
8906,2023-03-23 07:15:00+05:30,27171.4,2023-03-23 07:45:00+05:30,27258.77,87.36999999999898,2
8907,2023-03-23 10:25:00+05:30,27275.16,2023-03-23 10:50:00+05:30,27362.58,87.42000000000189,2
8908,2023-03-23 12:50:00+05:30,27573.21,2023-03-23 13:05:00+05:30,27631.67,58.45999999999913,2
8909,2023-03-23 16:30:00+05:30,27576.71,2023-03-23 17:25:00+05:30,27584.53,7.819999999999709,2
8910,2023-03-23 18:40:00+05:30,27419.74,2023-03-23 19:40:00+05:30,27419.99,0.25,2
8911,2023-03-23 22:55:00+05:30,28215.68,2023-03-23 23:40:00+05:30,28355.37,139.6899999999987,2
8912,2023-03-24 00:10:00+05:30,28109.97,2023-03-24 01:10:00+05:30,28141.97,32.0,2
8913,2023-03-24 02:45:00+05:30,28012.57,2023-03-24 03:20:00+05:30,28177.87,165.29999999999927,2
8914,2023-03-24 06:25:00+05:30,28195.3,2023-03-24 06:55:00+05:30,28287.33,92.03000000000247,2
8915,2023-03-24 08:15:00+05:30,28203.25,2023-03-24 09:25:00+05:30,28219.98,16.729999999999563,2
8916,2023-03-24 10:10:00+05:30,28169.48,2023-03-24 10:40:00+05:30,28204.3,34.81999999999971,2
8917,2023-03-24 12:40:00+05:30,28226.67,2023-03-24 13:10:00+05:30,28274.0,47.330000000001746,2
8918,2023-03-24 13:35:00+05:30,28129.03,2023-03-24 14:55:00+05:30,28187.73,58.70000000000073,2
8919,2023-03-24 19:30:00+05:30,27858.24,2023-03-24 19:40:00+05:30,28160.01,301.7699999999968,2
8920,2023-03-24 22:00:00+05:30,27849.43,2023-03-24 23:55:00+05:30,27736.05,-113.38000000000102,1
8921,2023-03-25 01:55:00+05:30,27701.63,2023-03-25 03:00:00+05:30,27060.01,-641.6200000000026,0
8922,2023-03-25 09:40:00+05:30,27551.38,2023-03-25 09:55:00+05:30,27603.87,52.48999999999796,2
8923,2023-03-25 10:15:00+05:30,27530.92,2023-03-25 12:00:00+05:30,27490.0,-40.919999999998254,1
8924,2023-03-25 13:50:00+05:30,27450.79,2023-03-25 15:10:00+05:30,27432.48,-18.31000000000131,1
8925,2023-03-25 22:45:00+05:30,27530.0,2023-03-26 00:10:00+05:30,27527.77,-2.2299999999995634,1
8926,2023-03-26 00:25:00+05:30,27442.92,2023-03-26 01:45:00+05:30,27320.59,-122.32999999999811,1
8927,2023-03-26 08:55:00+05:30,27554.53,2023-03-26 10:40:00+05:30,27533.32,-21.209999999999127,1
8928,2023-03-26 20:00:00+05:30,27777.53,2023-03-26 21:30:00+05:30,27824.08,46.55000000000291,2
8929,2023-03-26 22:25:00+05:30,27699.28,2023-03-26 22:50:00+05:30,27793.45,94.17000000000189,2
8930,2023-03-27 02:00:00+05:30,27730.94,2023-03-27 02:45:00+05:30,27803.73,72.79000000000087,2
8931,2023-03-27 06:45:00+05:30,27819.41,2023-03-27 08:05:00+05:30,27869.88,50.470000000001164,2
8932,2023-03-27 10:40:00+05:30,27839.98,2023-03-27 12:25:00+05:30,27785.85,-54.13000000000102,1
8933,2023-03-27 17:15:00+05:30,27857.18,2023-03-27 17:40:00+05:30,27909.04,51.86000000000058,2
8934,2023-03-27 18:00:00+05:30,27779.2,2023-03-27 19:15:00+05:30,27789.81,10.610000000000582,2
8935,2023-03-27 19:40:00+05:30,27579.16,2023-03-27 20:25:00+05:30,26960.38,-618.7799999999988,0
8936,2023-03-27 20:30:00+05:30,26716.31,2023-03-27 21:30:00+05:30,27054.96,338.6499999999978,2
8937,2023-03-27 23:20:00+05:30,26951.1,2023-03-27 23:45:00+05:30,27139.53,188.4300000000003,2
8938,2023-03-28 01:25:00+05:30,26968.94,2023-03-28 01:55:00+05:30,27048.15,79.21000000000276,2
8939,2023-03-28 06:20:00+05:30,26975.97,2023-03-28 07:00:00+05:30,27026.01,50.039999999997235,2
8940,2023-03-28 09:00:00+05:30,26934.0,2023-03-28 09:40:00+05:30,26989.0,55.0,2
8941,2023-03-28 10:15:00+05:30,26909.51,2023-03-28 10:25:00+05:30,26964.6,55.090000000000146,2
8942,2023-03-28 13:25:00+05:30,26962.88,2023-03-28 14:15:00+05:30,26996.45,33.56999999999971,2
8943,2023-03-28 15:15:00+05:30,26851.75,2023-03-28 16:40:00+05:30,26832.62,-19.13000000000102,1
8944,2023-03-28 21:45:00+05:30,26883.05,2023-03-28 23:30:00+05:30,26875.27,-7.779999999998836,1
8945,2023-03-29 03:15:00+05:30,27153.61,2023-03-29 04:25:00+05:30,27218.39,64.77999999999884,2
8946,2023-03-29 15:25:00+05:30,28319.89,2023-03-29 16:05:00+05:30,28417.5,97.61000000000058,2
8947,2023-03-29 22:15:00+05:30,28267.89,2023-03-29 23:35:00+05:30,28264.57,-3.319999999999709,1
8948,2023-03-30 03:25:00+05:30,28291.0,2023-03-30 03:55:00+05:30,28390.67,99.66999999999825,2
8949,2023-03-30 05:30:00+05:30,28322.95,2023-03-30 05:45:00+05:30,28408.52,85.56999999999971,2
8950,2023-03-30 06:20:00+05:30,28272.91,2023-03-30 07:20:00+05:30,28365.61,92.70000000000073,2
8951,2023-03-30 14:25:00+05:30,28572.81,2023-03-30 15:35:00+05:30,28589.47,16.659999999999854,2
8952,2023-03-30 18:50:00+05:30,28577.3,2023-03-30 20:45:00+05:30,28463.11,-114.18999999999869,1
8953,2023-03-30 21:15:00+05:30,28242.01,2023-03-30 22:30:00+05:30,28277.0,34.9900000000016,2
8954,2023-03-30 22:55:00+05:30,28099.99,2023-03-31 00:25:00+05:30,27903.69,-196.3000000000029,1
8955,2023-03-31 04:10:00+05:30,28025.99,2023-03-31 05:00:00+05:30,28022.8,-3.1900000000023283,1
8956,2023-03-31 11:20:00+05:30,27988.97,2023-03-31 14:15:00+05:30,27837.79,-151.1800000000003,1
8957,2023-03-31 23:05:00+05:30,28309.95,2023-04-01 00:10:00+05:30,28386.53,76.57999999999811,2
8958,2023-04-01 05:10:00+05:30,28470.24,2023-04-01 05:45:00+05:30,28539.98,69.73999999999796,2
8959,2023-04-01 06:15:00+05:30,28418.84,2023-04-01 07:00:00+05:30,28485.97,67.13000000000102,2
8960,2023-04-01 11:45:00+05:30,28487.33,2023-04-01 13:35:00+05:30,28437.77,-49.56000000000131,1
8961,2023-04-01 15:40:00+05:30,28395.31,2023-04-01 16:05:00+05:30,28434.99,39.68000000000029,2
8962,2023-04-01 17:15:00+05:30,28389.98,2023-04-01 17:55:00+05:30,28419.96,29.979999999999563,2
8963,2023-04-01 19:45:00+05:30,28352.45,2023-04-01 21:00:00+05:30,28375.67,23.219999999997526,2
8964,2023-04-02 05:10:00+05:30,28459.35,2023-04-02 07:00:00+05:30,28422.47,-36.87999999999738,1
8965,2023-04-02 10:25:00+05:30,28386.09,2023-04-02 11:05:00+05:30,28434.49,48.400000000001455,2
8966,2023-04-02 13:30:00+05:30,28414.14,2023-04-02 14:50:00+05:30,28415.2,1.0600000000013097,2
8967,2023-04-02 16:30:00+05:30,28331.33,2023-04-02 17:10:00+05:30,28381.48,50.14999999999782,2
8968,2023-04-02 17:30:00+05:30,28335.15,2023-04-02 19:00:00+05:30,28337.62,2.469999999997526,2
8969,2023-04-02 20:30:00+05:30,28145.12,2023-04-02 22:15:00+05:30,28099.53,-45.590000000000146,1
8970,2023-04-03 00:40:00+05:30,28128.27,2023-04-03 02:00:00+05:30,28050.01,-78.26000000000204,1
8971,2023-04-03 03:30:00+05:30,27968.47,2023-04-03 04:15:00+05:30,28006.73,38.2599999999984,2
8972,2023-04-03 06:55:00+05:30,28018.38,2023-04-03 09:15:00+05:30,27776.25,-242.13000000000102,1
8973,2023-04-03 16:35:00+05:30,28237.9,2023-04-03 18:55:00+05:30,28214.71,-23.19000000000233,1
8974,2023-04-03 20:05:00+05:30,28041.99,2023-04-03 21:35:00+05:30,28106.79,64.79999999999927,2
8975,2023-04-03 22:20:00+05:30,27986.79,2023-04-03 23:05:00+05:30,28035.2,48.409999999999854,2
8976,2023-04-04 01:30:00+05:30,28057.59,2023-04-04 02:30:00+05:30,27476.24,-581.3499999999985,0
8977,2023-04-04 10:00:00+05:30,27799.97,2023-04-04 10:40:00+05:30,27846.91,46.93999999999869,2
8978,2023-04-04 19:10:00+05:30,28180.0,2023-04-04 20:05:00+05:30,28256.99,76.9900000000016,2
8979,2023-04-04 20:45:00+05:30,27976.93,2023-04-04 21:55:00+05:30,28059.1,82.16999999999825,2
8980,2023-04-05 04:45:00+05:30,28138.05,2023-04-05 05:45:00+05:30,28158.54,20.4900000000016,2
8981,2023-04-05 08:20:00+05:30,28529.56,2023-04-05 09:25:00+05:30,28544.72,15.159999999999854,2
8982,2023-04-05 12:10:00+05:30,28506.69,2023-04-05 13:25:00+05:30,28525.21,18.520000000000437,2
8983,2023-04-05 13:40:00+05:30,28464.63,2023-04-05 13:50:00+05:30,28567.05,102.41999999999825,2
8984,2023-04-05 18:00:00+05:30,28384.14,2023-04-05 18:15:00+05:30,28642.76,258.619999999999,2
8985,2023-04-05 19:30:00+05:30,28283.18,2023-04-05 21:15:00+05:30,28103.56,-179.61999999999898,1
8986,2023-04-06 05:35:00+05:30,28055.45,2023-04-06 07:10:00+05:30,28037.81,-17.639999999999418,1
8987,2023-04-06 10:30:00+05:30,28054.93,2023-04-06 12:00:00+05:30,28068.73,13.799999999999272,2
8988,2023-04-06 13:10:00+05:30,27992.33,2023-04-06 14:10:00+05:30,27968.18,-24.150000000001455,1
8989,2023-04-06 15:30:00+05:30,27831.87,2023-04-06 16:35:00+05:30,27910.0,78.13000000000102,2
8990,2023-04-06 19:15:00+05:30,27785.12,2023-04-06 19:35:00+05:30,27913.81,128.69000000000233,2
8991,2023-04-06 22:30:00+05:30,28049.83,2023-04-06 23:50:00+05:30,28070.95,21.11999999999898,2
8992,2023-04-07 00:10:00+05:30,27992.43,2023-04-07 01:00:00+05:30,28026.31,33.88000000000102,2
8993,2023-04-07 03:40:00+05:30,27931.7,2023-04-07 04:15:00+05:30,27996.41,64.70999999999913,2
8994,2023-04-07 07:50:00+05:30,28014.66,2023-04-07 09:05:00+05:30,28016.28,1.6199999999989814,2
8995,2023-04-07 10:50:00+05:30,27963.34,2023-04-07 12:25:00+05:30,27960.09,-3.25,1
8996,2023-04-07 13:00:00+05:30,27855.68,2023-04-07 13:55:00+05:30,27927.44,71.7599999999984,2
8997,2023-04-07 17:15:00+05:30,27814.09,2023-04-07 17:50:00+05:30,27893.42,79.32999999999811,2
8998,2023-04-07 21:50:00+05:30,27891.63,2023-04-07 22:45:00+05:30,27912.0,20.36999999999898,2
8999,2023-04-08 00:15:00+05:30,27884.5,2023-04-08 01:10:00+05:30,27899.59,15.090000000000146,2
9000,2023-04-08 02:20:00+05:30,27851.08,2023-04-08 02:40:00+05:30,27898.0,46.919999999998254,2
9001,2023-04-08 06:10:00+05:30,27870.04,2023-04-08 06:40:00+05:30,27895.24,25.200000000000728,2
9002,2023-04-08 13:20:00+05:30,28077.92,2023-04-08 13:50:00+05:30,28097.99,20.070000000003347,2
9003,2023-04-08 14:15:00+05:30,28055.36,2023-04-08 16:55:00+05:30,28026.72,-28.639999999999418,1
9004,2023-04-08 18:10:00+05:30,27962.95,2023-04-08 19:10:00+05:30,28002.99,40.04000000000087,2
9005,2023-04-08 23:10:00+05:30,27982.14,2023-04-09 00:40:00+05:30,27938.46,-43.68000000000029,1
9006,2023-04-09 03:55:00+05:30,27888.71,2023-04-09 04:20:00+05:30,27933.71,45.0,2
9007,2023-04-09 11:20:00+05:30,28008.16,2023-04-09 13:20:00+05:30,27908.71,-99.45000000000073,1
9008,2023-04-09 14:15:00+05:30,27838.54,2023-04-09 14:30:00+05:30,27899.23,60.68999999999869,2
9009,2023-04-09 16:50:00+05:30,27872.91,2023-04-09 17:05:00+05:30,27915.73,42.81999999999971,2
9010,2023-04-09 19:50:00+05:30,27815.71,2023-04-09 20:40:00+05:30,27888.95,73.2400000000016,2
9011,2023-04-09 22:50:00+05:30,27880.01,2023-04-09 23:20:00+05:30,27925.52,45.51000000000204,2
9012,2023-04-10 05:10:00+05:30,28300.82,2023-04-10 05:40:00+05:30,28364.48,63.659999999999854,2
9013,2023-04-10 06:55:00+05:30,28257.42,2023-04-10 08:00:00+05:30,28312.71,55.29000000000087,2
9014,2023-04-10 08:35:00+05:30,28269.24,2023-04-10 08:55:00+05:30,28304.47,35.22999999999956,2
9015,2023-04-10 10:20:00+05:30,28263.87,2023-04-10 11:10:00+05:30,28288.58,24.710000000002765,2
9016,2023-04-10 13:00:00+05:30,28238.25,2023-04-10 13:10:00+05:30,28274.48,36.22999999999956,2
9017,2023-04-10 17:45:00+05:30,28266.69,2023-04-10 18:30:00+05:30,28296.21,29.520000000000437,2
9018,2023-04-10 18:55:00+05:30,28255.0,2023-04-10 19:45:00+05:30,28260.01,5.009999999998399,2
9019,2023-04-11 00:50:00+05:30,29070.0,2023-04-11 01:15:00+05:30,29174.3,104.29999999999927,2
9020,2023-04-11 11:05:00+05:30,30021.33,2023-04-11 11:55:00+05:30,30087.0,65.66999999999825,2
9021,2023-04-11 14:15:00+05:30,30046.38,2023-04-11 15:50:00+05:30,30070.0,23.61999999999898,2
9022,2023-04-11 20:10:00+05:30,30018.32,2023-04-11 20:40:00+05:30,30211.05,192.72999999999956,2
9023,2023-04-11 22:30:00+05:30,30102.79,2023-04-11 23:10:00+05:30,30162.53,59.73999999999796,2
9024,2023-04-12 07:10:00+05:30,30175.01,2023-04-12 08:55:00+05:30,29988.75,-186.2599999999984,1
9025,2023-04-12 11:15:00+05:30,29891.79,2023-04-12 12:15:00+05:30,29931.75,39.95999999999913,2
9026,2023-04-12 14:20:00+05:30,29939.57,2023-04-12 14:50:00+05:30,29972.46,32.88999999999942,2
9027,2023-04-12 20:35:00+05:30,29963.41,2023-04-12 21:45:00+05:30,29998.54,35.13000000000102,2
9028,2023-04-13 00:15:00+05:30,29877.44,2023-04-13 01:55:00+05:30,29885.45,8.010000000002037,2
9029,2023-04-13 04:00:00+05:30,29881.98,2023-04-13 04:45:00+05:30,29920.06,38.080000000001746,2
9030,2023-04-13 10:40:00+05:30,30041.49,2023-04-13 10:55:00+05:30,30077.33,35.840000000000146,2
9031,2023-04-13 12:20:00+05:30,30004.44,2023-04-13 13:10:00+05:30,30059.98,55.54000000000087,2
9032,2023-04-13 17:25:00+05:30,30159.82,2023-04-13 17:45:00+05:30,30203.28,43.45999999999913,2
9033,2023-04-13 22:15:00+05:30,30277.15,2023-04-13 22:35:00+05:30,30372.93,95.77999999999884,2
9034,2023-04-14 00:50:00+05:30,30352.56,2023-04-14 02:40:00+05:30,30287.51,-65.05000000000291,1
9035,2023-04-14 08:05:00+05:30,30694.31,2023-04-14 08:50:00+05:30,30697.26,2.9499999999970896,2
9036,2023-04-14 16:45:00+05:30,30739.99,2023-04-14 17:15:00+05:30,30802.06,62.06999999999971,2
9037,2023-04-14 18:15:00+05:30,30674.78,2023-04-14 19:10:00+05:30,30718.23,43.45000000000073,2
9038,2023-04-14 20:20:00+05:30,30535.01,2023-04-14 22:30:00+05:30,30216.6,-318.40999999999985,1
9039,2023-04-15 04:45:00+05:30,30384.75,2023-04-15 05:15:00+05:30,30425.74,40.9900000000016,2
9040,2023-04-15 09:35:00+05:30,30348.18,2023-04-15 10:30:00+05:30,30367.95,19.770000000000437,2
9041,2023-04-15 14:15:00+05:30,30374.69,2023-04-15 14:40:00+05:30,30412.56,37.87000000000262,2
9042,2023-04-15 17:15:00+05:30,30365.81,2023-04-15 17:50:00+05:30,30405.86,40.04999999999927,2
9043,2023-04-15 19:00:00+05:30,30372.56,2023-04-15 20:05:00+05:30,30375.56,3.0,2
9044,2023-04-15 21:25:00+05:30,30325.27,2023-04-15 23:45:00+05:30,30271.66,-53.61000000000058,1
9045,2023-04-16 01:10:00+05:30,30256.95,2023-04-16 01:20:00+05:30,30302.97,46.02000000000044,2
9046,2023-04-16 02:40:00+05:30,30250.7,2023-04-16 03:10:00+05:30,30303.35,52.64999999999782,2
9047,2023-04-16 05:15:00+05:30,30293.69,2023-04-16 06:10:00+05:30,30319.03,25.340000000000146,2
9048,2023-04-16 06:30:00+05:30,30263.88,2023-04-16 07:35:00+05:30,30256.1,-7.780000000002474,1
9049,2023-04-16 14:50:00+05:30,30300.0,2023-04-16 16:25:00+05:30,30290.15,-9.849999999998545,1
9050,2023-04-16 17:10:00+05:30,30246.92,2023-04-16 17:45:00+05:30,30270.13,23.210000000002765,2
9051,2023-04-16 19:20:00+05:30,30164.85,2023-04-16 19:25:00+05:30,30249.99,85.14000000000306,2
9052,2023-04-16 22:00:00+05:30,30268.05,2023-04-16 22:20:00+05:30,30335.0,66.95000000000073,2
9053,2023-04-17 05:45:00+05:30,30238.18,2023-04-17 07:40:00+05:30,29926.29,-311.8899999999994,1
9054,2023-04-17 10:00:00+05:30,29927.63,2023-04-17 10:15:00+05:30,29978.51,50.87999999999738,2
9055,2023-04-17 12:00:00+05:30,29922.89,2023-04-17 13:45:00+05:30,29900.0,-22.889999999999418,1
9056,2023-04-17 15:35:00+05:30,29852.47,2023-04-17 16:10:00+05:30,29881.13,28.659999999999854,2
9057,2023-04-17 16:55:00+05:30,29765.0,2023-04-17 18:35:00+05:30,29535.0,-230.0,1
9058,2023-04-17 18:45:00+05:30,29435.87,2023-04-17 19:45:00+05:30,29462.62,26.75,2
9059,2023-04-17 21:00:00+05:30,29353.85,2023-04-17 21:40:00+05:30,29390.94,37.090000000000146,2
9060,2023-04-18 01:25:00+05:30,29467.24,2023-04-18 03:00:00+05:30,29459.66,-7.580000000001746,1
9061,2023-04-18 05:10:00+05:30,29438.79,2023-04-18 07:10:00+05:30,29395.78,-43.01000000000204,1
9062,2023-04-18 19:55:00+05:30,30181.51,2023-04-18 21:30:00+05:30,30209.68,28.17000000000189,2
9063,2023-04-18 23:10:00+05:30,30152.11,2023-04-18 23:55:00+05:30,30231.69,79.57999999999811,2
9064,2023-04-19 06:00:00+05:30,30297.53,2023-04-19 08:45:00+05:30,30235.47,-62.05999999999767,1
9065,2023-04-19 11:45:00+05:30,30133.15,2023-04-19 13:40:00+05:30,29465.52,-667.630000000001,0
9066,2023-04-19 13:45:00+05:30,29425.44,2023-04-19 16:20:00+05:30,29230.0,-195.4399999999987,1
9067,2023-04-19 21:00:00+05:30,29204.75,2023-04-19 21:45:00+05:30,29328.44,123.68999999999869,2
9068,2023-04-19 22:45:00+05:30,29206.51,2023-04-19 23:25:00+05:30,29318.14,111.63000000000102,2
9069,2023-04-20 01:30:00+05:30,29188.87,2023-04-20 01:35:00+05:30,29281.01,92.13999999999942,2
9070,2023-04-20 02:55:00+05:30,29057.06,2023-04-20 03:25:00+05:30,29170.0,112.93999999999869,2
9071,2023-04-20 04:45:00+05:30,28889.06,2023-04-20 05:55:00+05:30,28894.09,5.029999999998836,2
9072,2023-04-20 08:15:00+05:30,28758.87,2023-04-20 08:50:00+05:30,28838.52,79.65000000000146,2
9073,2023-04-20 11:00:00+05:30,28824.28,2023-04-20 11:25:00+05:30,28893.52,69.2400000000016,2
9074,2023-04-20 14:05:00+05:30,28801.75,2023-04-20 15:00:00+05:30,28901.54,99.79000000000087,2
9075,2023-04-20 15:50:00+05:30,28796.7,2023-04-20 16:25:00+05:30,28855.22,58.52000000000044,2
9076,2023-04-20 16:35:00+05:30,28770.0,2023-04-20 17:50:00+05:30,28733.49,-36.5099999999984,1
9077,2023-04-20 20:05:00+05:30,28720.0,2023-04-20 22:10:00+05:30,28614.01,-105.9900000000016,1
9078,2023-04-20 22:35:00+05:30,28365.59,2023-04-20 22:50:00+05:30,28544.94,179.34999999999854,2
9079,2023-04-20 23:55:00+05:30,28346.95,2023-04-21 01:50:00+05:30,28194.24,-152.70999999999913,1
9080,2023-04-21 05:55:00+05:30,28147.36,2023-04-21 06:05:00+05:30,28281.33,133.97000000000116,2
9081,2023-04-21 10:20:00+05:30,28238.59,2023-04-21 13:15:00+05:30,28068.87,-169.72000000000116,1
9082,2023-04-21 19:30:00+05:30,28086.61,2023-04-21 19:55:00+05:30,28180.56,93.95000000000073,2
9083,2023-04-21 21:35:00+05:30,27992.14,2023-04-21 21:45:00+05:30,28085.9,93.76000000000204,2
9084,2023-04-21 21:55:00+05:30,27977.35,2023-04-21 22:10:00+05:30,28050.23,72.88000000000102,2
9085,2023-04-21 22:45:00+05:30,27947.88,2023-04-22 00:40:00+05:30,27384.86,-563.0200000000004,0
9086,2023-04-22 00:45:00+05:30,27382.62,2023-04-22 02:00:00+05:30,27375.55,-7.069999999999709,1
9087,2023-04-22 04:05:00+05:30,27218.59,2023-04-22 04:30:00+05:30,27320.0,101.40999999999985,2
9088,2023-04-22 06:10:00+05:30,27227.96,2023-04-22 07:10:00+05:30,27277.84,49.88000000000102,2
9089,2023-04-22 13:10:00+05:30,27301.0,2023-04-22 15:05:00+05:30,27256.4,-44.599999999998545,1
9090,2023-04-22 19:05:00+05:30,27255.55,2023-04-22 19:50:00+05:30,27315.42,59.86999999999898,2
9091,2023-04-23 05:40:00+05:30,27746.8,2023-04-23 06:55:00+05:30,27660.76,-86.04000000000087,1
9092,2023-04-23 14:50:00+05:30,27655.54,2023-04-23 17:00:00+05:30,27579.72,-75.81999999999971,1
9093,2023-04-23 20:15:00+05:30,27587.87,2023-04-23 21:50:00+05:30,27472.04,-115.82999999999811,1
9094,2023-04-23 23:45:00+05:30,27440.62,2023-04-24 00:10:00+05:30,27526.27,85.65000000000146,2
9095,2023-04-24 03:30:00+05:30,27466.52,2023-04-24 03:55:00+05:30,27534.46,67.93999999999869,2
9096,2023-04-24 05:45:00+05:30,27524.09,2023-04-24 06:15:00+05:30,27556.34,32.25,2
9097,2023-04-24 11:10:00+05:30,27683.94,2023-04-24 13:40:00+05:30,27501.52,-182.41999999999825,1
9098,2023-04-24 14:00:00+05:30,27341.1,2023-04-24 15:05:00+05:30,27345.4,4.30000000000291,2
9099,2023-04-24 20:10:00+05:30,27330.37,2023-04-24 21:45:00+05:30,27329.66,-0.7099999999991269,1
9100,2023-04-24 22:25:00+05:30,27110.55,2023-04-24 22:45:00+05:30,27317.11,206.5600000000013,2
9101,2023-04-25 03:00:00+05:30,27343.74,2023-04-25 03:15:00+05:30,27423.64,79.89999999999782,2
9102,2023-04-25 07:25:00+05:30,27403.24,2023-04-25 08:40:00+05:30,27403.04,-0.2000000000007276,1
9103,2023-04-25 09:15:00+05:30,27348.45,2023-04-25 10:05:00+05:30,27385.13,36.68000000000029,2
9104,2023-04-25 12:50:00+05:30,27340.84,2023-04-25 14:00:00+05:30,27333.65,-7.18999999999869,1
9105,2023-04-25 19:15:00+05:30,27344.6,2023-04-25 20:35:00+05:30,27373.81,29.210000000002765,2
9106,2023-04-26 12:50:00+05:30,28322.31,2023-04-26 13:25:00+05:30,28376.18,53.86999999999898,2
9107,2023-04-26 19:45:00+05:30,29590.42,2023-04-26 20:35:00+05:30,29714.69,124.27000000000044,2
9108,2023-04-26 23:20:00+05:30,29730.61,2023-04-26 23:55:00+05:30,29788.94,58.32999999999811,2
9109,2023-04-27 00:35:00+05:30,29578.48,2023-04-27 01:00:00+05:30,28838.22,-740.2599999999984,0
9110,2023-04-27 01:05:00+05:30,28321.71,2023-04-27 01:30:00+05:30,27334.01,-987.7000000000007,0
9111,2023-04-27 12:20:00+05:30,28676.19,2023-04-27 13:20:00+05:30,28917.64,241.45000000000073,2
9112,2023-04-27 18:00:00+05:30,28855.43,2023-04-27 18:35:00+05:30,28932.52,77.09000000000015,2
9113,2023-04-28 01:45:00+05:30,29483.03,2023-04-28 02:05:00+05:30,29660.04,177.01000000000204,2
9114,2023-04-28 04:00:00+05:30,29503.08,2023-04-28 05:25:00+05:30,29472.77,-30.31000000000131,1
9115,2023-04-28 11:50:00+05:30,29432.92,2023-04-28 12:30:00+05:30,29474.27,41.35000000000218,2
9116,2023-04-28 13:45:00+05:30,29378.92,2023-04-28 15:45:00+05:30,29249.99,-128.92999999999665,1
9117,2023-04-28 17:30:00+05:30,29224.22,2023-04-28 17:50:00+05:30,29337.33,113.11000000000058,2
9118,2023-04-28 19:10:00+05:30,28950.09,2023-04-28 19:50:00+05:30,29281.26,331.16999999999825,2
9119,2023-04-29 04:50:00+05:30,29310.3,2023-04-29 07:20:00+05:30,29276.95,-33.349999999998545,1
9120,2023-04-29 11:55:00+05:30,29318.11,2023-04-29 12:30:00+05:30,29346.28,28.169999999998254,2
9121,2023-04-29 13:50:00+05:30,29281.5,2023-04-29 14:15:00+05:30,29324.0,42.5,2
9122,2023-04-29 16:00:00+05:30,29243.91,2023-04-29 16:20:00+05:30,29286.42,42.5099999999984,2
9123,2023-04-29 21:15:00+05:30,29271.81,2023-04-30 00:25:00+05:30,29176.0,-95.81000000000131,1
9124,2023-04-30 03:00:00+05:30,29187.83,2023-04-30 03:10:00+05:30,29248.74,60.909999999999854,2
9125,2023-04-30 03:35:00+05:30,29189.53,2023-04-30 04:00:00+05:30,29222.98,33.45000000000073,2
9126,2023-04-30 06:25:00+05:30,29136.0,2023-04-30 08:00:00+05:30,29139.72,3.720000000001164,2
9127,2023-04-30 13:35:00+05:30,29242.09,2023-04-30 13:55:00+05:30,29290.55,48.45999999999913,2
9128,2023-04-30 16:15:00+05:30,29207.29,2023-04-30 17:45:00+05:30,29213.45,6.1599999999998545,2
9129,2023-04-30 23:30:00+05:30,29571.11,2023-05-01 02:10:00+05:30,29320.0,-251.11000000000058,1
9130,2023-05-01 04:30:00+05:30,29353.72,2023-05-01 04:35:00+05:30,29420.23,66.5099999999984,2
9131,2023-05-01 05:15:00+05:30,29322.38,2023-05-01 07:10:00+05:30,28677.1,-645.2800000000025,0
9132,2023-05-01 07:15:00+05:30,28679.99,2023-05-01 08:55:00+05:30,28586.97,-93.02000000000044,1
9133,2023-05-01 11:10:00+05:30,28421.52,2023-05-01 11:55:00+05:30,28557.36,135.84000000000015,2
9134,2023-05-01 15:25:00+05:30,28524.98,2023-05-01 16:25:00+05:30,28552.43,27.450000000000728,2
9135,2023-05-01 17:30:00+05:30,28481.04,2023-05-01 17:50:00+05:30,28536.97,55.93000000000029,2
9136,2023-05-01 19:25:00+05:30,28457.84,2023-05-01 22:10:00+05:30,28220.0,-237.84000000000015,1
9137,2023-05-02 00:00:00+05:30,28127.82,2023-05-02 02:50:00+05:30,27888.96,-238.86000000000058,1
9138,2023-05-02 07:20:00+05:30,27950.0,2023-05-02 08:25:00+05:30,28008.52,58.52000000000044,2
9139,2023-05-02 14:50:00+05:30,27970.53,2023-05-02 15:50:00+05:30,28019.07,48.54000000000087,2
9140,2023-05-02 19:05:00+05:30,27984.72,2023-05-02 19:45:00+05:30,28135.03,150.30999999999767,2
9141,2023-05-03 06:25:00+05:30,28503.72,2023-05-03 08:15:00+05:30,28503.57,-0.1500000000014552,1
9142,2023-05-03 11:00:00+05:30,28459.14,2023-05-03 11:05:00+05:30,28499.26,40.11999999999898,2
9143,2023-05-03 11:40:00+05:30,28449.09,2023-05-03 11:45:00+05:30,28502.14,53.04999999999927,2
9144,2023-05-03 16:20:00+05:30,28604.31,2023-05-03 16:55:00+05:30,28634.61,30.299999999999272,2
9145,2023-05-03 17:25:00+05:30,28543.74,2023-05-03 19:20:00+05:30,28390.92,-152.82000000000335,1
9146,2023-05-04 00:35:00+05:30,28320.94,2023-05-04 01:35:00+05:30,28395.24,74.30000000000291,2
9147,2023-05-04 05:10:00+05:30,28946.24,2023-05-04 05:40:00+05:30,29080.05,133.80999999999767,2
9148,2023-05-04 12:50:00+05:30,29082.2,2023-05-04 14:00:00+05:30,29095.82,13.619999999998981,2
9149,2023-05-04 18:05:00+05:30,29076.83,2023-05-04 20:00:00+05:30,28878.39,-198.44000000000233,1
9150,2023-05-04 23:15:00+05:30,28811.02,2023-05-05 00:30:00+05:30,28842.03,31.0099999999984,2
9151,2023-05-05 02:50:00+05:30,28806.29,2023-05-05 04:20:00+05:30,28809.84,3.5499999999992724,2
9152,2023-05-05 09:10:00+05:30,29175.2,2023-05-05 09:50:00+05:30,29237.08,61.88000000000102,2
9153,2023-05-05 12:40:00+05:30,29121.43,2023-05-05 13:55:00+05:30,29113.73,-7.700000000000728,1
9154,2023-05-05 18:00:00+05:30,28918.73,2023-05-05 19:10:00+05:30,29166.21,247.47999999999956,2
9155,2023-05-06 00:15:00+05:30,29393.18,2023-05-06 01:05:00+05:30,29453.3,60.11999999999898,2
9156,2023-05-06 08:50:00+05:30,29387.03,2023-05-06 10:00:00+05:30,29397.35,10.319999999999709,2
9157,2023-05-06 11:10:00+05:30,29336.62,2023-05-06 11:40:00+05:30,29370.12,33.5,2
9158,2023-05-06 12:00:00+05:30,29305.75,2023-05-06 12:15:00+05:30,29369.51,63.7599999999984,2
9159,2023-05-06 13:30:00+05:30,29172.54,2023-05-06 14:30:00+05:30,29344.84,172.29999999999927,2
9160,2023-05-06 15:35:00+05:30,29264.22,2023-05-06 17:05:00+05:30,29252.26,-11.960000000002765,1
9161,2023-05-06 17:50:00+05:30,29209.86,2023-05-06 17:55:00+05:30,29248.0,38.13999999999942,2
9162,2023-05-06 18:05:00+05:30,29111.78,2023-05-06 20:30:00+05:30,28458.36,-653.4199999999983,0
9163,2023-05-07 01:35:00+05:30,28793.82,2023-05-07 02:15:00+05:30,28846.52,52.70000000000073,2
9164,2023-05-07 02:35:00+05:30,28756.05,2023-05-07 03:25:00+05:30,28807.43,51.38000000000102,2
9165,2023-05-07 14:00:00+05:30,28868.46,2023-05-07 15:00:00+05:30,28880.69,12.229999999999563,2
9166,2023-05-07 16:45:00+05:30,28779.19,2023-05-07 17:05:00+05:30,28878.96,99.77000000000044,2
9167,2023-05-07 21:50:00+05:30,28872.72,2023-05-07 22:25:00+05:30,28953.65,80.93000000000029,2
9168,2023-05-08 00:25:00+05:30,28857.62,2023-05-08 01:10:00+05:30,28889.37,31.75,2
9169,2023-05-08 02:35:00+05:30,28856.22,2023-05-08 02:55:00+05:30,28923.85,67.62999999999738,2
9170,2023-05-08 03:10:00+05:30,28816.46,2023-05-08 05:05:00+05:30,28789.99,-26.469999999997526,1
9171,2023-05-08 05:10:00+05:30,28666.92,2023-05-08 07:00:00+05:30,28553.25,-113.66999999999825,1
9172,2023-05-08 07:10:00+05:30,28102.61,2023-05-08 08:25:00+05:30,28284.98,182.36999999999898,2
9173,2023-05-08 09:05:00+05:30,28130.0,2023-05-08 09:30:00+05:30,28207.14,77.13999999999942,2
9174,2023-05-08 12:20:00+05:30,28135.74,2023-05-08 14:50:00+05:30,27878.61,-257.130000000001,1
9175,2023-05-08 17:35:00+05:30,27874.9,2023-05-08 18:45:00+05:30,27963.83,88.93000000000029,2
9176,2023-05-08 22:30:00+05:30,27835.72,2023-05-08 22:40:00+05:30,27888.94,53.219999999997526,2
9177,2023-05-08 23:05:00+05:30,27770.05,2023-05-09 00:55:00+05:30,27494.28,-275.77000000000044,1
9178,2023-05-09 01:35:00+05:30,27294.25,2023-05-09 01:45:00+05:30,27505.74,211.4900000000016,2
9179,2023-05-09 06:00:00+05:30,27575.69,2023-05-09 06:35:00+05:30,27646.44,70.75,2
9180,2023-05-09 11:30:00+05:30,27508.98,2023-05-09 12:15:00+05:30,27537.28,28.299999999999272,2
9181,2023-05-09 19:15:00+05:30,27611.92,2023-05-09 20:30:00+05:30,27568.01,-43.909999999999854,1
9182,2023-05-09 21:25:00+05:30,27400.39,2023-05-09 22:05:00+05:30,27475.19,74.79999999999927,2
9183,2023-05-10 00:20:00+05:30,27531.87,2023-05-10 00:50:00+05:30,27608.83,76.96000000000276,2
9184,2023-05-10 03:30:00+05:30,27585.94,2023-05-10 04:35:00+05:30,27594.46,8.520000000000437,2
9185,2023-05-10 09:50:00+05:30,27649.38,2023-05-10 10:10:00+05:30,27685.95,36.56999999999971,2
9186,2023-05-10 11:30:00+05:30,27606.57,2023-05-10 13:45:00+05:30,27589.02,-17.549999999999272,1
9187,2023-05-10 22:40:00+05:30,27878.28,2023-05-10 22:45:00+05:30,27216.9,-661.3799999999974,0
9188,2023-05-10 22:50:00+05:30,26992.39,2023-05-11 00:10:00+05:30,27461.68,469.2900000000009,2
9189,2023-05-11 02:50:00+05:30,27389.21,2023-05-11 04:05:00+05:30,27603.98,214.77000000000044,2
9190,2023-05-11 06:00:00+05:30,27494.26,2023-05-11 06:45:00+05:30,27579.33,85.07000000000335,2
9191,2023-05-11 08:25:00+05:30,27503.66,2023-05-11 09:30:00+05:30,27478.73,-24.93000000000029,1
9192,2023-05-11 13:25:00+05:30,27450.07,2023-05-11 15:05:00+05:30,27415.32,-34.75,1
9193,2023-05-11 17:15:00+05:30,27387.47,2023-05-11 17:35:00+05:30,27520.93,133.45999999999913,2
9194,2023-05-11 19:25:00+05:30,27206.61,2023-05-11 21:00:00+05:30,27191.0,-15.610000000000582,1
9195,2023-05-11 22:30:00+05:30,27091.23,2023-05-12 00:00:00+05:30,26939.93,-151.29999999999927,1
9196,2023-05-12 01:05:00+05:30,26794.94,2023-05-12 01:55:00+05:30,26912.33,117.39000000000306,2
9197,2023-05-12 04:05:00+05:30,26978.77,2023-05-12 05:05:00+05:30,26983.99,5.220000000001164,2
9198,2023-05-12 06:55:00+05:30,26885.26,2023-05-12 09:50:00+05:30,26671.18,-214.0799999999981,1
9199,2023-05-12 11:10:00+05:30,26575.4,2023-05-12 12:30:00+05:30,26339.65,-235.75,1
9200,2023-05-12 14:00:00+05:30,26253.43,2023-05-12 14:05:00+05:30,26311.47,58.04000000000087,2
9201,2023-05-12 17:30:00+05:30,26330.01,2023-05-12 17:40:00+05:30,26375.96,45.95000000000073,2
9202,2023-05-12 20:25:00+05:30,26313.85,2023-05-12 21:45:00+05:30,26368.8,54.95000000000073,2
9203,2023-05-13 00:30:00+05:30,26289.34,2023-05-13 01:20:00+05:30,26272.46,-16.88000000000102,1
9204,2023-05-13 04:20:00+05:30,26637.42,2023-05-13 04:55:00+05:30,26751.2,113.78000000000247,2
9205,2023-05-13 10:20:00+05:30,26755.62,2023-05-13 10:40:00+05:30,26815.62,60.0,2
9206,2023-05-13 11:00:00+05:30,26756.97,2023-05-13 12:45:00+05:30,26748.62,-8.350000000002183,1
9207,2023-05-13 17:40:00+05:30,26789.84,2023-05-13 17:45:00+05:30,26832.42,42.57999999999811,2
9208,2023-05-14 05:10:00+05:30,26773.7,2023-05-14 07:25:00+05:30,26730.0,-43.70000000000073,1
9209,2023-05-14 14:55:00+05:30,26823.86,2023-05-14 15:15:00+05:30,26851.95,28.090000000000146,2
9210,2023-05-14 16:40:00+05:30,26808.49,2023-05-14 18:10:00+05:30,26806.53,-1.9600000000027649,1
9211,2023-05-14 22:25:00+05:30,26958.7,2023-05-15 00:05:00+05:30,26937.4,-21.299999999999272,1
9212,2023-05-15 00:20:00+05:30,26893.29,2023-05-15 00:35:00+05:30,26937.88,44.590000000000146,2
9213,2023-05-15 00:55:00+05:30,26849.35,2023-05-15 01:55:00+05:30,26887.53,38.18000000000029,2
9214,2023-05-15 04:35:00+05:30,26873.61,2023-05-15 04:50:00+05:30,26909.39,35.779999999998836,2
9215,2023-05-15 05:45:00+05:30,26804.48,2023-05-15 06:45:00+05:30,26840.37,35.88999999999942,2
9216,2023-05-15 15:15:00+05:30,27358.71,2023-05-15 16:10:00+05:30,27398.9,40.19000000000233,2
9217,2023-05-15 17:15:00+05:30,27330.48,2023-05-15 18:10:00+05:30,27386.7,56.220000000001164,2
9218,2023-05-15 19:30:00+05:30,27332.13,2023-05-15 20:15:00+05:30,27410.38,78.25,2
9219,2023-05-16 01:45:00+05:30,27347.96,2023-05-16 03:00:00+05:30,27382.22,34.26000000000204,2
9220,2023-05-16 04:10:00+05:30,27292.84,2023-05-16 05:45:00+05:30,27258.14,-34.70000000000073,1
9221,2023-05-16 06:45:00+05:30,27130.57,2023-05-16 08:15:00+05:30,27025.66,-104.90999999999985,1
9222,2023-05-16 11:05:00+05:30,27062.6,2023-05-16 12:20:00+05:30,27074.1,11.5,2
9223,2023-05-16 15:00:00+05:30,27104.79,2023-05-16 16:40:00+05:30,27070.01,-34.780000000002474,1
9224,2023-05-16 18:05:00+05:30,27003.35,2023-05-16 18:10:00+05:30,27127.77,124.42000000000189,2
9225,2023-05-16 19:05:00+05:30,27006.39,2023-05-16 19:10:00+05:30,27085.65,79.26000000000204,2
9226,2023-05-16 19:20:00+05:30,26996.25,2023-05-16 20:30:00+05:30,27023.73,27.479999999999563,2
9227,2023-05-16 22:45:00+05:30,26977.0,2023-05-16 23:10:00+05:30,27059.04,82.04000000000087,2
9228,2023-05-17 01:05:00+05:30,26989.95,2023-05-17 02:40:00+05:30,26990.19,0.23999999999796273,2
9229,2023-05-17 10:35:00+05:30,27044.17,2023-05-17 12:15:00+05:30,27005.96,-38.20999999999913,1
9230,2023-05-17 13:15:00+05:30,26834.44,2023-05-17 14:40:00+05:30,26841.82,7.380000000001019,2
9231,2023-05-17 16:45:00+05:30,26790.4,2023-05-17 17:45:00+05:30,26760.55,-29.850000000002183,1
9232,2023-05-17 19:20:00+05:30,26605.61,2023-05-17 20:10:00+05:30,26765.28,159.66999999999825,2
9233,2023-05-18 07:10:00+05:30,27317.85,2023-05-18 08:10:00+05:30,27378.45,60.60000000000218,2
9234,2023-05-18 09:50:00+05:30,27327.53,2023-05-18 12:10:00+05:30,27247.75,-79.77999999999884,1
9235,2023-05-18 17:35:00+05:30,27330.44,2023-05-18 17:40:00+05:30,27440.57,110.13000000000102,2
9236,2023-05-18 18:05:00+05:30,27297.4,2023-05-18 19:35:00+05:30,27297.19,-0.21000000000276486,1
9237,2023-05-18 20:50:00+05:30,27119.67,2023-05-18 23:25:00+05:30,26488.99,-630.6799999999967,0
9238,2023-05-19 07:00:00+05:30,26793.64,2023-05-19 07:50:00+05:30,26835.17,41.529999999998836,2
9239,2023-05-19 13:05:00+05:30,26855.12,2023-05-19 14:00:00+05:30,26912.25,57.13000000000102,2
9240,2023-05-19 16:20:00+05:30,26802.33,2023-05-19 16:50:00+05:30,26837.99,35.659999999999854,2
9241,2023-05-19 19:15:00+05:30,26883.85,2023-05-19 20:30:00+05:30,26850.0,-33.849999999998545,1
9242,2023-05-20 00:35:00+05:30,26865.37,2023-05-20 01:40:00+05:30,26870.16,4.790000000000873,2
9243,2023-05-20 06:00:00+05:30,26859.0,2023-05-20 06:55:00+05:30,26866.73,7.729999999999563,2
9244,2023-05-20 08:05:00+05:30,26842.35,2023-05-20 08:40:00+05:30,26854.65,12.30000000000291,2
9245,2023-05-20 12:10:00+05:30,26842.51,2023-05-20 13:15:00+05:30,26856.81,14.30000000000291,2
9246,2023-05-21 02:20:00+05:30,27009.27,2023-05-21 02:55:00+05:30,27038.95,29.68000000000029,2
9247,2023-05-21 10:25:00+05:30,27129.32,2023-05-21 13:40:00+05:30,27068.93,-60.38999999999942,1
9248,2023-05-21 16:05:00+05:30,27017.81,2023-05-21 18:00:00+05:30,26879.7,-138.11000000000058,1
9249,2023-05-21 21:10:00+05:30,26812.94,2023-05-21 22:35:00+05:30,26912.78,99.84000000000015,2
9250,2023-05-21 23:15:00+05:30,26844.82,2023-05-22 00:10:00+05:30,26883.39,38.56999999999971,2
9251,2023-05-22 02:10:00+05:30,26857.17,2023-05-22 03:45:00+05:30,26780.0,-77.16999999999825,1
9252,2023-05-22 05:50:00+05:30,26740.93,2023-05-22 07:45:00+05:30,26644.25,-96.68000000000029,1
9253,2023-05-22 14:25:00+05:30,26826.62,2023-05-22 14:45:00+05:30,26876.63,50.01000000000204,2
9254,2023-05-22 16:00:00+05:30,26810.02,2023-05-22 17:25:00+05:30,26826.78,16.7599999999984,2
9255,2023-05-22 18:15:00+05:30,26761.02,2023-05-22 18:50:00+05:30,26798.35,37.32999999999811,2
9256,2023-05-22 22:35:00+05:30,26818.22,2023-05-22 23:15:00+05:30,26855.76,37.539999999997235,2
9257,2023-05-23 04:45:00+05:30,26838.87,2023-05-23 05:50:00+05:30,26861.24,22.37000000000262,2
9258,2023-05-23 11:55:00+05:30,27354.32,2023-05-23 13:25:00+05:30,27304.4,-49.919999999998254,1
9259,2023-05-23 18:15:00+05:30,27267.98,2023-05-23 19:35:00+05:30,27285.65,17.67000000000189,2
9260,2023-05-23 21:35:00+05:30,27281.28,2023-05-24 00:55:00+05:30,27176.85,-104.43000000000029,1
9261,2023-05-24 06:05:00+05:30,27165.2,2023-05-24 07:10:00+05:30,27181.59,16.389999999999418,2
9262,2023-05-24 08:35:00+05:30,27095.41,2023-05-24 10:25:00+05:30,26804.12,-291.2900000000009,1
9263,2023-05-24 13:05:00+05:30,26678.38,2023-05-24 13:45:00+05:30,26726.03,47.64999999999782,2
9264,2023-05-24 16:55:00+05:30,26694.84,2023-05-24 17:15:00+05:30,26741.04,46.20000000000073,2
9265,2023-05-24 19:10:00+05:30,26635.92,2023-05-24 20:55:00+05:30,26322.23,-313.6899999999987,1
9266,2023-05-25 05:45:00+05:30,26301.16,2023-05-25 08:20:00+05:30,26124.29,-176.86999999999898,1
9267,2023-05-25 12:55:00+05:30,26197.84,2023-05-25 13:55:00+05:30,26216.56,18.720000000001164,2
9268,2023-05-25 16:55:00+05:30,26217.96,2023-05-25 17:15:00+05:30,26248.57,30.610000000000582,2
9269,2023-05-25 19:05:00+05:30,26314.49,2023-05-25 19:30:00+05:30,26378.86,64.36999999999898,2
9270,2023-05-25 21:00:00+05:30,26224.75,2023-05-25 22:05:00+05:30,26266.38,41.63000000000102,2
9271,2023-05-26 06:20:00+05:30,26405.21,2023-05-26 06:30:00+05:30,26491.57,86.36000000000058,2
9272,2023-05-26 10:35:00+05:30,26407.85,2023-05-26 11:45:00+05:30,26389.02,-18.82999999999811,1
9273,2023-05-26 18:00:00+05:30,26403.43,2023-05-26 18:30:00+05:30,26476.34,72.90999999999985,2
9274,2023-05-26 23:10:00+05:30,26748.68,2023-05-27 00:05:00+05:30,26735.67,-13.010000000002037,1
9275,2023-05-27 02:55:00+05:30,26726.88,2023-05-27 03:40:00+05:30,26753.01,26.12999999999738,2
9276,2023-05-27 04:20:00+05:30,26713.18,2023-05-27 06:55:00+05:30,26690.06,-23.11999999999898,1
9277,2023-05-27 13:35:00+05:30,26692.85,2023-05-27 14:45:00+05:30,26701.95,9.100000000002183,2
9278,2023-05-27 16:20:00+05:30,26673.69,2023-05-27 17:05:00+05:30,26695.56,21.87000000000262,2
9279,2023-05-27 19:25:00+05:30,26628.29,2023-05-27 19:50:00+05:30,26707.53,79.23999999999796,2
9280,2023-05-28 15:00:00+05:30,27161.28,2023-05-28 15:45:00+05:30,27173.56,12.280000000002474,2
9281,2023-05-29 08:40:00+05:30,28083.84,2023-05-29 10:35:00+05:30,27988.46,-95.38000000000102,1
9282,2023-05-29 12:30:00+05:30,27963.57,2023-05-29 14:10:00+05:30,27916.22,-47.349999999998545,1
9283,2023-05-29 16:15:00+05:30,27771.11,2023-05-29 17:15:00+05:30,27929.08,157.97000000000116,2
9284,2023-05-29 20:00:00+05:30,27845.15,2023-05-29 22:40:00+05:30,27668.92,-176.2300000000032,1
9285,2023-05-30 03:30:00+05:30,27620.0,2023-05-30 04:05:00+05:30,27678.79,58.79000000000087,2
9286,2023-05-30 05:55:00+05:30,27673.39,2023-05-30 06:30:00+05:30,27749.99,76.60000000000218,2
9287,2023-05-30 10:40:00+05:30,27698.46,2023-05-30 11:25:00+05:30,27753.38,54.92000000000189,2
9288,2023-05-30 18:00:00+05:30,27797.36,2023-05-30 18:45:00+05:30,27945.33,147.97000000000116,2
9289,2023-05-30 19:20:00+05:30,27790.79,2023-05-30 21:35:00+05:30,27702.05,-88.7400000000016,1
9290,2023-05-30 21:45:00+05:30,27606.95,2023-05-30 21:50:00+05:30,27689.79,82.84000000000015,2
9291,2023-05-31 02:25:00+05:30,27762.51,2023-05-31 02:50:00+05:30,27832.24,69.7300000000032,2
9292,2023-05-31 03:15:00+05:30,27662.64,2023-05-31 04:15:00+05:30,27758.91,96.27000000000044,2
9293,2023-05-31 07:35:00+05:30,27616.42,2023-05-31 08:55:00+05:30,27671.01,54.590000000000146,2
9294,2023-05-31 09:30:00+05:30,27620.14,2023-05-31 09:45:00+05:30,27677.66,57.52000000000044,2
9295,2023-05-31 10:10:00+05:30,27576.73,2023-05-31 12:00:00+05:30,27168.06,-408.66999999999825,1
9296,2023-05-31 15:00:00+05:30,27081.76,2023-05-31 15:20:00+05:30,27142.81,61.05000000000291,2
9297,2023-05-31 16:35:00+05:30,27004.7,2023-05-31 16:50:00+05:30,27108.5,103.79999999999927,2
9298,2023-05-31 19:45:00+05:30,26910.68,2023-05-31 20:20:00+05:30,27078.38,167.70000000000073,2
9299,2023-06-01 06:15:00+05:30,27071.36,2023-06-01 08:00:00+05:30,27104.32,32.95999999999913,2
9300,2023-06-01 08:15:00+05:30,26821.07,2023-06-01 10:00:00+05:30,26800.0,-21.06999999999971,1
9301,2023-06-01 12:25:00+05:30,26785.13,2023-06-01 12:50:00+05:30,26833.22,48.090000000000146,2
9302,2023-06-01 15:45:00+05:30,26858.33,2023-06-01 17:05:00+05:30,26879.23,20.899999999997817,2
9303,2023-06-01 17:45:00+05:30,26827.12,2023-06-01 18:00:00+05:30,26931.45,104.33000000000175,2
9304,2023-06-01 19:50:00+05:30,26841.6,2023-06-01 20:20:00+05:30,26895.22,53.62000000000262,2
9305,2023-06-01 22:00:00+05:30,26841.51,2023-06-01 22:20:00+05:30,27051.53,210.02000000000044,2
9306,2023-06-02 00:55:00+05:30,26870.39,2023-06-02 02:05:00+05:30,26877.45,7.06000000000131,2
9307,2023-06-02 04:40:00+05:30,26850.47,2023-06-02 06:25:00+05:30,26786.03,-64.44000000000233,1
9308,2023-06-02 12:25:00+05:30,27071.06,2023-06-02 13:45:00+05:30,27091.97,20.909999999999854,2
9309,2023-06-02 18:40:00+05:30,27055.45,2023-06-02 19:00:00+05:30,27124.25,68.79999999999927,2
9310,2023-06-02 19:15:00+05:30,26958.15,2023-06-02 20:30:00+05:30,27018.61,60.45999999999913,2
9311,2023-06-02 23:55:00+05:30,27023.79,2023-06-03 00:10:00+05:30,27066.04,42.25,2
9312,2023-06-03 05:35:00+05:30,27210.08,2023-06-03 07:50:00+05:30,27158.98,-51.10000000000218,1
9313,2023-06-03 09:30:00+05:30,27118.1,2023-06-03 10:10:00+05:30,27149.22,31.12000000000262,2
9314,2023-06-03 13:15:00+05:30,27165.28,2023-06-03 15:25:00+05:30,27151.51,-13.770000000000437,1
9315,2023-06-03 20:40:00+05:30,27148.91,2023-06-03 20:50:00+05:30,27184.76,35.849999999998545,2
9316,2023-06-03 22:55:00+05:30,27174.37,2023-06-04 01:10:00+05:30,27163.13,-11.239999999997963,1
9317,2023-06-04 01:20:00+05:30,27093.91,2023-06-04 03:35:00+05:30,27042.1,-51.81000000000131,1
9318,2023-06-04 05:35:00+05:30,27050.86,2023-06-04 06:45:00+05:30,27052.55,1.6899999999986903,2
9319,2023-06-04 17:20:00+05:30,27184.82,2023-06-04 18:10:00+05:30,27216.03,31.209999999999127,2
9320,2023-06-05 03:00:00+05:30,27194.43,2023-06-05 03:35:00+05:30,27250.58,56.150000000001455,2
9321,2023-06-05 04:55:00+05:30,27140.08,2023-06-05 07:20:00+05:30,27054.25,-85.83000000000175,1
9322,2023-06-05 08:20:00+05:30,26960.01,2023-06-05 11:00:00+05:30,26829.81,-130.1999999999971,1
9323,2023-06-05 12:25:00+05:30,26765.34,2023-06-05 12:45:00+05:30,26807.24,41.900000000001455,2
9324,2023-06-05 14:20:00+05:30,26797.58,2023-06-05 16:50:00+05:30,26765.92,-31.660000000003492,1
9325,2023-06-05 18:05:00+05:30,26726.03,2023-06-05 19:00:00+05:30,26740.18,14.150000000001455,2
9326,2023-06-05 20:30:00+05:30,26676.67,2023-06-05 21:25:00+05:30,26007.53,-669.1399999999994,0
9327,2023-06-05 21:30:00+05:30,25554.37,2023-06-05 23:05:00+05:30,25762.93,208.5600000000013,2
9328,2023-06-06 00:00:00+05:30,25604.96,2023-06-06 01:15:00+05:30,25628.47,23.510000000002037,2
9329,2023-06-06 02:50:00+05:30,25546.63,2023-06-06 03:20:00+05:30,25620.68,74.04999999999927,2
9330,2023-06-06 07:00:00+05:30,25623.07,2023-06-06 07:35:00+05:30,25669.95,46.88000000000102,2
9331,2023-06-06 13:10:00+05:30,25742.51,2023-06-06 14:50:00+05:30,25712.87,-29.639999999999418,1
9332,2023-06-06 16:40:00+05:30,25715.0,2023-06-06 19:10:00+05:30,25647.16,-67.84000000000015,1
9333,2023-06-07 06:50:00+05:30,27075.4,2023-06-07 09:25:00+05:30,26909.01,-166.39000000000306,1
9334,2023-06-07 11:15:00+05:30,26877.68,2023-06-07 11:30:00+05:30,26936.54,58.86000000000058,2
9335,2023-06-07 12:05:00+05:30,26818.3,2023-06-07 13:00:00+05:30,26893.93,75.63000000000102,2
9336,2023-06-07 14:45:00+05:30,26709.19,2023-06-07 16:10:00+05:30,26623.34,-85.84999999999854,1
9337,2023-06-07 19:50:00+05:30,26525.48,2023-06-07 21:00:00+05:30,26631.15,105.67000000000189,2
9338,2023-06-08 01:30:00+05:30,26446.98,2023-06-08 02:40:00+05:30,26420.93,-26.049999999999272,1
9339,2023-06-08 03:20:00+05:30,26295.8,2023-06-08 03:45:00+05:30,26355.95,60.150000000001455,2
9340,2023-06-08 08:15:00+05:30,26372.77,2023-06-08 09:35:00+05:30,26376.06,3.290000000000873,2
9341,2023-06-08 11:20:00+05:30,26350.0,2023-06-08 12:00:00+05:30,26386.48,36.47999999999956,2
9342,2023-06-08 17:45:00+05:30,26388.24,2023-06-08 18:00:00+05:30,26442.66,54.419999999998254,2
9343,2023-06-08 22:15:00+05:30,26459.78,2023-06-08 23:50:00+05:30,26477.76,17.979999999999563,2
9344,2023-06-09 04:15:00+05:30,26535.1,2023-06-09 06:40:00+05:30,26485.39,-49.70999999999913,1
9345,2023-06-09 07:50:00+05:30,26334.11,2023-06-09 08:40:00+05:30,26470.02,135.90999999999985,2
9346,2023-06-09 16:45:00+05:30,26584.65,2023-06-09 17:15:00+05:30,26632.49,47.840000000000146,2
9347,2023-06-09 20:15:00+05:30,26540.49,2023-06-09 20:45:00+05:30,26633.75,93.2599999999984,2
9348,2023-06-09 21:15:00+05:30,26504.86,2023-06-09 22:45:00+05:30,26498.12,-6.740000000001601,1
9349,2023-06-10 00:05:00+05:30,26431.78,2023-06-10 00:30:00+05:30,26478.94,47.159999999999854,2
9350,2023-06-10 01:15:00+05:30,26397.25,2023-06-10 01:40:00+05:30,26449.74,52.4900000000016,2
9351,2023-06-10 06:30:00+05:30,26424.0,2023-06-10 06:35:00+05:30,26476.66,52.659999999999854,2
9352,2023-06-10 07:15:00+05:30,26374.42,2023-06-10 10:10:00+05:30,25840.96,-533.4599999999991,0
9353,2023-06-10 15:50:00+05:30,25611.15,2023-06-10 16:05:00+05:30,25656.98,45.82999999999811,2
9354,2023-06-10 21:40:00+05:30,25595.98,2023-06-10 22:35:00+05:30,25684.73,88.75,2
9355,2023-06-11 05:35:00+05:30,25805.4,2023-06-11 07:00:00+05:30,25809.18,3.779999999998836,2
9356,2023-06-11 09:35:00+05:30,25695.51,2023-06-11 10:15:00+05:30,25739.84,44.330000000001746,2
9357,2023-06-11 13:10:00+05:30,25750.0,2023-06-11 14:50:00+05:30,25741.88,-8.119999999998981,1
9358,2023-06-11 19:20:00+05:30,25707.21,2023-06-11 19:45:00+05:30,25770.61,63.400000000001455,2
9359,2023-06-12 03:00:00+05:30,26030.18,2023-06-12 05:20:00+05:30,25917.2,-112.97999999999956,1
9360,2023-06-12 07:50:00+05:30,25730.02,2023-06-12 08:55:00+05:30,25824.78,94.7599999999984,2
9361,2023-06-12 11:15:00+05:30,25784.01,2023-06-12 11:40:00+05:30,25800.65,16.640000000003056,2
9362,2023-06-12 17:45:00+05:30,25923.97,2023-06-12 20:25:00+05:30,25846.35,-77.62000000000262,1
9363,2023-06-12 22:50:00+05:30,25743.4,2023-06-12 23:10:00+05:30,25870.1,126.69999999999709,2
9364,2023-06-13 06:20:00+05:30,25840.0,2023-06-13 06:45:00+05:30,25911.99,71.9900000000016,2
9365,2023-06-13 09:40:00+05:30,26021.94,2023-06-13 10:25:00+05:30,26055.51,33.56999999999971,2
9366,2023-06-13 20:45:00+05:30,25866.9,2023-06-13 22:10:00+05:30,25853.65,-13.25,1
9367,2023-06-14 03:55:00+05:30,25812.72,2023-06-14 04:20:00+05:30,25842.64,29.919999999998254,2
9368,2023-06-14 09:00:00+05:30,25967.1,2023-06-14 09:45:00+05:30,25993.79,26.69000000000233,2
9369,2023-06-14 10:55:00+05:30,25963.6,2023-06-14 12:30:00+05:30,25917.89,-45.70999999999913,1
9370,2023-06-14 21:15:00+05:30,25965.41,2023-06-14 21:40:00+05:30,26001.12,35.70999999999913,2
9371,2023-06-14 22:30:00+05:30,25947.55,2023-06-14 22:35:00+05:30,25994.32,46.77000000000044,2
9372,2023-06-14 22:40:00+05:30,25942.0,2023-06-14 23:05:00+05:30,25971.67,29.669999999998254,2
9373,2023-06-14 23:35:00+05:30,25867.93,2023-06-15 00:10:00+05:30,25975.41,107.47999999999956,2
9374,2023-06-15 01:30:00+05:30,25726.32,2023-06-15 02:00:00+05:30,25182.74,-543.5799999999981,0
9375,2023-06-15 02:15:00+05:30,24927.8,2023-06-15 03:35:00+05:30,25109.93,182.13000000000102,2
9376,2023-06-15 04:05:00+05:30,25002.69,2023-06-15 04:45:00+05:30,25084.79,82.10000000000218,2
9377,2023-06-15 07:10:00+05:30,25065.99,2023-06-15 08:10:00+05:30,25107.21,41.219999999997526,2
9378,2023-06-15 09:35:00+05:30,25019.1,2023-06-15 10:15:00+05:30,25059.0,39.900000000001455,2
9379,2023-06-15 11:10:00+05:30,24984.24,2023-06-15 11:25:00+05:30,25031.42,47.17999999999665,2
9380,2023-06-15 12:25:00+05:30,24927.95,2023-06-15 12:50:00+05:30,24982.8,54.849999999998545,2
9381,2023-06-15 14:50:00+05:30,24949.09,2023-06-15 15:45:00+05:30,24974.31,25.220000000001164,2
9382,2023-06-15 16:00:00+05:30,24922.82,2023-06-15 17:00:00+05:30,25004.28,81.45999999999913,2
9383,2023-06-15 20:25:00+05:30,25014.62,2023-06-15 21:55:00+05:30,25003.0,-11.619999999998981,1
9384,2023-06-16 01:55:00+05:30,25236.65,2023-06-16 02:25:00+05:30,25566.0,329.34999999999854,2
9385,2023-06-16 05:35:00+05:30,25533.12,2023-06-16 07:05:00+05:30,25516.33,-16.789999999997235,1
9386,2023-06-16 10:30:00+05:30,25512.68,2023-06-16 11:25:00+05:30,25553.04,40.36000000000058,2
9387,2023-06-16 13:10:00+05:30,25538.15,2023-06-16 13:40:00+05:30,25583.49,45.340000000000146,2
9388,2023-06-16 16:50:00+05:30,25519.01,2023-06-16 17:50:00+05:30,25526.06,7.05000000000291,2
9389,2023-06-16 19:25:00+05:30,25492.64,2023-06-16 20:25:00+05:30,25616.01,123.36999999999898,2
9390,2023-06-17 02:50:00+05:30,26315.97,2023-06-17 03:40:00+05:30,26368.63,52.659999999999854,2
9391,2023-06-17 06:25:00+05:30,26313.11,2023-06-17 08:10:00+05:30,26270.09,-43.02000000000044,1
9392,2023-06-17 14:10:00+05:30,26573.45,2023-06-17 14:30:00+05:30,26619.58,46.13000000000102,2
9393,2023-06-17 16:50:00+05:30,26565.73,2023-06-17 17:50:00+05:30,26571.43,5.700000000000728,2
9394,2023-06-17 19:45:00+05:30,26492.72,2023-06-17 21:45:00+05:30,26477.26,-15.460000000002765,1
9395,2023-06-17 23:15:00+05:30,26425.61,2023-06-17 23:40:00+05:30,26464.94,39.32999999999811,2
9396,2023-06-18 04:55:00+05:30,26513.27,2023-06-18 07:10:00+05:30,26466.73,-46.54000000000087,1
9397,2023-06-18 17:55:00+05:30,26469.22,2023-06-18 18:05:00+05:30,26502.94,33.719999999997526,2
9398,2023-06-19 01:30:00+05:30,26583.0,2023-06-19 04:00:00+05:30,26458.19,-124.81000000000131,1
9399,2023-06-19 04:50:00+05:30,26368.59,2023-06-19 05:50:00+05:30,26383.94,15.349999999998545,2
9400,2023-06-19 06:20:00+05:30,26310.83,2023-06-19 06:25:00+05:30,26366.1,55.2699999999968,2
9401,2023-06-19 08:50:00+05:30,26410.11,2023-06-19 09:40:00+05:30,26424.89,14.779999999998836,2
9402,2023-06-19 09:55:00+05:30,26380.3,2023-06-19 10:15:00+05:30,26419.96,39.659999999999854,2
9403,2023-06-19 14:45:00+05:30,26383.99,2023-06-19 15:40:00+05:30,26417.21,33.219999999997526,2
9404,2023-06-19 16:25:00+05:30,26377.99,2023-06-19 16:45:00+05:30,26404.06,26.06999999999971,2
9405,2023-06-19 19:35:00+05:30,26489.39,2023-06-19 21:05:00+05:30,26452.37,-37.02000000000044,1
9406,2023-06-19 22:00:00+05:30,26352.13,2023-06-19 22:05:00+05:30,26515.99,163.86000000000058,2
9407,2023-06-20 11:05:00+05:30,26861.92,2023-06-20 12:45:00+05:30,26817.53,-44.38999999999942,1
9408,2023-06-20 13:45:00+05:30,26767.82,2023-06-20 15:05:00+05:30,26800.3,32.47999999999956,2
9409,2023-06-20 19:25:00+05:30,26812.01,2023-06-20 20:50:00+05:30,26780.75,-31.2599999999984,1
9410,2023-06-21 08:35:00+05:30,28715.67,2023-06-21 09:00:00+05:30,28793.15,77.4800000000032,2
9411,2023-06-22 02:15:00+05:30,29898.0,2023-06-22 03:45:00+05:30,29943.29,45.29000000000087,2
9412,2023-06-22 05:35:00+05:30,29942.39,2023-06-22 05:55:00+05:30,30172.01,229.61999999999898,2
9413,2023-06-22 11:30:00+05:30,30149.99,2023-06-22 12:35:00+05:30,30178.45,28.459999999999127,2
9414,2023-06-22 13:05:00+05:30,30025.59,2023-06-22 13:30:00+05:30,30134.95,109.36000000000058,2
9415,2023-06-22 16:35:00+05:30,29896.85,2023-06-22 17:40:00+05:30,30074.06,177.21000000000276,2
9416,2023-06-22 20:00:00+05:30,29984.5,2023-06-22 21:20:00+05:30,29855.03,-129.47000000000116,1
9417,2023-06-23 02:45:00+05:30,30067.49,2023-06-23 05:40:00+05:30,29996.81,-70.68000000000029,1
9418,2023-06-23 07:20:00+05:30,29963.32,2023-06-23 08:10:00+05:30,29966.28,2.959999999999127,2
9419,2023-06-23 12:15:00+05:30,29995.62,2023-06-23 13:45:00+05:30,29982.93,-12.68999999999869,1
9420,2023-06-23 18:05:00+05:30,30012.28,2023-06-23 18:20:00+05:30,30127.52,115.2400000000016,2
9421,2023-06-23 19:15:00+05:30,29963.0,2023-06-23 19:35:00+05:30,30094.75,131.75,2
9422,2023-06-24 00:00:00+05:30,30960.0,2023-06-24 02:15:00+05:30,30928.13,-31.86999999999898,1
9423,2023-06-24 03:00:00+05:30,30749.85,2023-06-24 04:30:00+05:30,30650.06,-99.78999999999724,1
9424,2023-06-24 06:05:00+05:30,30533.42,2023-06-24 07:20:00+05:30,30587.21,53.79000000000087,2
9425,2023-06-24 09:35:00+05:30,30668.0,2023-06-24 09:45:00+05:30,30745.41,77.40999999999985,2
9426,2023-06-24 11:40:00+05:30,30670.01,2023-06-24 12:20:00+05:30,30718.55,48.54000000000087,2
9427,2023-06-24 13:05:00+05:30,30634.04,2023-06-24 14:45:00+05:30,30622.12,-11.920000000001892,1
9428,2023-06-24 20:45:00+05:30,30540.0,2023-06-24 22:15:00+05:30,30478.0,-62.0,1
9429,2023-06-25 01:15:00+05:30,30605.54,2023-06-25 03:05:00+05:30,30544.99,-60.54999999999927,1
9430,2023-06-25 05:55:00+05:30,30472.5,2023-06-25 06:40:00+05:30,30566.0,93.5,2
9431,2023-06-25 11:30:00+05:30,30780.0,2023-06-25 11:50:00+05:30,30903.37,123.36999999999898,2
9432,2023-06-25 12:50:00+05:30,30699.99,2023-06-25 14:05:00+05:30,30743.49,43.5,2
9433,2023-06-25 14:50:00+05:30,30615.01,2023-06-25 15:20:00+05:30,30708.01,93.0,2
9434,2023-06-25 15:50:00+05:30,30590.0,2023-06-25 16:10:00+05:30,30674.0,84.0,2
9435,2023-06-25 18:40:00+05:30,30602.43,2023-06-25 19:15:00+05:30,30668.01,65.57999999999811,2
9436,2023-06-25 21:50:00+05:30,30524.27,2023-06-25 22:10:00+05:30,30580.2,55.93000000000029,2
9437,2023-06-25 23:30:00+05:30,30462.56,2023-06-26 01:25:00+05:30,30429.78,-32.780000000002474,1
9438,2023-06-26 02:20:00+05:30,30319.68,2023-06-26 02:55:00+05:30,30467.38,147.70000000000073,2
9439,2023-06-26 05:40:00+05:30,30403.25,2023-06-26 05:50:00+05:30,30528.86,125.61000000000058,2
9440,2023-06-26 06:30:00+05:30,30317.98,2023-06-26 08:15:00+05:30,30205.48,-112.5,1
9441,2023-06-26 10:45:00+05:30,30190.78,2023-06-26 11:10:00+05:30,30263.41,72.63000000000102,2
9442,2023-06-26 14:50:00+05:30,30313.54,2023-06-26 16:15:00+05:30,30275.51,-38.030000000002474,1
9443,2023-06-26 20:10:00+05:30,30293.99,2023-06-26 21:05:00+05:30,30455.51,161.5199999999968,2
9444,2023-06-26 21:55:00+05:30,30313.28,2023-06-26 23:35:00+05:30,30121.69,-191.59000000000015,1
9445,2023-06-27 09:35:00+05:30,30347.29,2023-06-27 12:20:00+05:30,30306.36,-40.93000000000029,1
9446,2023-06-27 18:45:00+05:30,30590.13,2023-06-27 19:30:00+05:30,30849.84,259.7099999999991,2
9447,2023-06-27 21:10:00+05:30,30500.35,2023-06-27 22:00:00+05:30,30637.38,137.03000000000247,2
9448,2023-06-28 01:55:00+05:30,30578.66,2023-06-28 02:55:00+05:30,30642.71,64.04999999999927,2
9449,2023-06-28 05:45:00+05:30,30516.81,2023-06-28 06:25:00+05:30,30614.0,97.18999999999869,2
9450,2023-06-28 08:20:00+05:30,30422.41,2023-06-28 10:00:00+05:30,30466.0,43.590000000000146,2
9451,2023-06-28 10:35:00+05:30,30400.0,2023-06-28 10:55:00+05:30,30443.83,43.830000000001746,2
9452,2023-06-28 12:25:00+05:30,30375.09,2023-06-28 14:20:00+05:30,30260.76,-114.33000000000175,1
9453,2023-06-28 17:30:00+05:30,30299.02,2023-06-28 17:55:00+05:30,30337.2,38.18000000000029,2
9454,2023-06-28 18:05:00+05:30,30154.02,2023-06-28 19:00:00+05:30,30209.99,55.970000000001164,2
9455,2023-06-28 22:10:00+05:30,30307.61,2023-06-28 23:50:00+05:30,30199.92,-107.69000000000233,1
9456,2023-06-29 00:55:00+05:30,30028.89,2023-06-29 02:10:00+05:30,30104.0,75.11000000000058,2
9457,2023-06-29 19:25:00+05:30,30564.0,2023-06-29 21:05:00+05:30,30536.26,-27.7400000000016,1
9458,2023-06-29 22:30:00+05:30,30452.67,2023-06-29 22:35:00+05:30,30570.01,117.34000000000015,2
9459,2023-06-29 22:40:00+05:30,30451.99,2023-06-29 22:45:00+05:30,30583.32,131.3299999999981,2
9460,2023-06-30 01:50:00+05:30,30303.7,2023-06-30 03:00:00+05:30,30440.49,136.79000000000087,2
9461,2023-06-30 04:25:00+05:30,30409.34,2023-06-30 04:50:00+05:30,30445.43,36.090000000000146,2
9462,2023-06-30 06:30:00+05:30,30400.01,2023-06-30 07:30:00+05:30,30421.66,21.650000000001455,2
9463,2023-06-30 19:05:00+05:30,30241.06,2023-06-30 20:35:00+05:30,30183.37,-57.69000000000233,1
9464,2023-06-30 21:35:00+05:30,29953.63,2023-06-30 21:50:00+05:30,30108.6,154.96999999999753,2
9465,2023-07-01 06:35:00+05:30,30436.13,2023-07-01 07:35:00+05:30,30475.02,38.88999999999942,2
9466,2023-07-01 09:50:00+05:30,30346.95,2023-07-01 10:15:00+05:30,30396.05,49.099999999998545,2
9467,2023-07-01 15:45:00+05:30,30431.43,2023-07-01 15:50:00+05:30,30466.6,35.169999999998254,2
9468,2023-07-02 02:35:00+05:30,30572.09,2023-07-02 02:40:00+05:30,30603.8,31.709999999999127,2
9469,2023-07-02 04:05:00+05:30,30561.27,2023-07-02 04:30:00+05:30,30597.99,36.720000000001164,2
9470,2023-07-02 07:45:00+05:30,30518.73,2023-07-02 08:00:00+05:30,30588.14,69.40999999999985,2
9471,2023-07-02 08:30:00+05:30,30523.24,2023-07-02 09:55:00+05:30,30535.85,12.609999999996944,2
9472,2023-07-02 18:50:00+05:30,30508.0,2023-07-02 19:45:00+05:30,30524.55,16.549999999999272,2
9473,2023-07-02 20:50:00+05:30,30283.5,2023-07-02 21:40:00+05:30,30552.01,268.5099999999984,2
9474,2023-07-02 23:25:00+05:30,30441.2,2023-07-03 00:20:00+05:30,30506.19,64.98999999999796,2
9475,2023-07-03 09:50:00+05:30,30717.99,2023-07-03 12:30:00+05:30,30664.95,-53.04000000000087,1
9476,2023-07-03 15:30:00+05:30,30583.01,2023-07-03 16:05:00+05:30,30646.48,63.470000000001164,2
9477,2023-07-03 17:35:00+05:30,30590.92,2023-07-03 18:10:00+05:30,30631.62,40.70000000000073,2
9478,2023-07-04 02:30:00+05:30,31071.17,2023-07-04 03:45:00+05:30,31120.93,49.76000000000204,2
9479,2023-07-04 09:40:00+05:30,31154.54,2023-07-04 11:55:00+05:30,31047.03,-107.51000000000204,1
9480,2023-07-04 13:15:00+05:30,30934.21,2023-07-04 14:40:00+05:30,31002.5,68.29000000000087,2
9481,2023-07-04 19:25:00+05:30,30999.55,2023-07-04 20:00:00+05:30,31045.99,46.44000000000233,2
9482,2023-07-04 20:35:00+05:30,30943.38,2023-07-04 20:45:00+05:30,31010.23,66.84999999999854,2
9483,2023-07-04 20:55:00+05:30,30931.05,2023-07-04 21:45:00+05:30,31023.45,92.40000000000146,2
9484,2023-07-05 00:40:00+05:30,30786.01,2023-07-05 02:05:00+05:30,30775.23,-10.779999999998836,1
9485,2023-07-05 10:15:00+05:30,30820.73,2023-07-05 10:35:00+05:30,30847.19,26.459999999999127,2
9486,2023-07-05 11:20:00+05:30,30800.49,2023-07-05 12:40:00+05:30,30812.01,11.519999999996799,2
9487,2023-07-05 13:45:00+05:30,30703.98,2023-07-05 14:00:00+05:30,30788.54,84.56000000000131,2
9488,2023-07-05 15:20:00+05:30,30687.96,2023-07-05 18:00:00+05:30,30429.2,-258.7599999999984,1
9489,2023-07-05 18:25:00+05:30,30321.22,2023-07-05 19:10:00+05:30,30374.34,53.11999999999898,2
9490,2023-07-05 21:00:00+05:30,30292.58,2023-07-05 21:30:00+05:30,30378.64,86.05999999999767,2
9491,2023-07-06 00:05:00+05:30,30453.81,2023-07-06 00:40:00+05:30,30505.36,51.54999999999927,2
9492,2023-07-06 01:25:00+05:30,30431.95,2023-07-06 02:05:00+05:30,30492.27,60.31999999999971,2
9493,2023-07-06 04:30:00+05:30,30392.01,2023-07-06 04:45:00+05:30,30473.78,81.77000000000044,2
9494,2023-07-06 06:15:00+05:30,30402.08,2023-07-06 07:20:00+05:30,30447.31,45.22999999999956,2
9495,2023-07-06 10:20:00+05:30,30455.69,2023-07-06 11:00:00+05:30,30499.99,44.30000000000291,2
9496,2023-07-06 17:20:00+05:30,30898.63,2023-07-06 19:35:00+05:30,30245.96,-652.6700000000019,0
9497,2023-07-06 19:45:00+05:30,30207.75,2023-07-06 20:50:00+05:30,30264.1,56.349999999998545,2
9498,2023-07-07 00:10:00+05:30,30223.3,2023-07-07 00:25:00+05:30,30378.01,154.70999999999913,2
9499,2023-07-07 02:50:00+05:30,30215.2,2023-07-07 04:00:00+05:30,30255.1,39.89999999999782,2
9500,2023-07-07 04:20:00+05:30,30135.47,2023-07-07 06:10:00+05:30,30083.71,-51.76000000000204,1
9501,2023-07-07 13:15:00+05:30,30005.39,2023-07-07 14:10:00+05:30,30071.99,66.60000000000218,2
9502,2023-07-07 17:45:00+05:30,30102.02,2023-07-07 18:00:00+05:30,30312.17,210.14999999999782,2
9503,2023-07-07 22:50:00+05:30,30284.36,2023-07-08 00:50:00+05:30,30201.73,-82.63000000000102,1
9504,2023-07-08 06:05:00+05:30,30284.99,2023-07-08 06:55:00+05:30,30298.31,13.319999999999709,2
9505,2023-07-08 10:35:00+05:30,30206.53,2023-07-08 11:25:00+05:30,30239.49,32.960000000002765,2
9506,2023-07-08 11:50:00+05:30,30167.19,2023-07-08 12:45:00+05:30,30208.17,40.97999999999956,2
9507,2023-07-08 16:40:00+05:30,30208.86,2023-07-08 17:50:00+05:30,30206.4,-2.459999999999127,1
9508,2023-07-08 20:35:00+05:30,30181.21,2023-07-08 20:50:00+05:30,30209.99,28.780000000002474,2
9509,2023-07-08 23:35:00+05:30,30217.99,2023-07-09 02:00:00+05:30,30130.95,-87.04000000000087,1
9510,2023-07-09 08:05:00+05:30,30280.02,2023-07-09 09:00:00+05:30,30315.96,35.93999999999869,2
9511,2023-07-09 11:20:00+05:30,30256.34,2023-07-09 12:15:00+05:30,30267.87,11.529999999998836,2
9512,2023-07-09 15:00:00+05:30,30251.49,2023-07-09 16:00:00+05:30,30286.91,35.419999999998254,2
9513,2023-07-09 16:35:00+05:30,30247.09,2023-07-09 16:50:00+05:30,30271.88,24.790000000000873,2
9514,2023-07-09 19:20:00+05:30,30256.63,2023-07-09 20:00:00+05:30,30291.89,35.2599999999984,2
9515,2023-07-10 00:30:00+05:30,30220.0,2023-07-10 01:10:00+05:30,30260.72,40.720000000001164,2
9516,2023-07-10 02:00:00+05:30,30173.41,2023-07-10 02:55:00+05:30,30211.65,38.2400000000016,2
9517,2023-07-10 03:20:00+05:30,30142.01,2023-07-10 04:05:00+05:30,30174.23,32.220000000001164,2
9518,2023-07-10 05:35:00+05:30,30099.98,2023-07-10 06:00:00+05:30,30199.1,99.11999999999898,2
9519,2023-07-10 11:10:00+05:30,30102.43,2023-07-10 11:40:00+05:30,30117.99,15.56000000000131,2
9520,2023-07-10 12:10:00+05:30,30050.3,2023-07-10 12:30:00+05:30,30115.26,64.95999999999913,2
9521,2023-07-10 18:15:00+05:30,30152.92,2023-07-10 19:00:00+05:30,30218.0,65.08000000000175,2
9522,2023-07-11 03:20:00+05:30,30577.45,2023-07-11 04:50:00+05:30,30379.73,-197.72000000000116,1
9523,2023-07-11 14:05:00+05:30,30510.23,2023-07-11 16:10:00+05:30,30419.98,-90.25,1
9524,2023-07-11 23:55:00+05:30,30490.0,2023-07-12 00:45:00+05:30,30518.08,28.080000000001746,2
9525,2023-07-12 02:40:00+05:30,30522.23,2023-07-12 03:15:00+05:30,30565.08,42.85000000000218,2
9526,2023-07-12 06:20:00+05:30,30521.99,2023-07-12 07:15:00+05:30,30546.27,24.279999999998836,2
9527,2023-07-12 16:20:00+05:30,30660.1,2023-07-12 16:45:00+05:30,30699.99,39.890000000003056,2
9528,2023-07-12 18:55:00+05:30,30658.0,2023-07-12 19:30:00+05:30,30772.61,114.61000000000058,2
9529,2023-07-12 21:00:00+05:30,30654.99,2023-07-12 23:00:00+05:30,30496.77,-158.22000000000116,1
9530,2023-07-13 00:50:00+05:30,30316.79,2023-07-13 02:10:00+05:30,30332.94,16.149999999997817,2
9531,2023-07-13 06:45:00+05:30,30326.95,2023-07-13 07:15:00+05:30,30388.43,61.47999999999956,2
9532,2023-07-13 08:55:00+05:30,30278.88,2023-07-13 10:05:00+05:30,30316.42,37.539999999997235,2
9533,2023-07-13 10:35:00+05:30,30266.6,2023-07-13 10:40:00+05:30,30298.23,31.63000000000102,2
9534,2023-07-13 18:00:00+05:30,30479.72,2023-07-13 18:10:00+05:30,30576.01,96.28999999999724,2
9535,2023-07-14 02:30:00+05:30,31294.03,2023-07-14 03:35:00+05:30,31316.64,22.610000000000582,2
9536,2023-07-14 06:40:00+05:30,31364.47,2023-07-14 07:30:00+05:30,31445.44,80.96999999999753,2
9537,2023-07-14 10:45:00+05:30,31359.13,2023-07-14 11:45:00+05:30,31385.19,26.05999999999767,2
9538,2023-07-14 11:55:00+05:30,31333.0,2023-07-14 13:50:00+05:30,31240.55,-92.45000000000073,1
9539,2023-07-14 16:10:00+05:30,31114.04,2023-07-14 16:25:00+05:30,31175.0,60.95999999999913,2
9540,2023-07-14 18:15:00+05:30,31148.0,2023-07-14 19:10:00+05:30,31192.99,44.9900000000016,2
9541,2023-07-14 21:55:00+05:30,31172.86,2023-07-14 23:55:00+05:30,30395.99,-776.869999999999,0
9542,2023-07-15 00:00:00+05:30,30142.99,2023-07-15 02:05:00+05:30,30135.09,-7.900000000001455,1
9543,2023-07-15 08:35:00+05:30,30270.0,2023-07-15 09:00:00+05:30,30308.34,38.340000000000146,2
9544,2023-07-15 10:55:00+05:30,30264.95,2023-07-15 11:45:00+05:30,30311.27,46.31999999999971,2
9545,2023-07-15 16:45:00+05:30,30293.3,2023-07-15 17:35:00+05:30,30325.5,32.20000000000073,2
9546,2023-07-15 20:25:00+05:30,30284.48,2023-07-15 20:45:00+05:30,30310.74,26.260000000002037,2
9547,2023-07-15 21:50:00+05:30,30265.78,2023-07-15 22:30:00+05:30,30292.44,26.659999999999854,2
9548,2023-07-16 01:30:00+05:30,30309.07,2023-07-16 03:10:00+05:30,30298.46,-10.610000000000582,1
9549,2023-07-16 07:45:00+05:30,30190.01,2023-07-16 08:10:00+05:30,30306.35,116.34000000000015,2
9550,2023-07-16 18:45:00+05:30,30276.58,2023-07-16 19:05:00+05:30,30308.0,31.419999999998254,2
9551,2023-07-16 21:45:00+05:30,30343.53,2023-07-16 22:00:00+05:30,30392.0,48.470000000001164,2
9552,2023-07-16 23:55:00+05:30,30325.99,2023-07-17 01:35:00+05:30,30279.4,-46.590000000000146,1
9553,2023-07-17 04:50:00+05:30,30261.99,2023-07-17 05:45:00+05:30,30294.13,32.13999999999942,2
9554,2023-07-17 08:30:00+05:30,30255.71,2023-07-17 08:45:00+05:30,30288.01,32.29999999999927,2
9555,2023-07-17 11:20:00+05:30,30272.01,2023-07-17 12:50:00+05:30,30279.99,7.980000000003201,2
9556,2023-07-17 13:00:00+05:30,30249.27,2023-07-17 13:05:00+05:30,30269.99,20.720000000001164,2
9557,2023-07-17 14:40:00+05:30,30228.96,2023-07-17 16:20:00+05:30,30177.69,-51.27000000000044,1
9558,2023-07-17 20:45:00+05:30,30211.39,2023-07-17 21:35:00+05:30,30220.01,8.619999999998981,2
9559,2023-07-17 22:05:00+05:30,30093.52,2023-07-18 00:55:00+05:30,29918.13,-175.38999999999942,1
9560,2023-07-18 08:05:00+05:30,30113.75,2023-07-18 10:15:00+05:30,30103.96,-9.790000000000873,1
9561,2023-07-18 12:00:00+05:30,30023.0,2023-07-18 12:45:00+05:30,30037.09,14.090000000000146,2
9562,2023-07-18 13:15:00+05:30,29938.0,2023-07-18 13:55:00+05:30,30060.02,122.02000000000044,2
9563,2023-07-18 15:45:00+05:30,29927.51,2023-07-18 16:05:00+05:30,29982.89,55.38000000000102,2
9564,2023-07-18 17:20:00+05:30,29887.32,2023-07-18 19:05:00+05:30,29823.99,-63.32999999999811,1
9565,2023-07-18 22:15:00+05:30,29704.7,2023-07-18 23:20:00+05:30,29792.33,87.63000000000102,2
9566,2023-07-19 00:55:00+05:30,29772.68,2023-07-19 02:10:00+05:30,29781.66,8.979999999999563,2
9567,2023-07-19 11:50:00+05:30,30055.6,2023-07-19 14:45:00+05:30,29984.01,-71.59000000000015,1
9568,2023-07-19 17:40:00+05:30,29956.99,2023-07-19 19:00:00+05:30,29977.01,20.0199999999968,2
9569,2023-07-20 01:45:00+05:30,30015.03,2023-07-20 04:55:00+05:30,29910.61,-104.41999999999825,1
9570,2023-07-20 08:55:00+05:30,29927.12,2023-07-20 09:45:00+05:30,29969.51,42.38999999999942,2
9571,2023-07-20 18:05:00+05:30,30246.2,2023-07-20 19:00:00+05:30,30258.29,12.090000000000146,2
9572,2023-07-20 19:45:00+05:30,30161.76,2023-07-20 21:35:00+05:30,29860.0,-301.7599999999984,1
9573,2023-07-20 22:05:00+05:30,29738.81,2023-07-20 23:05:00+05:30,29767.99,29.18000000000029,2
9574,2023-07-20 23:55:00+05:30,29599.46,2023-07-21 00:05:00+05:30,29741.26,141.79999999999927,2
9575,2023-07-21 05:45:00+05:30,29772.7,2023-07-21 05:50:00+05:30,29819.99,47.29000000000087,2
9576,2023-07-21 05:55:00+05:30,29775.0,2023-07-21 06:10:00+05:30,29824.01,49.0099999999984,2
9577,2023-07-21 09:45:00+05:30,29864.99,2023-07-21 11:45:00+05:30,29842.78,-22.210000000002765,1
9578,2023-07-21 13:00:00+05:30,29779.66,2023-07-21 13:50:00+05:30,29806.91,27.25,2
9579,2023-07-21 15:25:00+05:30,29755.99,2023-07-21 15:45:00+05:30,29803.49,47.5,2
9580,2023-07-21 16:50:00+05:30,29739.29,2023-07-21 17:30:00+05:30,29799.0,59.70999999999913,2
9581,2023-07-21 19:15:00+05:30,29802.04,2023-07-21 19:40:00+05:30,29864.5,62.45999999999913,2
9582,2023-07-21 21:40:00+05:30,29829.71,2023-07-21 22:35:00+05:30,29862.67,32.95999999999913,2
9583,2023-07-22 00:40:00+05:30,29803.94,2023-07-22 01:55:00+05:30,29884.99,81.05000000000291,2
9584,2023-07-22 05:20:00+05:30,29907.97,2023-07-22 05:45:00+05:30,29932.58,24.610000000000582,2
9585,2023-07-22 08:30:00+05:30,29912.0,2023-07-22 08:55:00+05:30,29937.34,25.340000000000146,2
9586,2023-07-22 10:15:00+05:30,29885.69,2023-07-22 11:55:00+05:30,29877.89,-7.799999999999272,1
9587,2023-07-22 15:40:00+05:30,29912.0,2023-07-22 18:55:00+05:30,29864.02,-47.97999999999956,1
9588,2023-07-22 23:05:00+05:30,29840.56,2023-07-23 00:35:00+05:30,29857.35,16.789999999997235,2
9589,2023-07-23 02:45:00+05:30,29815.48,2023-07-23 02:55:00+05:30,29833.52,18.040000000000873,2
9590,2023-07-23 03:50:00+05:30,29811.47,2023-07-23 05:25:00+05:30,29794.0,-17.470000000001164,1
9591,2023-07-23 13:00:00+05:30,29889.27,2023-07-23 13:25:00+05:30,29916.0,26.729999999999563,2
9592,2023-07-23 18:55:00+05:30,29868.0,2023-07-23 19:35:00+05:30,29894.36,26.360000000000582,2
9593,2023-07-24 02:55:00+05:30,30042.24,2023-07-24 04:00:00+05:30,30034.2,-8.040000000000873,1
9594,2023-07-24 06:20:00+05:30,30039.74,2023-07-24 09:40:00+05:30,29743.85,-295.89000000000306,1
9595,2023-07-24 12:35:00+05:30,29744.85,2023-07-24 12:50:00+05:30,29788.8,43.95000000000073,2
9596,2023-07-24 15:10:00+05:30,29701.35,2023-07-24 18:25:00+05:30,29232.0,-469.34999999999854,1
9597,2023-07-24 19:20:00+05:30,29155.18,2023-07-24 20:50:00+05:30,29130.0,-25.18000000000029,1
9598,2023-07-24 23:30:00+05:30,29018.93,2023-07-24 23:55:00+05:30,29066.28,47.349999999998545,2
9599,2023-07-25 02:05:00+05:30,29103.17,2023-07-25 02:15:00+05:30,29142.0,38.830000000001746,2
9600,2023-07-25 06:05:00+05:30,29141.99,2023-07-25 07:45:00+05:30,29097.67,-44.32000000000335,1
9601,2023-07-25 09:55:00+05:30,29083.99,2023-07-25 10:30:00+05:30,29099.99,16.0,2
9602,2023-07-25 17:10:00+05:30,29126.0,2023-07-25 18:00:00+05:30,29141.53,15.529999999998836,2
9603,2023-07-25 18:30:00+05:30,29099.42,2023-07-25 18:35:00+05:30,29147.49,48.07000000000335,2
9604,2023-07-26 01:05:00+05:30,29231.4,2023-07-26 02:15:00+05:30,29234.01,2.609999999996944,2
9605,2023-07-26 05:45:00+05:30,29194.0,2023-07-26 07:50:00+05:30,29164.41,-29.590000000000146,1
9606,2023-07-26 12:20:00+05:30,29198.01,2023-07-26 13:30:00+05:30,29226.0,27.9900000000016,2
9607,2023-07-26 14:55:00+05:30,29195.53,2023-07-26 16:05:00+05:30,29201.29,5.760000000002037,2
9608,2023-07-26 17:15:00+05:30,29175.55,2023-07-26 17:45:00+05:30,29196.47,20.92000000000189,2
9609,2023-07-26 23:25:00+05:30,29268.9,2023-07-26 23:30:00+05:30,29320.0,51.099999999998545,2
9610,2023-07-27 04:50:00+05:30,29390.02,2023-07-27 06:25:00+05:30,29356.09,-33.93000000000029,1
9611,2023-07-27 11:55:00+05:30,29446.74,2023-07-27 12:50:00+05:30,29448.91,2.1699999999982538,2
9612,2023-07-27 18:10:00+05:30,29461.02,2023-07-27 18:25:00+05:30,29496.41,35.38999999999942,2
9613,2023-07-27 19:30:00+05:30,29417.85,2023-07-27 22:00:00+05:30,29329.27,-88.57999999999811,1
9614,2023-07-27 22:45:00+05:30,29240.83,2023-07-28 01:20:00+05:30,29166.13,-74.70000000000073,1
9615,2023-07-28 07:45:00+05:30,29239.86,2023-07-28 08:55:00+05:30,29246.32,6.459999999999127,2
9616,2023-07-28 11:00:00+05:30,29203.13,2023-07-28 12:15:00+05:30,29197.42,-5.710000000002765,1
9617,2023-07-28 13:10:00+05:30,29158.97,2023-07-28 13:55:00+05:30,29179.16,20.18999999999869,2
9618,2023-07-28 21:30:00+05:30,29351.08,2023-07-29 00:00:00+05:30,29300.0,-51.080000000001746,1
9619,2023-07-29 12:10:00+05:30,29332.45,2023-07-29 12:40:00+05:30,29351.1,18.649999999997817,2
9620,2023-07-29 13:10:00+05:30,29315.91,2023-07-29 13:50:00+05:30,29330.54,14.630000000001019,2
9621,2023-07-29 15:15:00+05:30,29265.73,2023-07-29 15:50:00+05:30,29285.81,20.080000000001746,2
9622,2023-07-29 20:20:00+05:30,29279.15,2023-07-29 20:45:00+05:30,29295.86,16.709999999999127,2
9623,2023-07-30 05:40:00+05:30,29341.73,2023-07-30 06:25:00+05:30,29348.83,7.100000000002183,2
9624,2023-07-30 07:30:00+05:30,29316.01,2023-07-30 08:35:00+05:30,29318.69,2.680000000000291,2
9625,2023-07-30 11:15:00+05:30,29312.74,2023-07-30 13:10:00+05:30,29283.2,-29.540000000000873,1
9626,2023-07-30 16:15:00+05:30,29267.75,2023-07-30 16:30:00+05:30,29283.0,15.25,2
9627,2023-07-30 19:00:00+05:30,29303.14,2023-07-30 19:50:00+05:30,29309.27,6.130000000001019,2
9628,2023-07-31 00:20:00+05:30,29353.26,2023-07-31 02:25:00+05:30,29270.96,-82.29999999999927,1
9629,2023-07-31 10:00:00+05:30,29394.01,2023-07-31 11:00:00+05:30,29415.07,21.06000000000131,2
9630,2023-07-31 11:20:00+05:30,29372.99,2023-07-31 11:45:00+05:30,29410.01,37.0199999999968,2
9631,2023-07-31 13:25:00+05:30,29373.61,2023-07-31 13:55:00+05:30,29396.57,22.959999999999127,2
9632,2023-07-31 14:45:00+05:30,29355.12,2023-07-31 15:25:00+05:30,29383.96,28.840000000000146,2
9633,2023-07-31 19:20:00+05:30,29348.0,2023-07-31 23:10:00+05:30,29231.08,-116.91999999999825,1
9634,2023-08-01 01:25:00+05:30,29157.48,2023-08-01 01:35:00+05:30,29205.65,48.17000000000189,2
9635,2023-08-01 07:20:00+05:30,29188.0,2023-08-01 10:00:00+05:30,28886.55,-301.4500000000007,1
9636,2023-08-01 16:50:00+05:30,28891.77,2023-08-01 18:05:00+05:30,28909.96,18.18999999999869,2
9637,2023-08-01 19:40:00+05:30,28833.1,2023-08-01 19:50:00+05:30,28884.94,51.840000000000146,2
9638,2023-08-01 20:30:00+05:30,28798.73,2023-08-01 21:00:00+05:30,28840.0,41.27000000000044,2
9639,2023-08-02 08:45:00+05:30,29757.99,2023-08-02 10:00:00+05:30,29713.42,-44.57000000000335,1
9640,2023-08-02 12:20:00+05:30,29574.26,2023-08-02 12:40:00+05:30,29641.9,67.64000000000306,2
9641,2023-08-02 13:35:00+05:30,29539.3,2023-08-02 15:50:00+05:30,29475.41,-63.88999999999942,1
9642,2023-08-02 18:35:00+05:30,29426.01,2023-08-02 21:00:00+05:30,29350.01,-76.0,1
9643,2023-08-02 22:20:00+05:30,29076.58,2023-08-02 23:05:00+05:30,29250.61,174.02999999999884,2
9644,2023-08-03 02:45:00+05:30,29089.12,2023-08-03 02:55:00+05:30,29161.62,72.5,2
9645,2023-08-03 04:50:00+05:30,29143.99,2023-08-03 05:25:00+05:30,29186.01,42.0199999999968,2
9646,2023-08-03 10:00:00+05:30,29130.58,2023-08-03 11:10:00+05:30,29137.56,6.979999999999563,2
9647,2023-08-03 12:20:00+05:30,29066.01,2023-08-03 13:55:00+05:30,29072.0,5.990000000001601,2
9648,2023-08-03 17:10:00+05:30,29130.01,2023-08-03 18:40:00+05:30,29155.36,25.350000000002183,2
9649,2023-08-03 23:35:00+05:30,29156.87,2023-08-04 00:20:00+05:30,29264.51,107.63999999999942,2
9650,2023-08-04 03:25:00+05:30,29253.91,2023-08-04 04:35:00+05:30,29238.91,-15.0,1
9651,2023-08-04 05:35:00+05:30,29167.63,2023-08-04 05:45:00+05:30,29223.09,55.45999999999913,2
9652,2023-08-04 07:35:00+05:30,29176.39,2023-08-04 09:35:00+05:30,29170.85,-5.540000000000873,1
9653,2023-08-04 12:20:00+05:30,29194.34,2023-08-04 13:20:00+05:30,29203.27,8.930000000000291,2
9654,2023-08-04 16:15:00+05:30,29154.42,2023-08-04 17:20:00+05:30,29167.99,13.570000000003347,2
9655,2023-08-04 23:00:00+05:30,29234.01,2023-08-05 01:35:00+05:30,29069.3,-164.70999999999913,1
9656,2023-08-05 02:10:00+05:30,28982.08,2023-08-05 02:35:00+05:30,29085.37,103.28999999999724,2
9657,2023-08-05 06:50:00+05:30,29090.01,2023-08-05 08:05:00+05:30,29096.0,5.990000000001601,2
9658,2023-08-05 09:50:00+05:30,29074.11,2023-08-05 10:50:00+05:30,29078.39,4.279999999998836,2
9659,2023-08-05 12:55:00+05:30,29050.0,2023-08-05 14:05:00+05:30,29063.76,13.7599999999984,2
9660,2023-08-05 16:15:00+05:30,29046.05,2023-08-05 16:35:00+05:30,29075.43,29.38000000000102,2
9661,2023-08-05 17:40:00+05:30,29029.35,2023-08-05 18:50:00+05:30,29029.34,-0.00999999999839929,1
9662,2023-08-06 02:05:00+05:30,29056.36,2023-08-06 02:45:00+05:30,29067.99,11.630000000001019,2
9663,2023-08-06 05:30:00+05:30,29065.1,2023-08-06 07:45:00+05:30,29058.0,-7.099999999998545,1
9664,2023-08-06 11:40:00+05:30,29066.03,2023-08-06 12:40:00+05:30,29076.64,10.610000000000582,2
9665,2023-08-06 16:05:00+05:30,29051.01,2023-08-06 16:25:00+05:30,29070.0,18.9900000000016,2
9666,2023-08-06 17:55:00+05:30,29055.21,2023-08-06 19:45:00+05:30,29025.52,-29.68999999999869,1
9667,2023-08-06 21:20:00+05:30,29008.0,2023-08-06 21:55:00+05:30,29030.3,22.299999999999272,2
9668,2023-08-07 05:50:00+05:30,29071.99,2023-08-07 06:35:00+05:30,29087.55,15.559999999997672,2
9669,2023-08-07 10:50:00+05:30,29147.05,2023-08-07 12:45:00+05:30,29102.58,-44.469999999997526,1
9670,2023-08-07 14:30:00+05:30,29054.42,2023-08-07 14:50:00+05:30,29080.0,25.580000000001746,2
9671,2023-08-07 17:55:00+05:30,29038.74,2023-08-07 18:20:00+05:30,29118.0,79.2599999999984,2
9672,2023-08-07 19:55:00+05:30,29000.0,2023-08-07 20:15:00+05:30,29050.24,50.2400000000016,2
9673,2023-08-07 20:35:00+05:30,28962.6,2023-08-07 21:50:00+05:30,28928.01,-34.590000000000146,1
9674,2023-08-08 07:05:00+05:30,29153.24,2023-08-08 07:55:00+05:30,29186.56,33.31999999999971,2
9675,2023-08-08 12:25:00+05:30,29224.01,2023-08-08 15:00:00+05:30,29197.57,-26.43999999999869,1
9676,2023-08-09 03:20:00+05:30,29843.97,2023-08-09 04:40:00+05:30,29821.35,-22.62000000000262,1
9677,2023-08-09 07:50:00+05:30,29752.86,2023-08-09 09:25:00+05:30,29716.01,-36.85000000000218,1
9678,2023-08-09 11:30:00+05:30,29720.0,2023-08-09 12:15:00+05:30,29729.36,9.360000000000582,2
9679,2023-08-09 16:00:00+05:30,29743.07,2023-08-09 16:05:00+05:30,29822.01,78.93999999999869,2
9680,2023-08-09 20:20:00+05:30,29792.0,2023-08-09 23:50:00+05:30,29521.69,-270.3100000000013,1
9681,2023-08-10 01:20:00+05:30,29450.01,2023-08-10 01:55:00+05:30,29485.49,35.4800000000032,2
9682,2023-08-10 08:30:00+05:30,29571.74,2023-08-10 11:15:00+05:30,29558.01,-13.730000000003201,1
9683,2023-08-10 13:15:00+05:30,29495.99,2023-08-10 14:35:00+05:30,29515.76,19.7699999999968,2
9684,2023-08-10 14:55:00+05:30,29491.5,2023-08-10 15:10:00+05:30,29536.41,44.909999999999854,2
9685,2023-08-10 20:10:00+05:30,29428.01,2023-08-10 22:10:00+05:30,29464.0,35.9900000000016,2
9686,2023-08-11 07:10:00+05:30,29440.85,2023-08-11 08:35:00+05:30,29423.4,-17.44999999999709,1
9687,2023-08-11 14:15:00+05:30,29413.25,2023-08-11 15:40:00+05:30,29406.45,-6.799999999999272,1
9688,2023-08-11 20:40:00+05:30,29410.0,2023-08-11 22:50:00+05:30,29375.99,-34.0099999999984,1
9689,2023-08-12 07:25:00+05:30,29405.25,2023-08-12 09:20:00+05:30,29401.89,-3.360000000000582,1
9690,2023-08-12 11:15:00+05:30,29405.35,2023-08-12 12:20:00+05:30,29410.17,4.819999999999709,2
9691,2023-08-12 14:05:00+05:30,29400.77,2023-08-12 14:45:00+05:30,29419.61,18.840000000000146,2
9692,2023-08-12 19:20:00+05:30,29409.82,2023-08-12 19:45:00+05:30,29423.33,13.510000000002037,2
9693,2023-08-12 23:15:00+05:30,29433.11,2023-08-13 01:35:00+05:30,29426.87,-6.240000000001601,1
9694,2023-08-13 03:15:00+05:30,29400.01,2023-08-13 03:30:00+05:30,29422.89,22.88000000000102,2
9695,2023-08-13 08:35:00+05:30,29413.29,2023-08-13 11:35:00+05:30,29392.76,-20.530000000002474,1
9696,2023-08-13 16:20:00+05:30,29403.87,2023-08-13 18:00:00+05:30,29389.99,-13.87999999999738,1
9697,2023-08-13 18:55:00+05:30,29374.85,2023-08-13 20:00:00+05:30,29381.66,6.81000000000131,2
9698,2023-08-13 20:55:00+05:30,29362.12,2023-08-13 22:30:00+05:30,29361.87,-0.25,1
9699,2023-08-14 03:00:00+05:30,29402.36,2023-08-14 05:40:00+05:30,29325.28,-77.08000000000175,1
9700,2023-08-14 06:10:00+05:30,29259.0,2023-08-14 08:05:00+05:30,29312.0,53.0,2
9701,2023-08-14 12:40:00+05:30,29401.99,2023-08-14 13:05:00+05:30,29434.07,32.07999999999811,2
9702,2023-08-14 15:10:00+05:30,29386.78,2023-08-14 16:00:00+05:30,29412.82,26.040000000000873,2
9703,2023-08-14 17:00:00+05:30,29389.03,2023-08-14 18:20:00+05:30,29390.6,1.569999999999709,2
9704,2023-08-14 18:40:00+05:30,29346.42,2023-08-14 19:20:00+05:30,29400.0,53.580000000001746,2
9705,2023-08-14 22:50:00+05:30,29570.01,2023-08-15 00:55:00+05:30,29374.01,-196.0,1
9706,2023-08-15 06:15:00+05:30,29406.82,2023-08-15 06:25:00+05:30,29433.88,27.06000000000131,2
9707,2023-08-15 07:05:00+05:30,29385.58,2023-08-15 08:05:00+05:30,29409.99,24.409999999999854,2
9708,2023-08-15 15:35:00+05:30,29400.0,2023-08-15 18:15:00+05:30,29398.36,-1.639999999999418,1
9709,2023-08-15 21:10:00+05:30,29342.65,2023-08-15 23:00:00+05:30,29324.03,-18.62000000000262,1
9710,2023-08-16 00:35:00+05:30,29115.3,2023-08-16 01:45:00+05:30,29221.34,106.04000000000087,2
9711,2023-08-16 04:25:00+05:30,29183.62,2023-08-16 04:40:00+05:30,29217.4,33.780000000002474,2
9712,2023-08-16 07:00:00+05:30,29194.0,2023-08-16 07:10:00+05:30,29226.02,32.02000000000044,2
9713,2023-08-16 10:30:00+05:30,29201.57,2023-08-16 12:00:00+05:30,29175.76,-25.81000000000131,1
9714,2023-08-16 13:50:00+05:30,29163.43,2023-08-16 14:05:00+05:30,29205.26,41.82999999999811,2
9715,2023-08-16 14:50:00+05:30,29140.39,2023-08-16 15:30:00+05:30,29170.23,29.840000000000146,2
9716,2023-08-16 17:10:00+05:30,29154.01,2023-08-16 18:10:00+05:30,29170.01,16.0,2
9717,2023-08-16 21:25:00+05:30,29106.55,2023-08-16 22:25:00+05:30,29086.52,-20.029999999998836,1
9718,2023-08-17 01:55:00+05:30,28981.99,2023-08-17 03:30:00+05:30,28946.61,-35.38000000000102,1
9719,2023-08-17 04:30:00+05:30,28877.4,2023-08-17 07:25:00+05:30,28632.69,-244.71000000000276,1
9720,2023-08-17 12:45:00+05:30,28624.39,2023-08-17 14:50:00+05:30,28593.09,-31.299999999999272,1
9721,2023-08-17 16:15:00+05:30,28540.19,2023-08-17 17:10:00+05:30,28554.63,14.440000000002328,2
9722,2023-08-17 17:40:00+05:30,28476.0,2023-08-17 17:55:00+05:30,28523.54,47.54000000000087,2
9723,2023-08-17 21:05:00+05:30,28067.0,2023-08-17 22:35:00+05:30,28035.61,-31.389999999999418,1
9724,2023-08-18 00:00:00+05:30,27915.01,2023-08-18 00:45:00+05:30,27971.16,56.150000000001455,2
9725,2023-08-18 01:45:00+05:30,27833.65,2023-08-18 03:10:00+05:30,25188.01,-2645.640000000003,0
9726,2023-08-18 03:15:00+05:30,25999.96,2023-08-18 04:25:00+05:30,26801.29,801.3300000000017,2
9727,2023-08-18 08:10:00+05:30,26518.47,2023-08-18 10:40:00+05:30,26383.23,-135.2400000000016,1
9728,2023-08-18 16:55:00+05:30,26401.06,2023-08-18 17:10:00+05:30,26479.99,78.93000000000029,2
9729,2023-08-18 19:35:00+05:30,26202.02,2023-08-18 20:10:00+05:30,26287.71,85.68999999999869,2
9730,2023-08-18 20:20:00+05:30,26009.99,2023-08-18 20:45:00+05:30,26204.01,194.0199999999968,2
9731,2023-08-18 22:25:00+05:30,25904.91,2023-08-18 23:05:00+05:30,26083.31,178.40000000000146,2
9732,2023-08-19 04:45:00+05:30,26034.0,2023-08-19 05:30:00+05:30,26072.86,38.86000000000058,2
9733,2023-08-19 08:30:00+05:30,25982.01,2023-08-19 10:00:00+05:30,25980.0,-2.0099999999983993,1
9734,2023-08-19 11:00:00+05:30,25901.99,2023-08-19 13:00:00+05:30,25888.0,-13.9900000000016,1
9735,2023-08-19 17:40:00+05:30,25874.34,2023-08-19 18:05:00+05:30,25909.77,35.43000000000029,2
9736,2023-08-20 01:45:00+05:30,26084.52,2023-08-20 03:10:00+05:30,26084.97,0.4500000000007276,2
9737,2023-08-20 11:15:00+05:30,26086.01,2023-08-20 12:40:00+05:30,26085.51,-0.5,1
9738,2023-08-20 20:05:00+05:30,26095.48,2023-08-20 20:45:00+05:30,26120.0,24.520000000000437,2
9739,2023-08-21 04:40:00+05:30,26152.0,2023-08-21 05:25:00+05:30,26189.99,37.9900000000016,2
9740,2023-08-21 05:40:00+05:30,26133.37,2023-08-21 06:30:00+05:30,26155.0,21.63000000000102,2
9741,2023-08-21 08:00:00+05:30,26086.1,2023-08-21 10:35:00+05:30,26079.92,-6.180000000000291,1
9742,2023-08-21 12:20:00+05:30,26048.0,2023-08-21 13:50:00+05:30,26040.74,-7.259999999998399,1
9743,2023-08-21 15:35:00+05:30,25973.99,2023-08-21 17:00:00+05:30,25985.18,11.18999999999869,2
9744,2023-08-21 20:45:00+05:30,25990.9,2023-08-21 21:45:00+05:30,26023.13,32.22999999999956,2
9745,2023-08-22 05:50:00+05:30,26110.01,2023-08-22 08:10:00+05:30,26066.96,-43.04999999999927,1
9746,2023-08-22 08:55:00+05:30,26031.27,2023-08-22 09:20:00+05:30,26055.64,24.36999999999898,2
9747,2023-08-22 10:10:00+05:30,26018.7,2023-08-22 10:45:00+05:30,26032.0,13.299999999999272,2
9748,2023-08-22 14:20:00+05:30,26054.0,2023-08-22 15:15:00+05:30,26075.0,21.0,2
9749,2023-08-22 18:45:00+05:30,26015.2,2023-08-22 20:50:00+05:30,26008.0,-7.200000000000728,1
9750,2023-08-22 21:20:00+05:30,25940.99,2023-08-22 22:10:00+05:30,25977.99,37.0,2
9751,2023-08-22 23:05:00+05:30,25805.52,2023-08-23 00:00:00+05:30,25940.9,135.38000000000102,2
9752,2023-08-23 01:25:00+05:30,25779.99,2023-08-23 02:25:00+05:30,25864.01,84.0199999999968,2
9753,2023-08-23 02:55:00+05:30,25635.01,2023-08-23 03:50:00+05:30,25757.99,122.9800000000032,2
9754,2023-08-23 08:50:00+05:30,26018.0,2023-08-23 10:00:00+05:30,26024.74,6.740000000001601,2
9755,2023-08-23 15:35:00+05:30,26004.46,2023-08-23 17:30:00+05:30,25960.41,-44.04999999999927,1
9756,2023-08-23 18:00:00+05:30,25900.0,2023-08-23 19:15:00+05:30,25930.01,30.0099999999984,2
9757,2023-08-24 03:00:00+05:30,26534.22,2023-08-24 04:10:00+05:30,26470.0,-64.22000000000116,1
9758,2023-08-24 07:10:00+05:30,26375.44,2023-08-24 08:35:00+05:30,26394.61,19.17000000000189,2
9759,2023-08-24 13:50:00+05:30,26429.84,2023-08-24 14:25:00+05:30,26494.87,65.02999999999884,2
9760,2023-08-24 17:30:00+05:30,26403.99,2023-08-24 21:45:00+05:30,26089.98,-314.01000000000204,1
9761,2023-08-24 23:05:00+05:30,25983.54,2023-08-25 00:30:00+05:30,26033.99,50.45000000000073,2
9762,2023-08-25 02:20:00+05:30,25974.48,2023-08-25 02:35:00+05:30,26061.99,87.51000000000204,2
9763,2023-08-25 06:45:00+05:30,26106.0,2023-08-25 07:20:00+05:30,26137.94,31.93999999999869,2
9764,2023-08-25 08:55:00+05:30,26058.01,2023-08-25 11:15:00+05:30,26060.0,1.9900000000016007,2
9765,2023-08-25 12:05:00+05:30,26002.37,2023-08-25 12:35:00+05:30,26052.0,49.63000000000102,2
9766,2023-08-25 19:35:00+05:30,26022.13,2023-08-25 20:55:00+05:30,26002.43,-19.700000000000728,1
9767,2023-08-25 23:05:00+05:30,25867.62,2023-08-25 23:45:00+05:30,25956.0,88.38000000000102,2
9768,2023-08-26 11:05:00+05:30,26052.87,2023-08-26 12:00:00+05:30,26067.69,14.819999999999709,2
9769,2023-08-26 14:00:00+05:30,26006.72,2023-08-26 15:35:00+05:30,26021.93,15.209999999999127,2
9770,2023-08-26 17:50:00+05:30,26011.06,2023-08-26 18:30:00+05:30,26033.99,22.93000000000029,2
9771,2023-08-26 21:45:00+05:30,26037.67,2023-08-26 23:25:00+05:30,26035.04,-2.6299999999973807,1
9772,2023-08-27 02:35:00+05:30,26017.73,2023-08-27 02:40:00+05:30,26039.43,21.700000000000728,2
9773,2023-08-27 04:15:00+05:30,26031.16,2023-08-27 05:45:00+05:30,26020.0,-11.159999999999854,1
9774,2023-08-27 06:30:00+05:30,25993.2,2023-08-27 07:35:00+05:30,26016.64,23.43999999999869,2
9775,2023-08-27 13:50:00+05:30,26034.78,2023-08-27 13:55:00+05:30,26050.02,15.2400000000016,2
9776,2023-08-27 21:25:00+05:30,26122.15,2023-08-27 21:55:00+05:30,26157.16,35.0099999999984,2
9777,2023-08-27 23:15:00+05:30,26082.96,2023-08-28 00:20:00+05:30,26100.04,17.080000000001746,2
9778,2023-08-28 03:20:00+05:30,26070.49,2023-08-28 04:25:00+05:30,26089.29,18.799999999999272,2
9779,2023-08-28 05:55:00+05:30,26049.96,2023-08-28 07:00:00+05:30,26055.0,5.040000000000873,2
9780,2023-08-28 08:40:00+05:30,26020.65,2023-08-28 09:00:00+05:30,26044.61,23.959999999999127,2
9781,2023-08-28 10:55:00+05:30,26000.01,2023-08-28 13:25:00+05:30,25934.12,-65.88999999999942,1
9782,2023-08-28 21:20:00+05:30,26090.44,2023-08-28 21:45:00+05:30,26144.99,54.55000000000291,2
9783,2023-08-28 23:35:00+05:30,26118.84,2023-08-29 00:25:00+05:30,26148.91,30.06999999999971,2
9784,2023-08-29 00:45:00+05:30,26070.65,2023-08-29 02:45:00+05:30,26009.33,-61.31999999999971,1
9785,2023-08-29 03:15:00+05:30,25953.35,2023-08-29 03:40:00+05:30,25998.75,45.400000000001455,2
9786,2023-08-29 08:50:00+05:30,26069.02,2023-08-29 09:55:00+05:30,26085.02,16.0,2
9787,2023-08-29 10:25:00+05:30,26057.87,2023-08-29 10:50:00+05:30,26085.52,27.650000000001455,2
9788,2023-08-29 11:40:00+05:30,26042.0,2023-08-29 12:55:00+05:30,26036.78,-5.220000000001164,1
9789,2023-08-29 13:30:00+05:30,25976.82,2023-08-29 15:10:00+05:30,25981.97,5.150000000001455,2
9790,2023-08-29 16:00:00+05:30,25939.61,2023-08-29 16:10:00+05:30,25973.2,33.590000000000146,2
9791,2023-08-30 01:15:00+05:30,27859.23,2023-08-30 03:35:00+05:30,27684.72,-174.5099999999984,1
9792,2023-08-30 06:35:00+05:30,27581.93,2023-08-30 09:10:00+05:30,27404.11,-177.8199999999997,1
9793,2023-08-30 11:50:00+05:30,27415.47,2023-08-30 12:45:00+05:30,27436.6,21.12999999999738,2
9794,2023-08-30 14:50:00+05:30,27346.76,2023-08-30 15:15:00+05:30,27432.07,85.31000000000131,2
9795,2023-08-30 17:10:00+05:30,27341.36,2023-08-30 17:50:00+05:30,27408.96,67.59999999999854,2
9796,2023-08-30 18:10:00+05:30,27296.39,2023-08-30 18:15:00+05:30,27397.35,100.95999999999913,2
9797,2023-08-30 19:10:00+05:30,27297.83,2023-08-30 19:20:00+05:30,27391.83,94.0,2
9798,2023-08-30 20:10:00+05:30,27211.46,2023-08-30 21:05:00+05:30,27257.01,45.54999999999927,2
9799,2023-08-31 06:05:00+05:30,27218.99,2023-08-31 07:00:00+05:30,27239.56,20.56999999999971,2
9800,2023-08-31 14:35:00+05:30,27200.99,2023-08-31 16:00:00+05:30,27216.58,15.590000000000146,2
9801,2023-08-31 19:15:00+05:30,27126.83,2023-08-31 20:15:00+05:30,27148.39,21.55999999999767,2
9802,2023-08-31 21:10:00+05:30,26915.71,2023-08-31 22:20:00+05:30,26304.91,-610.7999999999993,0
9803,2023-08-31 22:25:00+05:30,26234.23,2023-08-31 23:35:00+05:30,26372.99,138.76000000000204,2
9804,2023-09-01 00:10:00+05:30,26257.93,2023-09-01 03:25:00+05:30,26024.57,-233.36000000000058,1
9805,2023-09-01 04:55:00+05:30,25954.11,2023-09-01 05:45:00+05:30,26011.18,57.06999999999971,2
9806,2023-09-01 11:55:00+05:30,26016.16,2023-09-01 13:30:00+05:30,26009.32,-6.8400000000001455,1
9807,2023-09-01 13:55:00+05:30,25963.59,2023-09-01 14:35:00+05:30,25998.82,35.22999999999956,2
9808,2023-09-01 16:10:00+05:30,25991.59,2023-09-01 16:30:00+05:30,26029.81,38.220000000001164,2
9809,2023-09-01 19:15:00+05:30,25915.11,2023-09-01 20:50:00+05:30,25902.56,-12.549999999999272,1
9810,2023-09-01 22:40:00+05:30,25615.82,2023-09-02 00:05:00+05:30,25546.66,-69.15999999999985,1
9811,2023-09-02 08:20:00+05:30,25757.3,2023-09-02 09:00:00+05:30,25779.96,22.659999999999854,2
9812,2023-09-02 13:30:00+05:30,25781.96,2023-09-02 14:15:00+05:30,25797.96,16.0,2
9813,2023-09-02 17:10:00+05:30,25806.9,2023-09-02 19:00:00+05:30,25824.59,17.68999999999869,2
9814,2023-09-02 23:25:00+05:30,25813.58,2023-09-03 00:05:00+05:30,25824.84,11.2599999999984,2
9815,2023-09-03 06:00:00+05:30,25841.7,2023-09-03 06:25:00+05:30,25869.99,28.290000000000873,2
9816,2023-09-03 21:05:00+05:30,25863.24,2023-09-03 22:30:00+05:30,25874.47,11.229999999999563,2
9817,2023-09-04 05:45:00+05:30,25932.22,2023-09-04 07:50:00+05:30,25916.27,-15.950000000000728,1
9818,2023-09-04 10:35:00+05:30,25971.04,2023-09-04 11:50:00+05:30,25977.71,6.669999999998254,2
9819,2023-09-04 15:00:00+05:30,25956.73,2023-09-04 16:35:00+05:30,25933.38,-23.349999999998545,1
9820,2023-09-04 17:45:00+05:30,25839.04,2023-09-04 18:35:00+05:30,25878.25,39.20999999999913,2
9821,2023-09-04 20:15:00+05:30,25869.43,2023-09-04 21:00:00+05:30,25897.06,27.63000000000102,2
9822,2023-09-05 02:00:00+05:30,25825.71,2023-09-05 03:55:00+05:30,25757.26,-68.45000000000073,1
9823,2023-09-05 08:05:00+05:30,25701.98,2023-09-05 09:25:00+05:30,25692.45,-9.529999999998836,1
9824,2023-09-05 14:05:00+05:30,25674.2,2023-09-05 14:30:00+05:30,25716.3,42.099999999998545,2
9825,2023-09-05 17:45:00+05:30,25717.99,2023-09-05 18:10:00+05:30,25771.19,53.19999999999709,2
9826,2023-09-05 20:00:00+05:30,25662.18,2023-09-05 20:30:00+05:30,25730.0,67.81999999999971,2
9827,2023-09-05 23:55:00+05:30,25715.27,2023-09-06 00:30:00+05:30,25753.05,37.779999999998836,2
9828,2023-09-06 01:20:00+05:30,25697.01,2023-09-06 01:50:00+05:30,25726.45,29.44000000000233,2
9829,2023-09-06 10:35:00+05:30,25752.41,2023-09-06 11:35:00+05:30,25762.18,9.770000000000437,2
9830,2023-09-06 13:20:00+05:30,25746.05,2023-09-06 14:20:00+05:30,25758.68,12.630000000001019,2
9831,2023-09-06 18:15:00+05:30,25702.18,2023-09-06 18:50:00+05:30,25722.63,20.450000000000728,2
9832,2023-09-06 19:30:00+05:30,25638.48,2023-09-06 19:35:00+05:30,25721.11,82.63000000000102,2
9833,2023-09-06 19:50:00+05:30,25601.87,2023-09-06 21:10:00+05:30,25655.79,53.92000000000189,2
9834,2023-09-06 22:30:00+05:30,25543.01,2023-09-06 22:50:00+05:30,25598.67,55.659999999999854,2
9835,2023-09-07 06:55:00+05:30,25734.08,2023-09-07 07:20:00+05:30,25752.92,18.839999999996508,2
9836,2023-09-07 12:25:00+05:30,25761.87,2023-09-07 13:10:00+05:30,25769.42,7.549999999999272,2
9837,2023-09-07 16:05:00+05:30,25726.1,2023-09-07 16:25:00+05:30,25748.76,22.659999999999854,2
9838,2023-09-07 16:50:00+05:30,25713.53,2023-09-07 19:05:00+05:30,25692.75,-20.779999999998836,1
9839,2023-09-08 11:20:00+05:30,26250.93,2023-09-08 12:35:00+05:30,26250.33,-0.5999999999985448,1
9840,2023-09-08 13:45:00+05:30,26198.18,2023-09-08 16:50:00+05:30,25865.0,-333.1800000000003,1
9841,2023-09-08 17:35:00+05:30,25805.87,2023-09-08 17:45:00+05:30,25844.71,38.840000000000146,2
9842,2023-09-08 20:25:00+05:30,25831.25,2023-09-08 23:05:00+05:30,25835.48,4.229999999999563,2
9843,2023-09-09 06:00:00+05:30,25881.93,2023-09-09 07:05:00+05:30,25881.06,-0.8699999999989814,1
9844,2023-09-09 11:20:00+05:30,25845.0,2023-09-09 12:00:00+05:30,25872.17,27.169999999998254,2
9845,2023-09-09 18:50:00+05:30,25843.5,2023-09-09 19:50:00+05:30,25841.97,-1.5299999999988358,1
9846,2023-09-09 23:40:00+05:30,25862.34,2023-09-10 00:35:00+05:30,25873.08,10.7400000000016,2
9847,2023-09-10 05:45:00+05:30,25877.51,2023-09-10 07:35:00+05:30,25858.74,-18.7699999999968,1
9848,2023-09-10 08:55:00+05:30,25835.74,2023-09-10 09:10:00+05:30,25873.0,37.2599999999984,2
9849,2023-09-10 09:50:00+05:30,25794.99,2023-09-10 10:50:00+05:30,25843.05,48.05999999999767,2
9850,2023-09-10 13:30:00+05:30,25844.69,2023-09-10 13:55:00+05:30,25865.19,20.5,2
9851,2023-09-10 15:20:00+05:30,25833.49,2023-09-10 16:40:00+05:30,25824.4,-9.090000000000146,1
9852,2023-09-10 17:25:00+05:30,25795.33,2023-09-10 17:40:00+05:30,25815.19,19.859999999996944,2
9853,2023-09-10 18:40:00+05:30,25787.21,2023-09-10 19:15:00+05:30,25826.9,39.69000000000233,2
9854,2023-09-10 20:30:00+05:30,25738.55,2023-09-10 21:10:00+05:30,25794.19,55.63999999999942,2
9855,2023-09-10 22:15:00+05:30,25703.78,2023-09-10 22:25:00+05:30,25791.17,87.38999999999942,2
9856,2023-09-10 22:35:00+05:30,25717.41,2023-09-10 23:35:00+05:30,25730.85,13.43999999999869,2
9857,2023-09-11 01:05:00+05:30,25686.92,2023-09-11 01:15:00+05:30,25740.28,53.36000000000058,2
9858,2023-09-11 05:50:00+05:30,25813.38,2023-09-11 07:55:00+05:30,25722.19,-91.19000000000233,1
9859,2023-09-11 09:40:00+05:30,25723.71,2023-09-11 09:50:00+05:30,25765.79,42.080000000001746,2
9860,2023-09-11 12:40:00+05:30,25816.46,2023-09-11 14:15:00+05:30,25803.24,-13.219999999997526,1
9861,2023-09-11 14:50:00+05:30,25689.49,2023-09-11 16:15:00+05:30,25720.9,31.409999999999854,2
9862,2023-09-11 16:55:00+05:30,25629.72,2023-09-11 18:00:00+05:30,25665.48,35.7599999999984,2
9863,2023-09-11 19:35:00+05:30,25504.15,2023-09-11 21:30:00+05:30,25194.25,-309.90000000000146,1
9864,2023-09-11 22:45:00+05:30,25084.99,2023-09-11 23:15:00+05:30,25160.01,75.0199999999968,2
9865,2023-09-12 00:45:00+05:30,25064.29,2023-09-12 01:55:00+05:30,25099.6,35.30999999999767,2
9866,2023-09-12 10:30:00+05:30,25693.08,2023-09-12 11:15:00+05:30,25774.42,81.33999999999651,2
9867,2023-09-12 22:45:00+05:30,25965.01,2023-09-13 00:25:00+05:30,25980.28,15.270000000000437,2
9868,2023-09-13 03:30:00+05:30,26057.91,2023-09-13 05:50:00+05:30,25896.34,-161.5699999999997,1
9869,2023-09-13 08:20:00+05:30,25915.22,2023-09-13 09:50:00+05:30,25928.3,13.079999999998108,2
9870,2023-09-13 18:00:00+05:30,26091.47,2023-09-13 18:20:00+05:30,26185.0,93.52999999999884,2
9871,2023-09-13 22:55:00+05:30,26188.65,2023-09-14 00:45:00+05:30,26140.37,-48.280000000002474,1
9872,2023-09-14 09:50:00+05:30,26222.75,2023-09-14 11:30:00+05:30,26216.39,-6.360000000000582,1
9873,2023-09-14 22:05:00+05:30,26572.72,2023-09-14 22:35:00+05:30,26663.63,90.90999999999985,2
9874,2023-09-15 02:15:00+05:30,26560.47,2023-09-15 03:40:00+05:30,26579.17,18.69999999999709,2
9875,2023-09-15 05:10:00+05:30,26515.52,2023-09-15 06:10:00+05:30,26542.84,27.31999999999971,2
9876,2023-09-15 11:10:00+05:30,26591.52,2023-09-15 13:00:00+05:30,26580.85,-10.670000000001892,1
9877,2023-09-15 13:40:00+05:30,26546.48,2023-09-15 13:55:00+05:30,26573.67,27.18999999999869,2
9878,2023-09-15 16:40:00+05:30,26546.33,2023-09-15 18:50:00+05:30,26431.15,-115.18000000000029,1
9879,2023-09-15 20:05:00+05:30,26313.3,2023-09-15 21:05:00+05:30,26319.99,6.690000000002328,2
9880,2023-09-16 09:15:00+05:30,26633.98,2023-09-16 12:55:00+05:30,26504.97,-129.0099999999984,1
9881,2023-09-16 15:30:00+05:30,26462.63,2023-09-16 15:45:00+05:30,26527.96,65.32999999999811,2
9882,2023-09-16 20:15:00+05:30,26496.85,2023-09-16 21:05:00+05:30,26534.48,37.63000000000102,2
9883,2023-09-17 00:45:00+05:30,26519.89,2023-09-17 01:40:00+05:30,26546.22,26.330000000001746,2
9884,2023-09-17 04:45:00+05:30,26532.39,2023-09-17 05:25:00+05:30,26559.67,27.279999999998836,2
9885,2023-09-17 05:40:00+05:30,26514.14,2023-09-17 07:10:00+05:30,26506.18,-7.959999999999127,1
9886,2023-09-17 13:10:00+05:30,26521.84,2023-09-17 13:55:00+05:30,26528.73,6.889999999999418,2
9887,2023-09-17 17:20:00+05:30,26574.91,2023-09-17 19:55:00+05:30,26564.89,-10.020000000000437,1
9888,2023-09-17 21:45:00+05:30,26510.75,2023-09-17 23:10:00+05:30,26528.07,17.31999999999971,2
9889,2023-09-17 23:25:00+05:30,26480.0,2023-09-17 23:40:00+05:30,26510.0,30.0,2
9890,2023-09-18 02:10:00+05:30,26463.92,2023-09-18 02:45:00+05:30,26485.04,21.12000000000262,2
9891,2023-09-18 06:00:00+05:30,26414.76,2023-09-18 06:10:00+05:30,26496.28,81.52000000000044,2
9892,2023-09-18 10:05:00+05:30,26578.96,2023-09-18 10:40:00+05:30,26639.99,61.030000000002474,2
9893,2023-09-18 12:25:00+05:30,26622.83,2023-09-18 12:45:00+05:30,26684.99,62.159999999999854,2
9894,2023-09-18 19:35:00+05:30,27167.11,2023-09-18 20:20:00+05:30,27278.34,111.22999999999956,2
9895,2023-09-18 21:45:00+05:30,27234.54,2023-09-19 00:05:00+05:30,26685.38,-549.1599999999999,0
9896,2023-09-19 04:55:00+05:30,26762.44,2023-09-19 06:45:00+05:30,26726.66,-35.779999999998836,1
9897,2023-09-19 11:20:00+05:30,26811.01,2023-09-19 12:05:00+05:30,26817.25,6.240000000001601,2
9898,2023-09-19 19:25:00+05:30,26968.77,2023-09-19 19:45:00+05:30,27140.01,171.23999999999796,2
9899,2023-09-19 22:30:00+05:30,27177.35,2023-09-20 00:55:00+05:30,27145.01,-32.340000000000146,1
9900,2023-09-20 02:45:00+05:30,27107.51,2023-09-20 03:20:00+05:30,27166.36,58.85000000000218,2
9901,2023-09-20 06:00:00+05:30,27159.75,2023-09-20 06:25:00+05:30,27206.68,46.93000000000029,2
9902,2023-09-20 08:05:00+05:30,27188.09,2023-09-20 10:10:00+05:30,27136.03,-52.06000000000131,1
9903,2023-09-20 10:25:00+05:30,27071.8,2023-09-20 10:55:00+05:30,27103.87,32.06999999999971,2
9904,2023-09-20 11:30:00+05:30,26952.77,2023-09-20 11:55:00+05:30,27064.92,112.14999999999782,2
9905,2023-09-20 15:05:00+05:30,27063.93,2023-09-20 16:15:00+05:30,27045.42,-18.510000000002037,1
9906,2023-09-20 18:05:00+05:30,27046.48,2023-09-20 18:35:00+05:30,27098.4,51.92000000000189,2
9907,2023-09-21 00:40:00+05:30,27101.61,2023-09-21 01:55:00+05:30,26991.32,-110.29000000000087,1
9908,2023-09-21 06:20:00+05:30,27061.42,2023-09-21 07:30:00+05:30,27055.04,-6.379999999997381,1
9909,2023-09-21 14:00:00+05:30,26947.24,2023-09-21 16:40:00+05:30,26748.94,-198.3000000000029,1
9910,2023-09-21 18:00:00+05:30,26640.69,2023-09-21 19:50:00+05:30,26537.47,-103.21999999999753,1
9911,2023-09-22 00:15:00+05:30,26605.03,2023-09-22 02:20:00+05:30,26588.86,-16.169999999998254,1
9912,2023-09-22 05:45:00+05:30,26542.33,2023-09-22 06:00:00+05:30,26631.24,88.90999999999985,2
9913,2023-09-22 07:50:00+05:30,26578.01,2023-09-22 08:40:00+05:30,26616.07,38.06000000000131,2
9914,2023-09-22 11:00:00+05:30,26610.99,2023-09-22 11:10:00+05:30,26638.0,27.0099999999984,2
9915,2023-09-22 12:55:00+05:30,26582.66,2023-09-22 13:15:00+05:30,26632.53,49.86999999999898,2
9916,2023-09-22 15:50:00+05:30,26597.49,2023-09-22 16:50:00+05:30,26632.43,34.93999999999869,2
9917,2023-09-22 18:25:00+05:30,26585.71,2023-09-22 19:25:00+05:30,26609.99,24.280000000002474,2
9918,2023-09-22 23:05:00+05:30,26560.81,2023-09-23 00:15:00+05:30,26607.58,46.77000000000044,2
9919,2023-09-23 06:35:00+05:30,26559.38,2023-09-23 07:05:00+05:30,26587.54,28.159999999999854,2
9920,2023-09-23 07:55:00+05:30,26547.3,2023-09-23 09:00:00+05:30,26555.12,7.819999999999709,2
9921,2023-09-23 09:30:00+05:30,26516.04,2023-09-23 09:55:00+05:30,26548.68,32.63999999999942,2
9922,2023-09-23 13:20:00+05:30,26564.62,2023-09-23 13:25:00+05:30,26585.31,20.69000000000233,2
9923,2023-09-23 13:50:00+05:30,26566.14,2023-09-23 14:25:00+05:30,26573.6,7.459999999999127,2
9924,2023-09-23 16:50:00+05:30,26556.75,2023-09-23 17:20:00+05:30,26571.4,14.650000000001455,2
9925,2023-09-23 20:55:00+05:30,26547.26,2023-09-23 21:20:00+05:30,26574.46,27.200000000000728,2
9926,2023-09-24 01:50:00+05:30,26591.36,2023-09-24 04:40:00+05:30,26574.01,-17.350000000002183,1
9927,2023-09-24 06:35:00+05:30,26559.14,2023-09-24 06:55:00+05:30,26576.58,17.44000000000233,2
9928,2023-09-24 09:20:00+05:30,26568.33,2023-09-24 11:55:00+05:30,26561.84,-6.490000000001601,1
9929,2023-09-24 12:20:00+05:30,26549.31,2023-09-24 12:40:00+05:30,26558.56,9.25,2
9930,2023-09-24 20:40:00+05:30,26573.61,2023-09-24 21:40:00+05:30,26579.77,6.1599999999998545,2
9931,2023-09-25 00:45:00+05:30,26474.25,2023-09-25 02:05:00+05:30,26476.41,2.1599999999998545,2
9932,2023-09-25 04:35:00+05:30,26458.76,2023-09-25 06:25:00+05:30,26248.17,-210.59000000000015,1
9933,2023-09-25 10:10:00+05:30,26115.57,2023-09-25 11:50:00+05:30,26115.56,-0.00999999999839929,1
9934,2023-09-25 15:10:00+05:30,26056.22,2023-09-25 15:55:00+05:30,26109.7,53.47999999999956,2
9935,2023-09-26 06:00:00+05:30,26267.46,2023-09-26 06:40:00+05:30,26297.22,29.760000000002037,2
9936,2023-09-26 07:05:00+05:30,26238.99,2023-09-26 07:20:00+05:30,26294.24,55.25,2
9937,2023-09-26 11:15:00+05:30,26318.04,2023-09-26 13:20:00+05:30,26283.75,-34.29000000000087,1
9938,2023-09-26 14:40:00+05:30,26230.39,2023-09-26 15:05:00+05:30,26273.81,43.42000000000189,2
9939,2023-09-26 16:40:00+05:30,26195.45,2023-09-26 17:00:00+05:30,26258.09,62.63999999999942,2
9940,2023-09-26 19:35:00+05:30,26157.72,2023-09-26 20:15:00+05:30,26200.0,42.279999999998836,2
9941,2023-09-26 20:55:00+05:30,26123.8,2023-09-26 21:35:00+05:30,26171.23,47.43000000000029,2
9942,2023-09-26 23:10:00+05:30,26147.41,2023-09-27 00:25:00+05:30,26184.98,37.56999999999971,2
9943,2023-09-27 02:20:00+05:30,26182.65,2023-09-27 03:35:00+05:30,26186.06,3.4099999999998545,2
9944,2023-09-27 10:30:00+05:30,26237.26,2023-09-27 11:05:00+05:30,26256.8,19.540000000000873,2
9945,2023-09-27 19:15:00+05:30,26652.89,2023-09-27 21:25:00+05:30,26304.42,-348.47000000000116,1
9946,2023-09-27 22:20:00+05:30,26237.93,2023-09-27 23:15:00+05:30,26254.99,17.06000000000131,2
9947,2023-09-29 00:05:00+05:30,27025.67,2023-09-29 00:50:00+05:30,27076.38,50.710000000002765,2
9948,2023-09-29 02:40:00+05:30,27025.04,2023-09-29 03:50:00+05:30,27023.89,-1.1500000000014552,1
9949,2023-09-29 08:00:00+05:30,26950.01,2023-09-29 09:15:00+05:30,26945.09,-4.919999999998254,1
9950,2023-09-29 16:55:00+05:30,26990.89,2023-09-29 18:05:00+05:30,26998.99,8.100000000002183,2
9951,2023-09-29 19:15:00+05:30,26908.16,2023-09-29 20:05:00+05:30,26988.93,80.77000000000044,2
9952,2023-09-29 23:30:00+05:30,26799.16,2023-09-30 00:00:00+05:30,26840.61,41.45000000000073,2
9953,2023-09-30 03:25:00+05:30,26870.0,2023-09-30 03:30:00+05:30,26902.94,32.93999999999869,2
9954,2023-09-30 03:50:00+05:30,26872.8,2023-09-30 04:20:00+05:30,26893.02,20.220000000001164,2
9955,2023-09-30 12:30:00+05:30,26924.18,2023-09-30 12:55:00+05:30,26938.15,13.970000000001164,2
9956,2023-09-30 17:00:00+05:30,26940.76,2023-09-30 19:00:00+05:30,26943.31,2.5500000000029104,2
9957,2023-10-01 03:10:00+05:30,26998.74,2023-10-01 06:10:00+05:30,26990.29,-8.450000000000728,1
9958,2023-10-01 17:35:00+05:30,27148.99,2023-10-01 18:10:00+05:30,27189.42,40.42999999999665,2
9959,2023-10-01 20:10:00+05:30,27112.47,2023-10-01 21:20:00+05:30,27155.85,43.37999999999738,2
9960,2023-10-01 22:05:00+05:30,27110.01,2023-10-01 22:35:00+05:30,27133.01,23.0,2
9961,2023-10-01 23:05:00+05:30,27092.43,2023-10-02 00:00:00+05:30,27100.0,7.569999999999709,2
9962,2023-10-02 01:30:00+05:30,27070.0,2023-10-02 01:40:00+05:30,27136.3,66.29999999999927,2
9963,2023-10-02 06:40:00+05:30,27862.53,2023-10-02 07:25:00+05:30,27920.0,57.470000000001164,2
9964,2023-10-02 11:10:00+05:30,27973.39,2023-10-02 11:50:00+05:30,28031.43,58.04000000000087,2
9965,2023-10-02 17:10:00+05:30,28248.7,2023-10-02 17:55:00+05:30,28299.84,51.13999999999942,2
9966,2023-10-02 19:45:00+05:30,28188.08,2023-10-02 20:00:00+05:30,28360.14,172.05999999999767,2
9967,2023-10-02 21:15:00+05:30,28087.5,2023-10-02 22:55:00+05:30,28056.67,-30.830000000001746,1
9968,2023-10-03 00:05:00+05:30,27733.53,2023-10-03 01:20:00+05:30,27915.0,181.47000000000116,2
9969,2023-10-03 03:00:00+05:30,27765.49,2023-10-03 04:30:00+05:30,27561.66,-203.83000000000175,1
9970,2023-10-03 16:40:00+05:30,27534.01,2023-10-03 18:45:00+05:30,27514.99,-19.0199999999968,1
9971,2023-10-03 19:30:00+05:30,27386.64,2023-10-03 20:50:00+05:30,27414.97,28.330000000001746,2
9972,2023-10-03 21:20:00+05:30,27259.99,2023-10-03 21:30:00+05:30,27395.0,135.0099999999984,2
9973,2023-10-04 00:00:00+05:30,27365.01,2023-10-04 00:45:00+05:30,27390.69,25.68000000000029,2
9974,2023-10-04 01:20:00+05:30,27265.11,2023-10-04 01:40:00+05:30,27342.92,77.80999999999767,2
9975,2023-10-04 03:45:00+05:30,27338.74,2023-10-04 04:25:00+05:30,27404.21,65.46999999999753,2
9976,2023-10-04 06:00:00+05:30,27295.44,2023-10-04 06:55:00+05:30,27353.97,58.530000000002474,2
9977,2023-10-04 10:45:00+05:30,27363.92,2023-10-04 11:10:00+05:30,27405.33,41.41000000000349,2
9978,2023-10-04 18:30:00+05:30,27535.21,2023-10-04 20:40:00+05:30,27428.73,-106.47999999999956,1
9979,2023-10-05 05:50:00+05:30,27723.27,2023-10-05 06:10:00+05:30,27791.67,68.39999999999782,2
9980,2023-10-05 09:15:00+05:30,27661.88,2023-10-05 09:50:00+05:30,27678.25,16.36999999999898,2
9981,2023-10-05 11:25:00+05:30,27641.31,2023-10-05 12:15:00+05:30,27664.32,23.0099999999984,2
9982,2023-10-05 12:40:00+05:30,27609.5,2023-10-05 14:00:00+05:30,27617.23,7.729999999999563,2
9983,2023-10-05 20:30:00+05:30,27787.8,2023-10-05 23:00:00+05:30,27488.41,-299.3899999999994,1
9984,2023-10-06 02:00:00+05:30,27410.01,2023-10-06 02:25:00+05:30,27472.65,62.640000000003056,2
9985,2023-10-06 03:30:00+05:30,27402.21,2023-10-06 04:05:00+05:30,27461.5,59.29000000000087,2
9986,2023-10-06 09:45:00+05:30,27530.01,2023-10-06 11:50:00+05:30,27511.01,-19.0,1
9987,2023-10-06 18:00:00+05:30,27500.66,2023-10-06 19:00:00+05:30,27667.21,166.54999999999927,2
9988,2023-10-07 11:30:00+05:30,27881.19,2023-10-07 12:05:00+05:30,27908.13,26.94000000000233,2
9989,2023-10-07 13:30:00+05:30,27880.09,2023-10-07 13:40:00+05:30,27905.44,25.349999999998545,2
9990,2023-10-07 19:10:00+05:30,27903.73,2023-10-07 20:05:00+05:30,27948.11,44.38000000000102,2
9991,2023-10-07 22:45:00+05:30,27908.19,2023-10-07 23:00:00+05:30,27961.47,53.280000000002474,2
9992,2023-10-08 00:10:00+05:30,27891.76,2023-10-08 01:05:00+05:30,27911.33,19.570000000003347,2
9993,2023-10-08 09:40:00+05:30,27968.2,2023-10-08 11:30:00+05:30,27944.99,-23.209999999999127,1
9994,2023-10-08 12:15:00+05:30,27896.36,2023-10-08 13:10:00+05:30,27919.25,22.889999999999418,2
9995,2023-10-08 15:20:00+05:30,27856.97,2023-10-08 17:15:00+05:30,27846.2,-10.770000000000437,1
9996,2023-10-08 18:35:00+05:30,27790.01,2023-10-08 18:50:00+05:30,27891.8,101.79000000000087,2
9997,2023-10-08 23:35:00+05:30,27855.37,2023-10-09 00:25:00+05:30,27871.88,16.510000000002037,2
9998,2023-10-09 03:35:00+05:30,27877.0,2023-10-09 04:15:00+05:30,27921.28,44.279999999998836,2
9999,2023-10-09 05:45:00+05:30,27858.8,2023-10-09 07:10:00+05:30,27884.49,25.69000000000233,2
10000,2023-10-09 10:45:00+05:30,27912.94,2023-10-09 11:50:00+05:30,27896.77,-16.169999999998254,1
10001,2023-10-09 12:50:00+05:30,27828.69,2023-10-09 17:05:00+05:30,27526.66,-302.02999999999884,1
10002,2023-10-09 17:30:00+05:30,27424.99,2023-10-09 17:45:00+05:30,27512.46,87.46999999999753,2
10003,2023-10-09 18:30:00+05:30,27402.1,2023-10-09 18:50:00+05:30,27476.13,74.03000000000247,2
10004,2023-10-09 21:20:00+05:30,27444.35,2023-10-09 21:35:00+05:30,27497.01,52.659999999999854,2
10005,2023-10-09 21:55:00+05:30,27389.66,2023-10-09 22:45:00+05:30,27433.53,43.86999999999898,2
10006,2023-10-10 02:20:00+05:30,27557.85,2023-10-10 02:50:00+05:30,27608.91,51.06000000000131,2
10007,2023-10-10 06:25:00+05:30,27553.16,2023-10-10 07:15:00+05:30,27608.28,55.11999999999898,2
10008,2023-10-10 09:45:00+05:30,27600.01,2023-10-10 11:10:00+05:30,27599.09,-0.9199999999982538,1
10009,2023-10-10 16:05:00+05:30,27624.81,2023-10-10 19:30:00+05:30,27458.12,-166.69000000000233,1
10010,2023-10-10 22:40:00+05:30,27374.62,2023-10-11 00:30:00+05:30,27390.57,15.950000000000728,2
10011,2023-10-11 05:15:00+05:30,27415.48,2023-10-11 06:05:00+05:30,27429.7,14.220000000001164,2
10012,2023-10-11 07:45:00+05:30,27395.06,2023-10-11 09:45:00+05:30,27102.26,-292.8000000000029,1
10013,2023-10-11 13:20:00+05:30,27032.9,2023-10-11 13:45:00+05:30,27064.66,31.7599999999984,2
10014,2023-10-11 17:15:00+05:30,27197.83,2023-10-11 19:25:00+05:30,27143.59,-54.2400000000016,1
10015,2023-10-11 19:55:00+05:30,27050.45,2023-10-11 23:50:00+05:30,26672.19,-378.26000000000204,1
10016,2023-10-12 06:40:00+05:30,26768.98,2023-10-12 07:30:00+05:30,26787.39,18.409999999999854,2
10017,2023-10-12 10:25:00+05:30,26821.1,2023-10-12 11:05:00+05:30,26846.38,25.280000000002474,2
10018,2023-10-12 14:50:00+05:30,26752.3,2023-10-12 15:35:00+05:30,26780.1,27.799999999999272,2
10019,2023-10-12 18:55:00+05:30,26764.93,2023-10-12 20:40:00+05:30,26722.36,-42.56999999999971,1
10020,2023-10-12 21:15:00+05:30,26632.28,2023-10-12 21:20:00+05:30,26699.15,66.87000000000262,2
10021,2023-10-12 22:35:00+05:30,26598.83,2023-10-12 23:50:00+05:30,26680.01,81.17999999999665,2
10022,2023-10-13 03:05:00+05:30,26713.78,2023-10-13 03:20:00+05:30,26739.69,25.909999999999854,2
10023,2023-10-13 04:45:00+05:30,26710.01,2023-10-13 05:00:00+05:30,26760.71,50.70000000000073,2
10024,2023-10-13 07:25:00+05:30,26793.56,2023-10-13 08:20:00+05:30,26805.16,11.599999999998545,2
10025,2023-10-13 14:05:00+05:30,26820.15,2023-10-13 16:00:00+05:30,26786.0,-34.150000000001455,1
10026,2023-10-13 19:40:00+05:30,26815.17,2023-10-13 21:45:00+05:30,26750.02,-65.14999999999782,1
10027,2023-10-14 04:05:00+05:30,26901.49,2023-10-14 05:25:00+05:30,26862.0,-39.4900000000016,1
10028,2023-10-14 11:15:00+05:30,26893.92,2023-10-14 13:00:00+05:30,26869.39,-24.529999999998836,1
10029,2023-10-14 17:50:00+05:30,26850.89,2023-10-14 18:15:00+05:30,26882.27,31.38000000000102,2
10030,2023-10-14 20:00:00+05:30,26882.98,2023-10-14 20:35:00+05:30,26901.98,19.0,2
10031,2023-10-14 22:40:00+05:30,26891.21,2023-10-15 02:30:00+05:30,26867.85,-23.360000000000582,1
10032,2023-10-15 02:55:00+05:30,26807.5,2023-10-15 04:05:00+05:30,26835.79,28.290000000000873,2
10033,2023-10-15 05:55:00+05:30,26833.94,2023-10-15 06:25:00+05:30,26848.76,14.819999999999709,2
10034,2023-10-15 11:40:00+05:30,26873.95,2023-10-15 12:25:00+05:30,26879.53,5.579999999998108,2
10035,2023-10-15 16:30:00+05:30,26867.42,2023-10-15 18:40:00+05:30,26881.78,14.360000000000582,2
10036,2023-10-16 04:20:00+05:30,27093.71,2023-10-16 05:15:00+05:30,27142.78,49.06999999999971,2
10037,2023-10-16 14:35:00+05:30,27695.44,2023-10-16 15:25:00+05:30,27768.07,72.63000000000102,2
10038,2023-10-16 17:00:00+05:30,27692.86,2023-10-16 17:25:00+05:30,27749.6,56.73999999999796,2
10039,2023-10-17 02:35:00+05:30,28287.09,2023-10-17 03:25:00+05:30,28423.38,136.29000000000087,2
10040,2023-10-17 05:55:00+05:30,28344.02,2023-10-17 07:10:00+05:30,28389.99,45.970000000001164,2
10041,2023-10-17 08:55:00+05:30,28282.39,2023-10-17 10:55:00+05:30,28204.32,-78.06999999999971,1
10042,2023-10-17 11:35:00+05:30,28135.01,2023-10-17 12:10:00+05:30,28181.76,46.75,2
10043,2023-10-17 18:00:00+05:30,28383.74,2023-10-17 19:30:00+05:30,28314.11,-69.63000000000102,1
10044,2023-10-18 00:20:00+05:30,28368.74,2023-10-18 00:45:00+05:30,28443.93,75.18999999999869,2
10045,2023-10-18 04:10:00+05:30,28399.7,2023-10-18 04:50:00+05:30,28442.9,43.20000000000073,2
10046,2023-10-18 06:05:00+05:30,28350.66,2023-10-18 06:40:00+05:30,28405.99,55.330000000001746,2
10047,2023-10-18 12:30:00+05:30,28574.83,2023-10-18 14:20:00+05:30,28534.48,-40.35000000000218,1
10048,2023-10-18 15:25:00+05:30,28267.58,2023-10-18 17:00:00+05:30,28379.23,111.64999999999782,2
10049,2023-10-18 18:15:00+05:30,28293.09,2023-10-18 18:45:00+05:30,28365.44,72.34999999999854,2
10050,2023-10-18 20:00:00+05:30,28263.96,2023-10-18 20:50:00+05:30,28266.36,2.400000000001455,2
10051,2023-10-19 00:20:00+05:30,28286.51,2023-10-19 01:15:00+05:30,28315.27,28.760000000002037,2
10052,2023-10-19 02:05:00+05:30,28228.64,2023-10-19 02:50:00+05:30,28273.86,45.220000000001164,2
10053,2023-10-19 07:10:00+05:30,28130.48,2023-10-19 08:40:00+05:30,28246.93,116.45000000000073,2
10054,2023-10-19 12:35:00+05:30,28279.81,2023-10-19 13:05:00+05:30,28313.52,33.70999999999913,2
10055,2023-10-19 23:10:00+05:30,28501.48,2023-10-19 23:45:00+05:30,28624.76,123.27999999999884,2
10056,2023-10-20 02:35:00+05:30,28658.48,2023-10-20 03:50:00+05:30,28679.99,21.510000000002037,2
10057,2023-10-20 10:55:00+05:30,29150.03,2023-10-20 11:35:00+05:30,29231.83,81.80000000000291,2
10058,2023-10-20 17:50:00+05:30,29750.84,2023-10-20 19:15:00+05:30,29616.99,-133.84999999999854,1
10059,2023-10-20 21:40:00+05:30,29473.59,2023-10-20 21:50:00+05:30,29548.01,74.41999999999825,2
10060,2023-10-20 22:30:00+05:30,29451.2,2023-10-20 23:10:00+05:30,29495.63,44.43000000000029,2
10061,2023-10-21 00:50:00+05:30,29418.89,2023-10-21 01:20:00+05:30,29541.55,122.65999999999985,2
10062,2023-10-21 06:10:00+05:30,29616.36,2023-10-21 08:45:00+05:30,29518.71,-97.65000000000146,1
10063,2023-10-21 18:35:00+05:30,29729.09,2023-10-21 19:10:00+05:30,29770.02,40.93000000000029,2
10064,2023-10-22 01:50:00+05:30,29951.68,2023-10-22 03:00:00+05:30,30039.96,88.27999999999884,2
10065,2023-10-22 03:55:00+05:30,29968.19,2023-10-22 05:40:00+05:30,29943.0,-25.18999999999869,1
10066,2023-10-22 13:00:00+05:30,29910.0,2023-10-22 14:30:00+05:30,29865.0,-45.0,1
10067,2023-10-22 17:00:00+05:30,29863.17,2023-10-22 17:25:00+05:30,29909.67,46.5,2
10068,2023-10-22 19:50:00+05:30,29879.29,2023-10-22 21:45:00+05:30,29861.02,-18.270000000000437,1
10069,2023-10-23 01:15:00+05:30,29851.01,2023-10-23 03:45:00+05:30,29839.88,-11.12999999999738,1
10070,2023-10-23 05:50:00+05:30,29893.52,2023-10-23 06:10:00+05:30,30010.0,116.47999999999956,2
10071,2023-10-23 13:20:00+05:30,30447.51,2023-10-23 14:20:00+05:30,30639.99,192.4800000000032,2
10072,2023-10-23 15:15:00+05:30,30418.95,2023-10-23 15:50:00+05:30,30537.3,118.34999999999854,2
10073,2023-10-23 18:55:00+05:30,30574.01,2023-10-23 19:30:00+05:30,30617.45,43.44000000000233,2
10074,2023-10-24 00:10:00+05:30,30847.09,2023-10-24 00:20:00+05:30,31115.94,268.84999999999854,2
10075,2023-10-24 09:20:00+05:30,34277.58,2023-10-24 09:55:00+05:30,34498.39,220.80999999999767,2
10076,2023-10-24 11:15:00+05:30,34107.19,2023-10-24 13:15:00+05:30,33914.53,-192.6600000000035,1
10077,2023-10-24 19:45:00+05:30,34173.53,2023-10-24 20:15:00+05:30,34410.06,236.52999999999884,2
10078,2023-10-24 20:45:00+05:30,34035.68,2023-10-24 21:05:00+05:30,33291.33,-744.3499999999985,0
10079,2023-10-24 23:35:00+05:30,33596.25,2023-10-25 00:15:00+05:30,33799.89,203.63999999999942,2
10080,2023-10-25 02:20:00+05:30,33668.27,2023-10-25 03:20:00+05:30,34063.29,395.0200000000041,2
10081,2023-10-25 04:55:00+05:30,33914.79,2023-10-25 06:15:00+05:30,33995.94,81.15000000000146,2
10082,2023-10-25 08:10:00+05:30,33963.65,2023-10-25 09:35:00+05:30,34030.0,66.34999999999854,2
10083,2023-10-25 12:55:00+05:30,33881.18,2023-10-25 14:00:00+05:30,33949.67,68.48999999999796,2
10084,2023-10-26 03:00:00+05:30,34615.34,2023-10-26 04:25:00+05:30,34606.48,-8.859999999993306,1
10085,2023-10-26 04:30:00+05:30,34374.27,2023-10-26 05:40:00+05:30,34514.72,140.45000000000437,2
10086,2023-10-26 11:15:00+05:30,34529.6,2023-10-26 12:10:00+05:30,34566.98,37.38000000000466,2
10087,2023-10-26 13:55:00+05:30,34499.01,2023-10-26 17:45:00+05:30,34192.09,-306.92000000000553,1
10088,2023-10-26 19:25:00+05:30,34176.0,2023-10-26 19:30:00+05:30,34281.95,105.94999999999709,2
10089,2023-10-26 20:00:00+05:30,34054.69,2023-10-26 21:30:00+05:30,34064.6,9.909999999996217,2
10090,2023-10-26 22:20:00+05:30,33774.03,2023-10-26 23:15:00+05:30,33918.01,143.9800000000032,2
10091,2023-10-27 05:35:00+05:30,34099.11,2023-10-27 07:40:00+05:30,33978.31,-120.80000000000291,1
10092,2023-10-27 09:45:00+05:30,34037.04,2023-10-27 10:15:00+05:30,34155.99,118.94999999999709,2
10093,2023-10-27 13:15:00+05:30,34033.01,2023-10-27 14:10:00+05:30,34066.68,33.669999999998254,2
10094,2023-10-27 16:25:00+05:30,34066.2,2023-10-27 17:45:00+05:30,34069.14,2.9400000000023283,2
10095,2023-10-27 17:55:00+05:30,33949.68,2023-10-27 18:00:00+05:30,34032.34,82.65999999999622,2
10096,2023-10-27 19:45:00+05:30,33994.21,2023-10-27 21:00:00+05:30,33993.25,-0.9599999999991269,1
10097,2023-10-27 22:35:00+05:30,33647.88,2023-10-28 00:10:00+05:30,33627.15,-20.729999999995925,1
10098,2023-10-28 13:25:00+05:30,34044.99,2023-10-28 13:45:00+05:30,34067.17,22.18000000000029,2
10099,2023-10-28 18:15:00+05:30,34007.45,2023-10-28 19:20:00+05:30,34082.71,75.26000000000204,2
10100,2023-10-28 23:35:00+05:30,34099.9,2023-10-29 00:00:00+05:30,34113.99,14.089999999996508,2
10101,2023-10-29 02:00:00+05:30,34099.97,2023-10-29 02:30:00+05:30,34139.99,40.0199999999968,2
10102,2023-10-29 03:55:00+05:30,34110.0,2023-10-29 06:10:00+05:30,34089.99,-20.010000000002037,1
10103,2023-10-29 06:40:00+05:30,34042.27,2023-10-29 08:20:00+05:30,34008.01,-34.25999999999476,1
10104,2023-10-29 09:20:00+05:30,33958.62,2023-10-29 09:40:00+05:30,33998.0,39.37999999999738,2
10105,2023-10-30 03:25:00+05:30,34437.44,2023-10-30 03:45:00+05:30,34598.89,161.4499999999971,2
10106,2023-10-30 06:05:00+05:30,34452.31,2023-10-30 09:40:00+05:30,34303.47,-148.8399999999965,1
10107,2023-10-30 11:35:00+05:30,34212.5,2023-10-30 11:50:00+05:30,34311.67,99.16999999999825,2
10108,2023-10-30 21:50:00+05:30,34528.08,2023-10-30 23:35:00+05:30,34344.99,-183.09000000000378,1
10109,2023-10-31 08:00:00+05:30,34355.87,2023-10-31 10:00:00+05:30,34283.12,-72.75,1
10110,2023-10-31 12:50:00+05:30,34197.08,2023-10-31 13:40:00+05:30,34212.53,15.44999999999709,2
10111,2023-10-31 18:15:00+05:30,34290.44,2023-10-31 19:40:00+05:30,34303.36,12.919999999998254,2
10112,2023-11-01 00:00:00+05:30,34342.02,2023-11-01 00:05:00+05:30,34380.94,38.92000000000553,2
10113,2023-11-01 03:15:00+05:30,34434.07,2023-11-01 04:05:00+05:30,34577.77,143.6999999999971,2
10114,2023-11-01 06:10:00+05:30,34508.41,2023-11-01 07:00:00+05:30,34553.08,44.669999999998254,2
10115,2023-11-01 08:55:00+05:30,34424.15,2023-11-01 09:50:00+05:30,34454.01,29.860000000000582,2
10116,2023-11-01 11:20:00+05:30,34353.88,2023-11-01 12:00:00+05:30,34392.22,38.34000000000378,2
10117,2023-11-01 16:00:00+05:30,34415.23,2023-11-01 17:05:00+05:30,34406.5,-8.730000000003201,1
10118,2023-11-01 20:20:00+05:30,34236.37,2023-11-01 21:35:00+05:30,34323.99,87.61999999999534,2
10119,2023-11-02 10:30:00+05:30,35445.37,2023-11-02 12:20:00+05:30,35249.67,-195.70000000000437,1
10120,2023-11-02 13:35:00+05:30,35148.38,2023-11-02 13:50:00+05:30,35260.0,111.62000000000262,2
10121,2023-11-02 16:35:00+05:30,35317.88,2023-11-02 16:45:00+05:30,35401.03,83.15000000000146,2
10122,2023-11-02 18:35:00+05:30,35237.61,2023-11-02 21:50:00+05:30,34505.01,-732.5999999999985,0
10123,2023-11-02 21:55:00+05:30,34454.85,2023-11-02 22:25:00+05:30,34646.0,191.15000000000146,2
10124,2023-11-03 04:10:00+05:30,34792.33,2023-11-03 04:55:00+05:30,34846.87,54.54000000000087,2
10125,2023-11-03 06:00:00+05:30,34715.6,2023-11-03 07:30:00+05:30,34648.02,-67.58000000000175,1
10126,2023-11-03 10:00:00+05:30,34591.69,2023-11-03 11:20:00+05:30,34525.96,-65.7300000000032,1
10127,2023-11-03 13:05:00+05:30,34413.08,2023-11-03 13:35:00+05:30,34528.68,115.59999999999854,2
10128,2023-11-03 15:45:00+05:30,34130.73,2023-11-03 16:25:00+05:30,34279.34,148.6099999999933,2
10129,2023-11-03 22:05:00+05:30,34631.61,2023-11-03 23:55:00+05:30,34574.52,-57.09000000000378,1
10130,2023-11-04 10:30:00+05:30,34621.56,2023-11-04 11:10:00+05:30,34702.11,80.55000000000291,2
10131,2023-11-04 13:30:00+05:30,34725.41,2023-11-04 13:45:00+05:30,34822.15,96.73999999999796,2
10132,2023-11-04 15:30:00+05:30,34741.14,2023-11-04 17:05:00+05:30,34770.0,28.860000000000582,2
10133,2023-11-04 17:20:00+05:30,34706.1,2023-11-04 18:10:00+05:30,34747.1,41.0,2
10134,2023-11-04 19:15:00+05:30,34681.19,2023-11-04 19:45:00+05:30,34726.98,45.79000000000087,2
10135,2023-11-05 12:00:00+05:30,35074.77,2023-11-05 12:50:00+05:30,35113.35,38.580000000001746,2
10136,2023-11-05 14:15:00+05:30,35035.18,2023-11-05 15:05:00+05:30,35110.18,75.0,2
10137,2023-11-05 17:45:00+05:30,35041.85,2023-11-05 17:50:00+05:30,35147.24,105.38999999999942,2
10138,2023-11-05 19:25:00+05:30,34831.04,2023-11-05 20:55:00+05:30,34909.99,78.94999999999709,2
10139,2023-11-06 02:50:00+05:30,34939.5,2023-11-06 04:15:00+05:30,34831.21,-108.29000000000087,1
10140,2023-11-06 07:15:00+05:30,34873.3,2023-11-06 08:45:00+05:30,34889.13,15.82999999999447,2
10141,2023-11-06 10:50:00+05:30,34752.53,2023-11-06 11:45:00+05:30,34827.97,75.44000000000233,2
10142,2023-11-06 18:40:00+05:30,35069.28,2023-11-06 19:35:00+05:30,35095.5,26.220000000001164,2
10143,2023-11-06 21:40:00+05:30,35033.46,2023-11-06 23:25:00+05:30,34981.66,-51.799999999995634,1
10144,2023-11-06 23:40:00+05:30,34881.32,2023-11-07 00:15:00+05:30,34986.89,105.56999999999971,2
10145,2023-11-07 04:45:00+05:30,34949.24,2023-11-07 05:25:00+05:30,35046.09,96.84999999999854,2
10146,2023-11-07 06:00:00+05:30,34889.97,2023-11-07 07:15:00+05:30,34930.48,40.51000000000204,2
10147,2023-11-07 08:25:00+05:30,34814.33,2023-11-07 08:45:00+05:30,34899.99,85.65999999999622,2
10148,2023-11-07 14:45:00+05:30,34840.01,2023-11-07 15:15:00+05:30,34886.5,46.48999999999796,2
10149,2023-11-07 15:30:00+05:30,34752.84,2023-11-07 16:45:00+05:30,34715.58,-37.25999999999476,1
10150,2023-11-07 17:35:00+05:30,34567.79,2023-11-07 17:45:00+05:30,34690.25,122.45999999999913,2
10151,2023-11-07 21:00:00+05:30,34659.89,2023-11-07 21:55:00+05:30,34739.25,79.36000000000058,2
10152,2023-11-07 22:30:00+05:30,34607.97,2023-11-07 22:40:00+05:30,34712.24,104.2699999999968,2
10153,2023-11-08 03:40:00+05:30,35311.1,2023-11-08 04:45:00+05:30,35402.2,91.09999999999854,2
10154,2023-11-08 06:00:00+05:30,35275.5,2023-11-08 06:30:00+05:30,35366.22,90.72000000000116,2
10155,2023-11-08 08:25:00+05:30,35306.6,2023-11-08 10:00:00+05:30,35311.98,5.380000000004657,2
10156,2023-11-08 11:30:00+05:30,35198.42,2023-11-08 12:00:00+05:30,35298.44,100.02000000000407,2
10157,2023-11-08 13:30:00+05:30,35202.67,2023-11-08 13:45:00+05:30,35273.49,70.81999999999971,2
10158,2023-11-08 20:10:00+05:30,35287.0,2023-11-08 21:45:00+05:30,35237.05,-49.94999999999709,1
10159,2023-11-09 02:05:00+05:30,35500.41,2023-11-09 02:30:00+05:30,35745.8,245.38999999999942,2
10160,2023-11-09 05:20:00+05:30,35681.2,2023-11-09 06:00:00+05:30,35769.97,88.77000000000407,2
10161,2023-11-09 13:05:00+05:30,36565.99,2023-11-09 14:10:00+05:30,36627.42,61.43000000000029,2
10162,2023-11-09 21:25:00+05:30,37084.02,2023-11-09 22:05:00+05:30,35968.98,-1115.0399999999936,0
10163,2023-11-10 00:40:00+05:30,36269.08,2023-11-10 01:25:00+05:30,36382.2,113.11999999999534,2
10164,2023-11-10 11:50:00+05:30,36620.01,2023-11-10 12:30:00+05:30,36679.3,59.29000000000087,2
10165,2023-11-10 12:55:00+05:30,36523.75,2023-11-10 14:15:00+05:30,36498.32,-25.43000000000029,1
10166,2023-11-10 19:35:00+05:30,36939.31,2023-11-10 20:10:00+05:30,37131.07,191.76000000000204,2
10167,2023-11-10 23:05:00+05:30,37166.49,2023-11-11 00:05:00+05:30,37266.39,99.90000000000146,2
10168,2023-11-11 01:35:00+05:30,37133.46,2023-11-11 02:15:00+05:30,37234.34,100.87999999999738,2
10169,2023-11-11 04:10:00+05:30,37163.69,2023-11-11 04:15:00+05:30,37410.01,246.3199999999997,2
10170,2023-11-11 06:35:00+05:30,37236.33,2023-11-11 08:15:00+05:30,37088.68,-147.65000000000146,1
10171,2023-11-11 09:50:00+05:30,36990.15,2023-11-11 10:05:00+05:30,37063.56,73.40999999999622,2
10172,2023-11-11 13:15:00+05:30,36961.89,2023-11-11 14:45:00+05:30,37012.45,50.55999999999767,2
10173,2023-11-11 16:45:00+05:30,36931.02,2023-11-11 16:50:00+05:30,37002.88,71.86000000000058,2
10174,2023-11-11 21:20:00+05:30,37059.44,2023-11-11 22:05:00+05:30,37152.2,92.75999999999476,2
10175,2023-11-12 01:40:00+05:30,37067.25,2023-11-12 05:05:00+05:30,36914.0,-153.25,1
10176,2023-11-12 13:30:00+05:30,37098.82,2023-11-12 16:00:00+05:30,37122.42,23.599999999998545,2
10177,2023-11-12 17:50:00+05:30,37008.1,2023-11-12 18:40:00+05:30,37044.52,36.419999999998254,2
10178,2023-11-12 23:35:00+05:30,37054.28,2023-11-12 23:55:00+05:30,37129.72,75.44000000000233,2
10179,2023-11-13 04:40:00+05:30,37113.83,2023-11-13 05:40:00+05:30,37096.15,-17.68000000000029,1
10180,2023-11-13 08:35:00+05:30,37065.24,2023-11-13 11:00:00+05:30,36911.11,-154.12999999999738,1
10181,2023-11-13 15:35:00+05:30,36954.93,2023-11-13 16:15:00+05:30,36986.78,31.849999999998545,2
10182,2023-11-13 16:40:00+05:30,36863.09,2023-11-13 18:05:00+05:30,36821.73,-41.359999999993306,1
10183,2023-11-13 20:05:00+05:30,36752.33,2023-11-13 21:15:00+05:30,36807.34,55.00999999999476,2
10184,2023-11-13 22:45:00+05:30,36680.01,2023-11-14 00:00:00+05:30,36756.26,76.25,2
10185,2023-11-14 02:30:00+05:30,36723.1,2023-11-14 04:00:00+05:30,36591.87,-131.22999999999593,1
10186,2023-11-14 05:25:00+05:30,36462.93,2023-11-14 06:45:00+05:30,36388.88,-74.05000000000291,1
10187,2023-11-14 09:55:00+05:30,36392.67,2023-11-14 10:05:00+05:30,36488.12,95.45000000000437,2
10188,2023-11-14 14:50:00+05:30,36612.65,2023-11-14 18:10:00+05:30,36338.91,-273.73999999999796,1
10189,2023-11-14 20:45:00+05:30,36442.05,2023-11-14 22:00:00+05:30,36337.99,-104.06000000000495,1
10190,2023-11-14 23:25:00+05:30,36091.09,2023-11-15 00:20:00+05:30,35142.01,-949.0799999999945,0
10191,2023-11-15 00:25:00+05:30,35230.0,2023-11-15 01:35:00+05:30,35422.0,192.0,2
10192,2023-11-15 09:25:00+05:30,35381.99,2023-11-15 09:45:00+05:30,35445.55,63.56000000000495,2
10193,2023-11-15 18:45:00+05:30,36072.83,2023-11-15 19:35:00+05:30,36158.43,85.59999999999854,2
10194,2023-11-16 06:55:00+05:30,37615.71,2023-11-16 08:40:00+05:30,37520.0,-95.70999999999913,1
10195,2023-11-16 09:15:00+05:30,37391.72,2023-11-16 10:00:00+05:30,37488.0,96.27999999999884,2
10196,2023-11-16 13:45:00+05:30,37346.69,2023-11-16 14:45:00+05:30,37413.99,67.29999999999563,2
10197,2023-11-16 17:20:00+05:30,37181.99,2023-11-16 20:15:00+05:30,36790.84,-391.15000000000146,1
10198,2023-11-16 21:15:00+05:30,36479.28,2023-11-16 22:45:00+05:30,36575.91,96.63000000000466,2
10199,2023-11-16 23:20:00+05:30,36415.12,2023-11-17 01:00:00+05:30,35571.38,-843.7400000000052,0
10200,2023-11-17 01:05:00+05:30,35519.85,2023-11-17 01:35:00+05:30,36010.06,490.2099999999991,2
10201,2023-11-17 08:45:00+05:30,36323.99,2023-11-17 09:10:00+05:30,36472.0,148.01000000000204,2
10202,2023-11-17 10:35:00+05:30,36330.0,2023-11-17 11:45:00+05:30,36384.0,54.0,2
10203,2023-11-17 15:35:00+05:30,36231.54,2023-11-17 16:20:00+05:30,36319.71,88.16999999999825,2
10204,2023-11-17 20:15:00+05:30,36078.52,2023-11-17 21:35:00+05:30,36155.08,76.56000000000495,2
10205,2023-11-18 01:10:00+05:30,36339.21,2023-11-18 01:35:00+05:30,36474.97,135.76000000000204,2
10206,2023-11-18 06:10:00+05:30,36406.01,2023-11-18 07:05:00+05:30,36453.64,47.62999999999738,2
10207,2023-11-18 08:45:00+05:30,36381.15,2023-11-18 09:35:00+05:30,36390.62,9.470000000001164,2
10208,2023-11-18 10:35:00+05:30,36333.06,2023-11-18 11:40:00+05:30,36357.81,24.75,2
10209,2023-11-18 12:15:00+05:30,36290.0,2023-11-18 12:55:00+05:30,36321.97,31.970000000001164,2
10210,2023-11-19 01:40:00+05:30,36546.86,2023-11-19 04:35:00+05:30,36536.8,-10.059999999997672,1
10211,2023-11-19 06:20:00+05:30,36492.98,2023-11-19 07:25:00+05:30,36485.44,-7.540000000000873,1
10212,2023-11-19 07:45:00+05:30,36401.11,2023-11-19 08:00:00+05:30,36459.99,58.87999999999738,2
10213,2023-11-19 15:55:00+05:30,36541.66,2023-11-19 18:15:00+05:30,36480.6,-61.06000000000495,1
10214,2023-11-19 19:35:00+05:30,36429.12,2023-11-19 20:05:00+05:30,36477.22,48.099999999998545,2
10215,2023-11-20 07:40:00+05:30,37202.63,2023-11-20 08:10:00+05:30,37293.8,91.17000000000553,2
10216,2023-11-20 09:10:00+05:30,37078.7,2023-11-20 10:05:00+05:30,37168.52,89.81999999999971,2
10217,2023-11-20 11:10:00+05:30,37049.49,2023-11-20 11:30:00+05:30,37162.83,113.34000000000378,2
10218,2023-11-20 14:10:00+05:30,37070.0,2023-11-20 14:50:00+05:30,37193.82,123.81999999999971,2
10219,2023-11-20 19:40:00+05:30,36873.85,2023-11-20 19:55:00+05:30,37115.13,241.27999999999884,2
10220,2023-11-20 22:55:00+05:30,37024.4,2023-11-20 23:00:00+05:30,37333.29,308.8899999999994,2
10221,2023-11-21 02:45:00+05:30,37307.99,2023-11-21 03:30:00+05:30,37444.18,136.19000000000233,2
10222,2023-11-21 06:05:00+05:30,37419.49,2023-11-21 06:55:00+05:30,37434.37,14.880000000004657,2
10223,2023-11-21 12:35:00+05:30,37298.63,2023-11-21 13:50:00+05:30,37333.73,35.10000000000582,2
10224,2023-11-21 16:45:00+05:30,37269.13,2023-11-21 18:30:00+05:30,37199.92,-69.20999999999913,1
10225,2023-11-21 18:45:00+05:30,37122.34,2023-11-21 21:15:00+05:30,36925.89,-196.4499999999971,1
10226,2023-11-22 03:15:00+05:30,36757.99,2023-11-22 05:15:00+05:30,35952.2,-805.7900000000009,0
10227,2023-11-22 05:25:00+05:30,35741.65,2023-11-22 05:55:00+05:30,36123.99,382.3399999999965,2
10228,2023-11-22 20:15:00+05:30,36433.8,2023-11-22 20:50:00+05:30,36556.34,122.5399999999936,2
10229,2023-11-23 04:00:00+05:30,37462.0,2023-11-23 05:20:00+05:30,37448.8,-13.19999999999709,1
10230,2023-11-23 08:35:00+05:30,37264.01,2023-11-23 08:55:00+05:30,37359.61,95.59999999999854,2
10231,2023-11-23 11:35:00+05:30,37292.72,2023-11-23 12:30:00+05:30,37339.28,46.55999999999767,2
10232,2023-11-23 16:40:00+05:30,37384.69,2023-11-23 17:35:00+05:30,37394.61,9.919999999998254,2
10233,2023-11-23 19:50:00+05:30,37197.28,2023-11-23 21:40:00+05:30,37123.0,-74.27999999999884,1
10234,2023-11-24 09:05:00+05:30,37331.25,2023-11-24 10:10:00+05:30,37349.99,18.739999999997963,2
10235,2023-11-24 22:15:00+05:30,37880.63,2023-11-24 23:35:00+05:30,37886.73,6.100000000005821,2
10236,2023-11-25 00:10:00+05:30,37607.19,2023-11-25 01:05:00+05:30,37745.34,138.14999999999418,2
10237,2023-11-25 03:35:00+05:30,37770.17,2023-11-25 05:10:00+05:30,37703.82,-66.34999999999854,1
10238,2023-11-25 09:40:00+05:30,37756.01,2023-11-25 11:00:00+05:30,37778.03,22.0199999999968,2
10239,2023-11-25 12:40:00+05:30,37747.99,2023-11-25 13:10:00+05:30,37795.12,47.13000000000466,2
10240,2023-11-25 15:45:00+05:30,37685.13,2023-11-25 16:30:00+05:30,37709.99,24.860000000000582,2
10241,2023-11-25 17:05:00+05:30,37620.19,2023-11-25 17:30:00+05:30,37662.8,42.61000000000058,2
10242,2023-11-25 20:50:00+05:30,37626.81,2023-11-25 21:05:00+05:30,37683.07,56.26000000000204,2
10243,2023-11-26 03:35:00+05:30,37746.02,2023-11-26 04:35:00+05:30,37761.47,15.450000000004366,2
10244,2023-11-26 06:30:00+05:30,37710.0,2023-11-26 07:50:00+05:30,37724.26,14.260000000002037,2
10245,2023-11-26 09:35:00+05:30,37711.59,2023-11-26 10:05:00+05:30,37734.99,23.400000000001455,2
10246,2023-11-26 12:05:00+05:30,37730.19,2023-11-26 12:15:00+05:30,37766.16,35.970000000001164,2
10247,2023-11-26 15:00:00+05:30,37737.06,2023-11-26 20:50:00+05:30,37451.53,-285.52999999999884,1
10248,2023-11-26 21:55:00+05:30,37292.95,2023-11-26 23:05:00+05:30,37318.68,25.7300000000032,2
10249,2023-11-27 04:35:00+05:30,37431.83,2023-11-27 05:50:00+05:30,37495.35,63.5199999999968,2
10250,2023-11-27 07:30:00+05:30,37446.73,2023-11-27 09:25:00+05:30,37309.25,-137.4800000000032,1
10251,2023-11-27 11:30:00+05:30,37299.13,2023-11-27 11:40:00+05:30,37388.88,89.75,2
10252,2023-11-27 12:25:00+05:30,37272.06,2023-11-27 13:35:00+05:30,37316.39,44.330000000001746,2
10253,2023-11-27 15:45:00+05:30,37295.25,2023-11-27 17:35:00+05:30,37095.34,-199.9100000000035,1
10254,2023-11-27 17:55:00+05:30,36957.38,2023-11-27 18:15:00+05:30,37051.32,93.94000000000233,2
10255,2023-11-27 19:45:00+05:30,36811.11,2023-11-27 20:30:00+05:30,36933.61,122.5,2
10256,2023-11-28 01:10:00+05:30,36864.01,2023-11-28 01:50:00+05:30,36956.79,92.77999999999884,2
10257,2023-11-28 09:15:00+05:30,37102.47,2023-11-28 11:40:00+05:30,36986.01,-116.45999999999913,1
10258,2023-11-29 00:20:00+05:30,37927.37,2023-11-29 01:00:00+05:30,38096.69,169.3199999999997,2
10259,2023-11-29 03:05:00+05:30,38040.04,2023-11-29 06:00:00+05:30,37848.08,-191.95999999999913,1
10260,2023-11-29 15:55:00+05:30,38118.47,2023-11-29 17:00:00+05:30,38126.83,8.360000000000582,2
10261,2023-11-29 19:45:00+05:30,38044.78,2023-11-29 21:20:00+05:30,37854.08,-190.6999999999971,1
10262,2023-11-30 01:55:00+05:30,37783.02,2023-11-30 02:50:00+05:30,37780.91,-2.109999999993306,1
10263,2023-11-30 06:35:00+05:30,37725.43,2023-11-30 07:00:00+05:30,37808.02,82.58999999999651,2
10264,2023-11-30 07:25:00+05:30,37703.42,2023-11-30 07:55:00+05:30,37819.99,116.56999999999971,2
10265,2023-11-30 12:05:00+05:30,37834.92,2023-11-30 12:35:00+05:30,37898.77,63.849999999998545,2
10266,2023-11-30 13:50:00+05:30,37698.71,2023-11-30 14:55:00+05:30,37715.6,16.889999999999418,2
10267,2023-11-30 16:25:00+05:30,37680.01,2023-11-30 16:45:00+05:30,37734.52,54.50999999999476,2
10268,2023-11-30 18:40:00+05:30,37784.67,2023-11-30 18:55:00+05:30,37893.43,108.76000000000204,2
10269,2023-11-30 19:20:00+05:30,37694.01,2023-11-30 20:45:00+05:30,37699.98,5.970000000001164,2
10270,2023-11-30 21:15:00+05:30,37537.75,2023-11-30 21:40:00+05:30,37643.96,106.20999999999913,2
10271,2023-12-01 04:25:00+05:30,37694.06,2023-12-01 05:15:00+05:30,37729.85,35.79000000000087,2
10272,2023-12-01 11:30:00+05:30,38081.25,2023-12-01 12:05:00+05:30,38141.51,60.26000000000204,2
10273,2023-12-01 17:50:00+05:30,38494.83,2023-12-01 20:05:00+05:30,38378.78,-116.05000000000291,1
10274,2023-12-02 00:25:00+05:30,38703.69,2023-12-02 01:10:00+05:30,38743.7,40.00999999999476,2
10275,2023-12-02 04:00:00+05:30,38729.54,2023-12-02 06:05:00+05:30,38684.04,-45.5,1
10276,2023-12-02 12:05:00+05:30,38722.0,2023-12-02 12:20:00+05:30,38775.0,53.0,2
10277,2023-12-02 12:55:00+05:30,38719.35,2023-12-02 14:35:00+05:30,38733.81,14.459999999999127,2
10278,2023-12-02 16:30:00+05:30,38736.37,2023-12-02 17:10:00+05:30,38746.04,9.669999999998254,2
10279,2023-12-02 20:30:00+05:30,38710.64,2023-12-02 20:55:00+05:30,38801.1,90.45999999999913,2
10280,2023-12-02 22:15:00+05:30,38724.0,2023-12-02 23:00:00+05:30,38769.89,45.88999999999942,2
10281,2023-12-03 07:55:00+05:30,39415.89,2023-12-03 09:25:00+05:30,39381.11,-34.779999999998836,1
10282,2023-12-03 14:25:00+05:30,39400.01,2023-12-03 14:40:00+05:30,39453.52,53.50999999999476,2
10283,2023-12-03 18:15:00+05:30,39415.66,2023-12-03 18:35:00+05:30,39496.66,81.0,2
10284,2023-12-03 20:25:00+05:30,39544.08,2023-12-03 21:00:00+05:30,39629.58,85.5,2
10285,2023-12-03 22:35:00+05:30,39587.0,2023-12-03 23:55:00+05:30,39585.27,-1.7300000000032014,1
10286,2023-12-04 00:45:00+05:30,39490.96,2023-12-04 01:00:00+05:30,39563.05,72.09000000000378,2
10287,2023-12-04 19:35:00+05:30,41563.76,2023-12-04 21:55:00+05:30,41446.76,-117.0,1
10288,2023-12-05 02:20:00+05:30,41755.88,2023-12-05 03:00:00+05:30,41842.97,87.09000000000378,2
10289,2023-12-05 10:30:00+05:30,41725.96,2023-12-05 10:35:00+05:30,41785.97,60.01000000000204,2
10290,2023-12-05 12:00:00+05:30,41742.69,2023-12-05 13:35:00+05:30,41620.16,-122.52999999999884,1
10291,2023-12-05 16:25:00+05:30,41617.89,2023-12-05 16:45:00+05:30,41716.7,98.80999999999767,2
10292,2023-12-06 01:45:00+05:30,43597.35,2023-12-06 02:15:00+05:30,43722.81,125.45999999999913,2
10293,2023-12-06 07:15:00+05:30,43781.23,2023-12-06 08:20:00+05:30,43860.27,79.0399999999936,2
10294,2023-12-06 10:10:00+05:30,43620.0,2023-12-06 10:30:00+05:30,43762.14,142.13999999999942,2
10295,2023-12-06 11:05:00+05:30,43604.94,2023-12-06 12:05:00+05:30,43679.63,74.68999999999505,2
10296,2023-12-06 16:45:00+05:30,43560.87,2023-12-06 17:35:00+05:30,43990.01,429.1399999999994,2
10297,2023-12-07 02:20:00+05:30,43846.41,2023-12-07 03:30:00+05:30,43867.72,21.30999999999767,2
10298,2023-12-07 04:20:00+05:30,43664.0,2023-12-07 05:15:00+05:30,43796.02,132.0199999999968,2
10299,2023-12-07 09:30:00+05:30,43898.85,2023-12-07 09:40:00+05:30,43946.5,47.650000000001455,2
10300,2023-12-07 12:00:00+05:30,43906.17,2023-12-07 12:55:00+05:30,43942.42,36.25,2
10301,2023-12-07 13:30:00+05:30,43842.57,2023-12-07 16:45:00+05:30,43280.41,-562.1599999999962,1
10302,2023-12-07 17:30:00+05:30,43059.92,2023-12-07 18:00:00+05:30,43201.11,141.19000000000233,2
10303,2023-12-07 23:05:00+05:30,43400.77,2023-12-08 01:35:00+05:30,43284.0,-116.7699999999968,1
10304,2023-12-08 04:10:00+05:30,43241.22,2023-12-08 05:10:00+05:30,43284.91,43.69000000000233,2
10305,2023-12-08 12:05:00+05:30,43376.0,2023-12-08 14:00:00+05:30,43252.49,-123.51000000000204,1
10306,2023-12-08 15:20:00+05:30,43139.31,2023-12-08 15:55:00+05:30,43218.94,79.63000000000466,2
10307,2023-12-08 22:35:00+05:30,43695.55,2023-12-08 23:30:00+05:30,43769.99,74.43999999999505,2
10308,2023-12-09 06:35:00+05:30,44071.01,2023-12-09 07:30:00+05:30,44159.73,88.72000000000116,2
10309,2023-12-09 12:10:00+05:30,44217.53,2023-12-09 15:35:00+05:30,43903.68,-313.84999999999854,1
10310,2023-12-09 16:50:00+05:30,43791.11,2023-12-09 17:35:00+05:30,43841.9,50.79000000000087,2
10311,2023-12-09 17:45:00+05:30,43754.52,2023-12-09 18:15:00+05:30,43857.71,103.19000000000233,2
10312,2023-12-09 20:15:00+05:30,43770.52,2023-12-09 21:10:00+05:30,43963.51,192.99000000000524,2
10313,2023-12-09 22:35:00+05:30,43911.59,2023-12-09 23:00:00+05:30,44031.99,120.40000000000146,2
10314,2023-12-10 01:30:00+05:30,43916.3,2023-12-10 02:10:00+05:30,43976.11,59.80999999999767,2
10315,2023-12-10 04:25:00+05:30,43900.14,2023-12-10 06:10:00+05:30,43752.01,-148.12999999999738,1
10316,2023-12-10 14:10:00+05:30,43789.44,2023-12-10 16:20:00+05:30,43706.23,-83.20999999999913,1
10317,2023-12-10 20:00:00+05:30,43755.01,2023-12-10 20:10:00+05:30,43826.88,71.86999999999534,2
10318,2023-12-10 22:10:00+05:30,43797.05,2023-12-10 23:20:00+05:30,43821.1,24.049999999995634,2
10319,2023-12-11 01:00:00+05:30,43777.0,2023-12-11 01:40:00+05:30,43830.0,53.0,2
10320,2023-12-11 04:40:00+05:30,43690.0,2023-12-11 05:25:00+05:30,43789.51,99.51000000000204,2
10321,2023-12-11 06:25:00+05:30,43630.42,2023-12-11 07:35:00+05:30,42725.01,-905.4099999999962,0
10322,2023-12-11 07:40:00+05:30,41714.0,2023-12-11 08:55:00+05:30,42307.69,593.6900000000023,2
10323,2023-12-11 10:50:00+05:30,41989.84,2023-12-11 12:20:00+05:30,42121.11,131.27000000000407,2
10324,2023-12-11 16:55:00+05:30,42272.88,2023-12-11 17:45:00+05:30,42375.86,102.9800000000032,2
10325,2023-12-11 18:55:00+05:30,42132.21,2023-12-11 20:40:00+05:30,41968.01,-164.1999999999971,1
10326,2023-12-11 21:15:00+05:30,41773.54,2023-12-11 22:05:00+05:30,41820.15,46.61000000000058,2
10327,2023-12-11 23:20:00+05:30,41309.73,2023-12-12 01:05:00+05:30,40314.01,-995.7200000000012,0
10328,2023-12-12 09:25:00+05:30,41735.29,2023-12-12 10:45:00+05:30,41650.01,-85.27999999999884,1
10329,2023-12-12 17:05:00+05:30,41683.86,2023-12-12 17:45:00+05:30,41794.9,111.04000000000087,2
10330,2023-12-12 19:40:00+05:30,41714.47,2023-12-12 22:20:00+05:30,41314.01,-400.4599999999991,1
10331,2023-12-12 22:50:00+05:30,41026.96,2023-12-12 23:40:00+05:30,41145.12,118.16000000000349,2
10332,2023-12-13 06:45:00+05:30,41268.02,2023-12-13 08:35:00+05:30,41014.62,-253.39999999999418,1
10333,2023-12-13 09:40:00+05:30,40740.8,2023-12-13 10:05:00+05:30,40870.87,130.0699999999997,2
10334,2023-12-13 12:25:00+05:30,40865.99,2023-12-13 12:35:00+05:30,41121.11,255.12000000000262,2
10335,2023-12-13 15:05:00+05:30,41082.89,2023-12-13 15:15:00+05:30,41226.12,143.2300000000032,2
10336,2023-12-13 17:15:00+05:30,41038.68,2023-12-13 17:45:00+05:30,41170.87,132.19000000000233,2
10337,2023-12-14 05:50:00+05:30,42733.63,2023-12-14 07:10:00+05:30,42790.64,57.01000000000204,2
10338,2023-12-14 18:35:00+05:30,42880.07,2023-12-14 19:00:00+05:30,41951.85,-928.2200000000012,0
10339,2023-12-14 19:05:00+05:30,42226.0,2023-12-14 19:55:00+05:30,42617.4,391.40000000000146,2
10340,2023-12-14 20:55:00+05:30,42327.39,2023-12-14 21:30:00+05:30,42502.91,175.52000000000407,2
10341,2023-12-15 07:40:00+05:30,42864.12,2023-12-15 10:20:00+05:30,42806.25,-57.87000000000262,1
10342,2023-12-15 11:00:00+05:30,42654.04,2023-12-15 12:35:00+05:30,42621.0,-33.04000000000087,1
10343,2023-12-15 16:30:00+05:30,42776.48,2023-12-15 18:05:00+05:30,42750.89,-25.590000000003783,1
10344,2023-12-15 18:20:00+05:30,42627.98,2023-12-15 21:05:00+05:30,41761.99,-865.9900000000052,0
10345,2023-12-15 21:10:00+05:30,41793.49,2023-12-15 21:50:00+05:30,42092.01,298.5200000000041,2
10346,2023-12-16 03:50:00+05:30,42051.89,2023-12-16 04:40:00+05:30,42156.92,105.02999999999884,2
10347,2023-12-16 05:00:00+05:30,41904.39,2023-12-16 06:30:00+05:30,41960.86,56.470000000001164,2
10348,2023-12-16 11:00:00+05:30,42210.61,2023-12-16 11:25:00+05:30,42266.09,55.479999999995925,2
10349,2023-12-16 11:50:00+05:30,42185.2,2023-12-16 12:40:00+05:30,42268.01,82.81000000000495,2
10350,2023-12-16 14:10:00+05:30,42133.63,2023-12-16 14:30:00+05:30,42220.82,87.19000000000233,2
10351,2023-12-16 23:30:00+05:30,42445.33,2023-12-17 00:30:00+05:30,42513.25,67.91999999999825,2
10352,2023-12-17 01:05:00+05:30,42333.01,2023-12-17 03:00:00+05:30,42366.01,33.0,2
10353,2023-12-17 03:30:00+05:30,42271.98,2023-12-17 04:20:00+05:30,42306.84,34.859999999993306,2
10354,2023-12-17 04:40:00+05:30,42216.28,2023-12-17 05:25:00+05:30,42278.03,61.75,2
10355,2023-12-17 06:20:00+05:30,42176.43,2023-12-17 06:40:00+05:30,42243.07,66.63999999999942,2
10356,2023-12-17 07:05:00+05:30,42098.05,2023-12-17 08:55:00+05:30,42010.0,-88.05000000000291,1
10357,2023-12-17 11:00:00+05:30,41935.44,2023-12-17 12:25:00+05:30,41997.46,62.0199999999968,2
10358,2023-12-17 13:40:00+05:30,41726.0,2023-12-17 14:25:00+05:30,41894.32,168.3199999999997,2
10359,2023-12-17 18:40:00+05:30,41873.33,2023-12-17 19:30:00+05:30,41901.1,27.7699999999968,2
10360,2023-12-17 19:55:00+05:30,41765.46,2023-12-17 21:05:00+05:30,41741.13,-24.330000000001746,1
10361,2023-12-18 02:30:00+05:30,42066.0,2023-12-18 06:30:00+05:30,41401.09,-664.9100000000035,1
10362,2023-12-18 07:00:00+05:30,41078.02,2023-12-18 08:30:00+05:30,41026.01,-52.00999999999476,1
10363,2023-12-18 11:25:00+05:30,41004.18,2023-12-18 11:50:00+05:30,41165.64,161.45999999999913,2
10364,2023-12-18 13:25:00+05:30,41126.02,2023-12-18 13:55:00+05:30,41215.79,89.77000000000407,2
10365,2023-12-18 14:40:00+05:30,41053.03,2023-12-18 15:10:00+05:30,41117.99,64.95999999999913,2
10366,2023-12-18 15:55:00+05:30,40721.1,2023-12-18 16:35:00+05:30,40917.97,196.87000000000262,2
10367,2023-12-18 18:15:00+05:30,40902.2,2023-12-18 18:45:00+05:30,41070.0,167.8000000000029,2
10368,2023-12-19 10:00:00+05:30,42914.36,2023-12-19 11:25:00+05:30,42958.78,44.419999999998254,2
10369,2023-12-19 11:40:00+05:30,42855.6,2023-12-19 12:10:00+05:30,42930.38,74.77999999999884,2
10370,2023-12-19 15:00:00+05:30,42994.84,2023-12-19 15:15:00+05:30,43108.54,113.70000000000437,2
10371,2023-12-19 19:25:00+05:30,42861.75,2023-12-19 20:55:00+05:30,42729.98,-131.7699999999968,1
10372,2023-12-19 22:25:00+05:30,42337.8,2023-12-19 23:50:00+05:30,42093.89,-243.9100000000035,1
10373,2023-12-20 05:10:00+05:30,42226.28,2023-12-20 05:35:00+05:30,42335.54,109.26000000000204,2
10374,2023-12-20 07:35:00+05:30,42234.0,2023-12-20 07:50:00+05:30,42370.91,136.9100000000035,2
10375,2023-12-20 14:15:00+05:30,42767.39,2023-12-20 14:45:00+05:30,42864.79,97.40000000000146,2
10376,2023-12-20 15:15:00+05:30,42742.31,2023-12-20 15:40:00+05:30,42852.62,110.31000000000495,2
10377,2023-12-20 22:20:00+05:30,43728.0,2023-12-20 22:55:00+05:30,43903.31,175.30999999999767,2
10378,2023-12-21 01:10:00+05:30,43866.23,2023-12-21 02:55:00+05:30,43668.37,-197.86000000000058,1
10379,2023-12-21 03:20:00+05:30,43424.23,2023-12-21 03:45:00+05:30,43606.22,181.98999999999796,2
10380,2023-12-21 06:30:00+05:30,43442.23,2023-12-21 07:45:00+05:30,43469.03,26.799999999995634,2
10381,2023-12-21 08:15:00+05:30,43295.21,2023-12-21 08:35:00+05:30,43455.93,160.72000000000116,2
10382,2023-12-21 11:10:00+05:30,43560.61,2023-12-21 11:50:00+05:30,43634.35,73.73999999999796,2
10383,2023-12-21 19:40:00+05:30,43898.01,2023-12-21 20:55:00+05:30,43854.79,-43.220000000001164,1
10384,2023-12-21 22:15:00+05:30,43546.17,2023-12-21 23:30:00+05:30,43561.07,14.900000000001455,2
10385,2023-12-22 05:05:00+05:30,43820.11,2023-12-22 05:50:00+05:30,43883.72,63.61000000000058,2
10386,2023-12-22 12:10:00+05:30,43984.0,2023-12-22 15:10:00+05:30,43701.67,-282.33000000000175,1
10387,2023-12-22 17:40:00+05:30,43577.44,2023-12-22 18:55:00+05:30,43666.0,88.55999999999767,2
10388,2023-12-22 19:50:00+05:30,43423.59,2023-12-22 20:20:00+05:30,43672.01,248.42000000000553,2
10389,2023-12-22 22:05:00+05:30,43554.19,2023-12-22 22:35:00+05:30,43627.82,73.62999999999738,2
10390,2023-12-23 06:45:00+05:30,43759.79,2023-12-23 08:55:00+05:30,43582.72,-177.0699999999997,1
10391,2023-12-23 09:20:00+05:30,43493.38,2023-12-23 10:20:00+05:30,43488.64,-4.739999999997963,1
10392,2023-12-23 16:45:00+05:30,43498.36,2023-12-23 17:10:00+05:30,43573.18,74.81999999999971,2
10393,2023-12-23 23:30:00+05:30,43719.15,2023-12-23 23:55:00+05:30,43765.36,46.20999999999913,2
10394,2023-12-24 05:25:00+05:30,43702.16,2023-12-24 06:20:00+05:30,43710.17,8.009999999994761,2
10395,2023-12-24 10:55:00+05:30,43651.73,2023-12-24 12:25:00+05:30,43555.4,-96.33000000000175,1
10396,2023-12-24 15:45:00+05:30,43537.42,2023-12-24 16:30:00+05:30,43610.12,72.70000000000437,2
10397,2023-12-24 21:30:00+05:30,43572.19,2023-12-24 22:15:00+05:30,43696.15,123.95999999999913,2
10398,2023-12-25 01:05:00+05:30,43569.39,2023-12-25 03:30:00+05:30,43552.72,-16.669999999998254,1
10399,2023-12-25 03:40:00+05:30,43043.32,2023-12-25 05:05:00+05:30,43122.7,79.37999999999738,2
10400,2023-12-25 05:50:00+05:30,42824.7,2023-12-25 06:35:00+05:30,43011.99,187.29000000000087,2
10401,2023-12-25 14:20:00+05:30,43142.77,2023-12-25 15:30:00+05:30,43162.2,19.43000000000029,2
10402,2023-12-25 22:05:00+05:30,43542.85,2023-12-25 22:50:00+05:30,43641.85,99.0,2
10403,2023-12-26 00:20:00+05:30,43463.88,2023-12-26 01:45:00+05:30,43466.59,2.709999999999127,2
10404,2023-12-26 02:05:00+05:30,43362.22,2023-12-26 02:45:00+05:30,43418.71,56.48999999999796,2
10405,2023-12-26 05:50:00+05:30,43517.24,2023-12-26 06:50:00+05:30,43525.84,8.599999999998545,2
10406,2023-12-26 08:00:00+05:30,43412.53,2023-12-26 08:10:00+05:30,43531.04,118.51000000000204,2
10407,2023-12-26 10:35:00+05:30,43365.79,2023-12-26 12:35:00+05:30,42796.47,-569.3199999999997,1
10408,2023-12-26 13:45:00+05:30,42664.19,2023-12-26 14:10:00+05:30,42757.96,93.7699999999968,2
10409,2023-12-26 15:10:00+05:30,42557.95,2023-12-26 16:00:00+05:30,42619.59,61.63999999999942,2
10410,2023-12-26 20:25:00+05:30,42600.0,2023-12-26 21:00:00+05:30,42711.5,111.5,2
10411,2023-12-26 21:20:00+05:30,42418.79,2023-12-27 00:15:00+05:30,42089.08,-329.7099999999991,1
10412,2023-12-27 06:25:00+05:30,42353.79,2023-12-27 07:05:00+05:30,42444.0,90.20999999999913,2
10413,2023-12-27 08:05:00+05:30,42309.1,2023-12-27 09:40:00+05:30,42280.0,-29.099999999998545,1
10414,2023-12-27 18:10:00+05:30,42818.0,2023-12-27 18:55:00+05:30,42930.38,112.37999999999738,2
10415,2023-12-28 07:25:00+05:30,43426.0,2023-12-28 08:45:00+05:30,43401.09,-24.910000000003492,1
10416,2023-12-28 10:40:00+05:30,43170.06,2023-12-28 13:25:00+05:30,43049.17,-120.88999999999942,1
10417,2023-12-28 14:40:00+05:30,42890.01,2023-12-28 15:00:00+05:30,43014.0,123.98999999999796,2
10418,2023-12-28 17:50:00+05:30,42981.73,2023-12-28 22:05:00+05:30,42498.0,-483.7300000000032,1
10419,2023-12-29 00:10:00+05:30,42407.97,2023-12-29 00:30:00+05:30,42538.0,130.02999999999884,2
10420,2023-12-29 03:15:00+05:30,42361.85,2023-12-29 03:35:00+05:30,42521.76,159.9100000000035,2
10421,2023-12-29 06:20:00+05:30,42429.72,2023-12-29 07:50:00+05:30,42369.3,-60.419999999998254,1
10422,2023-12-29 10:55:00+05:30,42521.77,2023-12-29 11:10:00+05:30,42634.17,112.40000000000146,2
10423,2023-12-29 12:45:00+05:30,42458.24,2023-12-29 13:45:00+05:30,42472.47,14.230000000003201,2
10424,2023-12-29 18:45:00+05:30,42739.39,2023-12-29 19:10:00+05:30,42840.09,100.69999999999709,2
10425,2023-12-29 21:10:00+05:30,42527.56,2023-12-29 23:45:00+05:30,41938.83,-588.7299999999959,1
10426,2023-12-30 02:10:00+05:30,41946.31,2023-12-30 02:30:00+05:30,42069.92,123.61000000000058,2
10427,2023-12-30 03:45:00+05:30,41758.92,2023-12-30 04:40:00+05:30,41827.3,68.38000000000466,2
10428,2023-12-30 08:05:00+05:30,42045.97,2023-12-30 09:25:00+05:30,41972.81,-73.16000000000349,1
10429,2023-12-30 12:55:00+05:30,42012.93,2023-12-30 15:25:00+05:30,41691.09,-321.8400000000038,1
10430,2023-12-31 02:00:00+05:30,42291.1,2023-12-31 03:25:00+05:30,42305.08,13.980000000003201,2
10431,2023-12-31 04:20:00+05:30,42184.08,2023-12-31 04:45:00+05:30,42270.43,86.34999999999854,2
10432,2023-12-31 05:25:00+05:30,42140.28,2023-12-31 05:40:00+05:30,42257.85,117.56999999999971,2
10433,2023-12-31 07:10:00+05:30,42180.37,2023-12-31 09:10:00+05:30,42153.26,-27.110000000000582,1
10434,2023-12-31 17:15:00+05:30,42520.0,2023-12-31 18:00:00+05:30,42639.89,119.88999999999942,2
10435,2023-12-31 18:20:00+05:30,42414.01,2023-12-31 18:50:00+05:30,42538.87,124.86000000000058,2
10436,2024-01-01 01:35:00+05:30,42585.99,2024-01-01 02:45:00+05:30,42641.05,55.06000000000495,2
10437,2024-01-01 03:25:00+05:30,42520.72,2024-01-01 03:55:00+05:30,42573.5,52.779999999998836,2
10438,2024-01-01 04:15:00+05:30,42429.22,2024-01-01 05:30:00+05:30,42397.23,-31.989999999997963,1
10439,2024-01-01 08:50:00+05:30,42439.87,2024-01-01 10:20:00+05:30,42366.79,-73.08000000000175,1
10440,2024-01-01 11:15:00+05:30,42237.98,2024-01-01 11:45:00+05:30,42342.01,104.02999999999884,2
10441,2024-01-01 17:10:00+05:30,42607.81,2024-01-01 17:25:00+05:30,42690.2,82.38999999999942,2
10442,2024-01-01 19:30:00+05:30,42637.46,2024-01-01 20:50:00+05:30,42717.84,80.37999999999738,2
10443,2024-01-02 03:05:00+05:30,43536.03,2024-01-02 04:30:00+05:30,43681.55,145.52000000000407,2
10444,2024-01-02 10:30:00+05:30,45123.87,2024-01-02 10:40:00+05:30,45314.0,190.12999999999738,2
10445,2024-01-02 16:15:00+05:30,45501.99,2024-01-02 18:00:00+05:30,45573.98,71.99000000000524,2
10446,2024-01-02 20:05:00+05:30,45360.36,2024-01-02 21:20:00+05:30,45298.31,-62.05000000000291,1
10447,2024-01-03 00:55:00+05:30,44873.99,2024-01-03 01:35:00+05:30,45113.81,239.8199999999997,2
10448,2024-01-03 02:35:00+05:30,44682.95,2024-01-03 03:00:00+05:30,44939.73,256.7800000000061,2
10449,2024-01-03 10:00:00+05:30,45143.52,2024-01-03 10:40:00+05:30,45229.99,86.47000000000116,2
10450,2024-01-03 13:10:00+05:30,45150.27,2024-01-03 14:25:00+05:30,45200.0,49.7300000000032,2
10451,2024-01-03 16:05:00+05:30,45121.99,2024-01-03 17:20:00+05:30,44076.0,-1045.989999999998,0
10452,2024-01-03 17:25:00+05:30,43702.88,2024-01-03 17:35:00+05:30,40887.99,-2814.8899999999994,0
10453,2024-01-03 17:40:00+05:30,41872.16,2024-01-03 19:05:00+05:30,42615.99,743.8299999999945,2
10454,2024-01-03 19:50:00+05:30,42150.19,2024-01-03 20:30:00+05:30,42352.01,201.8199999999997,2
10455,2024-01-04 00:25:00+05:30,42255.72,2024-01-04 00:55:00+05:30,42673.55,417.83000000000175,2
10456,2024-01-04 06:45:00+05:30,42728.58,2024-01-04 07:40:00+05:30,42894.33,165.75,2
10457,2024-01-04 12:45:00+05:30,42974.9,2024-01-04 14:30:00+05:30,42896.01,-78.88999999999942,1
10458,2024-01-04 15:50:00+05:30,42776.01,2024-01-04 16:05:00+05:30,42974.01,198.0,2
10459,2024-01-05 06:05:00+05:30,44059.53,2024-01-05 06:25:00+05:30,44211.1,151.5699999999997,2
10460,2024-01-05 06:45:00+05:30,43977.68,2024-01-05 08:30:00+05:30,43677.08,-300.59999999999854,1
10461,2024-01-05 09:45:00+05:30,43322.01,2024-01-05 10:10:00+05:30,43541.12,219.11000000000058,2
10462,2024-01-05 16:25:00+05:30,43628.18,2024-01-05 17:50:00+05:30,43954.01,325.83000000000175,2
10463,2024-01-05 19:50:00+05:30,43738.94,2024-01-05 20:40:00+05:30,43781.21,42.2699999999968,2
10464,2024-01-05 21:20:00+05:30,43437.39,2024-01-05 22:55:00+05:30,43413.98,-23.409999999996217,1
10465,2024-01-06 07:25:00+05:30,43970.64,2024-01-06 08:50:00+05:30,43932.0,-38.63999999999942,1
10466,2024-01-06 10:45:00+05:30,43782.46,2024-01-06 12:50:00+05:30,43577.99,-204.47000000000116,1
10467,2024-01-06 18:20:00+05:30,43588.86,2024-01-06 18:45:00+05:30,43661.11,72.25,2
10468,2024-01-07 00:45:00+05:30,43860.03,2024-01-07 01:30:00+05:30,43957.4,97.37000000000262,2
10469,2024-01-07 02:30:00+05:30,43773.68,2024-01-07 02:45:00+05:30,43855.62,81.94000000000233,2
10470,2024-01-07 04:35:00+05:30,43752.91,2024-01-07 05:00:00+05:30,43878.62,125.70999999999913,2
10471,2024-01-07 08:05:00+05:30,43848.2,2024-01-07 08:45:00+05:30,44031.21,183.01000000000204,2
10472,2024-01-07 11:25:00+05:30,43885.47,2024-01-07 11:40:00+05:30,44017.71,132.23999999999796,2
10473,2024-01-07 14:40:00+05:30,43988.01,2024-01-07 16:05:00+05:30,43971.7,-16.310000000004948,1
10474,2024-01-07 20:50:00+05:30,44283.98,2024-01-07 23:15:00+05:30,44036.0,-247.9800000000032,1
10475,2024-01-08 03:45:00+05:30,43956.86,2024-01-08 05:25:00+05:30,43929.02,-27.840000000003783,1
10476,2024-01-08 08:05:00+05:30,43506.38,2024-01-08 09:10:00+05:30,43488.23,-18.14999999999418,1
10477,2024-01-08 15:20:00+05:30,43703.82,2024-01-08 15:45:00+05:30,43887.98,184.1600000000035,2
10478,2024-01-08 20:25:00+05:30,44783.91,2024-01-08 21:00:00+05:30,44935.83,151.91999999999825,2
10479,2024-01-09 06:00:00+05:30,46812.59,2024-01-09 07:45:00+05:30,46678.02,-134.5699999999997,1
10480,2024-01-09 09:45:00+05:30,46681.1,2024-01-09 11:20:00+05:30,46735.09,53.98999999999796,2
10481,2024-01-09 14:10:00+05:30,46678.0,2024-01-09 15:45:00+05:30,46633.98,-44.0199999999968,1
10482,2024-01-09 16:15:00+05:30,46454.0,2024-01-09 16:45:00+05:30,46558.1,104.09999999999854,2
10483,2024-01-09 18:25:00+05:30,46166.35,2024-01-09 18:45:00+05:30,46750.01,583.6600000000035,2
10484,2024-01-09 20:30:00+05:30,46500.0,2024-01-09 20:45:00+05:30,46735.99,235.98999999999796,2
10485,2024-01-09 23:00:00+05:30,46667.94,2024-01-09 23:15:00+05:30,46818.75,150.80999999999767,2
10486,2024-01-09 23:35:00+05:30,46570.57,2024-01-10 00:30:00+05:30,46707.58,137.01000000000204,2
10487,2024-01-10 02:20:00+05:30,46635.45,2024-01-10 02:40:00+05:30,47918.36,1282.9100000000035,2
10488,2024-01-10 02:50:00+05:30,46112.0,2024-01-10 04:10:00+05:30,46015.43,-96.56999999999971,1
10489,2024-01-10 06:00:00+05:30,45918.82,2024-01-10 07:20:00+05:30,45908.01,-10.809999999997672,1
10490,2024-01-10 10:25:00+05:30,45960.98,2024-01-10 11:45:00+05:30,45976.04,15.059999999997672,2
10491,2024-01-10 12:40:00+05:30,45887.49,2024-01-10 15:00:00+05:30,45650.01,-237.47999999999593,1
10492,2024-01-10 16:25:00+05:30,45532.0,2024-01-10 16:40:00+05:30,45659.41,127.41000000000349,2
10493,2024-01-10 16:50:00+05:30,45520.0,2024-01-10 17:30:00+05:30,45596.6,76.59999999999854,2
10494,2024-01-10 17:50:00+05:30,45338.0,2024-01-10 18:55:00+05:30,45272.0,-66.0,1
10495,2024-01-11 01:40:00+05:30,45548.56,2024-01-11 02:25:00+05:30,46127.0,578.4400000000023,2
10496,2024-01-11 03:05:00+05:30,45280.01,2024-01-11 03:25:00+05:30,45946.0,665.989999999998,2
10497,2024-01-11 08:40:00+05:30,46424.31,2024-01-11 09:00:00+05:30,46532.45,108.13999999999942,2
10498,2024-01-11 10:30:00+05:30,46332.5,2024-01-11 12:30:00+05:30,45970.0,-362.5,1
10499,2024-01-11 21:15:00+05:30,46752.6,2024-01-11 23:10:00+05:30,46183.3,-569.2999999999956,1
10500,2024-01-12 05:50:00+05:30,46162.13,2024-01-12 06:05:00+05:30,46395.98,233.85000000000582,2
10501,2024-01-12 06:50:00+05:30,45941.22,2024-01-12 07:15:00+05:30,46219.5,278.27999999999884,2
10502,2024-01-12 08:45:00+05:30,46010.45,2024-01-12 09:15:00+05:30,46166.73,156.2800000000061,2
10503,2024-01-12 10:20:00+05:30,45886.58,2024-01-12 10:35:00+05:30,46028.76,142.1800000000003,2
10504,2024-01-12 12:30:00+05:30,45971.3,2024-01-12 15:05:00+05:30,45866.65,-104.65000000000146,1
10505,2024-01-12 18:10:00+05:30,45852.72,2024-01-12 19:40:00+05:30,45837.0,-15.720000000001164,1
10506,2024-01-12 20:00:00+05:30,45604.0,2024-01-12 21:05:00+05:30,44512.26,-1091.739999999998,0
10507,2024-01-12 22:05:00+05:30,43550.96,2024-01-12 23:25:00+05:30,43803.99,253.02999999999884,2
10508,2024-01-13 00:05:00+05:30,43360.94,2024-01-13 00:50:00+05:30,43591.1,230.15999999999622,2
10509,2024-01-13 03:10:00+05:30,43271.0,2024-01-13 03:50:00+05:30,41982.99,-1288.010000000002,0
10510,2024-01-13 03:55:00+05:30,41904.01,2024-01-13 04:35:00+05:30,42836.0,931.989999999998,2
10511,2024-01-13 06:40:00+05:30,42665.52,2024-01-13 07:10:00+05:30,42823.35,157.83000000000175,2
10512,2024-01-13 14:40:00+05:30,43038.17,2024-01-13 17:35:00+05:30,42726.01,-312.1599999999962,1
10513,2024-01-13 22:05:00+05:30,42879.42,2024-01-14 00:30:00+05:30,42892.42,13.0,2
10514,2024-01-14 01:30:00+05:30,42728.43,2024-01-14 02:10:00+05:30,42913.48,185.0500000000029,2
10515,2024-01-14 04:55:00+05:30,42862.01,2024-01-14 06:50:00+05:30,42796.21,-65.80000000000291,1
10516,2024-01-14 09:45:00+05:30,42590.14,2024-01-14 10:35:00+05:30,42674.0,83.86000000000058,2
10517,2024-01-14 16:30:00+05:30,42808.7,2024-01-14 16:55:00+05:30,42930.12,121.42000000000553,2
10518,2024-01-15 00:00:00+05:30,42867.99,2024-01-15 02:15:00+05:30,42691.93,-176.05999999999767,1
10519,2024-01-15 02:45:00+05:30,42369.51,2024-01-15 03:20:00+05:30,42508.0,138.48999999999796,2
10520,2024-01-15 04:50:00+05:30,41881.23,2024-01-15 05:40:00+05:30,42045.3,164.0699999999997,2
10521,2024-01-15 12:55:00+05:30,42599.99,2024-01-15 13:20:00+05:30,42749.57,149.58000000000175,2
10522,2024-01-15 16:25:00+05:30,42565.26,2024-01-15 17:15:00+05:30,42662.93,97.66999999999825,2
10523,2024-01-15 19:55:00+05:30,42440.67,2024-01-15 21:40:00+05:30,42340.3,-100.36999999999534,1
10524,2024-01-16 03:35:00+05:30,42642.17,2024-01-16 04:10:00+05:30,42773.17,131.0,2
10525,2024-01-16 11:30:00+05:30,42736.35,2024-01-16 13:00:00+05:30,42730.01,-6.3399999999965075,1
10526,2024-01-16 17:05:00+05:30,42775.29,2024-01-16 17:20:00+05:30,42878.88,103.58999999999651,2
10527,2024-01-16 19:20:00+05:30,42800.56,2024-01-16 20:45:00+05:30,42995.02,194.45999999999913,2
10528,2024-01-16 23:55:00+05:30,42965.66,2024-01-17 00:35:00+05:30,43097.74,132.07999999999447,2
10529,2024-01-17 07:20:00+05:30,42974.01,2024-01-17 10:45:00+05:30,42868.44,-105.56999999999971,1
10530,2024-01-17 11:15:00+05:30,42809.06,2024-01-17 12:10:00+05:30,42851.1,42.04000000000087,2
10531,2024-01-17 12:30:00+05:30,42759.67,2024-01-17 12:40:00+05:30,42825.92,66.25,2
10532,2024-01-17 13:10:00+05:30,42756.0,2024-01-17 14:10:00+05:30,42728.61,-27.389999999999418,1
10533,2024-01-17 15:35:00+05:30,42622.46,2024-01-17 16:05:00+05:30,42760.0,137.54000000000087,2
10534,2024-01-17 17:35:00+05:30,42637.33,2024-01-17 18:15:00+05:30,42745.32,107.98999999999796,2
10535,2024-01-17 19:30:00+05:30,42528.18,2024-01-17 20:10:00+05:30,42733.69,205.51000000000204,2
10536,2024-01-17 22:10:00+05:30,42296.31,2024-01-17 22:55:00+05:30,42426.01,129.70000000000437,2
10537,2024-01-18 03:50:00+05:30,42504.16,2024-01-18 04:20:00+05:30,42674.0,169.8399999999965,2
10538,2024-01-18 06:40:00+05:30,42600.0,2024-01-18 07:35:00+05:30,42626.39,26.389999999999418,2
10539,2024-01-18 14:00:00+05:30,42821.1,2024-01-18 15:00:00+05:30,42832.49,11.389999999999418,2
10540,2024-01-18 16:00:00+05:30,42660.83,2024-01-18 17:25:00+05:30,42544.59,-116.24000000000524,1
10541,2024-01-18 17:50:00+05:30,42390.02,2024-01-18 19:05:00+05:30,42476.64,86.62000000000262,2
10542,2024-01-18 21:40:00+05:30,42473.11,2024-01-18 23:35:00+05:30,41523.28,-949.8300000000017,0
10543,2024-01-19 01:20:00+05:30,41155.32,2024-01-19 02:55:00+05:30,41011.11,-144.20999999999913,1
10544,2024-01-19 05:50:00+05:30,41185.4,2024-01-19 06:05:00+05:30,41288.01,102.61000000000058,2
10545,2024-01-19 08:05:00+05:30,41126.54,2024-01-19 09:30:00+05:30,41087.72,-38.81999999999971,1
10546,2024-01-19 13:40:00+05:30,41181.38,2024-01-19 14:20:00+05:30,41355.0,173.62000000000262,2
10547,2024-01-19 17:55:00+05:30,41328.01,2024-01-19 18:50:00+05:30,41428.01,100.0,2
10548,2024-01-19 19:45:00+05:30,41169.37,2024-01-19 21:15:00+05:30,40994.84,-174.5300000000061,1
10549,2024-01-19 21:55:00+05:30,40610.24,2024-01-19 22:45:00+05:30,40694.08,83.84000000000378,2
10550,2024-01-20 02:25:00+05:30,41620.0,2024-01-20 04:05:00+05:30,41641.08,21.080000000001746,2
10551,2024-01-20 05:35:00+05:30,41582.19,2024-01-20 06:40:00+05:30,41584.51,2.319999999999709,2
10552,2024-01-20 13:55:00+05:30,41585.97,2024-01-20 15:45:00+05:30,41542.65,-43.31999999999971,1
10553,2024-01-20 19:50:00+05:30,41529.99,2024-01-20 20:50:00+05:30,41587.29,57.30000000000291,2
10554,2024-01-20 23:10:00+05:30,41543.61,2024-01-20 23:20:00+05:30,41590.0,46.38999999999942,2
10555,2024-01-20 23:35:00+05:30,41535.92,2024-01-20 23:50:00+05:30,41599.15,63.2300000000032,2
10556,2024-01-21 05:20:00+05:30,41668.99,2024-01-21 07:00:00+05:30,41672.02,3.029999999998836,2
10557,2024-01-21 11:00:00+05:30,41644.97,2024-01-21 12:50:00+05:30,41621.4,-23.56999999999971,1
10558,2024-01-21 17:15:00+05:30,41701.42,2024-01-21 17:40:00+05:30,41796.52,95.09999999999854,2
10559,2024-01-21 20:45:00+05:30,41743.82,2024-01-21 22:30:00+05:30,41644.0,-99.81999999999971,1
10560,2024-01-22 02:20:00+05:30,41623.66,2024-01-22 02:50:00+05:30,41714.33,90.66999999999825,2
10561,2024-01-22 04:20:00+05:30,41637.13,2024-01-22 05:35:00+05:30,41616.0,-21.12999999999738,1
10562,2024-01-22 06:05:00+05:30,41476.77,2024-01-22 06:15:00+05:30,41673.27,196.5,2
10563,2024-01-22 06:45:00+05:30,41348.02,2024-01-22 10:55:00+05:30,41011.11,-336.9099999999962,1
10564,2024-01-22 13:30:00+05:30,40967.06,2024-01-22 14:35:00+05:30,40999.11,32.05000000000291,2
10565,2024-01-22 15:25:00+05:30,40744.85,2024-01-22 16:35:00+05:30,40879.99,135.13999999999942,2
10566,2024-01-22 19:45:00+05:30,40621.96,2024-01-22 21:15:00+05:30,40719.42,97.45999999999913,2
10567,2024-01-22 23:55:00+05:30,40517.44,2024-01-23 01:10:00+05:30,39559.89,-957.5500000000029,0
10568,2024-01-23 04:50:00+05:30,39650.01,2024-01-23 05:40:00+05:30,39732.19,82.18000000000029,2
10569,2024-01-23 11:30:00+05:30,40021.11,2024-01-23 11:50:00+05:30,40096.17,75.05999999999767,2
10570,2024-01-23 12:15:00+05:30,39981.48,2024-01-23 14:40:00+05:30,39125.01,-856.4700000000012,0
10571,2024-01-23 14:55:00+05:30,38926.0,2024-01-23 17:30:00+05:30,39011.1,85.09999999999854,2
10572,2024-01-23 19:30:00+05:30,38745.36,2024-01-23 20:30:00+05:30,38983.13,237.7699999999968,2
10573,2024-01-24 00:25:00+05:30,39092.54,2024-01-24 01:35:00+05:30,39278.15,185.61000000000058,2
10574,2024-01-24 08:50:00+05:30,39643.99,2024-01-24 09:55:00+05:30,39666.0,22.010000000002037,2
10575,2024-01-24 18:20:00+05:30,40064.26,2024-01-24 20:00:00+05:30,40031.99,-32.270000000004075,1
10576,2024-01-24 23:40:00+05:30,39886.45,2024-01-25 01:25:00+05:30,39803.05,-83.39999999999418,1
10577,2024-01-25 02:15:00+05:30,39587.97,2024-01-25 03:10:00+05:30,39756.76,168.79000000000087,2
10578,2024-01-25 10:15:00+05:30,39912.25,2024-01-25 11:30:00+05:30,39896.01,-16.239999999997963,1
10579,2024-01-25 15:25:00+05:30,40031.54,2024-01-25 16:10:00+05:30,40072.53,40.98999999999796,2
10580,2024-01-25 17:55:00+05:30,39999.99,2024-01-25 19:00:00+05:30,39960.0,-39.98999999999796,1
10581,2024-01-25 21:10:00+05:30,39779.5,2024-01-25 22:10:00+05:30,39822.79,43.29000000000087,2
10582,2024-01-25 22:35:00+05:30,39611.09,2024-01-25 23:00:00+05:30,39754.24,143.15000000000146,2
10583,2024-01-26 02:10:00+05:30,39758.58,2024-01-26 02:55:00+05:30,39896.0,137.41999999999825,2
10584,2024-01-26 06:30:00+05:30,39876.48,2024-01-26 07:00:00+05:30,39921.39,44.90999999999622,2
10585,2024-01-26 12:15:00+05:30,40036.57,2024-01-26 13:35:00+05:30,40023.32,-13.25,1
10586,2024-01-27 02:20:00+05:30,41854.51,2024-01-27 02:55:00+05:30,42004.41,149.90000000000146,2
10587,2024-01-27 03:40:00+05:30,41838.93,2024-01-27 04:30:00+05:30,41955.12,116.19000000000233,2
10588,2024-01-27 05:25:00+05:30,41823.51,2024-01-27 06:35:00+05:30,41843.86,20.349999999998545,2
10589,2024-01-27 08:40:00+05:30,41780.05,2024-01-27 09:15:00+05:30,41844.85,64.79999999999563,2
10590,2024-01-27 12:05:00+05:30,41732.32,2024-01-27 13:25:00+05:30,41710.14,-22.18000000000029,1
10591,2024-01-27 13:45:00+05:30,41558.0,2024-01-27 14:15:00+05:30,41695.17,137.16999999999825,2
10592,2024-01-27 14:25:00+05:30,41470.01,2024-01-27 15:00:00+05:30,41623.28,153.2699999999968,2
10593,2024-01-27 23:25:00+05:30,41779.28,2024-01-27 23:55:00+05:30,41808.55,29.270000000004075,2
10594,2024-01-28 05:45:00+05:30,42031.92,2024-01-28 06:35:00+05:30,42080.01,48.09000000000378,2
10595,2024-01-28 16:50:00+05:30,42472.89,2024-01-28 18:25:00+05:30,42417.04,-55.849999999998545,1
10596,2024-01-28 21:10:00+05:30,42214.15,2024-01-28 22:10:00+05:30,42310.93,96.77999999999884,2
10597,2024-01-28 23:50:00+05:30,41958.0,2024-01-29 02:05:00+05:30,41915.52,-42.4800000000032,1
10598,2024-01-29 04:05:00+05:30,41695.85,2024-01-29 04:50:00+05:30,41896.31,200.45999999999913,2
10599,2024-01-29 13:05:00+05:30,42119.99,2024-01-29 14:15:00+05:30,42109.15,-10.839999999996508,1
10600,2024-01-29 18:05:00+05:30,42179.98,2024-01-29 19:35:00+05:30,42075.85,-104.13000000000466,1
10601,2024-01-29 20:00:00+05:30,41903.98,2024-01-29 20:40:00+05:30,42027.99,124.00999999999476,2
10602,2024-01-30 09:55:00+05:30,43453.13,2024-01-30 12:30:00+05:30,43365.29,-87.83999999999651,1
10603,2024-01-30 13:30:00+05:30,43261.09,2024-01-30 13:40:00+05:30,43358.0,96.91000000000349,2
10604,2024-01-30 15:20:00+05:30,43340.0,2024-01-30 15:55:00+05:30,43390.0,50.0,2
10605,2024-01-30 18:15:00+05:30,43262.88,2024-01-30 19:45:00+05:30,43363.62,100.74000000000524,2
10606,2024-01-30 21:30:00+05:30,43328.63,2024-01-30 22:20:00+05:30,43469.68,141.0500000000029,2
10607,2024-01-31 04:15:00+05:30,43410.23,2024-01-31 06:30:00+05:30,42999.99,-410.24000000000524,1
10608,2024-01-31 14:35:00+05:30,42901.09,2024-01-31 17:15:00+05:30,42597.11,-303.9799999999959,1
10609,2024-02-01 00:40:00+05:30,43388.9,2024-02-01 02:50:00+05:30,42427.94,-960.9599999999991,0
10610,2024-02-01 05:45:00+05:30,42564.42,2024-02-01 07:45:00+05:30,42168.59,-395.83000000000175,1
10611,2024-02-01 15:30:00+05:30,42120.01,2024-02-01 15:40:00+05:30,42216.28,96.2699999999968,2
10612,2024-02-01 17:15:00+05:30,42147.08,2024-02-01 17:55:00+05:30,42207.42,60.33999999999651,2
10613,2024-02-02 04:10:00+05:30,42900.0,2024-02-02 05:00:00+05:30,43054.81,154.80999999999767,2
10614,2024-02-02 07:55:00+05:30,43039.0,2024-02-02 11:10:00+05:30,43017.82,-21.18000000000029,1
10615,2024-02-02 13:25:00+05:30,43086.89,2024-02-02 14:55:00+05:30,43050.0,-36.88999999999942,1
10616,2024-02-02 18:45:00+05:30,43035.03,2024-02-02 20:15:00+05:30,42862.56,-172.47000000000116,1
10617,2024-02-02 23:10:00+05:30,43003.99,2024-02-03 00:30:00+05:30,42976.95,-27.040000000000873,1
10618,2024-02-03 02:20:00+05:30,42943.34,2024-02-03 02:45:00+05:30,43039.15,95.81000000000495,2
10619,2024-02-03 07:40:00+05:30,43164.56,2024-02-03 08:40:00+05:30,43209.75,45.19000000000233,2
10620,2024-02-03 10:35:00+05:30,43152.71,2024-02-03 11:25:00+05:30,43168.78,16.06999999999971,2
10621,2024-02-03 12:05:00+05:30,43090.72,2024-02-03 13:00:00+05:30,43122.99,32.2699999999968,2
10622,2024-02-03 13:15:00+05:30,43061.98,2024-02-03 14:45:00+05:30,43072.35,10.369999999995343,2
10623,2024-02-03 16:40:00+05:30,43032.12,2024-02-03 17:45:00+05:30,43070.01,37.88999999999942,2
10624,2024-02-03 20:15:00+05:30,43030.48,2024-02-03 20:55:00+05:30,43110.0,79.5199999999968,2
10625,2024-02-04 01:35:00+05:30,43010.01,2024-02-04 02:00:00+05:30,43082.66,72.65000000000146,2
10626,2024-02-04 04:50:00+05:30,43002.06,2024-02-04 06:05:00+05:30,42995.65,-6.4099999999962165,1
10627,2024-02-04 09:30:00+05:30,43007.42,2024-02-04 11:35:00+05:30,42932.73,-74.68999999999505,1
10628,2024-02-04 11:50:00+05:30,42880.0,2024-02-04 13:20:00+05:30,42862.18,-17.81999999999971,1
10629,2024-02-04 14:35:00+05:30,42761.02,2024-02-04 14:50:00+05:30,42869.12,108.10000000000582,2
10630,2024-02-04 18:25:00+05:30,42994.44,2024-02-04 19:40:00+05:30,43006.66,12.220000000001164,2
10631,2024-02-04 20:10:00+05:30,42952.01,2024-02-04 21:20:00+05:30,42949.28,-2.7300000000032014,1
10632,2024-02-04 23:50:00+05:30,42826.7,2024-02-05 02:05:00+05:30,42689.81,-136.88999999999942,1
10633,2024-02-05 03:55:00+05:30,42646.06,2024-02-05 05:20:00+05:30,42609.92,-36.13999999999942,1
10634,2024-02-05 05:45:00+05:30,42473.51,2024-02-05 05:50:00+05:30,42616.51,143.0,2
10635,2024-02-05 06:00:00+05:30,42510.47,2024-02-05 07:05:00+05:30,42462.81,-47.66000000000349,1
10636,2024-02-05 20:20:00+05:30,43224.4,2024-02-05 22:20:00+05:30,42729.58,-494.8199999999997,1
10637,2024-02-06 01:50:00+05:30,42368.37,2024-02-06 03:10:00+05:30,42501.11,132.73999999999796,2
10638,2024-02-06 10:15:00+05:30,42803.98,2024-02-06 12:20:00+05:30,42758.88,-45.10000000000582,1
10639,2024-02-06 16:10:00+05:30,42849.57,2024-02-06 17:30:00+05:30,42882.89,33.31999999999971,2
10640,2024-02-06 18:20:00+05:30,42672.01,2024-02-06 18:40:00+05:30,42824.64,152.62999999999738,2
10641,2024-02-07 00:00:00+05:30,43082.2,2024-02-07 00:25:00+05:30,43200.31,118.11000000000058,2
10642,2024-02-07 04:50:00+05:30,43063.83,2024-02-07 05:55:00+05:30,43175.25,111.41999999999825,2
10643,2024-02-07 08:40:00+05:30,42991.14,2024-02-07 10:05:00+05:30,42927.92,-63.220000000001164,1
10644,2024-02-07 13:35:00+05:30,42893.56,2024-02-07 13:50:00+05:30,42949.76,56.200000000004366,2
10645,2024-02-07 16:20:00+05:30,42884.23,2024-02-07 17:50:00+05:30,42950.19,65.95999999999913,2
10646,2024-02-07 20:35:00+05:30,42970.0,2024-02-07 20:50:00+05:30,43108.06,138.05999999999767,2
10647,2024-02-08 12:15:00+05:30,44465.95,2024-02-08 12:45:00+05:30,44520.41,54.4600000000064,2
10648,2024-02-08 17:25:00+05:30,44698.97,2024-02-08 17:40:00+05:30,44841.1,142.12999999999738,2
10649,2024-02-08 18:05:00+05:30,44660.2,2024-02-08 18:40:00+05:30,44799.45,139.25,2
10650,2024-02-08 22:20:00+05:30,45021.8,2024-02-08 23:05:00+05:30,45216.13,194.32999999999447,2
10651,2024-02-09 03:20:00+05:30,45316.86,2024-02-09 04:30:00+05:30,45356.02,39.15999999999622,2
10652,2024-02-09 09:45:00+05:30,45861.99,2024-02-09 10:45:00+05:30,45996.35,134.36000000000058,2
10653,2024-02-09 19:50:00+05:30,46830.14,2024-02-09 20:55:00+05:30,47192.0,361.8600000000006,2
10654,2024-02-10 02:35:00+05:30,47444.89,2024-02-10 03:20:00+05:30,47520.78,75.88999999999942,2
10655,2024-02-10 04:05:00+05:30,47275.3,2024-02-10 05:35:00+05:30,47212.8,-62.5,1
10656,2024-02-10 06:05:00+05:30,47048.87,2024-02-10 06:45:00+05:30,47154.49,105.61999999999534,2
10657,2024-02-10 11:20:00+05:30,47303.98,2024-02-10 12:25:00+05:30,47349.99,46.00999999999476,2
10658,2024-02-10 13:20:00+05:30,47197.28,2024-02-10 14:55:00+05:30,47201.16,3.8800000000046566,2
10659,2024-02-10 16:15:00+05:30,47000.0,2024-02-10 16:50:00+05:30,47076.01,76.01000000000204,2
10660,2024-02-10 18:55:00+05:30,47135.99,2024-02-10 19:05:00+05:30,47229.96,93.97000000000116,2
10661,2024-02-10 21:55:00+05:30,47254.05,2024-02-10 23:30:00+05:30,47228.59,-25.460000000006403,1
10662,2024-02-11 03:45:00+05:30,47727.17,2024-02-11 04:30:00+05:30,47890.26,163.09000000000378,2
10663,2024-02-11 06:55:00+05:30,47608.58,2024-02-11 07:05:00+05:30,47710.08,101.5,2
10664,2024-02-11 11:15:00+05:30,48149.99,2024-02-11 12:10:00+05:30,48257.22,107.2300000000032,2
10665,2024-02-11 13:10:00+05:30,48095.32,2024-02-11 13:35:00+05:30,48247.32,152.0,2
10666,2024-02-11 16:10:00+05:30,48086.4,2024-02-11 16:30:00+05:30,48206.85,120.44999999999709,2
10667,2024-02-11 18:50:00+05:30,48100.0,2024-02-11 20:10:00+05:30,48125.85,25.849999999998545,2
10668,2024-02-12 00:00:00+05:30,48036.01,2024-02-12 00:15:00+05:30,48294.56,258.54999999999563,2
10669,2024-02-12 02:05:00+05:30,48151.09,2024-02-12 03:25:00+05:30,48116.0,-35.08999999999651,1
10670,2024-02-12 08:05:00+05:30,48182.78,2024-02-12 09:10:00+05:30,48220.01,37.2300000000032,2
10671,2024-02-12 12:10:00+05:30,48068.29,2024-02-12 12:25:00+05:30,48149.43,81.13999999999942,2
10672,2024-02-12 14:50:00+05:30,48019.04,2024-02-12 15:55:00+05:30,48022.68,3.639999999999418,2
10673,2024-02-13 01:20:00+05:30,49561.84,2024-02-13 01:35:00+05:30,49802.92,241.08000000000175,2
10674,2024-02-13 08:10:00+05:30,49914.0,2024-02-13 09:50:00+05:30,49862.0,-52.0,1
10675,2024-02-13 13:10:00+05:30,49914.3,2024-02-13 13:40:00+05:30,50057.62,143.3199999999997,2
10676,2024-02-13 16:10:00+05:30,49945.46,2024-02-13 17:10:00+05:30,49979.36,33.900000000001455,2
10677,2024-02-13 18:55:00+05:30,49757.12,2024-02-13 19:50:00+05:30,48678.89,-1078.2300000000032,0
10678,2024-02-13 22:25:00+05:30,48477.07,2024-02-13 23:00:00+05:30,48706.58,229.51000000000204,2
10679,2024-02-14 09:55:00+05:30,49391.1,2024-02-14 10:40:00+05:30,49458.85,67.75,2
10680,2024-02-14 16:30:00+05:30,51148.15,2024-02-14 16:55:00+05:30,51396.02,247.86999999999534,2
10681,2024-02-14 20:40:00+05:30,51515.03,2024-02-14 20:50:00+05:30,51746.98,231.95000000000437,2
10682,2024-02-14 21:45:00+05:30,51371.1,2024-02-14 22:10:00+05:30,51672.54,301.4400000000023,2
10683,2024-02-14 23:40:00+05:30,51441.1,2024-02-15 01:10:00+05:30,51537.66,96.56000000000495,2
10684,2024-02-15 02:50:00+05:30,51488.94,2024-02-15 03:15:00+05:30,51671.34,182.39999999999418,2
10685,2024-02-15 10:25:00+05:30,52140.0,2024-02-15 12:10:00+05:30,52053.45,-86.55000000000291,1
10686,2024-02-15 13:10:00+05:30,51727.99,2024-02-15 13:55:00+05:30,51942.01,214.02000000000407,2
10687,2024-02-15 21:00:00+05:30,51900.06,2024-02-15 21:55:00+05:30,52271.01,370.95000000000437,2
10688,2024-02-15 23:25:00+05:30,51875.59,2024-02-16 01:10:00+05:30,51938.23,62.640000000006694,2
10689,2024-02-16 01:45:00+05:30,51687.12,2024-02-16 03:45:00+05:30,51630.94,-56.18000000000029,1
10690,2024-02-16 11:20:00+05:30,52045.99,2024-02-16 11:50:00+05:30,52130.03,84.04000000000087,2
10691,2024-02-16 12:10:00+05:30,52000.0,2024-02-16 14:05:00+05:30,51870.06,-129.94000000000233,1
10692,2024-02-16 14:35:00+05:30,51651.1,2024-02-16 15:00:00+05:30,51941.04,289.9400000000023,2
10693,2024-02-16 19:45:00+05:30,52036.0,2024-02-16 20:05:00+05:30,52316.46,280.4599999999991,2
10694,2024-02-16 20:15:00+05:30,52001.03,2024-02-16 21:30:00+05:30,51927.16,-73.86999999999534,1
10695,2024-02-16 23:05:00+05:30,51816.0,2024-02-16 23:25:00+05:30,52016.78,200.77999999999884,2
10696,2024-02-17 01:05:00+05:30,51829.99,2024-02-17 02:05:00+05:30,51881.1,51.11000000000058,2
10697,2024-02-17 06:25:00+05:30,52003.8,2024-02-17 07:40:00+05:30,52009.0,5.19999999999709,2
10698,2024-02-17 10:45:00+05:30,51905.22,2024-02-17 11:40:00+05:30,51947.49,42.2699999999968,2
10699,2024-02-17 13:30:00+05:30,51871.99,2024-02-17 15:00:00+05:30,51788.02,-83.97000000000116,1
10700,2024-02-17 15:40:00+05:30,51624.0,2024-02-17 16:05:00+05:30,51692.22,68.22000000000116,2
10701,2024-02-17 18:00:00+05:30,51586.88,2024-02-17 18:15:00+05:30,51726.95,140.0699999999997,2
10702,2024-02-17 18:50:00+05:30,51522.0,2024-02-17 20:55:00+05:30,50988.0,-534.0,1
10703,2024-02-18 06:05:00+05:30,51565.89,2024-02-18 06:25:00+05:30,51676.95,111.05999999999767,2
10704,2024-02-18 07:35:00+05:30,51418.54,2024-02-18 09:00:00+05:30,51413.14,-5.400000000001455,1
10705,2024-02-18 12:05:00+05:30,51508.01,2024-02-18 12:45:00+05:30,51628.0,119.98999999999796,2
10706,2024-02-18 18:00:00+05:30,51680.5,2024-02-18 19:20:00+05:30,51678.57,-1.930000000000291,1
10707,2024-02-18 21:50:00+05:30,51693.99,2024-02-18 22:10:00+05:30,51783.59,89.59999999999854,2
10708,2024-02-19 00:05:00+05:30,51674.01,2024-02-19 00:55:00+05:30,51821.09,147.07999999999447,2
10709,2024-02-19 01:50:00+05:30,51596.89,2024-02-19 02:15:00+05:30,51758.46,161.5699999999997,2
10710,2024-02-19 07:05:00+05:30,51961.96,2024-02-19 07:30:00+05:30,52128.01,166.0500000000029,2
10711,2024-02-19 09:00:00+05:30,52047.63,2024-02-19 09:50:00+05:30,52124.11,76.4800000000032,2
10712,2024-02-19 14:05:00+05:30,52222.44,2024-02-19 14:50:00+05:30,52268.0,45.55999999999767,2
10713,2024-02-19 19:05:00+05:30,52168.4,2024-02-19 20:35:00+05:30,52147.04,-21.360000000000582,1
10714,2024-02-19 22:20:00+05:30,51889.87,2024-02-19 22:55:00+05:30,52104.53,214.65999999999622,2
10715,2024-02-20 00:25:00+05:30,51926.61,2024-02-20 01:50:00+05:30,51854.27,-72.34000000000378,1
10716,2024-02-20 04:55:00+05:30,51822.13,2024-02-20 07:25:00+05:30,51631.15,-190.97999999999593,1
10717,2024-02-20 09:30:00+05:30,51538.01,2024-02-20 09:35:00+05:30,51646.8,108.79000000000087,2
10718,2024-02-20 13:05:00+05:30,51843.37,2024-02-20 15:20:00+05:30,51739.82,-103.55000000000291,1
10719,2024-02-20 18:05:00+05:30,52211.11,2024-02-20 18:40:00+05:30,52352.94,141.83000000000175,2
10720,2024-02-20 22:25:00+05:30,51396.33,2024-02-20 23:25:00+05:30,51324.99,-71.34000000000378,1
10721,2024-02-21 06:20:00+05:30,52145.39,2024-02-21 06:35:00+05:30,52269.99,124.59999999999854,2
10722,2024-02-21 08:40:00+05:30,52024.96,2024-02-21 10:30:00+05:30,52038.61,13.650000000001455,2
10723,2024-02-21 12:30:00+05:30,51635.0,2024-02-21 12:50:00+05:30,51780.0,145.0,2
10724,2024-02-21 14:35:00+05:30,51515.01,2024-02-21 16:15:00+05:30,51366.91,-148.09999999999854,1
10725,2024-02-21 23:05:00+05:30,51018.17,2024-02-22 00:45:00+05:30,50954.94,-63.229999999995925,1
10726,2024-02-22 07:00:00+05:30,51382.22,2024-02-22 07:45:00+05:30,51444.41,62.19000000000233,2
10727,2024-02-22 10:20:00+05:30,51400.06,2024-02-22 10:45:00+05:30,51564.42,164.36000000000058,2
10728,2024-02-22 18:05:00+05:30,51499.99,2024-02-22 20:10:00+05:30,51290.6,-209.38999999999942,1
10729,2024-02-23 01:05:00+05:30,51505.85,2024-02-23 01:40:00+05:30,51622.48,116.63000000000466,2
10730,2024-02-23 03:55:00+05:30,51208.99,2024-02-23 05:50:00+05:30,51366.92,157.9300000000003,2
10731,2024-02-23 07:25:00+05:30,51311.11,2024-02-23 08:10:00+05:30,51412.21,101.09999999999854,2
10732,2024-02-23 08:20:00+05:30,51174.12,2024-02-23 09:45:00+05:30,51180.06,5.939999999995052,2
10733,2024-02-23 12:55:00+05:30,51138.0,2024-02-23 13:40:00+05:30,51168.23,30.2300000000032,2
10734,2024-02-23 17:40:00+05:30,51089.07,2024-02-23 19:10:00+05:30,51052.01,-37.05999999999767,1
10735,2024-02-23 19:35:00+05:30,50942.61,2024-02-23 19:45:00+05:30,51136.42,193.80999999999767,2
10736,2024-02-23 21:40:00+05:30,50695.15,2024-02-23 22:05:00+05:30,50922.29,227.13999999999942,2
10737,2024-02-24 01:50:00+05:30,51000.0,2024-02-24 03:10:00+05:30,51057.13,57.12999999999738,2
10738,2024-02-24 03:45:00+05:30,50941.11,2024-02-24 05:10:00+05:30,50861.1,-80.01000000000204,1
10739,2024-02-24 07:25:00+05:30,50590.01,2024-02-24 07:55:00+05:30,50758.93,168.91999999999825,2
10740,2024-02-24 12:30:00+05:30,50938.93,2024-02-24 12:55:00+05:30,51006.99,68.05999999999767,2
10741,2024-02-25 05:45:00+05:30,51491.05,2024-02-25 06:30:00+05:30,51542.52,51.46999999999389,2
10742,2024-02-25 14:10:00+05:30,51666.67,2024-02-25 15:20:00+05:30,51639.99,-26.68000000000029,1
10743,2024-02-25 21:10:00+05:30,51555.11,2024-02-25 22:45:00+05:30,51472.14,-82.97000000000116,1
10744,2024-02-26 06:40:00+05:30,51546.6,2024-02-26 08:45:00+05:30,51512.78,-33.81999999999971,1
10745,2024-02-26 10:55:00+05:30,51445.36,2024-02-26 11:00:00+05:30,51521.03,75.66999999999825,2
10746,2024-02-26 12:35:00+05:30,51451.16,2024-02-26 15:40:00+05:30,51134.0,-317.1600000000035,1
10747,2024-02-27 09:20:00+05:30,55938.54,2024-02-27 11:05:00+05:30,55948.01,9.470000000001164,2
10748,2024-02-27 12:55:00+05:30,56009.43,2024-02-27 13:30:00+05:30,56188.85,179.41999999999825,2
10749,2024-02-27 21:35:00+05:30,56314.64,2024-02-27 22:00:00+05:30,56970.0,655.3600000000006,2
10750,2024-02-28 06:40:00+05:30,56896.63,2024-02-28 07:55:00+05:30,56918.49,21.860000000000582,2
10751,2024-02-28 17:20:00+05:30,58943.82,2024-02-28 17:50:00+05:30,59234.72,290.90000000000146,2
10752,2024-02-29 01:50:00+05:30,60051.1,2024-02-29 02:55:00+05:30,60485.62,434.5200000000041,2
10753,2024-02-29 06:15:00+05:30,61300.43,2024-02-29 07:30:00+05:30,61472.7,172.2699999999968,2
10754,2024-02-29 15:45:00+05:30,62290.57,2024-02-29 16:15:00+05:30,62593.61,303.0400000000009,2
10755,2024-02-29 18:55:00+05:30,62233.21,2024-02-29 19:05:00+05:30,62786.09,552.8799999999974,2
10756,2024-02-29 21:45:00+05:30,62405.01,2024-02-29 23:10:00+05:30,60960.32,-1444.6900000000023,0
10757,2024-02-29 23:15:00+05:30,60743.42,2024-03-01 00:45:00+05:30,61109.87,366.45000000000437,2
10758,2024-03-01 04:10:00+05:30,60688.34,2024-03-01 04:20:00+05:30,61191.12,502.7800000000061,2
10759,2024-03-01 07:20:00+05:30,61155.1,2024-03-01 09:10:00+05:30,61003.64,-151.45999999999913,1
10760,2024-03-01 16:15:00+05:30,61871.44,2024-03-01 16:35:00+05:30,62049.99,178.54999999999563,2
10761,2024-03-01 17:00:00+05:30,61853.97,2024-03-01 17:35:00+05:30,62051.46,197.48999999999796,2
10762,2024-03-01 20:00:00+05:30,61980.0,2024-03-01 22:20:00+05:30,61514.87,-465.1299999999974,1
10763,2024-03-02 06:40:00+05:30,62042.92,2024-03-02 08:00:00+05:30,62145.76,102.84000000000378,2
10764,2024-03-02 10:30:00+05:30,62006.01,2024-03-02 11:30:00+05:30,62031.11,25.099999999998545,2
10765,2024-03-02 15:00:00+05:30,61759.72,2024-03-02 15:30:00+05:30,61950.76,191.04000000000087,2
10766,2024-03-02 19:25:00+05:30,61803.69,2024-03-02 20:20:00+05:30,61900.01,96.31999999999971,2
10767,2024-03-03 01:40:00+05:30,61821.11,2024-03-03 02:45:00+05:30,61978.29,157.1800000000003,2
10768,2024-03-03 04:25:00+05:30,61685.02,2024-03-03 04:35:00+05:30,61890.04,205.02000000000407,2
10769,2024-03-03 07:50:00+05:30,61694.23,2024-03-03 08:05:00+05:30,61786.65,92.41999999999825,2
10770,2024-03-03 11:30:00+05:30,61838.89,2024-03-03 11:50:00+05:30,62003.72,164.83000000000175,2
10771,2024-03-03 12:55:00+05:30,61592.01,2024-03-03 14:00:00+05:30,61662.56,70.54999999999563,2
10772,2024-03-04 01:40:00+05:30,62615.14,2024-03-04 01:55:00+05:30,62799.99,184.84999999999854,2
10773,2024-03-04 11:05:00+05:30,63277.16,2024-03-04 11:40:00+05:30,63500.0,222.8399999999965,2
10774,2024-03-04 19:30:00+05:30,64844.23,2024-03-04 19:40:00+05:30,65224.9,380.66999999999825,2
10775,2024-03-05 02:45:00+05:30,66951.11,2024-03-05 03:20:00+05:30,67267.79,316.679999999993,2
10776,2024-03-05 08:05:00+05:30,67879.27,2024-03-05 09:10:00+05:30,68179.26,299.9899999999907,2
10777,2024-03-05 10:15:00+05:30,67429.02,2024-03-05 11:40:00+05:30,66953.99,-475.02999999999884,1
10778,2024-03-05 13:05:00+05:30,66572.6,2024-03-05 14:05:00+05:30,66698.93,126.3299999999872,2
10779,2024-03-05 15:15:00+05:30,66167.16,2024-03-05 15:35:00+05:30,66666.96,499.8000000000029,2
10780,2024-03-05 21:35:00+05:30,65852.83,2024-03-05 22:35:00+05:30,63920.13,-1932.7000000000044,0
10781,2024-03-06 00:20:00+05:30,63720.31,2024-03-06 01:05:00+05:30,61750.18,-1970.1299999999974,0
10782,2024-03-06 01:20:00+05:30,61344.66,2024-03-06 02:35:00+05:30,62785.52,1440.8599999999933,2
10783,2024-03-06 08:20:00+05:30,62942.01,2024-03-06 08:55:00+05:30,63246.0,303.98999999999796,2
10784,2024-03-06 15:20:00+05:30,66361.67,2024-03-06 16:25:00+05:30,66660.36,298.6900000000023,2
10785,2024-03-06 18:10:00+05:30,65980.0,2024-03-06 19:20:00+05:30,66616.79,636.7899999999936,2
10786,2024-03-07 02:45:00+05:30,66527.25,2024-03-07 05:20:00+05:30,66137.02,-390.2299999999959,1
10787,2024-03-07 05:55:00+05:30,65819.99,2024-03-07 06:05:00+05:30,66099.46,279.47000000000116,2
10788,2024-03-07 06:35:00+05:30,65633.41,2024-03-07 06:50:00+05:30,66113.66,480.25,2
10789,2024-03-07 09:10:00+05:30,65876.0,2024-03-07 09:55:00+05:30,66138.37,262.36999999999534,2
10790,2024-03-07 11:10:00+05:30,65737.99,2024-03-07 11:45:00+05:30,65967.99,230.0,2
10791,2024-03-08 00:50:00+05:30,67320.56,2024-03-08 01:20:00+05:30,67566.84,246.27999999999884,2
10792,2024-03-08 02:35:00+05:30,67273.4,2024-03-08 03:35:00+05:30,67419.99,146.59000000001106,2
10793,2024-03-08 04:10:00+05:30,67056.49,2024-03-08 06:20:00+05:30,67090.99,34.5,2
10794,2024-03-08 10:35:00+05:30,66935.08,2024-03-08 11:50:00+05:30,66940.6,5.5200000000040745,2
10795,2024-03-08 13:45:00+05:30,67101.11,2024-03-08 14:10:00+05:30,67289.04,187.92999999999302,2
10796,2024-03-08 21:30:00+05:30,66680.85,2024-03-08 22:15:00+05:30,67876.98,1196.12999999999,2
10797,2024-03-09 02:50:00+05:30,68621.43,2024-03-09 04:45:00+05:30,68353.07,-268.35999999998603,1
10798,2024-03-09 05:05:00+05:30,68078.15,2024-03-09 05:40:00+05:30,68227.52,149.3700000000099,2
10799,2024-03-09 06:40:00+05:30,67921.1,2024-03-09 06:55:00+05:30,68100.0,178.89999999999418,2
10800,2024-03-09 15:15:00+05:30,68209.96,2024-03-09 16:30:00+05:30,68273.97,64.00999999999476,2
10801,2024-03-09 20:10:00+05:30,68227.99,2024-03-09 20:55:00+05:30,68272.72,44.729999999995925,2
10802,2024-03-10 04:55:00+05:30,68315.94,2024-03-10 05:20:00+05:30,68367.7,51.75999999999476,2
10803,2024-03-10 05:40:00+05:30,68272.97,2024-03-10 06:05:00+05:30,68420.0,147.02999999999884,2
10804,2024-03-10 06:10:00+05:30,68231.18,2024-03-10 06:20:00+05:30,68343.15,111.97000000000116,2
10805,2024-03-10 11:15:00+05:30,69212.0,2024-03-10 12:20:00+05:30,69346.17,134.16999999999825,2
10806,2024-03-10 15:00:00+05:30,69258.47,2024-03-10 15:10:00+05:30,69735.33,476.8600000000006,2
10807,2024-03-10 17:00:00+05:30,69435.06,2024-03-10 17:35:00+05:30,69680.08,245.02000000000407,2
10808,2024-03-10 19:15:00+05:30,69501.06,2024-03-10 20:30:00+05:30,69378.78,-122.27999999999884,1
10809,2024-03-11 00:05:00+05:30,69305.09,2024-03-11 01:10:00+05:30,69332.0,26.910000000003492,2
10810,2024-03-11 02:50:00+05:30,69198.11,2024-03-11 04:55:00+05:30,68766.33,-431.77999999999884,1
10811,2024-03-11 06:05:00+05:30,68421.1,2024-03-11 07:20:00+05:30,68239.21,-181.88999999999942,1
10812,2024-03-11 19:20:00+05:30,71453.27,2024-03-11 19:40:00+05:30,72251.09,797.8199999999924,2
10813,2024-03-11 23:40:00+05:30,72217.26,2024-03-11 23:50:00+05:30,72549.88,332.6200000000099,2
10814,2024-03-12 01:05:00+05:30,72069.21,2024-03-12 02:45:00+05:30,72127.15,57.939999999987776,2
10815,2024-03-12 04:45:00+05:30,72230.11,2024-03-12 06:00:00+05:30,72265.66,35.55000000000291,2
10816,2024-03-12 06:25:00+05:30,71988.27,2024-03-12 06:35:00+05:30,72199.53,211.25999999999476,2
10817,2024-03-12 08:35:00+05:30,72050.59,2024-03-12 09:45:00+05:30,71958.36,-92.22999999999593,1
10818,2024-03-12 11:50:00+05:30,71595.17,2024-03-12 12:15:00+05:30,71901.09,305.91999999999825,2
10819,2024-03-12 13:40:00+05:30,71629.99,2024-03-12 14:40:00+05:30,71886.73,256.7399999999907,2
10820,2024-03-12 17:50:00+05:30,71671.95,2024-03-12 18:10:00+05:30,72069.99,398.04000000000815,2
10821,2024-03-12 21:40:00+05:30,71456.51,2024-03-12 22:35:00+05:30,69764.14,-1692.3699999999953,0
10822,2024-03-13 01:55:00+05:30,70918.3,2024-03-13 03:10:00+05:30,71061.1,142.8000000000029,2
10823,2024-03-13 17:20:00+05:30,73068.14,2024-03-13 19:40:00+05:30,72673.6,-394.5399999999936,1
10824,2024-03-14 04:00:00+05:30,72910.0,2024-03-14 04:35:00+05:30,73081.07,171.07000000000698,2
10825,2024-03-14 06:15:00+05:30,72841.11,2024-03-14 07:20:00+05:30,72870.0,28.889999999999418,2
10826,2024-03-14 10:10:00+05:30,72935.84,2024-03-14 11:15:00+05:30,73113.36,177.52000000000407,2
10827,2024-03-14 15:05:00+05:30,73265.48,2024-03-14 17:30:00+05:30,72986.01,-279.47000000000116,1
10828,2024-03-14 17:50:00+05:30,72596.16,2024-03-14 18:25:00+05:30,72829.93,233.76999999998952,2
10829,2024-03-14 18:50:00+05:30,72403.99,2024-03-14 20:40:00+05:30,71928.23,-475.7600000000093,1
10830,2024-03-14 20:55:00+05:30,70843.78,2024-03-14 22:15:00+05:30,71292.0,448.22000000000116,2
10831,2024-03-14 23:45:00+05:30,70321.11,2024-03-15 01:05:00+05:30,68888.0,-1433.1100000000006,0
10832,2024-03-15 07:40:00+05:30,71500.01,2024-03-15 08:05:00+05:30,69753.44,-1746.5699999999924,0
10833,2024-03-15 08:10:00+05:30,69680.0,2024-03-15 08:50:00+05:30,67964.4,-1715.6000000000058,0
10834,2024-03-15 10:10:00+05:30,66995.92,2024-03-15 10:30:00+05:30,67984.39,988.4700000000012,2
10835,2024-03-15 13:50:00+05:30,67898.85,2024-03-15 14:35:00+05:30,66168.0,-1730.8500000000058,0
10836,2024-03-15 14:40:00+05:30,66147.96,2024-03-15 15:05:00+05:30,67708.0,1560.0399999999936,2
10837,2024-03-15 16:35:00+05:30,66887.27,2024-03-15 17:05:00+05:30,67537.79,650.5199999999895,2
10838,2024-03-15 21:35:00+05:30,67579.99,2024-03-15 22:05:00+05:30,68144.09,564.0999999999913,2
10839,2024-03-16 01:35:00+05:30,67767.63,2024-03-16 02:50:00+05:30,68257.64,490.00999999999476,2
10840,2024-03-16 06:55:00+05:30,69365.36,2024-03-16 08:40:00+05:30,69312.97,-52.38999999999942,1
10841,2024-03-16 10:00:00+05:30,68941.28,2024-03-16 11:00:00+05:30,69027.58,86.30000000000291,2
10842,2024-03-16 14:20:00+05:30,69069.36,2024-03-16 17:45:00+05:30,68306.72,-762.6399999999994,1
10843,2024-03-16 19:25:00+05:30,67704.31,2024-03-16 19:40:00+05:30,67958.22,253.9100000000035,2
10844,2024-03-16 22:50:00+05:30,68040.01,2024-03-17 00:30:00+05:30,67356.84,-683.1699999999983,1
10845,2024-03-17 02:45:00+05:30,66588.0,2024-03-17 03:55:00+05:30,66504.16,-83.83999999999651,1
10846,2024-03-17 04:40:00+05:30,65340.01,2024-03-17 05:30:00+05:30,66010.0,669.989999999998,2
10847,2024-03-17 11:05:00+05:30,66095.13,2024-03-17 11:30:00+05:30,66328.29,233.15999999998894,2
10848,2024-03-17 11:40:00+05:30,65912.01,2024-03-17 13:15:00+05:30,65637.89,-274.11999999999534,1
10849,2024-03-17 18:15:00+05:30,66673.73,2024-03-17 18:30:00+05:30,66984.01,310.27999999999884,2
10850,2024-03-18 03:20:00+05:30,67996.71,2024-03-18 03:30:00+05:30,68311.58,314.86999999999534,2
10851,2024-03-18 05:40:00+05:30,67866.89,2024-03-18 07:15:00+05:30,67590.0,-276.8899999999994,1
10852,2024-03-18 12:45:00+05:30,68253.25,2024-03-18 14:25:00+05:30,68035.46,-217.7899999999936,1
10853,2024-03-18 18:50:00+05:30,67929.86,2024-03-18 19:00:00+05:30,68472.17,542.3099999999977,2
10854,2024-03-18 19:10:00+05:30,67633.09,2024-03-18 21:00:00+05:30,67227.54,-405.5500000000029,1
10855,2024-03-18 22:30:00+05:30,66835.98,2024-03-18 23:20:00+05:30,67377.41,541.4300000000076,2
10856,2024-03-19 06:05:00+05:30,67526.26,2024-03-19 07:00:00+05:30,66008.33,-1517.929999999993,0
10857,2024-03-19 09:00:00+05:30,65221.99,2024-03-19 09:20:00+05:30,65929.89,707.9000000000015,2
10858,2024-03-19 10:55:00+05:30,64774.04,2024-03-19 11:30:00+05:30,65235.04,461.0,2
10859,2024-03-19 12:30:00+05:30,64290.1,2024-03-19 13:20:00+05:30,64633.9,343.8000000000029,2
10860,2024-03-19 13:55:00+05:30,63707.66,2024-03-19 15:15:00+05:30,63730.53,22.869999999995343,2
10861,2024-03-19 19:35:00+05:30,62921.74,2024-03-19 20:50:00+05:30,62999.99,78.25,2
10862,2024-03-20 01:30:00+05:30,63960.38,2024-03-20 03:05:00+05:30,63861.1,-99.27999999999884,1
10863,2024-03-20 03:40:00+05:30,63500.01,2024-03-20 04:30:00+05:30,62208.74,-1291.270000000004,0
10864,2024-03-20 09:15:00+05:30,62390.01,2024-03-20 10:50:00+05:30,60965.69,-1424.3199999999997,0
10865,2024-03-20 21:10:00+05:30,63520.81,2024-03-20 22:40:00+05:30,63655.95,135.13999999999942,2
10866,2024-03-21 06:00:00+05:30,67506.49,2024-03-21 06:05:00+05:30,67819.99,313.5,2
10867,2024-03-21 08:25:00+05:30,67531.96,2024-03-21 11:00:00+05:30,66655.89,-876.070000000007,1
10868,2024-03-21 15:10:00+05:30,66750.0,2024-03-21 16:20:00+05:30,67007.48,257.4799999999959,2
10869,2024-03-21 19:15:00+05:30,66818.68,2024-03-21 19:50:00+05:30,67280.02,461.34000000001106,2
10870,2024-03-21 20:40:00+05:30,66316.0,2024-03-21 21:50:00+05:30,66599.68,283.679999999993,2
10871,2024-03-21 22:55:00+05:30,66204.56,2024-03-22 01:00:00+05:30,65464.9,-739.6599999999962,1
10872,2024-03-22 01:30:00+05:30,64689.99,2024-03-22 01:40:00+05:30,65481.1,791.1100000000006,2
10873,2024-03-22 07:25:00+05:30,65243.99,2024-03-22 08:25:00+05:30,65644.0,400.01000000000204,2
10874,2024-03-22 12:50:00+05:30,66163.59,2024-03-22 13:40:00+05:30,66287.92,124.33000000000175,2
10875,2024-03-22 14:05:00+05:30,66085.79,2024-03-22 16:20:00+05:30,64730.0,-1355.7899999999936,0
10876,2024-03-22 17:20:00+05:30,64206.36,2024-03-22 20:10:00+05:30,62917.62,-1288.739999999998,0
10877,2024-03-23 02:35:00+05:30,63137.15,2024-03-23 03:55:00+05:30,62967.62,-169.52999999999884,1
10878,2024-03-23 08:50:00+05:30,63429.02,2024-03-23 09:35:00+05:30,63922.61,493.5900000000038,2
10879,2024-03-23 14:40:00+05:30,64200.0,2024-03-23 15:10:00+05:30,64467.09,267.0899999999965,2
10880,2024-03-23 19:10:00+05:30,64347.04,2024-03-23 19:20:00+05:30,64658.05,311.01000000000204,2
10881,2024-03-24 00:55:00+05:30,65121.98,2024-03-24 02:20:00+05:30,64988.0,-133.9800000000032,1
10882,2024-03-24 04:25:00+05:30,64747.86,2024-03-24 06:00:00+05:30,64497.07,-250.79000000000087,1
10883,2024-03-24 07:45:00+05:30,64368.0,2024-03-24 10:20:00+05:30,64113.99,-254.01000000000204,1
10884,2024-03-24 12:15:00+05:30,64152.01,2024-03-24 13:10:00+05:30,64395.2,243.18999999999505,2
10885,2024-03-24 22:20:00+05:30,65307.44,2024-03-24 23:10:00+05:30,65404.64,97.19999999999709,2
10886,2024-03-25 12:05:00+05:30,66959.02,2024-03-25 13:35:00+05:30,67146.46,187.44000000000233,2
10887,2024-03-26 02:40:00+05:30,70385.99,2024-03-26 03:40:00+05:30,70381.1,-4.889999999999418,1
10888,2024-03-26 05:05:00+05:30,69841.81,2024-03-26 06:00:00+05:30,70172.18,330.36999999999534,2
10889,2024-03-26 10:55:00+05:30,70356.57,2024-03-26 12:00:00+05:30,70558.01,201.43999999998778,2
10890,2024-03-26 16:35:00+05:30,70753.26,2024-03-26 17:45:00+05:30,70840.01,86.75,2
10891,2024-03-26 19:05:00+05:30,70296.13,2024-03-26 20:20:00+05:30,70366.0,69.86999999999534,2
10892,2024-03-27 00:35:00+05:30,69779.99,2024-03-27 02:00:00+05:30,69846.05,66.05999999999767,2
10893,2024-03-27 10:20:00+05:30,70166.49,2024-03-27 10:40:00+05:30,70348.21,181.72000000000116,2
10894,2024-03-27 12:15:00+05:30,70185.53,2024-03-27 14:50:00+05:30,69818.58,-366.9499999999971,1
10895,2024-03-27 18:10:00+05:30,70030.0,2024-03-27 18:25:00+05:30,70186.18,156.17999999999302,2
10896,2024-03-27 19:30:00+05:30,69236.0,2024-03-27 22:05:00+05:30,69236.0,0.0,1
10897,2024-03-27 23:25:00+05:30,68680.01,2024-03-28 00:40:00+05:30,68930.02,250.0100000000093,2
10898,2024-03-28 08:00:00+05:30,69081.01,2024-03-28 09:00:00+05:30,69329.97,248.9600000000064,2
10899,2024-03-28 15:45:00+05:30,70490.0,2024-03-28 16:15:00+05:30,70604.28,114.27999999999884,2
10900,2024-03-28 21:35:00+05:30,70891.59,2024-03-28 23:15:00+05:30,70762.0,-129.5899999999965,1
10901,2024-03-29 00:15:00+05:30,70514.01,2024-03-29 00:45:00+05:30,70758.61,244.60000000000582,2
10902,2024-03-29 08:10:00+05:30,70637.31,2024-03-29 09:55:00+05:30,70498.0,-139.30999999999767,1
10903,2024-03-29 10:50:00+05:30,70222.01,2024-03-29 11:45:00+05:30,70341.86,119.85000000000582,2
10904,2024-03-29 13:00:00+05:30,70055.66,2024-03-29 14:15:00+05:30,70038.05,-17.610000000000582,1
10905,2024-03-29 15:00:00+05:30,69689.24,2024-03-29 15:40:00+05:30,69882.32,193.08000000000175,2
10906,2024-03-29 20:25:00+05:30,70061.83,2024-03-29 22:45:00+05:30,69420.01,-641.820000000007,1
10907,2024-03-30 02:45:00+05:30,69486.94,2024-03-30 03:35:00+05:30,69541.98,55.0399999999936,2
10908,2024-03-30 08:50:00+05:30,69851.99,2024-03-30 09:00:00+05:30,69942.0,90.00999999999476,2
10909,2024-03-30 09:05:00+05:30,69828.08,2024-03-30 10:00:00+05:30,69910.0,81.91999999999825,2
10910,2024-03-30 13:25:00+05:30,69852.18,2024-03-30 13:45:00+05:30,69953.45,101.27000000000407,2
10911,2024-03-30 20:10:00+05:30,70034.1,2024-03-30 20:35:00+05:30,70126.01,91.90999999998894,2
10912,2024-03-31 00:30:00+05:30,69826.65,2024-03-31 01:20:00+05:30,69893.27,66.6200000000099,2
10913,2024-03-31 02:35:00+05:30,69764.72,2024-03-31 03:45:00+05:30,69755.99,-8.729999999995925,1
10914,2024-03-31 04:50:00+05:30,69628.38,2024-03-31 05:35:00+05:30,69690.0,61.61999999999534,2
10915,2024-03-31 08:40:00+05:30,69870.16,2024-03-31 09:55:00+05:30,69967.99,97.83000000000175,2
10916,2024-03-31 20:30:00+05:30,70427.03,2024-03-31 21:30:00+05:30,70469.91,42.88000000000466,2
10917,2024-04-01 02:10:00+05:30,70759.99,2024-04-01 03:25:00+05:30,70856.0,96.00999999999476,2
10918,2024-04-01 06:10:00+05:30,70919.74,2024-04-01 08:20:00+05:30,70880.41,-39.330000000001746,1
10919,2024-04-01 08:40:00+05:30,70705.89,2024-04-01 11:20:00+05:30,69234.0,-1471.8899999999994,0
10920,2024-04-01 11:25:00+05:30,69167.48,2024-04-01 12:30:00+05:30,69697.09,529.6100000000006,2
10921,2024-04-01 13:35:00+05:30,69446.69,2024-04-01 14:35:00+05:30,69554.93,108.23999999999069,2
10922,2024-04-01 15:50:00+05:30,69341.9,2024-04-01 16:05:00+05:30,69470.01,128.11000000000058,2
10923,2024-04-01 19:50:00+05:30,69559.99,2024-04-01 21:55:00+05:30,68657.99,-902.0,1
10924,2024-04-01 23:05:00+05:30,68290.78,2024-04-01 23:20:00+05:30,68574.02,283.24000000000524,2
10925,2024-04-02 05:30:00+05:30,69609.03,2024-04-02 06:35:00+05:30,69497.59,-111.44000000000233,1
10926,2024-04-02 07:50:00+05:30,68953.14,2024-04-02 08:05:00+05:30,66518.72,-2434.4199999999983,0
10927,2024-04-02 08:10:00+05:30,66696.0,2024-04-02 10:30:00+05:30,66696.0,0.0,1
10928,2024-04-02 10:45:00+05:30,66364.89,2024-04-02 11:10:00+05:30,66571.2,206.30999999999767,2
10929,2024-04-02 13:05:00+05:30,66600.2,2024-04-02 15:45:00+05:30,66189.76,-410.4400000000023,1
10930,2024-04-02 16:15:00+05:30,65724.3,2024-04-02 17:35:00+05:30,65730.59,6.289999999993597,2
10931,2024-04-02 18:50:00+05:30,64905.92,2024-04-02 19:30:00+05:30,65373.16,467.24000000000524,2
10932,2024-04-02 21:20:00+05:30,65000.93,2024-04-02 22:15:00+05:30,65640.01,639.0799999999945,2
10933,2024-04-03 02:15:00+05:30,65653.34,2024-04-03 03:40:00+05:30,65723.4,70.05999999999767,2
10934,2024-04-03 05:00:00+05:30,65466.99,2024-04-03 06:25:00+05:30,65387.99,-79.0,1
10935,2024-04-03 11:00:00+05:30,66043.99,2024-04-03 11:30:00+05:30,66224.4,180.40999999998894,2
10936,2024-04-03 13:30:00+05:30,66055.86,2024-04-03 14:00:00+05:30,66332.33,276.47000000000116,2
10937,2024-04-03 15:55:00+05:30,66300.9,2024-04-03 17:20:00+05:30,66163.66,-137.2399999999907,1
10938,2024-04-03 18:50:00+05:30,65671.95,2024-04-03 19:20:00+05:30,65872.98,201.02999999999884,2
10939,2024-04-03 21:00:00+05:30,65851.25,2024-04-03 21:45:00+05:30,66271.92,420.66999999999825,2
10940,2024-04-03 23:05:00+05:30,65897.42,2024-04-04 00:15:00+05:30,65909.1,11.680000000007567,2
10941,2024-04-04 02:10:00+05:30,65556.15,2024-04-04 02:50:00+05:30,65718.87,162.72000000000116,2
10942,2024-04-04 07:45:00+05:30,65915.97,2024-04-04 10:20:00+05:30,65520.0,-395.97000000000116,1
10943,2024-04-04 15:35:00+05:30,66161.3,2024-04-04 15:45:00+05:30,66301.56,140.25999999999476,2
10944,2024-04-04 16:40:00+05:30,66142.47,2024-04-04 17:00:00+05:30,66291.98,149.50999999999476,2
10945,2024-04-05 01:30:00+05:30,68153.7,2024-04-05 02:55:00+05:30,67934.85,-218.84999999999127,1
10946,2024-04-05 06:55:00+05:30,68074.49,2024-04-05 08:50:00+05:30,67914.01,-160.48000000001048,1
10947,2024-04-05 10:10:00+05:30,67588.0,2024-04-05 12:00:00+05:30,67160.01,-427.99000000000524,1
10948,2024-04-05 14:50:00+05:30,66459.86,2024-04-05 15:40:00+05:30,66948.77,488.9100000000035,2
10949,2024-04-05 17:00:00+05:30,66632.0,2024-04-05 18:20:00+05:30,66730.0,98.0,2
10950,2024-04-05 23:10:00+05:30,67559.16,2024-04-06 00:25:00+05:30,67629.02,69.86000000000058,2
10951,2024-04-06 07:20:00+05:30,67722.83,2024-04-06 08:30:00+05:30,67691.95,-30.880000000004657,1
10952,2024-04-06 13:45:00+05:30,67896.01,2024-04-06 14:20:00+05:30,68021.67,125.66000000000349,2
10953,2024-04-06 15:25:00+05:30,67792.0,2024-04-06 16:30:00+05:30,67861.89,69.88999999999942,2
10954,2024-04-06 17:00:00+05:30,67681.79,2024-04-06 17:55:00+05:30,67777.1,95.31000000001222,2
10955,2024-04-06 18:55:00+05:30,67580.0,2024-04-06 19:25:00+05:30,67699.99,119.99000000000524,2
10956,2024-04-07 08:25:00+05:30,69300.0,2024-04-07 08:55:00+05:30,69453.31,153.30999999999767,2
10957,2024-04-07 09:50:00+05:30,69196.62,2024-04-07 10:30:00+05:30,69339.55,142.93000000000757,2
10958,2024-04-07 11:45:00+05:30,69225.39,2024-04-07 12:35:00+05:30,69325.97,100.58000000000175,2
10959,2024-04-07 15:00:00+05:30,69301.64,2024-04-07 15:50:00+05:30,69363.39,61.75,2
10960,2024-04-08 00:05:00+05:30,69264.01,2024-04-08 00:50:00+05:30,69497.99,233.98000000001048,2
10961,2024-04-08 01:20:00+05:30,68970.74,2024-04-08 01:55:00+05:30,69329.33,358.5899999999965,2
10962,2024-04-08 03:05:00+05:30,69116.06,2024-04-08 04:00:00+05:30,69225.82,109.76000000000931,2
10963,2024-04-08 06:00:00+05:30,69118.0,2024-04-08 06:25:00+05:30,69325.99,207.99000000000524,2
10964,2024-04-08 19:05:00+05:30,71702.68,2024-04-08 20:30:00+05:30,71840.09,137.4100000000035,2
10965,2024-04-08 22:35:00+05:30,71603.92,2024-04-08 23:20:00+05:30,71700.01,96.08999999999651,2
10966,2024-04-09 01:50:00+05:30,71560.0,2024-04-09 02:25:00+05:30,71711.99,151.99000000000524,2
10967,2024-04-09 05:55:00+05:30,71436.4,2024-04-09 07:35:00+05:30,71333.92,-102.47999999999593,1
10968,2024-04-09 09:10:00+05:30,71289.66,2024-04-09 10:30:00+05:30,71283.95,-5.710000000006403,1
10969,2024-04-09 12:05:00+05:30,70738.71,2024-04-09 14:20:00+05:30,70463.67,-275.04000000000815,1
10970,2024-04-09 18:35:00+05:30,70565.74,2024-04-09 20:15:00+05:30,68850.6,-1715.1399999999994,0
10971,2024-04-09 22:20:00+05:30,68625.14,2024-04-09 23:05:00+05:30,68861.63,236.49000000000524,2
10972,2024-04-10 00:40:00+05:30,68721.13,2024-04-10 00:50:00+05:30,68925.1,203.97000000000116,2
10973,2024-04-10 04:55:00+05:30,68986.34,2024-04-10 05:35:00+05:30,69223.29,236.9499999999971,2
10974,2024-04-10 06:35:00+05:30,68840.71,2024-04-10 07:20:00+05:30,69064.01,223.29999999998836,2
10975,2024-04-10 13:30:00+05:30,68865.79,2024-04-10 14:45:00+05:30,69137.36,271.570000000007,2
10976,2024-04-10 15:45:00+05:30,68781.56,2024-04-10 16:20:00+05:30,68960.02,178.4600000000064,2
10977,2024-04-10 18:00:00+05:30,68260.0,2024-04-10 19:20:00+05:30,68141.0,-119.0,1
10978,2024-04-11 02:55:00+05:30,69623.99,2024-04-11 03:20:00+05:30,69999.0,375.00999999999476,2
10979,2024-04-11 05:50:00+05:30,70357.98,2024-04-11 06:25:00+05:30,70520.01,162.02999999999884,2
10980,2024-04-11 09:30:00+05:30,70571.99,2024-04-11 10:40:00+05:30,70680.0,108.00999999999476,2
10981,2024-04-11 16:25:00+05:30,70459.99,2024-04-11 18:00:00+05:30,70710.01,250.01999999998952,2
10982,2024-04-11 19:10:00+05:30,69820.0,2024-04-11 21:10:00+05:30,69881.5,61.5,2
10983,2024-04-12 02:55:00+05:30,70203.98,2024-04-12 04:20:00+05:30,70197.54,-6.440000000002328,1
10984,2024-04-12 04:40:00+05:30,70055.37,2024-04-12 05:30:00+05:30,70129.09,73.72000000000116,2
10985,2024-04-12 11:40:00+05:30,70833.38,2024-04-12 12:30:00+05:30,70967.91,134.52999999999884,2
10986,2024-04-12 13:00:00+05:30,70709.84,2024-04-12 13:35:00+05:30,70839.99,130.15000000000873,2
10987,2024-04-12 15:15:00+05:30,70562.44,2024-04-12 15:40:00+05:30,70720.0,157.55999999999767,2
10988,2024-04-12 18:05:00+05:30,70490.57,2024-04-12 20:55:00+05:30,69703.95,-786.6200000000099,1
10989,2024-04-12 21:40:00+05:30,69135.99,2024-04-12 23:55:00+05:30,67624.44,-1511.550000000003,0
10990,2024-04-13 00:00:00+05:30,66560.0,2024-04-13 01:00:00+05:30,67132.51,572.5099999999948,2
10991,2024-04-13 06:40:00+05:30,66501.82,2024-04-13 07:55:00+05:30,66526.67,24.84999999999127,2
10992,2024-04-13 12:45:00+05:30,67166.67,2024-04-13 13:00:00+05:30,67416.0,249.33000000000175,2
10993,2024-04-13 14:20:00+05:30,67118.07,2024-04-13 15:00:00+05:30,67333.33,215.25999999999476,2
10994,2024-04-13 20:05:00+05:30,67403.62,2024-04-13 20:35:00+05:30,67580.77,177.15000000000873,2
10995,2024-04-13 21:50:00+05:30,67331.98,2024-04-14 00:10:00+05:30,67144.0,-187.97999999999593,1
10996,2024-04-14 01:15:00+05:30,66019.97,2024-04-14 01:20:00+05:30,64665.0,-1354.9700000000012,0
10997,2024-04-14 01:25:00+05:30,64788.01,2024-04-14 01:35:00+05:30,61742.47,-3045.540000000001,0
10998,2024-04-14 01:40:00+05:30,62543.0,2024-04-14 03:10:00+05:30,62324.99,-218.01000000000204,1
10999,2024-04-14 05:50:00+05:30,63403.69,2024-04-14 07:00:00+05:30,63935.48,531.7900000000009,2
11000,2024-04-14 08:05:00+05:30,63158.48,2024-04-14 09:05:00+05:30,63339.2,180.7199999999939,2
11001,2024-04-14 15:05:00+05:30,63916.0,2024-04-14 15:55:00+05:30,64292.3,376.3000000000029,2
11002,2024-04-14 17:10:00+05:30,63870.0,2024-04-14 17:30:00+05:30,64317.31,447.3099999999977,2
11003,2024-04-14 19:30:00+05:30,64024.89,2024-04-14 20:45:00+05:30,64053.98,29.090000000003783,2
11004,2024-04-14 22:40:00+05:30,63757.0,2024-04-14 23:35:00+05:30,64103.11,346.1100000000006,2
11005,2024-04-15 02:15:00+05:30,63793.82,2024-04-15 03:30:00+05:30,64472.0,678.1800000000003,2
11006,2024-04-15 07:15:00+05:30,65224.4,2024-04-15 08:35:00+05:30,65287.38,62.979999999995925,2
11007,2024-04-15 09:35:00+05:30,64817.88,2024-04-15 10:30:00+05:30,65019.79,201.9100000000035,2
11008,2024-04-15 13:35:00+05:30,66120.01,2024-04-15 14:10:00+05:30,66367.95,247.94000000000233,2
11009,2024-04-15 16:40:00+05:30,66250.04,2024-04-15 18:10:00+05:30,66105.73,-144.30999999999767,1
11010,2024-04-15 19:25:00+05:30,65865.77,2024-04-15 20:15:00+05:30,64433.27,-1432.5000000000073,0
11011,2024-04-15 20:20:00+05:30,64450.61,2024-04-15 21:30:00+05:30,64735.88,285.2699999999968,2
11012,2024-04-15 22:05:00+05:30,64014.15,2024-04-15 22:35:00+05:30,64570.0,555.8499999999985,2
11013,2024-04-15 22:55:00+05:30,63797.68,2024-04-16 01:05:00+05:30,63419.49,-378.1900000000023,1
11014,2024-04-16 02:50:00+05:30,62862.79,2024-04-16 03:25:00+05:30,63262.94,400.15000000000146,2
11015,2024-04-16 06:05:00+05:30,63091.99,2024-04-16 06:35:00+05:30,63471.7,379.7099999999991,2
11016,2024-04-16 09:40:00+05:30,62504.39,2024-04-16 10:45:00+05:30,62606.81,102.41999999999825,2
11017,2024-04-16 15:45:00+05:30,62638.12,2024-04-16 16:50:00+05:30,62689.73,51.61000000000058,2
11018,2024-04-16 19:10:00+05:30,62551.3,2024-04-16 19:45:00+05:30,62977.3,426.0,2
11019,2024-04-17 01:35:00+05:30,62589.23,2024-04-17 01:55:00+05:30,62924.42,335.18999999999505,2
11020,2024-04-17 12:35:00+05:30,63429.33,2024-04-17 13:55:00+05:30,63583.99,154.65999999999622,2
11021,2024-04-17 14:15:00+05:30,63277.03,2024-04-17 14:45:00+05:30,63475.9,198.87000000000262,2
11022,2024-04-17 15:30:00+05:30,63180.0,2024-04-17 16:45:00+05:30,63077.04,-102.95999999999913,1
11023,2024-04-17 17:20:00+05:30,62686.54,2024-04-17 19:05:00+05:30,62834.7,148.15999999999622,2
11024,2024-04-17 19:45:00+05:30,61510.06,2024-04-17 21:00:00+05:30,60193.36,-1316.699999999997,0
11025,2024-04-18 02:20:00+05:30,60803.23,2024-04-18 02:35:00+05:30,61225.13,421.8999999999942,2
11026,2024-04-18 10:10:00+05:30,61788.0,2024-04-18 12:35:00+05:30,61184.0,-604.0,1
11027,2024-04-18 18:00:00+05:30,61759.72,2024-04-18 18:50:00+05:30,62364.7,604.9799999999959,2
11028,2024-04-18 22:50:00+05:30,63248.0,2024-04-19 00:10:00+05:30,63181.8,-66.19999999999709,1
11029,2024-04-19 03:45:00+05:30,63261.54,2024-04-19 04:00:00+05:30,63573.14,311.59999999999854,2
11030,2024-04-19 05:30:00+05:30,63283.05,2024-04-19 06:50:00+05:30,61969.7,-1313.3500000000058,0
11031,2024-04-19 07:00:00+05:30,61650.01,2024-04-19 07:45:00+05:30,60243.64,-1406.3700000000026,0
11032,2024-04-19 07:55:00+05:30,59679.0,2024-04-19 08:20:00+05:30,60924.6,1245.5999999999985,2
11033,2024-04-19 19:50:00+05:30,64339.86,2024-04-19 20:35:00+05:30,64628.11,288.25,2
11034,2024-04-19 21:35:00+05:30,64266.06,2024-04-19 22:35:00+05:30,64226.64,-39.419999999998254,1
11035,2024-04-20 01:40:00+05:30,64067.36,2024-04-20 02:35:00+05:30,64164.25,96.88999999999942,2
11036,2024-04-20 04:00:00+05:30,64019.89,2024-04-20 05:15:00+05:30,63957.48,-62.40999999999622,1
11037,2024-04-20 06:30:00+05:30,63326.01,2024-04-20 07:15:00+05:30,63761.98,435.97000000000116,2
11038,2024-04-20 13:30:00+05:30,63903.8,2024-04-20 15:40:00+05:30,63639.0,-264.8000000000029,1
11039,2024-04-20 19:50:00+05:30,63775.89,2024-04-20 20:10:00+05:30,63888.81,112.91999999999825,2
11040,2024-04-21 01:50:00+05:30,64700.0,2024-04-21 03:10:00+05:30,64802.09,102.08999999999651,2
11041,2024-04-21 03:30:00+05:30,64630.36,2024-04-21 04:00:00+05:30,64716.0,85.63999999999942,2
11042,2024-04-21 06:05:00+05:30,64647.99,2024-04-21 06:30:00+05:30,64914.96,266.97000000000116,2
11043,2024-04-21 14:45:00+05:30,64805.99,2024-04-21 15:50:00+05:30,64906.14,100.15000000000146,2
11044,2024-04-21 18:20:00+05:30,65050.0,2024-04-21 18:50:00+05:30,65196.02,146.0199999999968,2
11045,2024-04-21 19:20:00+05:30,64822.15,2024-04-21 20:35:00+05:30,64948.01,125.86000000000058,2
11046,2024-04-21 21:30:00+05:30,64740.0,2024-04-21 22:50:00+05:30,64673.96,-66.04000000000087,1
11047,2024-04-22 00:45:00+05:30,64685.92,2024-04-22 02:25:00+05:30,64646.17,-39.75,1
11048,2024-04-22 06:00:00+05:30,64813.99,2024-04-22 06:45:00+05:30,65222.71,408.72000000000116,2
11049,2024-04-22 12:50:00+05:30,66046.45,2024-04-22 13:50:00+05:30,66150.01,103.55999999999767,2
11050,2024-04-22 14:20:00+05:30,65913.53,2024-04-22 15:35:00+05:30,66016.0,102.47000000000116,2
11051,2024-04-22 17:45:00+05:30,65723.77,2024-04-22 17:55:00+05:30,65927.35,203.58000000000175,2
11052,2024-04-23 08:20:00+05:30,66672.0,2024-04-23 11:00:00+05:30,66499.99,-172.00999999999476,1
11053,2024-04-23 12:40:00+05:30,66291.76,2024-04-23 14:25:00+05:30,66215.07,-76.68999999998778,1
11054,2024-04-23 17:05:00+05:30,65901.01,2024-04-23 18:25:00+05:30,66134.91,233.90000000000873,2
11055,2024-04-23 21:10:00+05:30,66435.14,2024-04-23 21:40:00+05:30,66675.91,240.77000000000407,2
11056,2024-04-24 00:45:00+05:30,66577.69,2024-04-24 02:40:00+05:30,66338.77,-238.91999999999825,1
11057,2024-04-24 04:30:00+05:30,66176.0,2024-04-24 04:55:00+05:30,66350.61,174.61000000000058,2
11058,2024-04-24 07:50:00+05:30,66604.79,2024-04-24 08:35:00+05:30,66686.64,81.85000000000582,2
11059,2024-04-24 14:30:00+05:30,66446.02,2024-04-24 16:00:00+05:30,66435.11,-10.910000000003492,1
11060,2024-04-24 18:25:00+05:30,66353.02,2024-04-24 20:10:00+05:30,64908.0,-1445.020000000004,0
11061,2024-04-24 21:55:00+05:30,64421.55,2024-04-24 22:20:00+05:30,64759.14,337.5899999999965,2
11062,2024-04-25 00:10:00+05:30,64593.66,2024-04-25 02:10:00+05:30,64198.65,-395.01000000000204,1
11063,2024-04-25 04:30:00+05:30,63878.86,2024-04-25 04:45:00+05:30,64254.65,375.7900000000009,2
11064,2024-04-25 07:20:00+05:30,64159.41,2024-04-25 08:25:00+05:30,64299.98,140.5699999999997,2
11065,2024-04-25 09:35:00+05:30,64108.81,2024-04-25 10:00:00+05:30,64297.57,188.76000000000204,2
11066,2024-04-25 13:05:00+05:30,63990.99,2024-04-25 13:45:00+05:30,64168.0,177.01000000000204,2
11067,2024-04-25 15:45:00+05:30,63665.99,2024-04-25 16:45:00+05:30,63736.89,70.90000000000146,2
11068,2024-04-25 18:15:00+05:30,63563.46,2024-04-25 19:25:00+05:30,63428.97,-134.48999999999796,1
11069,2024-04-26 04:55:00+05:30,64520.91,2024-04-26 07:05:00+05:30,64340.46,-180.45000000000437,1
11070,2024-04-26 09:35:00+05:30,64241.05,2024-04-26 09:55:00+05:30,64380.0,138.9499999999971,2
11071,2024-04-26 10:30:00+05:30,64113.49,2024-04-26 11:00:00+05:30,64324.6,211.11000000000058,2
11072,2024-04-26 15:55:00+05:30,64331.61,2024-04-26 17:25:00+05:30,64244.02,-87.59000000000378,1
11073,2024-04-26 18:20:00+05:30,63980.01,2024-04-26 19:15:00+05:30,64369.82,389.8099999999977,2
11074,2024-04-27 01:00:00+05:30,63851.62,2024-04-27 01:40:00+05:30,63970.26,118.63999999999942,2
11075,2024-04-27 03:55:00+05:30,63821.96,2024-04-27 05:40:00+05:30,63904.0,82.04000000000087,2
11076,2024-04-27 05:55:00+05:30,63528.6,2024-04-27 07:45:00+05:30,62999.99,-528.6100000000006,1
11077,2024-04-27 10:35:00+05:30,62875.9,2024-04-27 10:55:00+05:30,63026.0,150.09999999999854,2
11078,2024-04-27 12:00:00+05:30,62872.8,2024-04-27 12:05:00+05:30,62998.33,125.52999999999884,2
11079,2024-04-27 14:35:00+05:30,62902.0,2024-04-27 15:00:00+05:30,63012.0,110.0,2
11080,2024-04-27 16:05:00+05:30,62871.45,2024-04-27 16:55:00+05:30,62885.74,14.290000000000873,2
11081,2024-04-27 21:00:00+05:30,63003.86,2024-04-27 21:50:00+05:30,63103.99,100.12999999999738,2
11082,2024-04-27 21:55:00+05:30,62788.01,2024-04-27 22:55:00+05:30,62930.65,142.63999999999942,2
11083,2024-04-28 14:05:00+05:30,63830.01,2024-04-28 15:30:00+05:30,63785.24,-44.770000000004075,1
11084,2024-04-28 15:40:00+05:30,63584.0,2024-04-28 16:25:00+05:30,63694.5,110.5,2
11085,2024-04-28 20:10:00+05:30,63546.85,2024-04-28 21:30:00+05:30,63616.62,69.77000000000407,2
11086,2024-04-29 01:40:00+05:30,63626.0,2024-04-29 02:40:00+05:30,63680.0,54.0,2
11087,2024-04-29 03:35:00+05:30,63583.39,2024-04-29 05:25:00+05:30,63118.62,-464.7699999999968,1
11088,2024-04-29 08:05:00+05:30,62814.0,2024-04-29 10:05:00+05:30,62570.26,-243.73999999999796,1
11089,2024-04-29 11:00:00+05:30,62143.07,2024-04-29 11:35:00+05:30,62458.0,314.9300000000003,2
11090,2024-04-29 12:00:00+05:30,62123.94,2024-04-29 12:45:00+05:30,62264.01,140.0699999999997,2
11091,2024-04-29 18:00:00+05:30,62160.05,2024-04-29 18:05:00+05:30,62488.02,327.9699999999939,2
11092,2024-04-29 19:10:00+05:30,61976.99,2024-04-29 19:50:00+05:30,62561.2,584.2099999999991,2
11093,2024-04-29 22:20:00+05:30,62760.0,2024-04-29 22:30:00+05:30,62974.01,214.01000000000204,2
11094,2024-04-30 00:30:00+05:30,62630.01,2024-04-30 01:15:00+05:30,62785.99,155.97999999999593,2
11095,2024-04-30 07:25:00+05:30,63606.01,2024-04-30 08:20:00+05:30,63862.99,256.9799999999959,2
11096,2024-04-30 09:50:00+05:30,63514.33,2024-04-30 11:45:00+05:30,63410.32,-104.01000000000204,1
11097,2024-04-30 13:20:00+05:30,63203.71,2024-04-30 14:25:00+05:30,61919.32,-1284.3899999999994,0
11098,2024-04-30 16:50:00+05:30,61505.0,2024-04-30 18:40:00+05:30,61263.74,-241.26000000000204,1
11099,2024-04-30 19:20:00+05:30,60791.24,2024-04-30 20:05:00+05:30,61210.66,419.42000000000553,2
11100,2024-04-30 21:55:00+05:30,60272.38,2024-04-30 23:25:00+05:30,60368.81,96.43000000000029,2
11101,2024-05-01 00:40:00+05:30,60000.01,2024-05-01 02:10:00+05:30,59961.11,-38.900000000001455,1
11102,2024-05-01 06:35:00+05:30,59961.08,2024-05-01 07:05:00+05:30,60387.49,426.4099999999962,2
11103,2024-05-01 07:35:00+05:30,59799.99,2024-05-01 08:30:00+05:30,59985.99,186.0,2
11104,2024-05-01 10:50:00+05:30,60097.44,2024-05-01 12:35:00+05:30,58475.98,-1621.4599999999991,0
11105,2024-05-01 12:40:00+05:30,58516.0,2024-05-01 13:30:00+05:30,57234.02,-1281.9800000000032,0
11106,2024-05-01 19:00:00+05:30,57378.99,2024-05-01 20:20:00+05:30,57450.01,71.02000000000407,2
11107,2024-05-01 20:35:00+05:30,57108.2,2024-05-01 21:45:00+05:30,57213.02,104.81999999999971,2
11108,2024-05-02 07:00:00+05:30,57287.58,2024-05-02 08:15:00+05:30,57521.1,233.5199999999968,2
11109,2024-05-02 10:20:00+05:30,57355.36,2024-05-02 10:35:00+05:30,57488.31,132.9499999999971,2
11110,2024-05-02 10:55:00+05:30,57308.95,2024-05-02 11:25:00+05:30,57484.57,175.62000000000262,2
11111,2024-05-03 02:05:00+05:30,58815.78,2024-05-03 03:00:00+05:30,59120.28,304.5,2
11112,2024-05-03 05:25:00+05:30,59060.61,2024-05-03 06:30:00+05:30,59141.09,80.47999999999593,2
11113,2024-05-03 11:45:00+05:30,59389.78,2024-05-03 13:55:00+05:30,59331.09,-58.69000000000233,1
11114,2024-05-03 16:05:00+05:30,59172.88,2024-05-03 16:55:00+05:30,59194.07,21.19000000000233,2
11115,2024-05-03 20:40:00+05:30,61468.41,2024-05-03 21:15:00+05:30,61608.78,140.36999999999534,2
11116,2024-05-04 00:35:00+05:30,61670.0,2024-05-04 01:05:00+05:30,61827.41,157.4100000000035,2
11117,2024-05-04 19:00:00+05:30,63636.45,2024-05-04 20:00:00+05:30,63748.78,112.33000000000175,2
11118,2024-05-04 21:00:00+05:30,63440.0,2024-05-04 22:05:00+05:30,63683.84,243.8399999999965,2
11119,2024-05-05 03:00:00+05:30,63550.01,2024-05-05 03:25:00+05:30,63903.91,353.90000000000146,2
11120,2024-05-05 06:10:00+05:30,63468.01,2024-05-05 07:50:00+05:30,63385.94,-82.06999999999971,1
11121,2024-05-05 08:55:00+05:30,63068.6,2024-05-05 09:25:00+05:30,63235.93,167.33000000000175,2
11122,2024-05-05 11:05:00+05:30,63241.46,2024-05-05 11:40:00+05:30,63329.11,87.65000000000146,2
11123,2024-05-05 23:35:00+05:30,64120.02,2024-05-06 02:50:00+05:30,63769.82,-350.1999999999971,1
11124,2024-05-06 07:30:00+05:30,64036.51,2024-05-06 09:45:00+05:30,63969.78,-66.7300000000032,1
11125,2024-05-06 15:45:00+05:30,65022.0,2024-05-06 17:30:00+05:30,64287.64,-734.3600000000006,1
11126,2024-05-06 17:50:00+05:30,63858.98,2024-05-06 19:05:00+05:30,63787.55,-71.43000000000029,1
11127,2024-05-06 20:25:00+05:30,63271.97,2024-05-06 21:10:00+05:30,63611.11,339.1399999999994,2
11128,2024-05-06 23:00:00+05:30,63025.28,2024-05-07 00:05:00+05:30,63324.45,299.16999999999825,2
11129,2024-05-07 04:35:00+05:30,63373.15,2024-05-07 05:55:00+05:30,63267.04,-106.11000000000058,1
11130,2024-05-07 08:50:00+05:30,63474.0,2024-05-07 09:55:00+05:30,63382.01,-91.98999999999796,1
11131,2024-05-07 15:40:00+05:30,63890.47,2024-05-07 16:20:00+05:30,64126.0,235.52999999999884,2
11132,2024-05-07 17:10:00+05:30,63620.86,2024-05-07 18:15:00+05:30,63730.0,109.13999999999942,2
11133,2024-05-07 19:15:00+05:30,63248.0,2024-05-07 20:10:00+05:30,63466.45,218.4499999999971,2
11134,2024-05-07 22:00:00+05:30,63513.43,2024-05-08 01:05:00+05:30,63169.99,-343.4400000000023,1
11135,2024-05-08 01:55:00+05:30,63025.41,2024-05-08 02:45:00+05:30,63086.3,60.88999999999942,2
11136,2024-05-08 03:20:00+05:30,62902.0,2024-05-08 03:25:00+05:30,63074.01,172.01000000000204,2
11137,2024-05-08 03:40:00+05:30,62819.96,2024-05-08 03:55:00+05:30,63010.01,190.0500000000029,2
11138,2024-05-08 04:30:00+05:30,62415.13,2024-05-08 05:45:00+05:30,62546.0,130.87000000000262,2
11139,2024-05-08 10:10:00+05:30,62548.22,2024-05-08 11:00:00+05:30,62720.02,171.79999999999563,2
11140,2024-05-08 11:45:00+05:30,62406.0,2024-05-08 13:50:00+05:30,62328.54,-77.45999999999913,1
11141,2024-05-08 14:15:00+05:30,62131.71,2024-05-08 14:25:00+05:30,62375.99,244.27999999999884,2
11142,2024-05-08 18:35:00+05:30,62026.21,2024-05-08 19:20:00+05:30,62151.76,125.55000000000291,2
11143,2024-05-08 20:50:00+05:30,61936.21,2024-05-08 21:15:00+05:30,62444.76,508.5500000000029,2
11144,2024-05-09 00:40:00+05:30,62285.26,2024-05-09 04:35:00+05:30,61009.41,-1275.8499999999985,0
11145,2024-05-09 04:50:00+05:30,60932.11,2024-05-09 05:15:00+05:30,61210.99,278.8799999999974,2
11146,2024-05-09 13:05:00+05:30,61403.34,2024-05-09 14:00:00+05:30,61422.0,18.660000000003492,2
11147,2024-05-09 14:45:00+05:30,61097.85,2024-05-09 15:25:00+05:30,61289.99,192.13999999999942,2
11148,2024-05-09 16:25:00+05:30,60805.99,2024-05-09 17:00:00+05:30,61029.2,223.20999999999913,2
11149,2024-05-09 19:10:00+05:30,61047.99,2024-05-09 19:35:00+05:30,61347.99,300.0,2
11150,2024-05-10 10:40:00+05:30,62789.3,2024-05-10 11:35:00+05:30,62880.0,90.69999999999709,2
11151,2024-05-10 19:40:00+05:30,62562.88,2024-05-10 20:20:00+05:30,61040.0,-1522.8799999999974,0
11152,2024-05-10 20:25:00+05:30,61063.87,2024-05-10 21:45:00+05:30,61163.9,100.02999999999884,2
11153,2024-05-10 22:45:00+05:30,60509.54,2024-05-11 00:00:00+05:30,60593.38,83.83999999999651,2
11154,2024-05-11 06:05:00+05:30,60724.95,2024-05-11 06:30:00+05:30,60850.57,125.62000000000262,2
11155,2024-05-11 13:55:00+05:30,60826.0,2024-05-11 15:15:00+05:30,60835.0,9.0,2
11156,2024-05-11 16:35:00+05:30,60588.3,2024-05-11 17:05:00+05:30,60765.67,177.36999999999534,2
11157,2024-05-11 22:55:00+05:30,61020.0,2024-05-11 23:50:00+05:30,61114.41,94.41000000000349,2
11158,2024-05-12 01:55:00+05:30,60964.0,2024-05-12 03:20:00+05:30,60967.9,3.900000000001455,2
11159,2024-05-12 05:05:00+05:30,60853.99,2024-05-12 05:35:00+05:30,60910.0,56.01000000000204,2
11160,2024-05-12 12:10:00+05:30,60955.66,2024-05-12 13:30:00+05:30,60910.01,-45.650000000001455,1
11161,2024-05-13 02:25:00+05:30,61284.03,2024-05-13 03:35:00+05:30,61338.73,54.700000000004366,2
11162,2024-05-13 06:45:00+05:30,61327.61,2024-05-13 09:15:00+05:30,61056.01,-271.59999999999854,1
11163,2024-05-13 11:15:00+05:30,60848.65,2024-05-13 11:30:00+05:30,60971.12,122.47000000000116,2
11164,2024-05-13 15:55:00+05:30,62651.3,2024-05-13 17:00:00+05:30,62685.75,34.44999999999709,2
11165,2024-05-13 22:35:00+05:30,62744.26,2024-05-14 00:05:00+05:30,62757.27,13.009999999994761,2
11166,2024-05-14 02:45:00+05:30,63017.22,2024-05-14 04:35:00+05:30,62887.97,-129.25,1
11167,2024-05-14 07:10:00+05:30,62708.93,2024-05-14 09:40:00+05:30,62566.21,-142.72000000000116,1
11168,2024-05-14 11:35:00+05:30,62275.51,2024-05-14 13:15:00+05:30,61940.0,-335.51000000000204,1
11169,2024-05-14 14:05:00+05:30,61724.6,2024-05-14 14:35:00+05:30,61933.65,209.0500000000029,2
11170,2024-05-14 15:40:00+05:30,61669.19,2024-05-14 16:30:00+05:30,61814.48,145.29000000000087,2
11171,2024-05-14 18:00:00+05:30,61568.1,2024-05-14 18:45:00+05:30,61900.0,331.90000000000146,2
11172,2024-05-14 19:45:00+05:30,61178.98,2024-05-14 19:50:00+05:30,61863.01,684.0299999999988,2
11173,2024-05-14 21:45:00+05:30,61527.02,2024-05-14 23:40:00+05:30,61422.81,-104.20999999999913,1
11174,2024-05-15 02:50:00+05:30,61507.65,2024-05-15 03:05:00+05:30,61739.65,232.0,2
11175,2024-05-15 04:45:00+05:30,61555.35,2024-05-15 05:35:00+05:30,61644.19,88.84000000000378,2
11176,2024-05-15 06:15:00+05:30,61398.79,2024-05-15 06:30:00+05:30,61612.13,213.3399999999965,2
11177,2024-05-15 12:00:00+05:30,61845.99,2024-05-15 12:20:00+05:30,61922.0,76.01000000000204,2
11178,2024-05-15 14:40:00+05:30,61970.78,2024-05-15 15:00:00+05:30,62099.99,129.20999999999913,2
11179,2024-05-15 17:05:00+05:30,62309.77,2024-05-15 17:45:00+05:30,62580.01,270.24000000000524,2
11180,2024-05-16 10:15:00+05:30,65821.45,2024-05-16 11:45:00+05:30,65826.68,5.2299999999959255,2
11181,2024-05-16 16:00:00+05:30,66118.8,2024-05-16 16:55:00+05:30,66194.84,76.0399999999936,2
11182,2024-05-16 18:30:00+05:30,65920.01,2024-05-16 19:05:00+05:30,66170.05,250.04000000000815,2
11183,2024-05-16 20:25:00+05:30,65598.7,2024-05-16 21:25:00+05:30,65818.88,220.18000000000757,2
11184,2024-05-16 21:55:00+05:30,65462.19,2024-05-17 00:10:00+05:30,65109.99,-352.20000000000437,1
11185,2024-05-17 19:10:00+05:30,65922.95,2024-05-17 19:50:00+05:30,66245.53,322.58000000000175,2
11186,2024-05-17 22:25:00+05:30,66929.99,2024-05-18 00:20:00+05:30,66694.0,-235.99000000000524,1
11187,2024-05-18 03:15:00+05:30,66758.88,2024-05-18 04:15:00+05:30,66792.99,34.11000000000058,2
11188,2024-05-18 10:10:00+05:30,66855.54,2024-05-18 12:20:00+05:30,66893.05,37.51000000000931,2
11189,2024-05-18 18:25:00+05:30,66948.0,2024-05-18 19:50:00+05:30,67000.0,52.0,2
11190,2024-05-18 20:10:00+05:30,66682.1,2024-05-18 21:00:00+05:30,66853.73,171.6299999999901,2
11191,2024-05-18 23:15:00+05:30,66760.35,2024-05-18 23:30:00+05:30,66902.44,142.0899999999965,2
11192,2024-05-19 02:50:00+05:30,66843.76,2024-05-19 04:15:00+05:30,66930.47,86.7100000000064,2
11193,2024-05-19 06:00:00+05:30,66890.02,2024-05-19 06:40:00+05:30,66930.0,39.979999999995925,2
11194,2024-05-19 09:50:00+05:30,66994.56,2024-05-19 10:20:00+05:30,67139.99,145.43000000000757,2
11195,2024-05-19 12:00:00+05:30,66979.99,2024-05-19 12:50:00+05:30,67149.99,170.0,2
11196,2024-05-19 14:40:00+05:30,67079.99,2024-05-19 15:25:00+05:30,67180.01,100.01999999998952,2
11197,2024-05-19 17:55:00+05:30,66900.01,2024-05-19 19:15:00+05:30,67024.0,123.99000000000524,2
11198,2024-05-19 21:50:00+05:30,66752.87,2024-05-19 22:15:00+05:30,66850.4,97.52999999999884,2
11199,2024-05-19 22:20:00+05:30,66598.99,2024-05-19 22:55:00+05:30,66780.0,181.00999999999476,2
11200,2024-05-20 00:30:00+05:30,66444.99,2024-05-20 02:00:00+05:30,66261.65,-183.34000000001106,1
11201,2024-05-20 03:00:00+05:30,66040.0,2024-05-20 03:20:00+05:30,66354.0,314.0,2
11202,2024-05-20 04:55:00+05:30,66215.99,2024-05-20 05:20:00+05:30,66347.04,131.04999999998836,2
11203,2024-05-20 05:50:00+05:30,66161.74,2024-05-20 06:05:00+05:30,66432.93,271.1899999999878,2
11204,2024-05-20 11:50:00+05:30,66999.17,2024-05-20 13:05:00+05:30,66825.94,-173.22999999999593,1
11205,2024-05-20 17:50:00+05:30,66930.01,2024-05-20 18:35:00+05:30,67030.21,100.20000000001164,2
11206,2024-05-20 19:05:00+05:30,66788.88,2024-05-20 19:20:00+05:30,67119.99,331.1100000000006,2
11207,2024-05-21 02:40:00+05:30,69038.83,2024-05-21 03:20:00+05:30,69566.01,527.179999999993,2
11208,2024-05-21 06:40:00+05:30,71056.31,2024-05-21 08:00:00+05:30,71176.53,120.22000000000116,2
11209,2024-05-21 09:35:00+05:30,71129.98,2024-05-21 11:05:00+05:30,71010.38,-119.59999999999127,1
11210,2024-05-21 13:00:00+05:30,70997.99,2024-05-21 14:35:00+05:30,71050.2,52.20999999999185,2
11211,2024-05-21 18:40:00+05:30,71011.99,2024-05-21 21:45:00+05:30,70229.13,-782.8600000000006,1
11212,2024-05-22 00:55:00+05:30,69377.29,2024-05-22 01:45:00+05:30,69650.0,272.7100000000064,2
11213,2024-05-22 09:40:00+05:30,69812.27,2024-05-22 10:45:00+05:30,69733.04,-79.23000000001048,1
11214,2024-05-22 12:55:00+05:30,69645.72,2024-05-22 13:20:00+05:30,69819.07,173.35000000000582,2
11215,2024-05-22 17:20:00+05:30,69862.69,2024-05-22 17:45:00+05:30,70073.99,211.3000000000029,2
11216,2024-05-22 18:20:00+05:30,69598.09,2024-05-22 18:45:00+05:30,69874.35,276.2600000000093,2
11217,2024-05-22 23:05:00+05:30,69992.01,2024-05-23 00:35:00+05:30,69713.09,-278.91999999999825,1
11218,2024-05-23 02:00:00+05:30,69400.0,2024-05-23 03:05:00+05:30,69600.0,200.0,2
11219,2024-05-23 09:00:00+05:30,69377.99,2024-05-23 09:25:00+05:30,69446.14,68.14999999999418,2
11220,2024-05-23 11:00:00+05:30,69379.09,2024-05-23 11:25:00+05:30,69478.89,99.80000000000291,2
11221,2024-05-23 16:20:00+05:30,69565.07,2024-05-23 16:35:00+05:30,69715.98,150.90999999998894,2
11222,2024-05-23 18:20:00+05:30,69650.0,2024-05-23 19:15:00+05:30,68166.89,-1483.1100000000006,0
11223,2024-05-23 19:20:00+05:30,68114.29,2024-05-23 20:40:00+05:30,68128.37,14.080000000001746,2
11224,2024-05-23 23:20:00+05:30,67721.98,2024-05-24 00:50:00+05:30,67319.99,-401.9899999999907,1
11225,2024-05-24 01:30:00+05:30,66664.01,2024-05-24 01:45:00+05:30,67364.02,700.0100000000093,2
11226,2024-05-24 09:55:00+05:30,67746.74,2024-05-24 11:40:00+05:30,67592.0,-154.74000000000524,1
11227,2024-05-24 12:25:00+05:30,66887.01,2024-05-24 12:55:00+05:30,67249.4,362.3899999999994,2
11228,2024-05-24 13:50:00+05:30,66826.36,2024-05-24 14:10:00+05:30,67090.79,264.429999999993,2
11229,2024-05-24 19:05:00+05:30,67260.09,2024-05-24 19:45:00+05:30,67307.35,47.26000000000931,2
11230,2024-05-25 04:15:00+05:30,68719.99,2024-05-25 06:35:00+05:30,68642.75,-77.24000000000524,1
11231,2024-05-25 11:10:00+05:30,68703.99,2024-05-25 12:50:00+05:30,68715.99,12.0,2
11232,2024-05-25 19:05:00+05:30,68987.11,2024-05-25 20:20:00+05:30,69064.8,77.69000000000233,2
11233,2024-05-25 21:25:00+05:30,68930.4,2024-05-25 22:40:00+05:30,68992.24,61.84000000001106,2
11234,2024-05-26 01:55:00+05:30,69099.23,2024-05-26 02:55:00+05:30,69162.16,62.93000000000757,2
11235,2024-05-26 03:20:00+05:30,69050.01,2024-05-26 03:25:00+05:30,69139.01,89.0,2
11236,2024-05-26 07:40:00+05:30,69114.0,2024-05-26 09:05:00+05:30,69008.71,-105.2899999999936,1
11237,2024-05-26 17:45:00+05:30,69012.45,2024-05-26 18:50:00+05:30,69053.89,41.44000000000233,2
11238,2024-05-26 21:15:00+05:30,68759.99,2024-05-26 22:45:00+05:30,68864.63,104.63999999999942,2
11239,2024-05-27 01:55:00+05:30,68780.01,2024-05-27 03:40:00+05:30,68598.79,-181.22000000000116,1
11240,2024-05-27 05:00:00+05:30,68355.01,2024-05-27 05:20:00+05:30,68552.57,197.56000000001222,2
11241,2024-05-27 09:05:00+05:30,68961.0,2024-05-27 12:55:00+05:30,68540.0,-421.0,1
11242,2024-05-27 14:35:00+05:30,68469.99,2024-05-27 16:20:00+05:30,68578.32,108.33000000000175,2
11243,2024-05-27 17:05:00+05:30,68297.22,2024-05-27 17:55:00+05:30,68496.0,198.77999999999884,2
11244,2024-05-28 00:15:00+05:30,69938.02,2024-05-28 02:20:00+05:30,69720.0,-218.02000000000407,1
11245,2024-05-28 04:30:00+05:30,69527.58,2024-05-28 06:25:00+05:30,69377.41,-150.16999999999825,1
11246,2024-05-28 07:15:00+05:30,68700.0,2024-05-28 10:40:00+05:30,67924.0,-776.0,1
11247,2024-05-28 13:20:00+05:30,67693.32,2024-05-28 13:40:00+05:30,67923.99,230.66999999999825,2
11248,2024-05-28 17:05:00+05:30,68325.79,2024-05-28 18:00:00+05:30,68559.99,234.20000000001164,2
11249,2024-05-28 18:35:00+05:30,68125.2,2024-05-28 18:50:00+05:30,68423.24,298.04000000000815,2
11250,2024-05-28 19:05:00+05:30,68021.28,2024-05-28 19:45:00+05:30,68217.13,195.85000000000582,2
11251,2024-05-29 00:05:00+05:30,67294.29,2024-05-29 00:25:00+05:30,67879.43,585.1399999999994,2
11252,2024-05-29 10:30:00+05:30,68731.67,2024-05-29 14:30:00+05:30,67963.0,-768.6699999999983,1
11253,2024-05-29 17:25:00+05:30,67763.59,2024-05-29 17:40:00+05:30,67944.34,180.75,2
11254,2024-05-29 18:00:00+05:30,67715.1,2024-05-29 18:15:00+05:30,67952.0,236.89999999999418,2
11255,2024-05-29 21:00:00+05:30,67418.0,2024-05-29 22:00:00+05:30,67499.78,81.77999999999884,2
11256,2024-05-29 23:55:00+05:30,67330.67,2024-05-30 00:40:00+05:30,67533.97,203.3000000000029,2
11257,2024-05-30 01:35:00+05:30,67175.01,2024-05-30 02:15:00+05:30,67394.72,219.7100000000064,2
11258,2024-05-30 06:20:00+05:30,67559.99,2024-05-30 06:40:00+05:30,67710.0,150.00999999999476,2
11259,2024-05-30 11:35:00+05:30,67942.92,2024-05-30 13:05:00+05:30,67929.72,-13.19999999999709,1
11260,2024-05-30 13:20:00+05:30,67586.26,2024-05-30 14:20:00+05:30,67602.74,16.480000000010477,2
11261,2024-05-31 00:50:00+05:30,69048.15,2024-05-31 03:00:00+05:30,68452.0,-596.1499999999942,1
11262,2024-05-31 03:35:00+05:30,68292.0,2024-05-31 04:40:00+05:30,68385.38,93.38000000000466,2
11263,2024-05-31 10:45:00+05:30,68375.78,2024-05-31 12:45:00+05:30,68368.96,-6.819999999992433,1
11264,2024-05-31 13:10:00+05:30,68170.01,2024-05-31 13:45:00+05:30,68310.9,140.88999999999942,2
11265,2024-05-31 14:45:00+05:30,67932.0,2024-05-31 15:30:00+05:30,68080.23,148.22999999999593,2
11266,2024-05-31 19:00:00+05:30,68201.0,2024-05-31 21:40:00+05:30,66825.01,-1375.9900000000052,0
11267,2024-05-31 21:45:00+05:30,66721.35,2024-05-31 22:25:00+05:30,67200.01,478.65999999998894,2
11268,2024-06-01 00:00:00+05:30,67179.99,2024-06-01 00:05:00+05:30,67374.05,194.05999999999767,2
11269,2024-06-01 03:00:00+05:30,67582.68,2024-06-01 03:45:00+05:30,67657.59,74.91000000000349,2
11270,2024-06-01 04:25:00+05:30,67509.52,2024-06-01 05:15:00+05:30,67525.94,16.419999999998254,2
11271,2024-06-01 07:05:00+05:30,67467.81,2024-06-01 07:30:00+05:30,67600.05,132.24000000000524,2
11272,2024-06-01 10:30:00+05:30,67637.14,2024-06-01 11:05:00+05:30,67710.0,72.86000000000058,2
11273,2024-06-01 12:55:00+05:30,67610.9,2024-06-01 13:10:00+05:30,67668.0,57.10000000000582,2
11274,2024-06-01 16:25:00+05:30,67627.33,2024-06-01 17:00:00+05:30,67683.89,56.55999999999767,2
11275,2024-06-01 21:25:00+05:30,67691.28,2024-06-01 23:20:00+05:30,67706.2,14.919999999998254,2
11276,2024-06-02 05:10:00+05:30,67726.91,2024-06-02 05:45:00+05:30,67809.32,82.41000000000349,2
11277,2024-06-02 08:15:00+05:30,67671.81,2024-06-02 08:35:00+05:30,67784.98,113.16999999999825,2
11278,2024-06-02 11:25:00+05:30,67728.4,2024-06-02 12:00:00+05:30,67808.79,80.38999999999942,2
11279,2024-06-02 14:45:00+05:30,67664.3,2024-06-02 16:25:00+05:30,67529.99,-134.30999999999767,1
11280,2024-06-02 22:45:00+05:30,67926.38,2024-06-03 01:00:00+05:30,67675.34,-251.04000000000815,1
11281,2024-06-03 05:20:00+05:30,67783.96,2024-06-03 06:20:00+05:30,67812.01,28.04999999998836,2
11282,2024-06-03 16:25:00+05:30,68907.99,2024-06-03 16:40:00+05:30,69071.94,163.9499999999971,2
11283,2024-06-03 20:05:00+05:30,69180.02,2024-06-03 21:20:00+05:30,69297.94,117.91999999999825,2
11284,2024-06-04 00:35:00+05:30,69124.16,2024-06-04 01:30:00+05:30,69277.26,153.09999999999127,2
11285,2024-06-04 03:35:00+05:30,68896.0,2024-06-04 04:00:00+05:30,69133.21,237.2100000000064,2
11286,2024-06-04 05:05:00+05:30,68784.2,2024-06-04 06:00:00+05:30,68945.41,161.2100000000064,2
11287,2024-06-04 10:25:00+05:30,69061.22,2024-06-04 12:05:00+05:30,69006.6,-54.61999999999534,1
11288,2024-06-04 14:25:00+05:30,68836.54,2024-06-04 15:40:00+05:30,68845.02,8.480000000010477,2
11289,2024-06-05 01:05:00+05:30,70140.0,2024-06-05 02:15:00+05:30,70441.63,301.63000000000466,2
11290,2024-06-05 04:55:00+05:30,70414.91,2024-06-05 05:20:00+05:30,70598.99,184.08000000000175,2
11291,2024-06-05 14:20:00+05:30,70906.67,2024-06-05 16:40:00+05:30,70861.92,-44.75,1
11292,2024-06-05 19:35:00+05:30,70465.66,2024-06-05 20:00:00+05:30,70823.79,358.1299999999901,2
11293,2024-06-05 23:50:00+05:30,71160.39,2024-06-06 01:10:00+05:30,71159.98,-0.41000000000349246,1
11294,2024-06-06 02:50:00+05:30,71056.23,2024-06-06 03:30:00+05:30,71180.6,124.3700000000099,2
11295,2024-06-06 04:55:00+05:30,70850.0,2024-06-06 05:30:00+05:30,71135.73,285.7299999999959,2
11296,2024-06-06 09:05:00+05:30,71060.01,2024-06-06 10:10:00+05:30,71056.0,-4.009999999994761,1
11297,2024-06-06 10:40:00+05:30,70874.22,2024-06-06 11:35:00+05:30,70968.69,94.47000000000116,2
11298,2024-06-06 21:40:00+05:30,71128.67,2024-06-06 22:45:00+05:30,71129.24,0.5700000000069849,2
11299,2024-06-07 01:05:00+05:30,70750.01,2024-06-07 02:15:00+05:30,70676.74,-73.26999999998952,1
11300,2024-06-07 07:05:00+05:30,70689.03,2024-06-07 07:15:00+05:30,70889.3,200.27000000000407,2
11301,2024-06-07 13:05:00+05:30,71133.82,2024-06-07 13:55:00+05:30,71168.33,34.50999999999476,2
11302,2024-06-07 18:00:00+05:30,70937.98,2024-06-07 19:10:00+05:30,71542.12,604.1399999999994,2
11303,2024-06-07 20:50:00+05:30,71104.0,2024-06-07 21:45:00+05:30,71185.7,81.69999999999709,2
11304,2024-06-07 22:30:00+05:30,70743.58,2024-06-07 23:30:00+05:30,69111.0,-1632.5800000000017,0
11305,2024-06-07 23:35:00+05:30,69378.67,2024-06-08 00:55:00+05:30,69198.57,-180.09999999999127,1
11306,2024-06-08 09:50:00+05:30,69356.33,2024-06-08 11:25:00+05:30,69319.99,-36.33999999999651,1
11307,2024-06-08 15:50:00+05:30,69390.0,2024-06-08 16:15:00+05:30,69444.94,54.94000000000233,2
11308,2024-06-08 17:20:00+05:30,69333.08,2024-06-08 19:10:00+05:30,69341.74,8.660000000003492,2
11309,2024-06-08 21:45:00+05:30,69333.34,2024-06-08 22:35:00+05:30,69424.49,91.15000000000873,2
11310,2024-06-09 01:55:00+05:30,69401.89,2024-06-09 03:20:00+05:30,69396.96,-4.929999999993015,1
11311,2024-06-09 03:50:00+05:30,69311.5,2024-06-09 05:10:00+05:30,69335.13,23.630000000004657,2
11312,2024-06-09 05:50:00+05:30,69276.25,2024-06-09 06:10:00+05:30,69320.01,43.75999999999476,2
11313,2024-06-09 07:55:00+05:30,69221.57,2024-06-09 09:05:00+05:30,69238.65,17.079999999987194,2
11314,2024-06-09 13:15:00+05:30,69302.59,2024-06-09 14:15:00+05:30,69337.1,34.51000000000931,2
11315,2024-06-10 05:35:00+05:30,69570.0,2024-06-10 06:30:00+05:30,69582.81,12.809999999997672,2
11316,2024-06-10 09:15:00+05:30,69574.8,2024-06-10 10:00:00+05:30,69677.5,102.69999999999709,2
11317,2024-06-10 10:55:00+05:30,69550.8,2024-06-10 11:50:00+05:30,69592.61,41.80999999999767,2
11318,2024-06-10 12:00:00+05:30,69471.94,2024-06-10 13:40:00+05:30,69420.0,-51.94000000000233,1
11319,2024-06-10 18:30:00+05:30,69293.98,2024-06-10 19:00:00+05:30,69487.71,193.73000000001048,2
11320,2024-06-11 00:30:00+05:30,69747.09,2024-06-11 02:00:00+05:30,69653.64,-93.44999999999709,1
11321,2024-06-11 03:30:00+05:30,69500.0,2024-06-11 04:50:00+05:30,69520.64,20.639999999999418,2
11322,2024-06-11 06:35:00+05:30,69375.33,2024-06-11 06:40:00+05:30,69498.99,123.66000000000349,2
11323,2024-06-11 07:20:00+05:30,68965.07,2024-06-11 08:55:00+05:30,68453.29,-511.7800000000134,1
11324,2024-06-11 09:50:00+05:30,67977.29,2024-06-11 11:30:00+05:30,67974.48,-2.8099999999976717,1
11325,2024-06-11 11:50:00+05:30,67600.34,2024-06-11 12:35:00+05:30,67787.78,187.44000000000233,2
11326,2024-06-11 13:40:00+05:30,67360.0,2024-06-11 14:15:00+05:30,67605.94,245.94000000000233,2
11327,2024-06-11 15:05:00+05:30,67273.59,2024-06-11 16:40:00+05:30,67109.0,-164.5899999999965,1
11328,2024-06-11 21:05:00+05:30,66672.12,2024-06-11 22:00:00+05:30,66682.41,10.290000000008149,2
11329,2024-06-12 05:50:00+05:30,67239.6,2024-06-12 07:25:00+05:30,67180.01,-59.59000000001106,1
11330,2024-06-12 11:15:00+05:30,67256.31,2024-06-12 12:05:00+05:30,67369.99,113.68000000000757,2
11331,2024-06-12 17:10:00+05:30,67742.15,2024-06-12 17:45:00+05:30,67849.23,107.08000000000175,2
11332,2024-06-12 21:55:00+05:30,69331.1,2024-06-12 22:40:00+05:30,69612.44,281.3399999999965,2
11333,2024-06-12 23:30:00+05:30,69259.98,2024-06-13 01:15:00+05:30,67507.99,-1751.9899999999907,0
11334,2024-06-13 01:20:00+05:30,67407.63,2024-06-13 02:10:00+05:30,68299.87,892.2399999999907,2
11335,2024-06-13 05:40:00+05:30,68093.25,2024-06-13 06:10:00+05:30,68210.07,116.82000000000698,2
11336,2024-06-13 08:15:00+05:30,67779.26,2024-06-13 09:30:00+05:30,67664.0,-115.25999999999476,1
11337,2024-06-13 14:45:00+05:30,67452.0,2024-06-13 16:00:00+05:30,67406.3,-45.69999999999709,1
11338,2024-06-13 18:20:00+05:30,67603.98,2024-06-13 18:40:00+05:30,67799.99,196.0100000000093,2
11339,2024-06-13 20:45:00+05:30,67068.64,2024-06-13 22:15:00+05:30,66809.75,-258.8899999999994,1
11340,2024-06-14 00:40:00+05:30,66713.19,2024-06-14 01:45:00+05:30,66757.27,44.080000000001746,2
11341,2024-06-14 02:10:00+05:30,66548.0,2024-06-14 02:25:00+05:30,66712.98,164.97999999999593,2
11342,2024-06-14 04:30:00+05:30,66752.01,2024-06-14 05:00:00+05:30,66894.05,142.04000000000815,2
11343,2024-06-14 06:35:00+05:30,66585.05,2024-06-14 07:15:00+05:30,66732.01,146.95999999999185,2
11344,2024-06-14 15:10:00+05:30,66932.99,2024-06-14 16:45:00+05:30,66915.01,-17.980000000010477,1
11345,2024-06-14 19:50:00+05:30,66792.0,2024-06-14 20:55:00+05:30,66909.24,117.24000000000524,2
11346,2024-06-14 21:10:00+05:30,66645.59,2024-06-14 22:10:00+05:30,65288.47,-1357.1199999999953,0
11347,2024-06-15 12:15:00+05:30,66185.33,2024-06-15 13:35:00+05:30,66164.89,-20.44000000000233,1
11348,2024-06-15 18:05:00+05:30,66235.18,2024-06-15 18:25:00+05:30,66348.01,112.83000000000175,2
11349,2024-06-15 20:00:00+05:30,66186.04,2024-06-15 20:35:00+05:30,66334.52,148.48000000001048,2
11350,2024-06-15 22:30:00+05:30,66156.0,2024-06-15 22:55:00+05:30,66276.01,120.00999999999476,2
11351,2024-06-16 01:45:00+05:30,65920.01,2024-06-16 02:05:00+05:30,66135.87,215.86000000000058,2
11352,2024-06-16 06:25:00+05:30,66161.96,2024-06-16 07:55:00+05:30,66181.26,19.29999999998836,2
11353,2024-06-16 09:00:00+05:30,66096.6,2024-06-16 09:20:00+05:30,66146.0,49.39999999999418,2
11354,2024-06-16 09:50:00+05:30,66064.0,2024-06-16 10:00:00+05:30,66133.58,69.58000000000175,2
11355,2024-06-16 14:40:00+05:30,66202.7,2024-06-16 14:50:00+05:30,66346.01,143.30999999999767,2
11356,2024-06-17 01:00:00+05:30,66563.01,2024-06-17 01:50:00+05:30,66600.0,36.99000000000524,2
11357,2024-06-17 02:20:00+05:30,66484.68,2024-06-17 03:30:00+05:30,66678.71,194.0300000000134,2
11358,2024-06-17 06:45:00+05:30,66328.01,2024-06-17 08:35:00+05:30,66393.0,64.99000000000524,2
11359,2024-06-17 09:20:00+05:30,66216.0,2024-06-17 09:50:00+05:30,66332.0,116.0,2
11360,2024-06-17 12:40:00+05:30,65988.24,2024-06-17 12:55:00+05:30,66290.02,301.77999999999884,2
11361,2024-06-17 15:10:00+05:30,66020.03,2024-06-17 16:15:00+05:30,65924.49,-95.5399999999936,1
11362,2024-06-17 17:40:00+05:30,65703.7,2024-06-17 18:40:00+05:30,65713.47,9.770000000004075,2
11363,2024-06-17 19:00:00+05:30,65444.01,2024-06-17 19:55:00+05:30,65550.03,106.0199999999968,2
11364,2024-06-18 01:30:00+05:30,66461.7,2024-06-18 02:45:00+05:30,66553.4,91.69999999999709,2
11365,2024-06-18 05:45:00+05:30,66335.85,2024-06-18 07:10:00+05:30,64641.71,-1694.1400000000067,0
11366,2024-06-18 12:20:00+05:30,65422.02,2024-06-18 12:55:00+05:30,65656.0,233.9800000000032,2
11367,2024-06-18 14:45:00+05:30,65576.0,2024-06-18 17:15:00+05:30,65406.01,-169.98999999999796,1
11368,2024-06-18 17:55:00+05:30,65026.0,2024-06-18 18:25:00+05:30,65231.95,205.9499999999971,2
11369,2024-06-18 18:30:00+05:30,64884.9,2024-06-18 19:45:00+05:30,65108.04,223.13999999999942,2
11370,2024-06-19 01:15:00+05:30,64205.99,2024-06-19 01:45:00+05:30,64500.52,294.52999999999884,2
11371,2024-06-19 05:45:00+05:30,64930.33,2024-06-19 06:15:00+05:30,65068.01,137.6800000000003,2
11372,2024-06-19 12:55:00+05:30,65238.0,2024-06-19 14:30:00+05:30,65256.01,18.010000000002037,2
11373,2024-06-19 17:05:00+05:30,65045.88,2024-06-19 18:25:00+05:30,65192.21,146.33000000000175,2
11374,2024-06-19 19:35:00+05:30,65040.63,2024-06-19 20:40:00+05:30,65098.01,57.38000000000466,2
11375,2024-06-20 00:25:00+05:30,64973.0,2024-06-20 02:25:00+05:30,64874.76,-98.23999999999796,1
11376,2024-06-20 04:20:00+05:30,64890.89,2024-06-20 05:20:00+05:30,64950.1,59.20999999999913,2
11377,2024-06-20 09:40:00+05:30,65080.7,2024-06-20 09:50:00+05:30,65177.55,96.85000000000582,2
11378,2024-06-20 18:40:00+05:30,65778.01,2024-06-20 21:10:00+05:30,65074.0,-704.0099999999948,1
11379,2024-06-20 21:30:00+05:30,64648.5,2024-06-20 22:10:00+05:30,64855.42,206.91999999999825,2
11380,2024-06-21 05:20:00+05:30,64888.0,2024-06-21 06:10:00+05:30,64895.46,7.459999999999127,2
11381,2024-06-21 06:40:00+05:30,64671.74,2024-06-21 06:50:00+05:30,64839.62,167.88000000000466,2
11382,2024-06-21 09:20:00+05:30,64664.99,2024-06-21 10:25:00+05:30,64670.0,5.010000000002037,2
11383,2024-06-21 13:10:00+05:30,64554.48,2024-06-21 15:05:00+05:30,64074.26,-480.22000000000116,1
11384,2024-06-21 17:10:00+05:30,63726.6,2024-06-21 18:20:00+05:30,63810.85,84.25,2
11385,2024-06-21 19:20:00+05:30,63433.92,2024-06-21 19:35:00+05:30,63733.43,299.51000000000204,2
11386,2024-06-21 21:05:00+05:30,63578.02,2024-06-21 22:35:00+05:30,63830.02,252.0,2
11387,2024-06-21 22:50:00+05:30,63479.12,2024-06-21 23:10:00+05:30,63722.0,242.87999999999738,2
11388,2024-06-22 02:50:00+05:30,63925.29,2024-06-22 03:30:00+05:30,64129.98,204.69000000000233,2
11389,2024-06-22 06:05:00+05:30,63986.73,2024-06-22 06:35:00+05:30,64162.01,175.27999999999884,2
11390,2024-06-22 16:45:00+05:30,64253.99,2024-06-22 17:35:00+05:30,64294.48,40.49000000000524,2
11391,2024-06-22 23:20:00+05:30,64263.98,2024-06-23 00:00:00+05:30,64319.98,56.0,2
11392,2024-06-23 05:05:00+05:30,64270.82,2024-06-23 05:35:00+05:30,64334.73,63.91000000000349,2
11393,2024-06-23 15:35:00+05:30,64316.63,2024-06-23 17:25:00+05:30,64341.45,24.81999999999971,2
11394,2024-06-23 19:15:00+05:30,64257.06,2024-06-23 21:45:00+05:30,64180.0,-77.05999999999767,1
11395,2024-06-23 22:20:00+05:30,64003.99,2024-06-23 22:45:00+05:30,64168.41,164.42000000000553,2
11396,2024-06-24 01:45:00+05:30,64068.86,2024-06-24 03:10:00+05:30,63858.29,-210.5699999999997,1
11397,2024-06-24 04:45:00+05:30,63588.0,2024-06-24 06:55:00+05:30,63220.0,-368.0,1
11398,2024-06-24 08:20:00+05:30,62942.82,2024-06-24 10:00:00+05:30,62890.44,-52.37999999999738,1
11399,2024-06-24 10:45:00+05:30,62634.0,2024-06-24 12:25:00+05:30,62405.0,-229.0,1
11400,2024-06-24 14:55:00+05:30,62149.5,2024-06-24 16:55:00+05:30,60887.13,-1262.3700000000026,0
11401,2024-06-24 21:15:00+05:30,60973.49,2024-06-24 23:55:00+05:30,60430.01,-543.4799999999959,1
11402,2024-06-25 00:50:00+05:30,59955.56,2024-06-25 02:25:00+05:30,59514.0,-441.5599999999977,1
11403,2024-06-25 11:05:00+05:30,61096.06,2024-06-25 12:05:00+05:30,61174.01,77.95000000000437,2
11404,2024-06-25 12:55:00+05:30,60831.99,2024-06-25 14:20:00+05:30,60858.4,26.410000000003492,2
11405,2024-06-26 04:35:00+05:30,61759.97,2024-06-26 05:50:00+05:30,61784.88,24.909999999996217,2
11406,2024-06-26 09:35:00+05:30,61776.67,2024-06-26 12:20:00+05:30,61610.0,-166.66999999999825,1
11407,2024-06-26 13:45:00+05:30,61463.99,2024-06-26 15:00:00+05:30,61519.0,55.01000000000204,2
11408,2024-06-26 15:10:00+05:30,61363.28,2024-06-26 16:30:00+05:30,61380.98,17.700000000004366,2
11409,2024-06-26 20:40:00+05:30,61280.69,2024-06-26 21:35:00+05:30,61513.79,233.09999999999854,2
11410,2024-06-26 22:20:00+05:30,61215.27,2024-06-26 23:25:00+05:30,61242.0,26.7300000000032,2
11411,2024-06-27 00:30:00+05:30,60840.0,2024-06-27 01:20:00+05:30,61056.99,216.98999999999796,2
11412,2024-06-27 04:10:00+05:30,60842.66,2024-06-27 05:30:00+05:30,60878.01,35.349999999998545,2
11413,2024-06-27 10:45:00+05:30,60960.01,2024-06-27 12:45:00+05:30,60798.02,-161.99000000000524,1
11414,2024-06-28 00:30:00+05:30,61691.01,2024-06-28 02:05:00+05:30,61547.72,-143.29000000000087,1
11415,2024-06-28 05:55:00+05:30,61541.92,2024-06-28 06:40:00+05:30,61628.0,86.08000000000175,2
11416,2024-06-28 09:55:00+05:30,61540.91,2024-06-28 10:25:00+05:30,61750.44,209.52999999999884,2
11417,2024-06-28 13:10:00+05:30,61410.0,2024-06-28 14:25:00+05:30,61480.21,70.20999999999913,2
11418,2024-06-28 18:10:00+05:30,61510.01,2024-06-28 19:05:00+05:30,61622.85,112.83999999999651,2
11419,2024-06-28 19:45:00+05:30,61147.24,2024-06-28 21:20:00+05:30,61037.18,-110.05999999999767,1
11420,2024-06-29 00:45:00+05:30,60393.05,2024-06-29 02:40:00+05:30,60276.01,-117.04000000000087,1
11421,2024-06-29 08:20:00+05:30,60714.0,2024-06-29 09:10:00+05:30,60797.25,83.25,2
11422,2024-06-30 01:00:00+05:30,60933.99,2024-06-30 01:10:00+05:30,61043.56,109.56999999999971,2
11423,2024-06-30 02:45:00+05:30,60967.21,2024-06-30 02:50:00+05:30,61085.95,118.73999999999796,2
11424,2024-06-30 07:30:00+05:30,60907.74,2024-06-30 09:00:00+05:30,60882.62,-25.119999999995343,1
11425,2024-06-30 18:05:00+05:30,61356.01,2024-06-30 18:45:00+05:30,61570.11,214.09999999999854,2
11426,2024-07-01 05:30:00+05:30,62722.08,2024-07-01 06:10:00+05:30,62804.6,82.5199999999968,2
11427,2024-07-01 10:00:00+05:30,63312.09,2024-07-01 10:35:00+05:30,63360.01,47.92000000000553,2
11428,2024-07-01 13:20:00+05:30,63271.96,2024-07-01 15:25:00+05:30,62938.97,-332.98999999999796,1
11429,2024-07-01 16:30:00+05:30,62791.39,2024-07-01 17:50:00+05:30,62762.01,-29.37999999999738,1
11430,2024-07-02 01:05:00+05:30,63276.0,2024-07-02 02:20:00+05:30,63335.44,59.44000000000233,2
11431,2024-07-02 02:55:00+05:30,63138.0,2024-07-02 05:30:00+05:30,62936.34,-201.6600000000035,1
11432,2024-07-02 10:25:00+05:30,63038.01,2024-07-02 13:50:00+05:30,62724.01,-314.0,1
11433,2024-07-02 15:35:00+05:30,62519.99,2024-07-02 16:00:00+05:30,62667.99,148.0,2
11434,2024-07-02 19:25:00+05:30,62626.92,2024-07-02 22:15:00+05:30,61980.15,-646.7699999999968,1
11435,2024-07-03 00:55:00+05:30,62008.01,2024-07-03 02:15:00+05:30,62051.99,43.979999999995925,2
11436,2024-07-03 06:30:00+05:30,62013.03,2024-07-03 10:35:00+05:30,60998.45,-1014.5800000000017,1
11437,2024-07-03 13:35:00+05:30,60768.0,2024-07-03 13:45:00+05:30,60945.99,177.98999999999796,2
11438,2024-07-03 14:20:00+05:30,60660.0,2024-07-03 16:45:00+05:30,60350.0,-310.0,1
11439,2024-07-03 18:00:00+05:30,60103.93,2024-07-03 18:40:00+05:30,60192.69,88.76000000000204,2
11440,2024-07-03 20:30:00+05:30,60063.49,2024-07-03 20:50:00+05:30,60426.68,363.1900000000023,2
11441,2024-07-03 23:15:00+05:30,60241.39,2024-07-03 23:55:00+05:30,60397.99,156.59999999999854,2
11442,2024-07-04 00:30:00+05:30,60081.95,2024-07-04 02:35:00+05:30,59785.37,-296.57999999999447,1
11443,2024-07-04 05:25:00+05:30,60208.58,2024-07-04 05:45:00+05:30,60400.01,191.4300000000003,2
11444,2024-07-04 06:40:00+05:30,60121.87,2024-07-04 07:20:00+05:30,58908.84,-1213.030000000006,0
11445,2024-07-04 07:25:00+05:30,58561.1,2024-07-04 08:50:00+05:30,58908.0,346.90000000000146,2
11446,2024-07-04 09:50:00+05:30,58796.12,2024-07-04 10:20:00+05:30,59026.17,230.04999999999563,2
11447,2024-07-04 11:45:00+05:30,58785.99,2024-07-04 12:05:00+05:30,58871.34,85.34999999999854,2
11448,2024-07-04 12:45:00+05:30,58571.47,2024-07-04 14:45:00+05:30,57150.0,-1421.4700000000012,0
11449,2024-07-04 17:50:00+05:30,57456.02,2024-07-04 19:20:00+05:30,57401.2,-54.81999999999971,1
11450,2024-07-04 23:40:00+05:30,58029.99,2024-07-04 23:55:00+05:30,58204.0,174.01000000000204,2
11451,2024-07-05 04:05:00+05:30,58171.98,2024-07-05 05:30:00+05:30,56788.01,-1383.9700000000012,0
11452,2024-07-05 08:20:00+05:30,56334.02,2024-07-05 09:20:00+05:30,55199.99,-1134.0299999999988,0
11453,2024-07-05 09:45:00+05:30,53778.14,2024-07-05 11:10:00+05:30,54392.01,613.8700000000026,2
11454,2024-07-05 14:35:00+05:30,53954.15,2024-07-05 14:55:00+05:30,54370.08,415.9300000000003,2
11455,2024-07-05 18:25:00+05:30,55052.81,2024-07-05 18:40:00+05:30,55334.0,281.1900000000023,2
11456,2024-07-05 23:35:00+05:30,56173.99,2024-07-06 00:00:00+05:30,56551.5,377.51000000000204,2
11457,2024-07-06 05:30:00+05:30,56515.99,2024-07-06 06:00:00+05:30,56694.0,178.01000000000204,2
11458,2024-07-06 09:50:00+05:30,56263.15,2024-07-06 10:35:00+05:30,56331.28,68.12999999999738,2
11459,2024-07-06 14:45:00+05:30,56472.5,2024-07-06 15:10:00+05:30,56559.57,87.06999999999971,2
11460,2024-07-06 18:10:00+05:30,56614.27,2024-07-06 18:25:00+05:30,56755.47,141.20000000000437,2
11461,2024-07-07 10:20:00+05:30,57635.99,2024-07-07 11:00:00+05:30,57775.99,140.0,2
11462,2024-07-07 12:20:00+05:30,57626.0,2024-07-07 13:40:00+05:30,57484.99,-141.01000000000204,1
11463,2024-07-07 18:10:00+05:30,57229.98,2024-07-07 20:30:00+05:30,56821.1,-408.88000000000466,1
11464,2024-07-08 02:40:00+05:30,56734.0,2024-07-08 04:10:00+05:30,56600.01,-133.98999999999796,1
11465,2024-07-08 05:10:00+05:30,56056.0,2024-07-08 06:30:00+05:30,54791.11,-1264.8899999999994,0
11466,2024-07-08 06:35:00+05:30,54576.92,2024-07-08 07:30:00+05:30,55126.0,549.0800000000017,2
11467,2024-07-08 16:15:00+05:30,57194.0,2024-07-08 17:45:00+05:30,57165.22,-28.779999999998836,1
11468,2024-07-08 19:15:00+05:30,56856.01,2024-07-08 19:25:00+05:30,57236.01,380.0,2
11469,2024-07-08 19:55:00+05:30,55625.86,2024-07-08 20:50:00+05:30,56483.85,857.989999999998,2
11470,2024-07-08 21:55:00+05:30,55535.89,2024-07-08 22:40:00+05:30,55933.02,397.1299999999974,2
11471,2024-07-09 05:50:00+05:30,56440.0,2024-07-09 06:35:00+05:30,56769.99,329.98999999999796,2
11472,2024-07-09 15:50:00+05:30,57407.77,2024-07-09 16:55:00+05:30,57540.37,132.60000000000582,2
11473,2024-07-09 18:05:00+05:30,57269.87,2024-07-09 18:15:00+05:30,57471.38,201.50999999999476,2
11474,2024-07-09 18:35:00+05:30,57192.04,2024-07-09 19:00:00+05:30,57366.59,174.54999999999563,2
11475,2024-07-09 19:10:00+05:30,57127.39,2024-07-09 19:25:00+05:30,57325.27,197.87999999999738,2
11476,2024-07-09 23:10:00+05:30,57395.85,2024-07-09 23:40:00+05:30,57668.0,272.15000000000146,2
11477,2024-07-10 05:45:00+05:30,57747.98,2024-07-10 06:55:00+05:30,57781.96,33.979999999995925,2
11478,2024-07-10 13:10:00+05:30,58907.39,2024-07-10 16:00:00+05:30,58622.01,-285.3799999999974,1
11479,2024-07-10 18:00:00+05:30,57979.07,2024-07-10 20:40:00+05:30,57745.05,-234.0199999999968,1
11480,2024-07-10 22:15:00+05:30,57645.0,2024-07-10 23:30:00+05:30,57709.08,64.08000000000175,2
11481,2024-07-11 00:30:00+05:30,57474.05,2024-07-11 01:40:00+05:30,57506.43,32.37999999999738,2
11482,2024-07-11 01:55:00+05:30,57285.34,2024-07-11 02:25:00+05:30,57409.23,123.8900000000067,2
11483,2024-07-11 05:45:00+05:30,57505.85,2024-07-11 06:25:00+05:30,57628.89,123.04000000000087,2
11484,2024-07-11 08:45:00+05:30,57243.21,2024-07-11 09:40:00+05:30,57620.01,376.8000000000029,2
11485,2024-07-11 19:45:00+05:30,57819.17,2024-07-11 22:00:00+05:30,57698.9,-120.2699999999968,1
11486,2024-07-12 00:40:00+05:30,57658.01,2024-07-12 02:05:00+05:30,57516.0,-142.01000000000204,1
11487,2024-07-12 06:40:00+05:30,57031.99,2024-07-12 07:45:00+05:30,57095.99,64.0,2
11488,2024-07-12 13:00:00+05:30,56982.91,2024-07-12 13:35:00+05:30,57214.71,231.79999999999563,2
11489,2024-07-12 15:15:00+05:30,57010.0,2024-07-12 16:10:00+05:30,57156.27,146.2699999999968,2
11490,2024-07-13 00:50:00+05:30,57917.99,2024-07-13 02:30:00+05:30,57605.99,-312.0,1
11491,2024-07-13 14:20:00+05:30,58016.07,2024-07-13 14:50:00+05:30,58138.52,122.44999999999709,2
11492,2024-07-13 19:35:00+05:30,58504.01,2024-07-13 20:05:00+05:30,58631.06,127.04999999999563,2
11493,2024-07-13 22:00:00+05:30,58668.33,2024-07-13 23:20:00+05:30,58686.49,18.159999999996217,2
11494,2024-07-14 03:50:00+05:30,58464.0,2024-07-14 04:10:00+05:30,58776.0,312.0,2
11495,2024-07-14 07:50:00+05:30,59396.04,2024-07-14 08:35:00+05:30,59524.01,127.97000000000116,2
11496,2024-07-14 12:20:00+05:30,59834.06,2024-07-14 13:15:00+05:30,60038.02,203.95999999999913,2
11497,2024-07-14 16:25:00+05:30,59920.51,2024-07-14 17:05:00+05:30,60074.99,154.47999999999593,2
11498,2024-07-14 17:40:00+05:30,59876.01,2024-07-14 19:25:00+05:30,59701.93,-174.08000000000175,1
11499,2024-07-14 19:55:00+05:30,59514.02,2024-07-14 20:00:00+05:30,59738.01,223.99000000000524,2
11500,2024-07-15 01:10:00+05:30,59906.96,2024-07-15 01:45:00+05:30,59995.89,88.93000000000029,2
11501,2024-07-15 14:30:00+05:30,62680.0,2024-07-15 15:05:00+05:30,62884.0,204.0,2
11502,2024-07-15 16:20:00+05:30,62529.34,2024-07-15 17:30:00+05:30,62555.01,25.67000000000553,2
11503,2024-07-16 09:45:00+05:30,64562.37,2024-07-16 12:20:00+05:30,62983.07,-1579.300000000003,0
11504,2024-07-16 12:25:00+05:30,62899.64,2024-07-16 14:30:00+05:30,62885.21,-14.430000000000291,1
11505,2024-07-16 19:25:00+05:30,63419.99,2024-07-16 20:20:00+05:30,63738.01,318.0200000000041,2
11506,2024-07-17 03:35:00+05:30,64201.15,2024-07-17 04:15:00+05:30,64582.0,380.84999999999854,2
11507,2024-07-17 12:45:00+05:30,65364.0,2024-07-17 14:00:00+05:30,65411.46,47.45999999999913,2
11508,2024-07-17 16:30:00+05:30,65013.77,2024-07-17 18:00:00+05:30,64959.33,-54.43999999999505,1
11509,2024-07-17 21:35:00+05:30,64650.01,2024-07-17 23:00:00+05:30,64305.37,-344.6399999999994,1
11510,2024-07-18 02:30:00+05:30,64096.73,2024-07-18 03:10:00+05:30,64464.88,368.1499999999942,2
11511,2024-07-18 05:25:00+05:30,64087.99,2024-07-18 06:00:00+05:30,64305.47,217.4800000000032,2
11512,2024-07-18 10:00:00+05:30,64620.01,2024-07-18 11:00:00+05:30,64669.43,49.419999999998254,2
11513,2024-07-18 15:40:00+05:30,64660.2,2024-07-18 17:00:00+05:30,64664.01,3.8100000000049477,2
11514,2024-07-18 19:00:00+05:30,64658.87,2024-07-18 22:00:00+05:30,63787.22,-871.6500000000015,1
11515,2024-07-18 23:30:00+05:30,63544.01,2024-07-19 00:35:00+05:30,63571.08,27.06999999999971,2
11516,2024-07-19 00:50:00+05:30,63265.04,2024-07-19 01:00:00+05:30,63542.3,277.26000000000204,2
11517,2024-07-19 05:30:00+05:30,63915.24,2024-07-19 07:05:00+05:30,63700.0,-215.23999999999796,1
11518,2024-07-19 12:40:00+05:30,63950.0,2024-07-19 14:05:00+05:30,63823.0,-127.0,1
11519,2024-07-20 04:20:00+05:30,66658.5,2024-07-20 05:35:00+05:30,66788.27,129.77000000000407,2
11520,2024-07-20 05:50:00+05:30,66578.0,2024-07-20 06:40:00+05:30,66636.0,58.0,2
11521,2024-07-20 10:50:00+05:30,66500.0,2024-07-20 11:35:00+05:30,66582.0,82.0,2
11522,2024-07-20 13:30:00+05:30,66518.0,2024-07-20 13:45:00+05:30,66622.54,104.5399999999936,2
11523,2024-07-20 14:15:00+05:30,66483.3,2024-07-20 14:40:00+05:30,66575.0,91.69999999999709,2
11524,2024-07-20 18:40:00+05:30,66420.4,2024-07-20 18:50:00+05:30,66549.6,129.20000000001164,2
11525,2024-07-21 01:05:00+05:30,67190.15,2024-07-21 01:40:00+05:30,67370.0,179.85000000000582,2
11526,2024-07-21 02:30:00+05:30,66976.18,2024-07-21 03:30:00+05:30,67274.0,297.820000000007,2
11527,2024-07-21 04:10:00+05:30,66882.0,2024-07-21 04:25:00+05:30,67114.0,232.0,2
11528,2024-07-21 06:05:00+05:30,67044.0,2024-07-21 06:45:00+05:30,67123.01,79.00999999999476,2
11529,2024-07-21 08:55:00+05:30,67244.0,2024-07-21 11:20:00+05:30,67075.99,-168.00999999999476,1
11530,2024-07-21 11:45:00+05:30,66748.0,2024-07-21 13:15:00+05:30,66751.13,3.1300000000046566,2
11531,2024-07-21 16:25:00+05:30,66798.87,2024-07-21 17:25:00+05:30,66879.99,81.1200000000099,2
11532,2024-07-21 19:00:00+05:30,66715.92,2024-07-21 19:40:00+05:30,66950.01,234.0899999999965,2
11533,2024-07-21 23:20:00+05:30,66679.0,2024-07-22 00:00:00+05:30,67196.01,517.0099999999948,2
11534,2024-07-22 07:00:00+05:30,67831.98,2024-07-22 07:55:00+05:30,68114.01,282.02999999999884,2
11535,2024-07-22 10:45:00+05:30,67760.01,2024-07-22 13:35:00+05:30,67312.23,-447.77999999999884,1
11536,2024-07-22 14:15:00+05:30,67085.32,2024-07-22 14:40:00+05:30,67246.01,160.68999999998778,2
11537,2024-07-22 19:15:00+05:30,67270.0,2024-07-22 21:05:00+05:30,67009.54,-260.4600000000064,1
11538,2024-07-23 02:50:00+05:30,67714.0,2024-07-23 05:10:00+05:30,67574.0,-140.0,1
11539,2024-07-23 06:35:00+05:30,67346.0,2024-07-23 07:30:00+05:30,67448.0,102.0,2
11540,2024-07-23 09:50:00+05:30,67390.01,2024-07-23 11:40:00+05:30,66704.01,-686.0,1
11541,2024-07-23 12:55:00+05:30,66321.95,2024-07-23 13:25:00+05:30,66576.0,254.0500000000029,2
11542,2024-07-23 16:30:00+05:30,66662.68,2024-07-23 18:50:00+05:30,66608.01,-54.669999999998254,1
11543,2024-07-23 19:15:00+05:30,66214.01,2024-07-23 19:40:00+05:30,66446.9,232.88999999999942,2
11544,2024-07-23 22:20:00+05:30,65912.0,2024-07-23 23:50:00+05:30,66032.01,120.00999999999476,2
11545,2024-07-24 01:05:00+05:30,65661.98,2024-07-24 02:05:00+05:30,65790.0,128.02000000000407,2
11546,2024-07-24 07:15:00+05:30,65638.79,2024-07-24 08:20:00+05:30,65789.94,151.15000000000873,2
11547,2024-07-24 10:10:00+05:30,65833.99,2024-07-24 11:25:00+05:30,65814.01,-19.980000000010477,1
11548,2024-07-24 18:15:00+05:30,66268.38,2024-07-24 18:40:00+05:30,66440.0,171.61999999999534,2
11549,2024-07-24 20:50:00+05:30,66217.75,2024-07-24 22:05:00+05:30,66340.03,122.27999999999884,2
11550,2024-07-24 23:50:00+05:30,66306.0,2024-07-25 01:45:00+05:30,65872.02,-433.9799999999959,1
11551,2024-07-25 03:05:00+05:30,65432.32,2024-07-25 05:20:00+05:30,65402.01,-30.30999999999767,1
11552,2024-07-25 06:35:00+05:30,64374.54,2024-07-25 08:55:00+05:30,64266.01,-108.52999999999884,1
11553,2024-07-25 09:30:00+05:30,63890.0,2024-07-25 09:40:00+05:30,64127.41,237.4100000000035,2
11554,2024-07-25 13:30:00+05:30,64014.28,2024-07-25 14:05:00+05:30,64196.0,181.72000000000116,2
11555,2024-07-25 15:40:00+05:30,64126.01,2024-07-25 16:30:00+05:30,64185.99,59.979999999995925,2
11556,2024-07-25 18:10:00+05:30,63958.01,2024-07-25 18:45:00+05:30,64190.0,231.98999999999796,2
11557,2024-07-25 19:30:00+05:30,63754.01,2024-07-25 19:55:00+05:30,64250.0,495.98999999999796,2
11558,2024-07-26 00:15:00+05:30,64623.04,2024-07-26 00:50:00+05:30,64894.01,270.97000000000116,2
11559,2024-07-26 18:10:00+05:30,67130.0,2024-07-26 18:25:00+05:30,67314.01,184.00999999999476,2
11560,2024-07-26 22:25:00+05:30,67396.0,2024-07-26 22:55:00+05:30,67570.0,174.0,2
11561,2024-07-27 02:10:00+05:30,67437.99,2024-07-27 02:45:00+05:30,67780.0,342.00999999999476,2
11562,2024-07-27 06:05:00+05:30,67836.01,2024-07-27 07:50:00+05:30,67782.63,-53.379999999990105,1
11563,2024-07-27 14:05:00+05:30,67912.0,2024-07-27 14:40:00+05:30,68085.53,173.52999999999884,2
11564,2024-07-27 16:40:00+05:30,68058.0,2024-07-27 17:00:00+05:30,68175.19,117.19000000000233,2
11565,2024-07-27 22:45:00+05:30,68484.34,2024-07-27 23:35:00+05:30,68682.01,197.66999999999825,2
11566,2024-07-28 00:35:00+05:30,68245.36,2024-07-28 02:05:00+05:30,66824.0,-1421.3600000000006,0
11567,2024-07-28 04:35:00+05:30,68382.01,2024-07-28 06:05:00+05:30,68038.94,-343.06999999999243,1
11568,2024-07-28 09:25:00+05:30,67940.95,2024-07-28 11:30:00+05:30,67476.0,-464.9499999999971,1
11569,2024-07-28 14:05:00+05:30,67256.0,2024-07-28 14:30:00+05:30,67448.01,192.00999999999476,2
11570,2024-07-28 19:45:00+05:30,67832.01,2024-07-28 21:10:00+05:30,67762.01,-70.0,1
11571,2024-07-29 01:35:00+05:30,68040.01,2024-07-29 03:05:00+05:30,68069.0,28.99000000000524,2
11572,2024-07-29 14:10:00+05:30,69410.01,2024-07-29 14:30:00+05:30,69546.98,136.97000000000116,2
11573,2024-07-29 17:35:00+05:30,69440.01,2024-07-29 17:55:00+05:30,69720.71,280.70000000001164,2
11574,2024-07-29 19:20:00+05:30,69147.78,2024-07-29 21:00:00+05:30,67748.01,-1399.770000000004,0
11575,2024-07-29 21:55:00+05:30,67345.93,2024-07-29 23:30:00+05:30,67246.0,-99.92999999999302,1
11576,2024-07-30 01:50:00+05:30,67202.0,2024-07-30 02:10:00+05:30,67370.0,168.0,2
11577,2024-07-30 02:50:00+05:30,67072.07,2024-07-30 03:05:00+05:30,67321.18,249.10999999998603,2
11578,2024-07-30 04:35:00+05:30,67038.72,2024-07-30 06:30:00+05:30,66692.0,-346.72000000000116,1
11579,2024-07-30 07:50:00+05:30,66053.73,2024-07-30 08:20:00+05:30,66392.01,338.27999999999884,2
11580,2024-07-30 11:00:00+05:30,66360.01,2024-07-30 11:40:00+05:30,66604.02,244.0100000000093,2
11581,2024-07-30 14:20:00+05:30,66768.01,2024-07-30 14:40:00+05:30,66896.01,128.0,2
11582,2024-07-30 15:10:00+05:30,66682.01,2024-07-30 16:20:00+05:30,66630.62,-51.38999999999942,1
11583,2024-07-30 17:50:00+05:30,66442.58,2024-07-30 18:05:00+05:30,66650.01,207.42999999999302,2
11584,2024-07-30 20:25:00+05:30,65810.0,2024-07-30 20:55:00+05:30,66232.0,422.0,2
11585,2024-07-30 22:45:00+05:30,65899.99,2024-07-30 23:50:00+05:30,65978.15,78.15999999998894,2
11586,2024-07-31 00:15:00+05:30,65644.01,2024-07-31 01:15:00+05:30,65973.65,329.6399999999994,2
11587,2024-07-31 01:35:00+05:30,65417.44,2024-07-31 01:45:00+05:30,65962.0,544.5599999999977,2
11588,2024-07-31 05:30:00+05:30,66095.88,2024-07-31 06:05:00+05:30,66148.01,52.129999999990105,2
11589,2024-07-31 09:40:00+05:30,65846.0,2024-07-31 11:00:00+05:30,65852.69,6.690000000002328,2
11590,2024-07-31 13:25:00+05:30,66224.0,2024-07-31 14:05:00+05:30,66323.98,99.97999999999593,2
11591,2024-07-31 15:30:00+05:30,66188.0,2024-07-31 16:45:00+05:30,66127.24,-60.75999999999476,1
11592,2024-07-31 23:50:00+05:30,66170.01,2024-08-01 00:10:00+05:30,66546.0,375.99000000000524,2
11593,2024-08-01 00:50:00+05:30,65915.07,2024-08-01 02:05:00+05:30,64566.0,-1349.070000000007,0
11594,2024-08-01 06:15:00+05:30,64472.39,2024-08-01 06:30:00+05:30,64744.01,271.6200000000026,2
11595,2024-08-01 06:50:00+05:30,64434.01,2024-08-01 08:55:00+05:30,64040.01,-394.0,1
11596,2024-08-01 10:15:00+05:30,63717.19,2024-08-01 10:40:00+05:30,63949.81,232.61999999999534,2
11597,2024-08-01 15:30:00+05:30,64382.0,2024-08-01 16:15:00+05:30,64512.01,130.01000000000204,2
11598,2024-08-01 19:05:00+05:30,64504.0,2024-08-01 19:15:00+05:30,64880.0,376.0,2
11599,2024-08-01 19:45:00+05:30,64397.65,2024-08-01 20:55:00+05:30,62983.99,-1413.6600000000035,0
11600,2024-08-01 21:00:00+05:30,62894.0,2024-08-01 23:20:00+05:30,62972.24,78.23999999999796,2
11601,2024-08-02 06:30:00+05:30,64813.75,2024-08-02 08:45:00+05:30,64430.08,-383.66999999999825,1
11602,2024-08-02 10:40:00+05:30,64311.99,2024-08-02 12:05:00+05:30,64236.73,-75.25999999999476,1
11603,2024-08-02 17:50:00+05:30,64541.01,2024-08-02 18:20:00+05:30,64750.0,208.98999999999796,2
11604,2024-08-02 20:05:00+05:30,64280.68,2024-08-02 20:35:00+05:30,62686.0,-1594.6800000000003,0
11605,2024-08-02 23:35:00+05:30,62973.52,2024-08-03 01:30:00+05:30,62996.13,22.610000000000582,2
11606,2024-08-03 02:00:00+05:30,62399.99,2024-08-03 03:35:00+05:30,62208.0,-191.98999999999796,1
11607,2024-08-03 04:15:00+05:30,61543.99,2024-08-03 05:40:00+05:30,61588.02,44.029999999998836,2
11608,2024-08-03 06:20:00+05:30,61200.0,2024-08-03 07:20:00+05:30,61302.0,102.0,2
11609,2024-08-03 10:20:00+05:30,61473.11,2024-08-03 11:20:00+05:30,61681.37,208.26000000000204,2
11610,2024-08-03 13:15:00+05:30,61637.97,2024-08-03 15:00:00+05:30,61652.47,14.5,2
11611,2024-08-03 20:45:00+05:30,61792.01,2024-08-03 23:10:00+05:30,60797.91,-994.0999999999985,1
11612,2024-08-04 00:00:00+05:30,60244.0,2024-08-04 01:15:00+05:30,60557.44,313.4400000000023,2
11613,2024-08-04 02:35:00+05:30,59970.85,2024-08-04 02:45:00+05:30,60445.37,474.5200000000041,2
11614,2024-08-04 04:40:00+05:30,60488.0,2024-08-04 04:45:00+05:30,60645.63,157.62999999999738,2
11615,2024-08-04 06:35:00+05:30,60543.75,2024-08-04 07:20:00+05:30,60720.01,176.26000000000204,2
11616,2024-08-04 10:10:00+05:30,60644.0,2024-08-04 11:00:00+05:30,60762.15,118.15000000000146,2
11617,2024-08-04 12:55:00+05:30,60595.67,2024-08-04 14:00:00+05:30,60522.0,-73.66999999999825,1
11618,2024-08-04 19:35:00+05:30,60764.0,2024-08-04 20:30:00+05:30,59384.0,-1380.0,0
11619,2024-08-04 22:25:00+05:30,58663.9,2024-08-04 23:10:00+05:30,57368.0,-1295.9000000000015,0
11620,2024-08-05 02:55:00+05:30,58586.01,2024-08-05 03:40:00+05:30,59007.99,421.9799999999959,2
11621,2024-08-05 05:20:00+05:30,58071.89,2024-08-05 06:05:00+05:30,56786.0,-1285.8899999999994,0
11622,2024-08-05 06:10:00+05:30,56722.0,2024-08-05 06:35:00+05:30,54783.17,-1938.8300000000017,0
11623,2024-08-05 06:40:00+05:30,53928.0,2024-08-05 08:15:00+05:30,54436.41,508.4100000000035,2
11624,2024-08-05 10:20:00+05:30,53505.99,2024-08-05 11:00:00+05:30,53784.0,278.01000000000204,2
11625,2024-08-05 11:35:00+05:30,52077.82,2024-08-05 11:45:00+05:30,50894.0,-1183.8199999999997,0
11626,2024-08-05 11:50:00+05:30,49338.49,2024-08-05 12:35:00+05:30,51830.0,2491.510000000002,2
11627,2024-08-05 15:15:00+05:30,51874.26,2024-08-05 15:25:00+05:30,52667.8,793.5400000000009,2
11628,2024-08-05 15:35:00+05:30,51930.0,2024-08-05 16:05:00+05:30,50686.0,-1244.0,0
11629,2024-08-05 17:45:00+05:30,50418.02,2024-08-05 19:00:00+05:30,51273.99,855.9700000000012,2
11630,2024-08-05 23:50:00+05:30,53702.0,2024-08-06 01:25:00+05:30,53470.09,-231.9100000000035,1
11631,2024-08-06 05:10:00+05:30,54304.0,2024-08-06 05:35:00+05:30,54697.99,393.98999999999796,2
11632,2024-08-06 09:30:00+05:30,55392.02,2024-08-06 10:55:00+05:30,55534.02,142.0,2
11633,2024-08-06 12:40:00+05:30,55505.5,2024-08-06 13:00:00+05:30,55812.0,306.5,2
11634,2024-08-06 13:55:00+05:30,55422.01,2024-08-06 15:10:00+05:30,55138.01,-284.0,1
11635,2024-08-06 18:15:00+05:30,54849.99,2024-08-06 18:55:00+05:30,55152.01,302.0200000000041,2
11636,2024-08-07 02:15:00+05:30,56292.01,2024-08-07 02:30:00+05:30,56620.01,328.0,2
11637,2024-08-07 02:40:00+05:30,56208.0,2024-08-07 03:25:00+05:30,56458.01,250.01000000000204,2
11638,2024-08-07 03:55:00+05:30,56056.01,2024-08-07 04:35:00+05:30,56409.83,353.8199999999997,2
11639,2024-08-07 05:40:00+05:30,55682.0,2024-08-07 06:00:00+05:30,56050.0,368.0,2
11640,2024-08-07 11:10:00+05:30,56830.01,2024-08-07 13:15:00+05:30,57044.0,213.98999999999796,2
11641,2024-08-07 16:30:00+05:30,57226.0,2024-08-07 17:45:00+05:30,57266.11,40.11000000000058,2
11642,2024-08-07 19:20:00+05:30,56815.25,2024-08-07 21:25:00+05:30,56094.5,-720.75,1
11643,2024-08-07 22:45:00+05:30,55510.02,2024-08-08 01:15:00+05:30,54965.19,-544.8299999999945,1
11644,2024-08-08 03:45:00+05:30,54756.01,2024-08-08 04:10:00+05:30,55182.0,425.98999999999796,2
11645,2024-08-08 09:25:00+05:30,57049.74,2024-08-08 10:55:00+05:30,56971.94,-77.79999999999563,1
11646,2024-08-08 14:35:00+05:30,56986.42,2024-08-08 15:00:00+05:30,57222.4,235.9800000000032,2
11647,2024-08-08 17:35:00+05:30,57237.62,2024-08-08 18:00:00+05:30,58382.01,1144.3899999999994,2
11648,2024-08-09 06:30:00+05:30,60819.98,2024-08-09 07:05:00+05:30,61524.03,704.0499999999956,2
11649,2024-08-09 09:55:00+05:30,61019.99,2024-08-09 11:25:00+05:30,60989.0,-30.989999999997963,1
11650,2024-08-09 13:40:00+05:30,60654.99,2024-08-09 13:55:00+05:30,60941.99,287.0,2
11651,2024-08-09 15:30:00+05:30,60678.01,2024-08-09 16:45:00+05:30,60650.0,-28.010000000002037,1
11652,2024-08-09 17:55:00+05:30,60398.01,2024-08-09 18:30:00+05:30,60596.97,198.95999999999913,2
11653,2024-08-09 18:50:00+05:30,60186.01,2024-08-09 19:20:00+05:30,60394.0,207.98999999999796,2
11654,2024-08-09 20:00:00+05:30,59755.62,2024-08-09 20:20:00+05:30,60450.16,694.5400000000009,2
11655,2024-08-09 23:45:00+05:30,59978.79,2024-08-10 00:15:00+05:30,60297.32,318.52999999999884,2
11656,2024-08-10 02:35:00+05:30,60124.92,2024-08-10 03:25:00+05:30,60732.01,607.0900000000038,2
11657,2024-08-10 08:30:00+05:30,60418.0,2024-08-10 10:25:00+05:30,60413.49,-4.510000000002037,1
11658,2024-08-10 18:10:00+05:30,60764.1,2024-08-10 20:05:00+05:30,60617.04,-147.05999999999767,1
11659,2024-08-10 21:25:00+05:30,60515.89,2024-08-10 21:50:00+05:30,60644.39,128.5,2
11660,2024-08-11 04:30:00+05:30,60854.0,2024-08-11 05:25:00+05:30,60923.51,69.51000000000204,2
11661,2024-08-11 15:30:00+05:30,60970.24,2024-08-11 19:10:00+05:30,60431.47,-538.7699999999968,1
11662,2024-08-11 20:30:00+05:30,60053.02,2024-08-11 22:00:00+05:30,60255.78,202.76000000000204,2
11663,2024-08-12 00:40:00+05:30,60081.18,2024-08-12 01:45:00+05:30,58824.09,-1257.0900000000038,0
11664,2024-08-12 01:50:00+05:30,58651.73,2024-08-12 03:05:00+05:30,58799.99,148.25999999999476,2
11665,2024-08-12 06:00:00+05:30,58425.13,2024-08-12 06:45:00+05:30,58743.99,318.8600000000006,2
11666,2024-08-12 11:35:00+05:30,58424.06,2024-08-12 13:00:00+05:30,58673.88,249.8199999999997,2
11667,2024-08-12 19:05:00+05:30,59179.99,2024-08-12 19:40:00+05:30,59340.94,160.95000000000437,2
11668,2024-08-12 23:15:00+05:30,59479.99,2024-08-13 00:45:00+05:30,59228.01,-251.97999999999593,1
11669,2024-08-13 02:20:00+05:30,58916.06,2024-08-13 03:05:00+05:30,59111.58,195.52000000000407,2
11670,2024-08-13 07:45:00+05:30,59391.26,2024-08-13 10:00:00+05:30,59199.98,-191.27999999999884,1
11671,2024-08-13 11:45:00+05:30,59052.0,2024-08-13 12:05:00+05:30,59252.0,200.0,2
11672,2024-08-13 14:00:00+05:30,58984.19,2024-08-13 16:45:00+05:30,58792.68,-191.51000000000204,1
11673,2024-08-14 00:50:00+05:30,60373.29,2024-08-14 01:15:00+05:30,60969.35,596.0599999999977,2
11674,2024-08-14 10:30:00+05:30,60879.99,2024-08-14 10:40:00+05:30,61082.01,202.02000000000407,2
11675,2024-08-14 11:35:00+05:30,60694.91,2024-08-14 12:25:00+05:30,60861.5,166.5899999999965,2
11676,2024-08-14 13:45:00+05:30,60667.99,2024-08-14 13:55:00+05:30,60849.53,181.54000000000087,2
11677,2024-08-14 18:35:00+05:30,60906.23,2024-08-14 19:25:00+05:30,59611.92,-1294.310000000005,0
11678,2024-08-14 19:30:00+05:30,59522.0,2024-08-14 21:10:00+05:30,59675.01,153.01000000000204,2
11679,2024-08-15 00:10:00+05:30,58929.51,2024-08-15 01:30:00+05:30,58967.99,38.479999999995925,2
11680,2024-08-15 03:30:00+05:30,58628.0,2024-08-15 04:00:00+05:30,58987.99,359.98999999999796,2
11681,2024-08-15 05:15:00+05:30,58749.76,2024-08-15 05:55:00+05:30,58898.0,148.23999999999796,2
11682,2024-08-15 07:25:00+05:30,58204.93,2024-08-15 08:55:00+05:30,58441.64,236.70999999999913,2
11683,2024-08-15 09:40:00+05:30,58294.17,2024-08-15 10:20:00+05:30,58403.99,109.81999999999971,2
11684,2024-08-15 11:50:00+05:30,58054.0,2024-08-15 13:25:00+05:30,58060.37,6.370000000002619,2
11685,2024-08-15 22:35:00+05:30,59309.34,2024-08-15 23:40:00+05:30,57907.21,-1402.1299999999974,0
11686,2024-08-15 23:45:00+05:30,57606.37,2024-08-16 02:40:00+05:30,56956.61,-649.760000000002,1
11687,2024-08-16 05:55:00+05:30,57402.23,2024-08-16 06:30:00+05:30,57579.99,177.75999999999476,2
11688,2024-08-16 06:45:00+05:30,57168.53,2024-08-16 07:25:00+05:30,57540.96,372.4300000000003,2
11689,2024-08-16 17:45:00+05:30,58156.34,2024-08-16 18:45:00+05:30,58653.64,497.3000000000029,2
11690,2024-08-16 20:55:00+05:30,57844.15,2024-08-16 21:25:00+05:30,58071.06,226.90999999999622,2
11691,2024-08-17 02:10:00+05:30,59227.15,2024-08-17 04:00:00+05:30,59128.26,-98.88999999999942,1
11692,2024-08-17 04:20:00+05:30,58982.64,2024-08-17 05:00:00+05:30,59008.83,26.19000000000233,2
11693,2024-08-17 12:35:00+05:30,59096.3,2024-08-17 12:55:00+05:30,59184.0,87.69999999999709,2
11694,2024-08-17 17:10:00+05:30,59087.81,2024-08-17 17:30:00+05:30,59154.26,66.45000000000437,2
11695,2024-08-17 23:25:00+05:30,59428.57,2024-08-18 00:30:00+05:30,59459.99,31.419999999998254,2
11696,2024-08-18 01:55:00+05:30,59380.82,2024-08-18 04:00:00+05:30,59316.03,-64.79000000000087,1
11697,2024-08-18 13:30:00+05:30,59488.39,2024-08-18 14:00:00+05:30,59617.45,129.05999999999767,2
11698,2024-08-18 19:25:00+05:30,59828.0,2024-08-18 20:55:00+05:30,59848.23,20.2300000000032,2
11699,2024-08-18 22:35:00+05:30,59731.21,2024-08-19 00:00:00+05:30,59604.0,-127.20999999999913,1
11700,2024-08-19 03:05:00+05:30,59588.45,2024-08-19 05:30:00+05:30,58374.0,-1214.449999999997,0
11701,2024-08-19 09:50:00+05:30,58545.5,2024-08-19 11:05:00+05:30,58558.0,12.5,2
11702,2024-08-19 15:15:00+05:30,58196.75,2024-08-19 16:35:00+05:30,58164.2,-32.55000000000291,1
11703,2024-08-20 12:35:00+05:30,60880.86,2024-08-20 14:30:00+05:30,60853.56,-27.30000000000291,1
11704,2024-08-20 16:05:00+05:30,60687.4,2024-08-20 17:40:00+05:30,60693.94,6.540000000000873,2
11705,2024-08-20 19:45:00+05:30,60094.99,2024-08-20 20:35:00+05:30,58841.67,-1253.3199999999997,0
11706,2024-08-21 02:25:00+05:30,59317.57,2024-08-21 03:30:00+05:30,59351.57,34.0,2
11707,2024-08-21 04:50:00+05:30,59167.99,2024-08-21 05:45:00+05:30,59251.99,84.0,2
11708,2024-08-21 06:25:00+05:30,58989.0,2024-08-21 07:10:00+05:30,59117.12,128.12000000000262,2
11709,2024-08-21 13:40:00+05:30,59451.53,2024-08-21 15:35:00+05:30,59340.09,-111.44000000000233,1
11710,2024-08-21 19:00:00+05:30,59166.34,2024-08-21 19:25:00+05:30,59928.0,761.6600000000035,2
11711,2024-08-22 04:30:00+05:30,61128.21,2024-08-22 07:25:00+05:30,60970.0,-158.20999999999913,1
11712,2024-08-22 07:45:00+05:30,60768.65,2024-08-22 09:20:00+05:30,60495.34,-273.31000000000495,1
11713,2024-08-22 17:45:00+05:30,61115.47,2024-08-22 17:55:00+05:30,61264.89,149.41999999999825,2
11714,2024-08-22 18:00:00+05:30,60893.99,2024-08-22 20:30:00+05:30,60727.06,-166.9300000000003,1
11715,2024-08-22 21:05:00+05:30,60253.01,2024-08-22 21:50:00+05:30,60488.72,235.70999999999913,2
11716,2024-08-22 23:20:00+05:30,60176.0,2024-08-22 23:45:00+05:30,60498.0,322.0,2
11717,2024-08-23 04:35:00+05:30,60313.13,2024-08-23 05:35:00+05:30,60506.02,192.88999999999942,2
11718,2024-08-23 08:55:00+05:30,60597.68,2024-08-23 09:40:00+05:30,60650.0,52.31999999999971,2
11719,2024-08-23 15:15:00+05:30,61089.39,2024-08-23 17:50:00+05:30,60876.02,-213.37000000000262,1
11720,2024-08-24 04:25:00+05:30,64084.96,2024-08-24 06:15:00+05:30,64062.39,-22.56999999999971,1
11721,2024-08-24 06:45:00+05:30,63762.98,2024-08-24 07:35:00+05:30,63895.56,132.57999999999447,2
11722,2024-08-24 16:20:00+05:30,64175.22,2024-08-24 17:35:00+05:30,64123.0,-52.220000000001164,1
11723,2024-08-24 20:35:00+05:30,64077.99,2024-08-24 21:45:00+05:30,64085.99,8.0,2
11724,2024-08-24 23:30:00+05:30,63978.0,2024-08-24 23:50:00+05:30,64317.34,339.3399999999965,2
11725,2024-08-25 02:30:00+05:30,64030.0,2024-08-25 04:05:00+05:30,63965.0,-65.0,1
11726,2024-08-25 07:05:00+05:30,64103.99,2024-08-25 07:50:00+05:30,64235.39,131.40000000000146,2
11727,2024-08-25 09:05:00+05:30,64033.99,2024-08-25 10:05:00+05:30,64135.0,101.01000000000204,2
11728,2024-08-25 11:35:00+05:30,64063.0,2024-08-25 13:35:00+05:30,63940.37,-122.62999999999738,1
11729,2024-08-26 10:55:00+05:30,63885.21,2024-08-26 12:05:00+05:30,63957.44,72.2300000000032,2
11730,2024-08-26 12:20:00+05:30,63721.01,2024-08-26 13:35:00+05:30,63776.98,55.970000000001164,2
11731,2024-08-26 15:00:00+05:30,63560.0,2024-08-26 15:20:00+05:30,63764.99,204.98999999999796,2
11732,2024-08-26 18:00:00+05:30,63683.0,2024-08-26 18:45:00+05:30,63822.99,139.98999999999796,2
11733,2024-08-26 19:45:00+05:30,63315.52,2024-08-26 21:10:00+05:30,63486.0,170.4800000000032,2
11734,2024-08-26 23:15:00+05:30,63318.49,2024-08-26 23:55:00+05:30,63540.63,222.13999999999942,2
11735,2024-08-27 02:45:00+05:30,63106.0,2024-08-27 04:40:00+05:30,63070.0,-36.0,1
11736,2024-08-27 06:25:00+05:30,62722.0,2024-08-27 06:30:00+05:30,63072.72,350.72000000000116,2
11737,2024-08-27 08:10:00+05:30,62938.99,2024-08-27 09:15:00+05:30,62959.99,21.0,2
11738,2024-08-27 11:55:00+05:30,62937.86,2024-08-27 13:00:00+05:30,62941.83,3.970000000001164,2
11739,2024-08-27 15:10:00+05:30,62630.99,2024-08-27 16:50:00+05:30,62472.82,-158.16999999999825,1
11740,2024-08-27 19:05:00+05:30,62177.99,2024-08-27 21:40:00+05:30,61852.01,-325.9799999999959,1
11741,2024-08-28 01:40:00+05:30,61928.0,2024-08-28 03:15:00+05:30,60225.76,-1702.239999999998,0
11742,2024-08-28 03:20:00+05:30,60215.99,2024-08-28 03:40:00+05:30,58394.7,-1821.2900000000009,0
11743,2024-08-28 05:50:00+05:30,59003.0,2024-08-28 07:10:00+05:30,59181.11,178.11000000000058,2
11744,2024-08-28 10:20:00+05:30,59366.08,2024-08-28 11:05:00+05:30,59481.1,115.0199999999968,2
11745,2024-08-28 11:50:00+05:30,59231.1,2024-08-28 13:45:00+05:30,58978.99,-252.11000000000058,1
11746,2024-08-28 18:35:00+05:30,59823.99,2024-08-28 19:45:00+05:30,59818.0,-5.989999999997963,1
11747,2024-08-28 20:10:00+05:30,59209.43,2024-08-28 21:50:00+05:30,57946.34,-1263.0900000000038,0
11748,2024-08-29 01:50:00+05:30,58667.99,2024-08-29 02:05:00+05:30,59357.17,689.1800000000003,2
11749,2024-08-29 03:40:00+05:30,58997.01,2024-08-29 04:25:00+05:30,59195.43,198.41999999999825,2
11750,2024-08-29 06:00:00+05:30,58935.0,2024-08-29 06:10:00+05:30,59126.0,191.0,2
11751,2024-08-29 13:35:00+05:30,59465.41,2024-08-29 14:25:00+05:30,59551.97,86.55999999999767,2
11752,2024-08-29 21:55:00+05:30,60606.0,2024-08-29 23:10:00+05:30,60585.62,-20.37999999999738,1
11753,2024-08-29 23:40:00+05:30,59999.99,2024-08-30 01:05:00+05:30,59579.61,-420.3799999999974,1
11754,2024-08-30 03:30:00+05:30,59304.96,2024-08-30 04:35:00+05:30,59320.0,15.040000000000873,2
11755,2024-08-30 06:55:00+05:30,59066.01,2024-08-30 07:20:00+05:30,59261.0,194.98999999999796,2
11756,2024-08-30 08:35:00+05:30,59045.01,2024-08-30 09:35:00+05:30,59087.99,42.979999999995925,2
11757,2024-08-30 10:35:00+05:30,58940.77,2024-08-30 11:40:00+05:30,58929.99,-10.779999999998836,1
11758,2024-08-30 16:40:00+05:30,59465.71,2024-08-30 17:40:00+05:30,59540.0,74.29000000000087,2
11759,2024-08-30 19:15:00+05:30,59202.0,2024-08-30 19:25:00+05:30,59653.0,451.0,2
11760,2024-08-30 19:50:00+05:30,59158.0,2024-08-30 22:00:00+05:30,57922.26,-1235.739999999998,0
11761,2024-08-31 07:45:00+05:30,59178.99,2024-08-31 08:55:00+05:30,59194.99,16.0,2
11762,2024-08-31 11:25:00+05:30,59212.0,2024-08-31 12:00:00+05:30,59257.3,45.30000000000291,2
11763,2024-08-31 12:20:00+05:30,59174.0,2024-08-31 14:00:00+05:30,59120.0,-54.0,1
11764,2024-08-31 14:15:00+05:30,59029.0,2024-08-31 15:40:00+05:30,59000.89,-28.110000000000582,1
11765,2024-08-31 19:20:00+05:30,59052.01,2024-08-31 20:00:00+05:30,59143.0,90.98999999999796,2
11766,2024-08-31 22:20:00+05:30,58900.0,2024-08-31 23:25:00+05:30,59013.16,113.16000000000349,2
11767,2024-09-01 04:40:00+05:30,58957.69,2024-09-01 05:35:00+05:30,59035.76,78.06999999999971,2
11768,2024-09-01 06:10:00+05:30,58908.99,2024-09-01 08:40:00+05:30,58623.0,-285.98999999999796,1
11769,2024-09-01 10:35:00+05:30,58293.0,2024-09-01 11:55:00+05:30,58180.0,-113.0,1
11770,2024-09-01 15:35:00+05:30,58089.0,2024-09-01 16:55:00+05:30,58047.92,-41.080000000001746,1
11771,2024-09-01 19:10:00+05:30,57831.0,2024-09-01 19:20:00+05:30,58074.01,243.01000000000204,2
11772,2024-09-01 19:40:00+05:30,57519.74,2024-09-01 20:05:00+05:30,57982.0,462.26000000000204,2
11773,2024-09-01 22:50:00+05:30,57901.0,2024-09-01 23:25:00+05:30,58127.98,226.9800000000032,2
11774,2024-09-02 02:50:00+05:30,58211.09,2024-09-02 05:40:00+05:30,57438.0,-773.0899999999965,1
11775,2024-09-02 10:05:00+05:30,57538.01,2024-09-02 10:45:00+05:30,57606.0,67.98999999999796,2
11776,2024-09-02 12:45:00+05:30,57635.51,2024-09-02 13:40:00+05:30,57833.01,197.5,2
11777,2024-09-02 19:00:00+05:30,58215.08,2024-09-02 19:50:00+05:30,58293.0,77.91999999999825,2
11778,2024-09-02 21:55:00+05:30,58457.0,2024-09-02 23:05:00+05:30,58473.99,16.989999999997963,2
11779,2024-09-03 01:30:00+05:30,58384.62,2024-09-03 01:40:00+05:30,58537.01,152.38999999999942,2
11780,2024-09-03 10:30:00+05:30,58996.0,2024-09-03 10:35:00+05:30,59169.0,173.0,2
11781,2024-09-03 11:30:00+05:30,59023.0,2024-09-03 13:00:00+05:30,59000.0,-23.0,1
11782,2024-09-03 14:05:00+05:30,58811.99,2024-09-03 15:00:00+05:30,58940.2,128.20999999999913,2
11783,2024-09-03 19:00:00+05:30,58861.99,2024-09-03 20:20:00+05:30,57616.88,-1245.1100000000006,0
11784,2024-09-04 02:55:00+05:30,57997.27,2024-09-04 03:25:00+05:30,58134.61,137.34000000000378,2
11785,2024-09-04 04:05:00+05:30,57887.97,2024-09-04 05:40:00+05:30,57786.0,-101.97000000000116,1
11786,2024-09-04 06:25:00+05:30,57140.02,2024-09-04 06:30:00+05:30,55657.13,-1482.8899999999994,0
11787,2024-09-04 06:35:00+05:30,56040.01,2024-09-04 07:50:00+05:30,56696.58,656.5699999999997,2
11788,2024-09-04 09:50:00+05:30,56591.11,2024-09-04 10:20:00+05:30,56725.01,133.90000000000146,2
11789,2024-09-04 10:45:00+05:30,56510.0,2024-09-04 11:55:00+05:30,56496.16,-13.839999999996508,1
11790,2024-09-04 15:20:00+05:30,56618.01,2024-09-04 17:00:00+05:30,56602.01,-16.0,1
11791,2024-09-04 19:05:00+05:30,56382.99,2024-09-04 19:35:00+05:30,56714.01,331.0200000000041,2
11792,2024-09-04 22:55:00+05:30,57963.0,2024-09-05 00:40:00+05:30,57847.99,-115.01000000000204,1
11793,2024-09-05 05:15:00+05:30,57890.0,2024-09-05 05:40:00+05:30,58091.99,201.98999999999796,2
11794,2024-09-05 07:35:00+05:30,57865.0,2024-09-05 09:55:00+05:30,57235.99,-629.010000000002,1
11795,2024-09-05 11:50:00+05:30,56570.92,2024-09-05 12:35:00+05:30,57118.99,548.0699999999997,2
11796,2024-09-05 14:05:00+05:30,56991.0,2024-09-05 16:10:00+05:30,56803.0,-188.0,1
11797,2024-09-05 17:30:00+05:30,56644.85,2024-09-05 17:40:00+05:30,56842.99,198.13999999999942,2
11798,2024-09-05 17:45:00+05:30,56545.88,2024-09-05 18:30:00+05:30,56790.0,244.12000000000262,2
11799,2024-09-05 20:30:00+05:30,56298.96,2024-09-05 22:05:00+05:30,56235.01,-63.94999999999709,1
11800,2024-09-06 00:45:00+05:30,56272.0,2024-09-06 02:10:00+05:30,56188.01,-83.98999999999796,1
11801,2024-09-06 03:45:00+05:30,55878.0,2024-09-06 04:05:00+05:30,56082.01,204.01000000000204,2
11802,2024-09-06 09:15:00+05:30,56679.17,2024-09-06 09:40:00+05:30,56740.29,61.12000000000262,2
11803,2024-09-06 10:40:00+05:30,56519.96,2024-09-06 12:20:00+05:30,56433.0,-86.95999999999913,1
11804,2024-09-06 12:40:00+05:30,56196.0,2024-09-06 14:20:00+05:30,55745.0,-451.0,1
11805,2024-09-06 19:35:00+05:30,55512.04,2024-09-06 20:45:00+05:30,53851.21,-1660.8300000000017,0
11806,2024-09-07 00:25:00+05:30,53352.67,2024-09-07 00:40:00+05:30,53769.99,417.3199999999997,2
11807,2024-09-07 01:05:00+05:30,53292.01,2024-09-07 01:15:00+05:30,53696.0,403.98999999999796,2
11808,2024-09-07 02:00:00+05:30,53196.0,2024-09-07 02:55:00+05:30,53433.04,237.04000000000087,2
11809,2024-09-07 07:05:00+05:30,53802.01,2024-09-07 07:50:00+05:30,53914.0,111.98999999999796,2
11810,2024-09-07 22:05:00+05:30,54529.0,2024-09-08 00:05:00+05:30,54336.01,-192.98999999999796,1
11811,2024-09-08 02:15:00+05:30,54213.0,2024-09-08 04:45:00+05:30,53973.99,-239.01000000000204,1
11812,2024-09-08 12:05:00+05:30,54298.0,2024-09-08 12:35:00+05:30,54411.47,113.47000000000116,2
11813,2024-09-08 17:50:00+05:30,54461.11,2024-09-08 19:15:00+05:30,54341.0,-120.11000000000058,1
11814,2024-09-08 20:40:00+05:30,54051.0,2024-09-08 22:05:00+05:30,53938.5,-112.5,1
11815,2024-09-09 10:35:00+05:30,54742.01,2024-09-09 11:05:00+05:30,54926.0,183.98999999999796,2
11816,2024-09-09 11:15:00+05:30,54641.87,2024-09-09 11:55:00+05:30,54804.01,162.13999999999942,2
11817,2024-09-09 17:50:00+05:30,55110.77,2024-09-09 18:10:00+05:30,55216.0,105.2300000000032,2
11818,2024-09-09 20:00:00+05:30,54996.0,2024-09-09 20:35:00+05:30,55282.05,286.0500000000029,2
11819,2024-09-10 04:30:00+05:30,57054.04,2024-09-10 06:25:00+05:30,56982.01,-72.02999999999884,1
11820,2024-09-10 08:45:00+05:30,56616.01,2024-09-10 09:45:00+05:30,56692.02,76.00999999999476,2
11821,2024-09-10 14:30:00+05:30,56939.53,2024-09-10 15:05:00+05:30,57150.03,210.5,2
11822,2024-09-10 18:35:00+05:30,56921.35,2024-09-10 19:55:00+05:30,57005.16,83.81000000000495,2
11823,2024-09-10 21:25:00+05:30,56596.0,2024-09-10 22:10:00+05:30,56851.1,255.09999999999854,2
11824,2024-09-11 06:50:00+05:30,57445.99,2024-09-11 08:10:00+05:30,57109.98,-336.00999999999476,1
11825,2024-09-11 09:45:00+05:30,56339.02,2024-09-11 11:35:00+05:30,56381.11,42.09000000000378,2
11826,2024-09-11 14:10:00+05:30,56356.47,2024-09-11 14:40:00+05:30,56548.78,192.30999999999767,2
11827,2024-09-11 18:10:00+05:30,56498.0,2024-09-11 18:25:00+05:30,56748.01,250.01000000000204,2
11828,2024-09-11 19:20:00+05:30,55876.01,2024-09-11 20:35:00+05:30,56028.0,151.98999999999796,2
11829,2024-09-12 00:20:00+05:30,57432.01,2024-09-12 01:00:00+05:30,57687.99,255.97999999999593,2
11830,2024-09-12 02:35:00+05:30,57438.64,2024-09-12 04:20:00+05:30,57431.99,-6.650000000001455,1
11831,2024-09-12 11:50:00+05:30,57921.99,2024-09-12 12:30:00+05:30,58038.0,116.01000000000204,2
11832,2024-09-12 15:15:00+05:30,58058.0,2024-09-12 16:45:00+05:30,58032.22,-25.779999999998836,1
11833,2024-09-12 18:05:00+05:30,57755.29,2024-09-12 19:40:00+05:30,57973.69,218.40000000000146,2
11834,2024-09-13 00:20:00+05:30,58088.0,2024-09-13 00:35:00+05:30,58397.83,309.83000000000175,2
11835,2024-09-13 02:40:00+05:30,58062.0,2024-09-13 03:50:00+05:30,58071.99,9.989999999997963,2
11836,2024-09-13 06:30:00+05:30,57900.71,2024-09-13 07:20:00+05:30,58074.08,173.37000000000262,2
11837,2024-09-13 09:05:00+05:30,57910.0,2024-09-13 09:55:00+05:30,57972.72,62.720000000001164,2
11838,2024-09-13 12:05:00+05:30,57788.92,2024-09-13 12:35:00+05:30,57900.01,111.09000000000378,2
11839,2024-09-13 17:20:00+05:30,57994.0,2024-09-13 19:00:00+05:30,57838.0,-156.0,1
11840,2024-09-14 08:15:00+05:30,60324.0,2024-09-14 08:50:00+05:30,60413.9,89.90000000000146,2
11841,2024-09-14 10:20:00+05:30,60212.0,2024-09-14 12:15:00+05:30,60073.98,-138.0199999999968,1
11842,2024-09-14 16:15:00+05:30,59823.99,2024-09-14 17:40:00+05:30,59773.99,-50.0,1
11843,2024-09-14 23:35:00+05:30,59531.99,2024-09-15 00:20:00+05:30,59814.01,282.0200000000041,2
11844,2024-09-15 09:50:00+05:30,60114.34,2024-09-15 10:40:00+05:30,60160.0,45.66000000000349,2
11845,2024-09-15 13:50:00+05:30,60088.0,2024-09-15 17:05:00+05:30,59998.0,-90.0,1
11846,2024-09-15 19:45:00+05:30,59891.99,2024-09-15 20:05:00+05:30,60172.01,280.0200000000041,2
11847,2024-09-15 21:50:00+05:30,60087.65,2024-09-16 00:00:00+05:30,59922.0,-165.65000000000146,1
11848,2024-09-16 02:30:00+05:30,59579.99,2024-09-16 07:55:00+05:30,58374.03,-1205.9599999999991,0
11849,2024-09-16 08:00:00+05:30,58298.0,2024-09-16 08:55:00+05:30,58432.0,134.0,2
11850,2024-09-16 15:10:00+05:30,58699.99,2024-09-16 16:15:00+05:30,58712.01,12.020000000004075,2
11851,2024-09-16 17:55:00+05:30,58606.75,2024-09-16 19:25:00+05:30,58497.1,-109.65000000000146,1
11852,2024-09-16 19:55:00+05:30,57995.0,2024-09-16 21:00:00+05:30,57999.99,4.989999999997963,2
11853,2024-09-16 22:30:00+05:30,57682.23,2024-09-16 23:10:00+05:30,57852.42,170.18999999999505,2
11854,2024-09-17 06:15:00+05:30,57943.99,2024-09-17 07:30:00+05:30,57926.0,-17.989999999997963,1
11855,2024-09-17 19:10:00+05:30,58993.99,2024-09-17 19:35:00+05:30,59281.99,288.0,2
11856,2024-09-18 00:15:00+05:30,60686.89,2024-09-18 02:00:00+05:30,60280.16,-406.7299999999959,1
11857,2024-09-18 04:35:00+05:30,60078.01,2024-09-18 05:00:00+05:30,60204.0,125.98999999999796,2
11858,2024-09-18 10:15:00+05:30,60399.48,2024-09-18 11:45:00+05:30,60345.99,-53.49000000000524,1
11859,2024-09-18 13:35:00+05:30,60246.3,2024-09-18 16:05:00+05:30,59887.94,-358.3600000000006,1
11860,2024-09-18 17:40:00+05:30,59751.35,2024-09-18 17:50:00+05:30,59896.37,145.02000000000407,2
11861,2024-09-18 19:05:00+05:30,59694.5,2024-09-18 20:10:00+05:30,59692.54,-1.9599999999991269,1
11862,2024-09-18 21:30:00+05:30,59194.12,2024-09-18 21:35:00+05:30,59531.01,336.8899999999994,2
11863,2024-09-19 01:30:00+05:30,59903.22,2024-09-19 02:10:00+05:30,60181.81,278.5899999999965,2
11864,2024-09-19 07:00:00+05:30,61594.95,2024-09-19 07:55:00+05:30,62086.64,491.6900000000023,2
11865,2024-09-19 09:50:00+05:30,61919.63,2024-09-19 10:25:00+05:30,62082.0,162.37000000000262,2
11866,2024-09-19 11:35:00+05:30,61823.97,2024-09-19 11:50:00+05:30,62022.0,198.02999999999884,2
11867,2024-09-19 14:20:00+05:30,61903.98,2024-09-19 14:40:00+05:30,62118.91,214.9300000000003,2
11868,2024-09-20 00:40:00+05:30,63425.15,2024-09-20 04:00:00+05:30,62937.46,-487.6900000000023,1
11869,2024-09-20 05:45:00+05:30,62832.01,2024-09-20 06:15:00+05:30,62930.0,97.98999999999796,2
11870,2024-09-20 06:35:00+05:30,62666.44,2024-09-20 06:55:00+05:30,62835.99,169.54999999999563,2
11871,2024-09-20 12:35:00+05:30,63648.71,2024-09-20 14:45:00+05:30,63448.0,-200.70999999999913,1
11872,2024-09-20 18:30:00+05:30,63290.0,2024-09-20 19:50:00+05:30,63200.0,-90.0,1
11873,2024-09-20 23:35:00+05:30,62394.0,2024-09-21 00:10:00+05:30,62726.0,332.0,2
11874,2024-09-21 06:45:00+05:30,62995.99,2024-09-21 08:10:00+05:30,62987.99,-8.0,1
11875,2024-09-21 16:15:00+05:30,62979.07,2024-09-21 16:40:00+05:30,63048.69,69.62000000000262,2
11876,2024-09-22 00:50:00+05:30,63194.01,2024-09-22 03:35:00+05:30,63130.0,-64.01000000000204,1
11877,2024-09-22 07:20:00+05:30,63082.01,2024-09-22 08:30:00+05:30,63018.0,-64.01000000000204,1
11878,2024-09-22 10:35:00+05:30,63008.02,2024-09-22 11:50:00+05:30,63017.7,9.680000000000291,2
11879,2024-09-22 12:05:00+05:30,62884.0,2024-09-22 12:50:00+05:30,62964.87,80.87000000000262,2
11880,2024-09-22 14:35:00+05:30,62820.09,2024-09-22 16:50:00+05:30,62726.0,-94.08999999999651,1
11881,2024-09-22 18:50:00+05:30,62709.69,2024-09-22 20:15:00+05:30,62631.97,-77.72000000000116,1
11882,2024-09-22 21:40:00+05:30,62491.39,2024-09-22 21:55:00+05:30,62676.01,184.62000000000262,2
11883,2024-09-23 00:50:00+05:30,62806.25,2024-09-23 01:05:00+05:30,62957.29,151.04000000000087,2
11884,2024-09-23 03:05:00+05:30,63047.91,2024-09-23 04:00:00+05:30,63013.98,-33.93000000000029,1
11885,2024-09-23 05:40:00+05:30,63044.38,2024-09-23 06:15:00+05:30,63479.84,435.4599999999991,2
11886,2024-09-23 12:35:00+05:30,63500.94,2024-09-23 13:55:00+05:30,63570.0,69.05999999999767,2
11887,2024-09-23 16:40:00+05:30,63399.19,2024-09-23 17:10:00+05:30,63522.1,122.90999999999622,2
11888,2024-09-23 18:10:00+05:30,63297.88,2024-09-23 19:35:00+05:30,63462.89,165.01000000000204,2
11889,2024-09-24 01:05:00+05:30,63284.63,2024-09-24 01:45:00+05:30,63415.74,131.11000000000058,2
11890,2024-09-24 02:45:00+05:30,63123.8,2024-09-24 02:50:00+05:30,63361.13,237.32999999999447,2
11891,2024-09-24 06:05:00+05:30,63113.97,2024-09-24 08:10:00+05:30,62989.77,-124.20000000000437,1
11892,2024-09-24 10:15:00+05:30,62935.83,2024-09-24 10:25:00+05:30,63088.0,152.16999999999825,2
11893,2024-09-24 16:30:00+05:30,63436.73,2024-09-24 17:00:00+05:30,63566.18,129.4499999999971,2
11894,2024-09-24 19:30:00+05:30,63204.37,2024-09-24 20:35:00+05:30,63319.99,115.61999999999534,2
11895,2024-09-25 03:00:00+05:30,64024.65,2024-09-25 03:30:00+05:30,64227.27,202.61999999999534,2
11896,2024-09-25 06:20:00+05:30,64016.57,2024-09-25 06:55:00+05:30,64389.19,372.6200000000026,2
11897,2024-09-25 10:25:00+05:30,64172.85,2024-09-25 13:30:00+05:30,63880.0,-292.84999999999854,1
11898,2024-09-25 14:50:00+05:30,63734.0,2024-09-25 15:55:00+05:30,63722.51,-11.489999999997963,1
11899,2024-09-25 18:35:00+05:30,63588.86,2024-09-25 19:15:00+05:30,63647.95,59.08999999999651,2
11900,2024-09-25 21:20:00+05:30,63612.06,2024-09-26 00:05:00+05:30,63253.5,-358.5599999999977,1
11901,2024-09-26 03:40:00+05:30,63302.0,2024-09-26 05:35:00+05:30,63256.52,-45.4800000000032,1
11902,2024-09-26 06:15:00+05:30,62853.91,2024-09-26 07:15:00+05:30,63035.89,181.97999999999593,2
11903,2024-09-26 14:25:00+05:30,63709.5,2024-09-26 14:55:00+05:30,63893.99,184.48999999999796,2
11904,2024-09-26 19:05:00+05:30,64179.99,2024-09-26 19:30:00+05:30,64559.01,379.0200000000041,2
11905,2024-09-27 01:20:00+05:30,64884.01,2024-09-27 02:35:00+05:30,64833.25,-50.76000000000204,1
11906,2024-09-27 04:45:00+05:30,64820.01,2024-09-27 05:10:00+05:30,65081.76,261.75,2
11907,2024-09-27 07:50:00+05:30,64972.0,2024-09-27 08:50:00+05:30,65006.7,34.69999999999709,2
11908,2024-09-27 10:45:00+05:30,65255.99,2024-09-27 11:15:00+05:30,65290.73,34.74000000000524,2
11909,2024-09-27 15:45:00+05:30,65527.84,2024-09-27 18:00:00+05:30,65631.31,103.47000000000116,2
11910,2024-09-27 21:20:00+05:30,66072.01,2024-09-27 22:05:00+05:30,66186.11,114.10000000000582,2
11911,2024-09-27 22:50:00+05:30,65856.0,2024-09-28 00:20:00+05:30,65801.1,-54.89999999999418,1
11912,2024-09-28 05:10:00+05:30,65686.0,2024-09-28 05:45:00+05:30,65841.99,155.99000000000524,2
11913,2024-09-28 10:55:00+05:30,65924.54,2024-09-28 13:05:00+05:30,65877.99,-46.54999999998836,1
11914,2024-09-28 13:35:00+05:30,65684.4,2024-09-28 15:25:00+05:30,65628.2,-56.19999999999709,1
11915,2024-09-28 17:45:00+05:30,65658.0,2024-09-28 19:10:00+05:30,65602.0,-56.0,1
11916,2024-09-28 22:05:00+05:30,65549.99,2024-09-28 22:40:00+05:30,65590.0,40.00999999999476,2
11917,2024-09-29 02:20:00+05:30,65640.94,2024-09-29 03:10:00+05:30,65682.0,41.05999999999767,2
11918,2024-09-29 11:00:00+05:30,65586.0,2024-09-29 12:45:00+05:30,65556.0,-30.0,1
11919,2024-09-29 12:50:00+05:30,65468.7,2024-09-29 13:00:00+05:30,65552.0,83.30000000000291,2
11920,2024-09-29 13:50:00+05:30,65436.1,2024-09-29 14:00:00+05:30,65528.6,92.5,2
11921,2024-09-29 15:50:00+05:30,65486.15,2024-09-29 16:25:00+05:30,65571.99,85.84000000000378,2
11922,2024-09-29 18:30:00+05:30,65594.0,2024-09-29 18:40:00+05:30,65759.68,165.67999999999302,2
11923,2024-09-30 03:40:00+05:30,65726.01,2024-09-30 05:15:00+05:30,65699.98,-26.029999999998836,1
11924,2024-09-30 05:45:00+05:30,65462.38,2024-09-30 09:05:00+05:30,64552.25,-910.1299999999974,1
11925,2024-09-30 13:50:00+05:30,64265.99,2024-09-30 16:35:00+05:30,63630.91,-635.0799999999945,1
11926,2024-09-30 19:35:00+05:30,63703.99,2024-09-30 20:05:00+05:30,63964.0,260.01000000000204,2
11927,2024-09-30 21:25:00+05:30,63561.41,2024-09-30 22:50:00+05:30,63612.01,50.599999999998545,2
11928,2024-09-30 23:45:00+05:30,63200.0,2024-10-01 00:30:00+05:30,63459.99,259.98999999999796,2
11929,2024-10-01 03:45:00+05:30,63615.98,2024-10-01 05:55:00+05:30,63350.04,-265.9400000000023,1
11930,2024-10-01 07:40:00+05:30,63225.83,2024-10-01 08:25:00+05:30,63443.76,217.9300000000003,2
11931,2024-10-01 15:35:00+05:30,63795.99,2024-10-01 16:20:00+05:30,63924.0,128.01000000000204,2
11932,2024-10-01 18:10:00+05:30,63621.67,2024-10-01 20:30:00+05:30,62135.54,-1486.1299999999974,0
11933,2024-10-01 20:35:00+05:30,61930.0,2024-10-01 21:05:00+05:30,62617.99,687.989999999998,2
11934,2024-10-01 22:45:00+05:30,61614.44,2024-10-01 23:20:00+05:30,62095.99,481.54999999999563,2
11935,2024-10-02 01:35:00+05:30,61308.94,2024-10-02 03:10:00+05:30,60930.28,-378.6600000000035,1
11936,2024-10-02 09:50:00+05:30,61518.0,2024-10-02 11:30:00+05:30,61559.99,41.98999999999796,2
11937,2024-10-02 14:50:00+05:30,61534.0,2024-10-02 15:55:00+05:30,61472.0,-62.0,1
11938,2024-10-02 16:35:00+05:30,60888.89,2024-10-02 16:55:00+05:30,61293.86,404.97000000000116,2
11939,2024-10-02 17:40:00+05:30,60919.99,2024-10-02 18:05:00+05:30,61137.09,217.09999999999854,2
11940,2024-10-02 18:20:00+05:30,60860.23,2024-10-02 19:15:00+05:30,61187.76,327.52999999999884,2
11941,2024-10-02 22:30:00+05:30,61582.0,2024-10-03 00:45:00+05:30,60325.99,-1256.010000000002,0
11942,2024-10-03 03:40:00+05:30,60546.0,2024-10-03 04:15:00+05:30,60737.77,191.7699999999968,2
11943,2024-10-03 05:30:00+05:30,60536.01,2024-10-03 05:35:00+05:30,60728.0,191.98999999999796,2
11944,2024-10-03 11:05:00+05:30,61109.9,2024-10-03 11:40:00+05:30,61244.62,134.72000000000116,2
11945,2024-10-03 13:10:00+05:30,61095.83,2024-10-03 14:50:00+05:30,60616.23,-479.59999999999854,1
11946,2024-10-03 17:30:00+05:30,60545.79,2024-10-03 18:55:00+05:30,60494.0,-51.79000000000087,1
11947,2024-10-03 19:05:00+05:30,60184.95,2024-10-03 19:30:00+05:30,60480.8,295.8500000000058,2
11948,2024-10-04 05:45:00+05:30,60651.68,2024-10-04 06:45:00+05:30,60740.0,88.31999999999971,2
11949,2024-10-04 15:20:00+05:30,61305.97,2024-10-04 16:05:00+05:30,61420.01,114.04000000000087,2
11950,2024-10-04 19:35:00+05:30,61268.01,2024-10-04 20:30:00+05:30,61516.79,248.77999999999884,2
11951,2024-10-05 02:00:00+05:30,62182.99,2024-10-05 02:10:00+05:30,62332.25,149.26000000000204,2
11952,2024-10-05 04:35:00+05:30,62036.83,2024-10-05 05:30:00+05:30,62198.02,161.18999999999505,2
11953,2024-10-05 06:55:00+05:30,62003.97,2024-10-05 09:10:00+05:30,61948.8,-55.169999999998254,1
11954,2024-10-05 16:45:00+05:30,62181.82,2024-10-05 17:00:00+05:30,62228.0,46.18000000000029,2
11955,2024-10-05 19:15:00+05:30,62122.0,2024-10-05 20:15:00+05:30,62206.15,84.15000000000146,2
11956,2024-10-05 21:40:00+05:30,62101.01,2024-10-06 02:40:00+05:30,61861.03,-239.9800000000032,1
11957,2024-10-06 05:35:00+05:30,61953.45,2024-10-06 06:40:00+05:30,62018.76,65.31000000000495,2
11958,2024-10-06 10:05:00+05:30,61839.92,2024-10-06 10:50:00+05:30,61940.14,100.22000000000116,2
11959,2024-10-07 02:45:00+05:30,62508.02,2024-10-07 03:45:00+05:30,62529.99,21.970000000001164,2
11960,2024-10-07 08:05:00+05:30,63670.0,2024-10-07 09:35:00+05:30,63619.99,-50.01000000000204,1
11961,2024-10-07 11:00:00+05:30,63451.79,2024-10-07 11:40:00+05:30,63494.0,42.20999999999913,2
11962,2024-10-07 14:35:00+05:30,63379.08,2024-10-07 17:25:00+05:30,63135.44,-243.63999999999942,1
11963,2024-10-07 23:35:00+05:30,63546.55,2024-10-08 01:00:00+05:30,63335.88,-210.67000000000553,1
11964,2024-10-08 02:10:00+05:30,63071.03,2024-10-08 02:40:00+05:30,63232.46,161.4300000000003,2
11965,2024-10-08 04:10:00+05:30,63069.11,2024-10-08 06:00:00+05:30,62547.99,-521.1200000000026,1
11966,2024-10-08 10:35:00+05:30,62553.62,2024-10-08 12:05:00+05:30,62444.14,-109.4800000000032,1
11967,2024-10-08 12:45:00+05:30,62093.47,2024-10-08 13:45:00+05:30,62334.0,240.52999999999884,2
11968,2024-10-08 18:10:00+05:30,62460.0,2024-10-08 18:20:00+05:30,62569.99,109.98999999999796,2
11969,2024-10-08 18:25:00+05:30,62440.0,2024-10-08 18:50:00+05:30,62603.1,163.09999999999854,2
11970,2024-10-08 20:55:00+05:30,62208.4,2024-10-08 22:00:00+05:30,62376.0,167.59999999999854,2
11971,2024-10-09 00:15:00+05:30,61934.88,2024-10-09 01:00:00+05:30,62282.0,347.1200000000026,2
11972,2024-10-09 03:55:00+05:30,62224.0,2024-10-09 05:10:00+05:30,62194.01,-29.989999999997963,1
11973,2024-10-09 08:35:00+05:30,62189.99,2024-10-09 08:50:00+05:30,62333.99,144.0,2
11974,2024-10-09 12:30:00+05:30,62336.69,2024-10-09 14:30:00+05:30,62202.0,-134.69000000000233,1
11975,2024-10-09 16:00:00+05:30,62075.41,2024-10-09 16:35:00+05:30,62181.82,106.40999999999622,2
11976,2024-10-09 18:00:00+05:30,62027.14,2024-10-09 19:15:00+05:30,61980.0,-47.13999999999942,1
11977,2024-10-09 20:15:00+05:30,61741.62,2024-10-09 20:35:00+05:30,61975.18,233.55999999999767,2
11978,2024-10-09 23:40:00+05:30,61456.0,2024-10-10 02:10:00+05:30,61122.06,-333.9400000000023,1
11979,2024-10-10 02:15:00+05:30,60795.99,2024-10-10 03:10:00+05:30,60837.92,41.93000000000029,2
11980,2024-10-10 05:35:00+05:30,60546.01,2024-10-10 06:35:00+05:30,60568.51,22.5,2
11981,2024-10-10 13:25:00+05:30,60900.0,2024-10-10 13:55:00+05:30,61063.87,163.87000000000262,2
11982,2024-10-10 14:55:00+05:30,60663.98,2024-10-10 15:05:00+05:30,60928.0,264.0199999999968,2
11983,2024-10-10 18:00:00+05:30,60982.0,2024-10-10 18:45:00+05:30,61134.0,152.0,2
11984,2024-10-10 19:15:00+05:30,60710.01,2024-10-10 20:40:00+05:30,60748.0,37.98999999999796,2
11985,2024-10-10 22:25:00+05:30,60298.12,2024-10-10 23:35:00+05:30,58949.0,-1349.1200000000026,0
11986,2024-10-11 06:25:00+05:30,60194.01,2024-10-11 07:15:00+05:30,60273.99,79.97999999999593,2
11987,2024-10-12 03:25:00+05:30,62848.48,2024-10-12 05:25:00+05:30,62540.0,-308.4800000000032,1
11988,2024-10-12 08:50:00+05:30,62499.97,2024-10-12 09:30:00+05:30,62603.04,103.06999999999971,2
11989,2024-10-12 14:40:00+05:30,62686.0,2024-10-12 14:50:00+05:30,62753.17,67.16999999999825,2
11990,2024-10-12 17:30:00+05:30,62828.0,2024-10-12 18:20:00+05:30,62987.62,159.62000000000262,2
11991,2024-10-12 23:50:00+05:30,63007.32,2024-10-13 00:55:00+05:30,63048.19,40.87000000000262,2
11992,2024-10-13 06:30:00+05:30,63091.69,2024-10-13 09:45:00+05:30,62819.99,-271.70000000000437,1
11993,2024-10-13 12:35:00+05:30,62806.41,2024-10-13 13:25:00+05:30,62843.48,37.06999999999971,2
11994,2024-10-13 16:20:00+05:30,62728.0,2024-10-13 17:45:00+05:30,62658.49,-69.51000000000204,1
11995,2024-10-13 19:35:00+05:30,62574.01,2024-10-13 21:35:00+05:30,62301.89,-272.1200000000026,1
11996,2024-10-13 23:40:00+05:30,62347.21,2024-10-14 00:35:00+05:30,62550.0,202.79000000000087,2
11997,2024-10-14 06:15:00+05:30,62491.89,2024-10-14 06:45:00+05:30,62699.96,208.0699999999997,2
11998,2024-10-14 17:50:00+05:30,64800.0,2024-10-14 18:00:00+05:30,64941.01,141.01000000000204,2
11999,2024-10-14 18:30:00+05:30,64758.59,2024-10-14 19:10:00+05:30,64989.98,231.3900000000067,2
12000,2024-10-14 21:40:00+05:30,65709.09,2024-10-14 23:05:00+05:30,65762.0,52.91000000000349,2
12001,2024-10-15 02:55:00+05:30,65811.99,2024-10-15 03:30:00+05:30,65914.74,102.75,2
12002,2024-10-15 07:35:00+05:30,65739.48,2024-10-15 09:50:00+05:30,65619.99,-119.48999999999069,1
12003,2024-10-15 11:00:00+05:30,65268.0,2024-10-15 11:45:00+05:30,65520.0,252.0,2
12004,2024-10-15 14:35:00+05:30,65604.59,2024-10-15 15:00:00+05:30,65781.01,176.41999999999825,2
12005,2024-10-15 16:35:00+05:30,65611.02,2024-10-15 17:45:00+05:30,65575.99,-35.029999999998836,1
12006,2024-10-16 02:00:00+05:30,66580.0,2024-10-16 03:35:00+05:30,66539.55,-40.44999999999709,1
12007,2024-10-16 08:45:00+05:30,67143.39,2024-10-16 09:40:00+05:30,67212.51,69.11999999999534,2
12008,2024-10-16 10:00:00+05:30,66992.0,2024-10-16 10:45:00+05:30,67095.0,103.0,2
12009,2024-10-16 12:35:00+05:30,66912.01,2024-10-16 13:35:00+05:30,67047.76,135.75,2
12010,2024-10-16 19:05:00+05:30,67267.99,2024-10-16 19:35:00+05:30,67983.6,715.6100000000006,2
12011,2024-10-17 00:30:00+05:30,67722.17,2024-10-17 00:40:00+05:30,67921.59,199.41999999999825,2
12012,2024-10-17 02:25:00+05:30,67630.01,2024-10-17 03:40:00+05:30,67686.97,56.9600000000064,2
12013,2024-10-17 07:00:00+05:30,67442.0,2024-10-17 07:15:00+05:30,67765.99,323.99000000000524,2
12014,2024-10-17 10:10:00+05:30,67334.0,2024-10-17 11:00:00+05:30,67430.11,96.11000000000058,2
12015,2024-10-17 12:25:00+05:30,67162.87,2024-10-17 13:25:00+05:30,67303.18,140.30999999999767,2
12016,2024-10-17 15:25:00+05:30,67191.4,2024-10-17 16:25:00+05:30,67214.0,22.60000000000582,2
12017,2024-10-17 19:00:00+05:30,66844.01,2024-10-17 19:10:00+05:30,67212.0,367.99000000000524,2
12018,2024-10-17 23:30:00+05:30,67150.0,2024-10-18 00:50:00+05:30,67017.38,-132.61999999999534,1
12019,2024-10-18 06:10:00+05:30,67263.99,2024-10-18 06:30:00+05:30,67344.03,80.0399999999936,2
12020,2024-10-18 09:10:00+05:30,67750.16,2024-10-18 10:05:00+05:30,67836.25,86.08999999999651,2
12021,2024-10-18 15:00:00+05:30,67819.91,2024-10-18 15:55:00+05:30,67922.0,102.08999999999651,2
12022,2024-10-18 17:20:00+05:30,67739.17,2024-10-18 18:30:00+05:30,67800.29,61.11999999999534,2
12023,2024-10-19 03:20:00+05:30,68330.01,2024-10-19 04:40:00+05:30,68334.03,4.0200000000040745,2
12024,2024-10-19 12:15:00+05:30,68344.87,2024-10-19 12:50:00+05:30,68405.1,60.23000000001048,2
12025,2024-10-19 15:55:00+05:30,68282.0,2024-10-19 17:50:00+05:30,68208.02,-73.97999999999593,1
12026,2024-10-19 22:25:00+05:30,68042.0,2024-10-19 22:55:00+05:30,68130.4,88.39999999999418,2
12027,2024-10-20 06:05:00+05:30,68270.0,2024-10-20 09:20:00+05:30,68188.0,-82.0,1
12028,2024-10-20 18:20:00+05:30,68360.0,2024-10-20 19:05:00+05:30,68437.99,77.99000000000524,2
12029,2024-10-20 23:00:00+05:30,68479.9,2024-10-20 23:20:00+05:30,68584.0,104.10000000000582,2
12030,2024-10-21 00:55:00+05:30,68512.01,2024-10-21 01:50:00+05:30,68567.29,55.279999999998836,2
12031,2024-10-21 08:10:00+05:30,68976.23,2024-10-21 09:05:00+05:30,68938.0,-38.229999999995925,1
12032,2024-10-21 12:20:00+05:30,68920.0,2024-10-21 15:35:00+05:30,68468.0,-452.0,1
12033,2024-10-21 18:10:00+05:30,68076.87,2024-10-21 21:25:00+05:30,67341.02,-735.8499999999913,1
12034,2024-10-22 04:30:00+05:30,67592.51,2024-10-22 06:15:00+05:30,67305.98,-286.52999999999884,1
12035,2024-10-22 13:20:00+05:30,67389.75,2024-10-22 15:30:00+05:30,66983.99,-405.75999999999476,1
12036,2024-10-22 17:50:00+05:30,67081.99,2024-10-22 19:35:00+05:30,67282.42,200.42999999999302,2
12037,2024-10-23 05:05:00+05:30,67480.13,2024-10-23 06:50:00+05:30,67325.98,-154.15000000000873,1
12038,2024-10-23 07:55:00+05:30,67087.45,2024-10-23 09:20:00+05:30,67106.89,19.44000000000233,2
12039,2024-10-23 12:20:00+05:30,66959.19,2024-10-23 13:35:00+05:30,67011.92,52.729999999995925,2
12040,2024-10-23 14:25:00+05:30,66530.0,2024-10-23 15:30:00+05:30,66593.4,63.39999999999418,2
12041,2024-10-23 17:35:00+05:30,66328.01,2024-10-23 17:45:00+05:30,66482.0,153.99000000000524,2
12042,2024-10-23 17:55:00+05:30,66239.99,2024-10-23 18:05:00+05:30,66445.2,205.20999999999185,2
12043,2024-10-23 20:35:00+05:30,66340.01,2024-10-24 00:10:00+05:30,65810.63,-529.3799999999901,1
12044,2024-10-24 09:25:00+05:30,67213.16,2024-10-24 09:55:00+05:30,67337.54,124.3799999999901,2
12045,2024-10-24 12:15:00+05:30,67236.0,2024-10-24 13:40:00+05:30,67224.0,-12.0,1
12046,2024-10-24 14:10:00+05:30,67051.65,2024-10-24 15:45:00+05:30,66956.83,-94.81999999999243,1
12047,2024-10-24 21:40:00+05:30,67394.0,2024-10-24 22:00:00+05:30,67753.97,359.97000000000116,2
12048,2024-10-25 06:00:00+05:30,68014.0,2024-10-25 07:25:00+05:30,67969.7,-44.30000000000291,1
12049,2024-10-25 09:45:00+05:30,67880.46,2024-10-25 11:05:00+05:30,67828.49,-51.970000000001164,1
12050,2024-10-25 12:40:00+05:30,67488.0,2024-10-25 13:50:00+05:30,67575.65,87.64999999999418,2
12051,2024-10-25 19:00:00+05:30,67900.01,2024-10-25 19:20:00+05:30,68179.99,279.9800000000105,2
12052,2024-10-25 21:10:00+05:30,68078.16,2024-10-25 23:30:00+05:30,66624.01,-1454.1500000000087,0
12053,2024-10-25 23:35:00+05:30,66118.0,2024-10-25 23:55:00+05:30,67399.99,1281.9900000000052,2
12054,2024-10-26 04:20:00+05:30,66806.1,2024-10-26 05:20:00+05:30,66632.0,-174.10000000000582,1
12055,2024-10-26 12:55:00+05:30,67038.0,2024-10-26 13:40:00+05:30,67117.96,79.9600000000064,2
12056,2024-10-26 16:35:00+05:30,66960.01,2024-10-26 16:45:00+05:30,67090.01,130.0,2
12057,2024-10-26 18:45:00+05:30,66902.0,2024-10-26 18:50:00+05:30,67070.23,168.22999999999593,2
12058,2024-10-26 19:15:00+05:30,66900.0,2024-10-26 20:45:00+05:30,66878.0,-22.0,1
12059,2024-10-27 03:10:00+05:30,67134.0,2024-10-27 04:05:00+05:30,67185.08,51.080000000001746,2
12060,2024-10-27 05:35:00+05:30,67045.94,2024-10-27 07:00:00+05:30,67071.71,25.770000000004075,2
12061,2024-10-27 14:40:00+05:30,67145.0,2024-10-27 15:40:00+05:30,67176.18,31.179999999993015,2
12062,2024-10-27 16:30:00+05:30,67056.94,2024-10-27 16:45:00+05:30,67143.45,86.50999999999476,2
12063,2024-10-28 06:10:00+05:30,67886.0,2024-10-28 07:55:00+05:30,67856.69,-29.30999999999767,1
12064,2024-10-28 15:00:00+05:30,68240.0,2024-10-28 15:15:00+05:30,68406.67,166.66999999999825,2
12065,2024-10-28 20:55:00+05:30,68521.03,2024-10-28 21:40:00+05:30,68777.92,256.8899999999994,2
12066,2024-10-29 09:15:00+05:30,70920.01,2024-10-29 10:25:00+05:30,71088.01,168.0,2
12067,2024-10-29 19:00:00+05:30,70943.21,2024-10-29 19:05:00+05:30,71378.0,434.7899999999936,2
12068,2024-10-30 01:30:00+05:30,72359.59,2024-10-30 02:35:00+05:30,72463.06,103.47000000000116,2
12069,2024-10-30 06:00:00+05:30,72276.0,2024-10-30 07:00:00+05:30,72337.99,61.99000000000524,2
12070,2024-10-30 13:15:00+05:30,72131.18,2024-10-30 13:30:00+05:30,72326.92,195.74000000000524,2
12071,2024-10-30 16:30:00+05:30,72312.01,2024-10-30 19:20:00+05:30,71972.56,-339.4499999999971,1
12072,2024-10-30 23:05:00+05:30,71676.0,2024-10-30 23:35:00+05:30,71984.63,308.63000000000466,2
12073,2024-10-31 06:00:00+05:30,72133.41,2024-10-31 06:35:00+05:30,72322.62,189.20999999999185,2
12074,2024-10-31 12:00:00+05:30,72198.0,2024-10-31 12:35:00+05:30,72270.67,72.66999999999825,2
12075,2024-10-31 18:35:00+05:30,72026.46,2024-10-31 21:15:00+05:30,70500.01,-1526.4500000000116,0
12076,2024-11-01 00:00:00+05:30,70185.99,2024-11-01 00:20:00+05:30,70654.58,468.5899999999965,2
12077,2024-11-01 01:25:00+05:30,70092.07,2024-11-01 02:40:00+05:30,70236.32,144.25,2
12078,2024-11-01 06:00:00+05:30,70231.53,2024-11-01 08:25:00+05:30,69579.89,-651.6399999999994,1
12079,2024-11-01 11:40:00+05:30,69400.01,2024-11-01 13:05:00+05:30,69352.0,-48.00999999999476,1
12080,2024-11-01 21:00:00+05:30,70628.0,2024-11-01 22:00:00+05:30,70342.01,-285.99000000000524,1
12081,2024-11-02 00:40:00+05:30,68880.0,2024-11-02 01:25:00+05:30,69268.0,388.0,2
12082,2024-11-02 02:50:00+05:30,68982.0,2024-11-02 03:20:00+05:30,69221.99,239.99000000000524,2
12083,2024-11-02 09:20:00+05:30,69569.92,2024-11-02 10:40:00+05:30,69575.07,5.150000000008731,2
12084,2024-11-02 13:55:00+05:30,69642.85,2024-11-02 15:10:00+05:30,69666.66,23.80999999999767,2
12085,2024-11-02 15:15:00+05:30,69561.44,2024-11-02 16:15:00+05:30,69572.4,10.959999999991851,2
12086,2024-11-02 17:55:00+05:30,69529.32,2024-11-02 18:45:00+05:30,69613.81,84.48999999999069,2
12087,2024-11-02 19:25:00+05:30,69365.99,2024-11-02 20:50:00+05:30,69346.48,-19.510000000009313,1
12088,2024-11-02 23:35:00+05:30,69245.6,2024-11-03 00:05:00+05:30,69456.0,210.39999999999418,2
12089,2024-11-03 02:40:00+05:30,69450.01,2024-11-03 03:00:00+05:30,69513.04,63.029999999998836,2
12090,2024-11-03 04:30:00+05:30,69200.0,2024-11-03 05:25:00+05:30,69374.74,174.74000000000524,2
12091,2024-11-03 06:40:00+05:30,69110.9,2024-11-03 07:15:00+05:30,69212.12,101.22000000000116,2
12092,2024-11-03 07:25:00+05:30,69010.13,2024-11-03 09:05:00+05:30,68380.0,-630.1300000000047,1
12093,2024-11-03 15:05:00+05:30,68249.27,2024-11-03 15:40:00+05:30,68390.74,141.47000000000116,2
12094,2024-11-03 19:15:00+05:30,68107.25,2024-11-03 21:15:00+05:30,67784.0,-323.25,1
12095,2024-11-04 00:00:00+05:30,68175.99,2024-11-04 00:35:00+05:30,68307.1,131.11000000000058,2
12096,2024-11-04 04:10:00+05:30,68883.52,2024-11-04 05:15:00+05:30,68896.0,12.479999999995925,2
12097,2024-11-04 06:00:00+05:30,68492.0,2024-11-04 06:25:00+05:30,68712.0,220.0,2
12098,2024-11-04 09:25:00+05:30,69047.86,2024-11-04 09:55:00+05:30,69346.28,298.41999999999825,2
12099,2024-11-04 10:55:00+05:30,68974.0,2024-11-04 11:50:00+05:30,69073.46,99.4600000000064,2
12100,2024-11-04 13:00:00+05:30,68770.0,2024-11-04 14:25:00+05:30,68699.99,-70.00999999999476,1
12101,2024-11-04 19:25:00+05:30,68662.39,2024-11-04 21:15:00+05:30,68566.0,-96.38999999999942,1
12102,2024-11-04 22:05:00+05:30,68114.01,2024-11-04 23:20:00+05:30,67897.82,-216.18999999998778,1
12103,2024-11-05 02:05:00+05:30,67528.01,2024-11-05 03:30:00+05:30,67415.99,-112.01999999998952,1
12104,2024-11-05 06:55:00+05:30,67636.0,2024-11-05 07:15:00+05:30,67956.01,320.00999999999476,2
12105,2024-11-05 15:35:00+05:30,68635.99,2024-11-05 16:30:00+05:30,68826.44,190.4499999999971,2
12106,2024-11-05 23:40:00+05:30,69779.92,2024-11-06 00:05:00+05:30,70129.39,349.47000000000116,2
12107,2024-11-06 01:15:00+05:30,69703.99,2024-11-06 02:40:00+05:30,69524.01,-179.98000000001048,1
12108,2024-11-06 03:25:00+05:30,69160.0,2024-11-06 04:00:00+05:30,69431.57,271.570000000007,2
12109,2024-11-06 13:10:00+05:30,73627.98,2024-11-06 14:25:00+05:30,73456.04,-171.94000000000233,1
12110,2024-11-06 18:45:00+05:30,73796.0,2024-11-06 19:30:00+05:30,74096.11,300.1100000000006,2
12111,2024-11-07 05:35:00+05:30,75373.85,2024-11-07 06:35:00+05:30,75443.99,70.13999999999942,2
12112,2024-11-07 09:30:00+05:30,74937.98,2024-11-07 10:50:00+05:30,74848.01,-89.97000000000116,1
12113,2024-11-07 11:30:00+05:30,74600.0,2024-11-07 11:50:00+05:30,74749.72,149.72000000000116,2
12114,2024-11-07 15:10:00+05:30,74935.25,2024-11-07 16:15:00+05:30,74945.18,9.929999999993015,2
12115,2024-11-07 19:05:00+05:30,74670.01,2024-11-07 19:55:00+05:30,74863.49,193.48000000001048,2
12116,2024-11-08 03:00:00+05:30,76108.01,2024-11-08 04:30:00+05:30,75863.99,-244.01999999998952,1
12117,2024-11-08 07:35:00+05:30,75806.09,2024-11-08 08:35:00+05:30,75862.0,55.91000000000349,2
12118,2024-11-08 12:35:00+05:30,75748.75,2024-11-08 12:55:00+05:30,75997.6,248.85000000000582,2
12119,2024-11-08 18:40:00+05:30,75902.28,2024-11-08 19:10:00+05:30,75988.01,85.72999999999593,2
12120,2024-11-08 20:10:00+05:30,75704.4,2024-11-08 20:45:00+05:30,76136.0,431.6000000000058,2
12121,2024-11-09 01:45:00+05:30,76608.04,2024-11-09 03:30:00+05:30,76599.99,-8.049999999988358,1
12122,2024-11-09 04:20:00+05:30,76371.59,2024-11-09 05:15:00+05:30,76500.04,128.4499999999971,2
12123,2024-11-09 07:50:00+05:30,76153.68,2024-11-09 08:20:00+05:30,76414.62,260.9400000000023,2
12124,2024-11-09 16:00:00+05:30,76457.64,2024-11-09 17:20:00+05:30,76494.36,36.720000000001164,2
12125,2024-11-09 17:45:00+05:30,76353.61,2024-11-09 19:05:00+05:30,76358.95,5.3399999999965075,2
12126,2024-11-09 21:40:00+05:30,76251.01,2024-11-09 23:15:00+05:30,76094.37,-156.63999999999942,1
12127,2024-11-10 17:55:00+05:30,79300.0,2024-11-10 18:20:00+05:30,79674.0,374.0,2
12128,2024-11-10 20:05:00+05:30,79499.93,2024-11-10 20:40:00+05:30,79693.99,194.06000000001222,2
12129,2024-11-11 00:55:00+05:30,80284.01,2024-11-11 02:55:00+05:30,79560.01,-724.0,1
12130,2024-11-11 08:45:00+05:30,81115.62,2024-11-11 09:10:00+05:30,81380.0,264.38000000000466,2
12131,2024-11-11 10:50:00+05:30,81127.99,2024-11-11 11:55:00+05:30,81100.98,-27.010000000009313,1
12132,2024-11-11 17:50:00+05:30,81776.0,2024-11-11 17:55:00+05:30,82117.99,341.99000000000524,2
12133,2024-11-11 18:40:00+05:30,81680.01,2024-11-11 19:30:00+05:30,82132.03,452.0200000000041,2
12134,2024-11-12 05:45:00+05:30,86627.72,2024-11-12 06:20:00+05:30,88600.0,1972.2799999999988,2
12135,2024-11-12 08:00:00+05:30,87818.02,2024-11-12 09:20:00+05:30,87919.89,101.86999999999534,2
12136,2024-11-12 14:35:00+05:30,88546.09,2024-11-12 16:05:00+05:30,86650.0,-1896.0899999999965,0
12137,2024-11-12 16:10:00+05:30,86261.3,2024-11-12 16:45:00+05:30,87440.01,1178.7099999999919,2
12138,2024-11-12 18:20:00+05:30,86474.71,2024-11-12 19:25:00+05:30,86330.52,-144.19000000000233,1
12139,2024-11-12 21:40:00+05:30,85756.01,2024-11-12 22:00:00+05:30,86736.01,980.0,2
12140,2024-11-13 04:50:00+05:30,87628.39,2024-11-13 05:55:00+05:30,88206.0,577.6100000000006,2
12141,2024-11-13 07:45:00+05:30,87500.02,2024-11-13 08:25:00+05:30,87868.0,367.9799999999959,2
12142,2024-11-13 10:05:00+05:30,86600.06,2024-11-13 10:40:00+05:30,87182.01,581.9499999999971,2
12143,2024-11-13 12:00:00+05:30,86198.23,2024-11-13 12:30:00+05:30,86811.99,613.7600000000093,2
12144,2024-11-14 00:35:00+05:30,91579.98,2024-11-14 01:30:00+05:30,89432.23,-2147.75,0
12145,2024-11-14 02:30:00+05:30,88947.71,2024-11-14 03:40:00+05:30,89335.94,388.2299999999959,2
12146,2024-11-14 06:50:00+05:30,89735.99,2024-11-14 07:20:00+05:30,90168.64,432.6499999999942,2
12147,2024-11-14 10:00:00+05:30,89548.0,2024-11-14 10:10:00+05:30,89831.98,283.9799999999959,2
12148,2024-11-14 12:20:00+05:30,89628.01,2024-11-14 13:05:00+05:30,89978.91,350.90000000000873,2
12149,2024-11-14 18:45:00+05:30,90935.81,2024-11-14 19:45:00+05:30,91033.59,97.77999999999884,2
12150,2024-11-14 20:05:00+05:30,90408.0,2024-11-14 20:50:00+05:30,88588.01,-1819.9900000000052,0
12151,2024-11-15 01:35:00+05:30,88488.01,2024-11-15 03:10:00+05:30,88029.71,-458.29999999998836,1
12152,2024-11-15 04:00:00+05:30,87120.0,2024-11-15 04:10:00+05:30,87899.99,779.9900000000052,2
12153,2024-11-15 04:40:00+05:30,86960.0,2024-11-15 05:30:00+05:30,87687.99,727.9900000000052,2
12154,2024-11-15 09:40:00+05:30,88071.67,2024-11-15 10:55:00+05:30,87760.0,-311.66999999999825,1
12155,2024-11-15 13:35:00+05:30,87374.83,2024-11-15 14:05:00+05:30,87993.05,618.2200000000012,2
12156,2024-11-15 19:55:00+05:30,89324.67,2024-11-15 20:15:00+05:30,89824.02,499.3500000000058,2
12157,2024-11-15 20:35:00+05:30,88356.86,2024-11-15 21:35:00+05:30,88794.87,438.00999999999476,2
12158,2024-11-16 05:05:00+05:30,91058.45,2024-11-16 06:15:00+05:30,91119.92,61.470000000001164,2
12159,2024-11-16 09:00:00+05:30,91196.0,2024-11-16 10:15:00+05:30,91245.82,49.820000000006985,2
12160,2024-11-16 13:10:00+05:30,91104.01,2024-11-16 13:55:00+05:30,91224.98,120.97000000000116,2
12161,2024-11-16 17:05:00+05:30,91068.0,2024-11-16 18:30:00+05:30,90991.99,-76.00999999999476,1
12162,2024-11-16 19:45:00+05:30,90612.97,2024-11-16 19:50:00+05:30,90969.7,356.7299999999959,2
12163,2024-11-16 20:40:00+05:30,90536.83,2024-11-16 21:45:00+05:30,90636.36,99.52999999999884,2
12164,2024-11-17 01:50:00+05:30,90755.14,2024-11-17 02:50:00+05:30,90972.17,217.02999999999884,2
12165,2024-11-17 04:05:00+05:30,90756.25,2024-11-17 05:30:00+05:30,90651.98,-104.27000000000407,1
12166,2024-11-17 07:00:00+05:30,90469.47,2024-11-17 08:25:00+05:30,90024.01,-445.4600000000064,1
12167,2024-11-17 16:30:00+05:30,90865.25,2024-11-17 17:40:00+05:30,90839.0,-26.25,1
12168,2024-11-17 19:05:00+05:30,90381.96,2024-11-17 20:40:00+05:30,90402.01,20.04999999998836,2
12169,2024-11-17 23:50:00+05:30,90180.0,2024-11-18 01:10:00+05:30,90120.26,-59.74000000000524,1
12170,2024-11-18 01:55:00+05:30,89679.99,2024-11-18 03:45:00+05:30,89539.39,-140.60000000000582,1
12171,2024-11-18 16:35:00+05:30,91442.71,2024-11-18 18:15:00+05:30,90633.79,-808.9200000000128,1
12172,2024-11-18 18:30:00+05:30,89880.0,2024-11-18 19:40:00+05:30,90217.79,337.7899999999936,2
12173,2024-11-18 23:15:00+05:30,90953.82,2024-11-18 23:45:00+05:30,91615.02,661.1999999999971,2
12174,2024-11-19 00:00:00+05:30,90862.01,2024-11-19 01:20:00+05:30,90583.99,-278.0199999999895,1
12175,2024-11-19 04:35:00+05:30,90848.0,2024-11-19 06:05:00+05:30,90774.19,-73.80999999999767,1
12176,2024-11-19 13:40:00+05:30,91551.33,2024-11-19 14:20:00+05:30,91710.09,158.75999999999476,2
12177,2024-11-19 14:55:00+05:30,91224.0,2024-11-19 15:25:00+05:30,91694.38,470.38000000000466,2
12178,2024-11-19 16:55:00+05:30,91528.14,2024-11-19 17:30:00+05:30,91914.31,386.16999999999825,2
12179,2024-11-19 19:10:00+05:30,91448.82,2024-11-19 20:10:00+05:30,91964.01,515.1899999999878,2
12180,2024-11-20 01:50:00+05:30,93003.9,2024-11-20 03:40:00+05:30,92360.14,-643.7599999999948,1
12181,2024-11-20 04:00:00+05:30,91712.0,2024-11-20 04:45:00+05:30,92042.08,330.08000000000175,2
12182,2024-11-20 06:45:00+05:30,91936.02,2024-11-20 07:55:00+05:30,91962.34,26.319999999992433,2
12183,2024-11-20 08:30:00+05:30,91500.0,2024-11-20 09:05:00+05:30,91804.27,304.2700000000041,2
12184,2024-11-20 16:40:00+05:30,92812.18,2024-11-20 17:10:00+05:30,93271.3,459.1200000000099,2
12185,2024-11-20 21:50:00+05:30,93772.0,2024-11-20 22:30:00+05:30,94316.0,544.0,2
12186,2024-11-21 00:05:00+05:30,93506.13,2024-11-21 01:05:00+05:30,93721.9,215.76999999998952,2
12187,2024-11-21 04:45:00+05:30,93896.92,2024-11-21 05:20:00+05:30,94174.73,277.8099999999977,2
12188,2024-11-21 07:30:00+05:30,94567.68,2024-11-21 08:30:00+05:30,94635.99,68.31000000001222,2
12189,2024-11-21 14:05:00+05:30,96757.99,2024-11-21 14:25:00+05:30,97107.99,350.0,2
12190,2024-11-21 18:20:00+05:30,97572.44,2024-11-21 19:20:00+05:30,97622.17,49.729999999995925,2
12191,2024-11-21 20:00:00+05:30,96956.01,2024-11-21 20:15:00+05:30,97568.08,612.070000000007,2
12192,2024-11-21 20:55:00+05:30,96156.0,2024-11-21 21:40:00+05:30,96739.75,583.75,2
12193,2024-11-22 06:15:00+05:30,97931.98,2024-11-22 06:50:00+05:30,98279.51,347.52999999999884,2
12194,2024-11-22 14:10:00+05:30,98785.49,2024-11-22 16:35:00+05:30,98532.54,-252.95000000001164,1
12195,2024-11-22 18:35:00+05:30,98517.09,2024-11-22 20:35:00+05:30,97859.36,-657.7299999999959,1
12196,2024-11-22 23:55:00+05:30,98703.0,2024-11-23 00:05:00+05:30,98977.7,274.6999999999971,2
12197,2024-11-23 02:05:00+05:30,99008.0,2024-11-23 02:30:00+05:30,99201.88,193.88000000000466,2
12198,2024-11-23 02:50:00+05:30,98823.06,2024-11-23 03:20:00+05:30,99211.0,387.9400000000023,2
12199,2024-11-23 04:05:00+05:30,98660.0,2024-11-23 05:15:00+05:30,98898.81,238.80999999999767,2
12200,2024-11-23 06:10:00+05:30,98612.54,2024-11-23 07:20:00+05:30,98619.99,7.4500000000116415,2
12201,2024-11-23 10:10:00+05:30,98419.76,2024-11-23 10:30:00+05:30,98610.58,190.82000000000698,2
12202,2024-11-23 12:55:00+05:30,98605.15,2024-11-23 14:35:00+05:30,98475.96,-129.18999999998778,1
12203,2024-11-23 15:55:00+05:30,98349.98,2024-11-23 16:15:00+05:30,98464.0,114.02000000000407,2
12204,2024-11-23 21:10:00+05:30,98454.5,2024-11-23 22:55:00+05:30,97940.01,-514.4900000000052,1
12205,2024-11-24 00:55:00+05:30,97516.74,2024-11-24 02:00:00+05:30,97572.0,55.25999999999476,2
12206,2024-11-24 04:00:00+05:30,97576.81,2024-11-24 05:20:00+05:30,97636.0,59.19000000000233,2
12207,2024-11-24 09:05:00+05:30,98181.8,2024-11-24 10:20:00+05:30,98169.3,-12.5,1
12208,2024-11-24 11:05:00+05:30,97915.0,2024-11-24 11:20:00+05:30,98209.98,294.9799999999959,2
12209,2024-11-24 14:00:00+05:30,98157.36,2024-11-24 18:40:00+05:30,97217.36,-940.0,1
12210,2024-11-24 21:05:00+05:30,96264.2,2024-11-24 21:55:00+05:30,96514.98,250.77999999999884,2
12211,2024-11-25 06:45:00+05:30,97285.47,2024-11-25 07:35:00+05:30,97459.99,174.52000000000407,2
12212,2024-11-25 13:10:00+05:30,97843.61,2024-11-25 13:35:00+05:30,98184.16,340.5500000000029,2
12213,2024-11-25 17:10:00+05:30,98108.0,2024-11-25 20:20:00+05:30,96135.38,-1972.6199999999953,0
12214,2024-11-25 20:25:00+05:30,95385.49,2024-11-25 21:15:00+05:30,96438.11,1052.6199999999953,2
12215,2024-11-25 22:35:00+05:30,95457.67,2024-11-25 23:35:00+05:30,95441.95,-15.720000000001164,1
12216,2024-11-26 00:50:00+05:30,94604.0,2024-11-26 01:40:00+05:30,94981.51,377.50999999999476,2
12217,2024-11-26 03:05:00+05:30,94311.8,2024-11-26 04:20:00+05:30,93971.99,-339.8099999999977,1
12218,2024-11-26 08:50:00+05:30,94284.83,2024-11-26 09:05:00+05:30,94668.63,383.8000000000029,2
12219,2024-11-26 09:35:00+05:30,94076.0,2024-11-26 10:05:00+05:30,94473.1,397.1000000000058,2
12220,2024-11-26 12:35:00+05:30,94240.01,2024-11-26 14:30:00+05:30,93341.03,-898.9799999999959,1
12221,2024-11-26 16:05:00+05:30,92729.94,2024-11-26 17:25:00+05:30,92356.85,-373.0899999999965,1
12222,2024-11-26 23:45:00+05:30,92555.56,2024-11-27 02:50:00+05:30,91712.48,-843.0800000000017,1
12223,2024-11-27 14:35:00+05:30,93220.0,2024-11-27 15:15:00+05:30,93412.01,192.00999999999476,2
12224,2024-11-27 17:35:00+05:30,93172.01,2024-11-27 18:20:00+05:30,93300.0,127.99000000000524,2
12225,2024-11-28 04:40:00+05:30,95875.99,2024-11-28 05:45:00+05:30,96005.96,129.97000000000116,2
12226,2024-11-28 08:15:00+05:30,96035.12,2024-11-28 09:35:00+05:30,95576.01,-459.1100000000006,1
12227,2024-11-28 11:05:00+05:30,95471.36,2024-11-28 12:05:00+05:30,95576.01,104.64999999999418,2
12228,2024-11-28 13:35:00+05:30,95136.0,2024-11-28 13:55:00+05:30,95488.87,352.86999999999534,2
12229,2024-11-28 15:25:00+05:30,94976.0,2024-11-28 16:10:00+05:30,95119.49,143.49000000000524,2
12230,2024-11-28 23:10:00+05:30,94850.01,2024-11-28 23:35:00+05:30,95164.01,314.0,2
12231,2024-11-29 02:05:00+05:30,94777.78,2024-11-29 02:30:00+05:30,95064.01,286.2299999999959,2
12232,2024-11-29 09:50:00+05:30,96327.4,2024-11-29 10:50:00+05:30,96484.32,156.9200000000128,2
12233,2024-11-29 11:25:00+05:30,96153.86,2024-11-29 11:35:00+05:30,96338.89,185.02999999999884,2
12234,2024-11-29 11:40:00+05:30,96049.23,2024-11-29 12:25:00+05:30,96266.19,216.9600000000064,2
12235,2024-11-29 13:05:00+05:30,95868.49,2024-11-29 14:10:00+05:30,95917.37,48.879999999990105,2
12236,2024-11-29 22:35:00+05:30,97336.02,2024-11-29 23:55:00+05:30,97246.93,-89.09000000001106,1
12237,2024-11-30 02:50:00+05:30,97031.99,2024-11-30 03:20:00+05:30,97363.15,331.15999999998894,2
12238,2024-11-30 06:00:00+05:30,97120.01,2024-11-30 08:15:00+05:30,96644.16,-475.84999999999127,1
12239,2024-11-30 12:20:00+05:30,96617.24,2024-11-30 13:05:00+05:30,96867.17,249.92999999999302,2
12240,2024-11-30 15:45:00+05:30,96500.0,2024-11-30 17:30:00+05:30,96357.05,-142.9499999999971,1
12241,2024-11-30 19:25:00+05:30,96405.34,2024-11-30 19:40:00+05:30,96589.22,183.88000000000466,2
12242,2024-12-01 03:45:00+05:30,96708.01,2024-12-01 05:30:00+05:30,96508.29,-199.72000000000116,1
12243,2024-12-01 06:30:00+05:30,96180.0,2024-12-01 06:55:00+05:30,96431.99,251.99000000000524,2
12244,2024-12-01 08:00:00+05:30,95957.76,2024-12-01 08:40:00+05:30,96160.0,202.24000000000524,2
12245,2024-12-01 16:00:00+05:30,96661.95,2024-12-01 16:30:00+05:30,96935.2,273.25,2
12246,2024-12-01 18:20:00+05:30,96833.26,2024-12-01 18:35:00+05:30,96978.27,145.0100000000093,2
12247,2024-12-02 01:55:00+05:30,96843.95,2024-12-02 02:20:00+05:30,97065.99,222.04000000000815,2
12248,2024-12-02 05:15:00+05:30,97242.91,2024-12-02 06:00:00+05:30,97517.34,274.429999999993,2
12249,2024-12-02 09:05:00+05:30,97229.55,2024-12-02 10:35:00+05:30,96845.84,-383.7100000000064,1
12250,2024-12-02 11:30:00+05:30,96272.01,2024-12-02 12:30:00+05:30,96363.23,91.22000000000116,2
